Irradiances,Clear Sky,Clear Sky,Clear Sky,Total,Clearness,Net,PV,Solar,Sun,Sun,Vector,,vCumulativeRadiationArray,,,
,Direct,Diffuse,Reflected,Clear Sky,Index,Radiation,Output,Angle,Elevation,Azimuth,Dot Product,,Column 1,Column 2,Column 3,Column 4
Minute,,,,,,,,,,,,,,,,
1,0,0,0,0,1,0,0,170.06554043836385,-59.468146515672494,-174.74698347872652,-0.9850057441916835,,0,0,,3.83914638355391
2,0,0,0,0,1,0,0,170.12845395911785,-59.48118292052155,-175.19924337158062,-0.9851945872910269,,0,0,,3.8317841717715817
3,0,0,0,0,0.99,0,0,170.18604388914108,-59.493048703117225,-175.65179497060336,-0.9853664096068692,,0,0,,3.8246719599892534
4,0,0,0,0,0.99,0,0,170.2382158981713,-59.503742403278764,-176.10461114880692,-0.9855212078679608,,0,0,,3.817559748206925
5,0,0,0,0,0.96,0,0,170.28488260070185,-59.513262703152456,-176.55766465346605,-0.9856589791271664,,0,0,,3.8111975364245967
6,0,0,0,0,0.95,0,0,170.32596423627498,-59.52160842796616,-177.01092811883103,-0.9857797207615193,,0,0,,3.8050853246422682
7,0,0,0,0,0.57,0,0,170.36138931262053,-59.528778546703535,-177.46437407897167,-0.9858834304722732,,0,0,,3.80847311285994
8,0,0,0,0,0.57,0,0,170.39109520029228,-59.53477217269684,-177.91797498073876,-0.9859701062849446,,0,0,,3.8118609010776114
9,0,0,0,0,0.49,0,0,170.4150286678091,-59.53958856413783,-178.37170319682713,-0.986039746549351,,0,0,,3.817248689295283
10,0,0,0,0,0.58,0,0,170.43314634700326,-59.543227124505556,-178.82553103892621,-0.9860923499396421,,0,0,,3.8203864775129546
11,0,0,0,0,1,0,0,170.44541511932238,-59.545687402911106,-179.27943077094187,-0.9861279154543251,,0,0,,3.8130242657306264
12,0,0,0,0,1,0,0,170.45181241519236,-59.546969094358104,-179.73337462227494,-0.9861464424162841,,0,0,,3.805662053948298
13,0,0,0,0,1,0,0,170.4523264201963,-59.54707203991934,179.81266519886069,-0.9861479304727926,,0,0,,3.79829984216597
14,0,0,0,0,1,0,0,170.44695618370636,-59.545996226828585,179.35871649209318,-0.9861323795955205,,0,0,,3.7909376303836417
15,0,0,0,0,1,0,0,170.4357116276446,-59.54374178848812,178.9048070515406,-0.9860997900805335,,0,0,,3.7835754186013135
16,0,0,0,0,1,0,0,170.4186134551883,-59.54030900439147,178.45096465246348,-0.9860501625482889,,0,0,,3.7762132068189853
17,0,0,0,0,1,0,0,170.39569296137046,-59.53569829996168,177.99721703794154,-0.9859834979436234,,0,0,,3.768850995036657
18,0,0,0,0,1,0,0,170.3669917495931,-59.52991024630528,177.5435919055861,-0.985899797535735,,0,0,,3.761488783254329
19,0,0,0,0,1,0,0,170.33256135998437,-59.522945559882466,177.09011689430793,-0.9857990629181588,,0,0,,3.7541265714720007
20,0,0,0,0,1,0,0,170.2924628172247,-59.51480510209352,176.63681957115287,-0.9856812960087368,,0,0,,3.7467643596896725
21,0,0,0,0,1,0,0,170.24676610687902,-59.50548987878261,176.18372741822262,-0.9855464990495809,,0,0,,3.7394021479073443
22,0,0,0,0,1,0,0,170.19554959037447,-59.495001039659044,175.7308678196942,-0.9853946746070313,,0,0,,3.732039936125016
23,0,0,0,0,1,0,0,170.13889936952143,-59.48333987763736,175.27826804895446,-0.9852258255716062,,0,0,,3.724677724342688
24,0,0,0,0,1,0,0,170.07690861188675,-59.47050782809657,174.82595525586316,-0.9850399551579481,,0,0,,3.7173155125603596
25,0,0,0,0,1,0,0,170.0096768484048,-59.45650646806013,174.3739564541602,-0.9848370669047614,,0,0,,3.7099533007780314
26,0,0,0,0,1,0,0,169.9373092543772,-59.44133751529707,173.92229850902962,-0.9846171646747465,,0,0,,3.702591088995703
27,0,0,0,0,1,0,0,169.85991592449764,-59.425002827346425,173.47100812483515,-0.9843802526545244,,0,0,,3.695228877213375
28,0,0,0,0,1,0,0,169.77761115179544,-59.40750440046512,173.0201118330413,-0.9841263353545588,,0,0,,3.687866665431047
29,0,0,0,0,1,0,0,169.69051271946304,-59.38884436850185,172.56963598033073,-0.9838554176090688,,0,0,,3.6805044536487186
30,0,0,0,0,1,0,0,169.59874121347386,-59.36902500169745,172.11960671693325,-0.9835675045759381,,0,0,,3.6731422418663904
31,0,0,0,0,0.96,0,0,169.50241936275435,-59.3480487054142,171.6700499851758,-0.9832626017366155,,0,0,,3.666780030084062
32,0,0,0,0,0.52,0,0,169.40167141250018,-59.32591801879506,171.22099150826844,-0.9829407148960115,,0,0,,3.671417818301734
33,0,0,0,0,0.52,0,0,169.29662253505228,-59.30263561335491,170.77245677933342,-0.982601850182388,,0,0,,3.6760556065194057
34,0,0,0,0,0.58,0,0,169.18739828162228,-59.27820429150569,170.3244710506919,-0.9822460140472404,,0,0,,3.6791933947370774
35,0,0,0,0,0.67,0,0,169.07412407709674,-59.25262698501703,169.87705932341575,-0.9818732132651756,,0,0,,3.680081182954749
36,0,0,0,0,0.69,0,0,168.95692475918008,-59.225906753414506,169.43024633715592,-0.9814834549337836,,0,0,,3.6804689711724206
37,0,0,0,0,0.68,0,0,168.83592416227052,-59.198046782317874,168.9840565602546,-0.9810767464735006,,0,0,,3.6811067593900924
38,0,0,0,0,0.69,0,0,168.7112447457166,-59.16905038172042,168.53851418015165,-0.98065309562747,,0,0,,3.681494547607764
39,0,0,0,0,0.72,0,0,168.58300726545946,-59.13892098421294,168.09364309409153,-0.9802125104613928,,0,0,,3.6811323358254353
40,0,0,0,0,0.75,0,0,168.45133048755218,-59.10766214315314,167.64946690013952,-0.9797549993633758,,0,0,,3.6800201240431067
41,0,0,0,0,0.77,0,0,168.31633094162717,-59.07527753078383,167.20600888851249,-0.9792805710437705,,0,0,,3.6784079122607785
42,0,0,0,0,1,0,0,168.1781227120766,-59.04177093630131,166.7632920332317,-0.9787892345350085,,0,0,,3.6710457004784502
43,0,0,0,0,1,0,0,168.03681726448661,-59.007146263877075,166.3213389841029,-0.9782809991914287,,0,0,,3.663683488696122
44,0,0,0,0,1,0,0,167.89252330472786,-58.97140753063435,165.88017205902747,-0.9777558746890991,,0,0,,3.656321276913794
45,0,0,0,0,1,0,0,167.7453466680344,-58.9345588645825,165.4398132366515,-0.9772138710256335,,0,0,,3.6489590651314656
46,0,0,0,0,1,0,0,167.59539023539185,-58.89660450251143,165.00028414935304,-0.9766549985200005,,0,0,,3.6415968533491374
47,0,0,0,0,1,0,0,167.44275387459382,-58.85754878784836,164.5616060765747,-0.9760792678123267,,0,0,,3.634234641566809
48,0,0,0,0,1,0,0,167.28753440340031,-58.8173961684794,164.12379993850072,-0.9754866898636951,,0,0,,3.626872429784481
49,0,0,0,0,1,0,0,167.1298255723396,-58.77615119453842,163.6868862900823,-0.9748772759559355,,0,0,,3.619510218002153
50,0,0,0,0,1,0,0,166.9697180648224,-58.73381851616573,163.25088531541252,-0.9742510376914106,,0,0,,3.6121480062198246
51,0,0,0,0,1,0,0,166.80729951238024,-58.690402881238676,162.8158168224507,-0.9736079869927938,,0,0,,3.6047857944374964
52,0,0,0,0,1,0,0,166.6426545229951,-58.64590913307717,162.38170023809798,-0.9729481361028438,,0,0,,3.597423582655168
53,0,0,0,0,1,0,0,166.4758647206426,-58.600342208125646,161.94855460362194,-0.9722714975841703,,0,0,,3.59006137087284
54,0,0,0,0,0.76,0,0,166.30700879433186,-58.553707133615,161.51639857043125,-0.9715780843189951,,0,0,,3.5886991590905115
55,0,0,0,0,0.74,0,0,166.13616255508194,-58.5060090252058,161.085250396198,-0.9708679095089076,,0,0,,3.5878369473081833
56,0,0,0,0,0.72,0,0,165.96339899942214,-58.45725308461602,160.6551279413261,-0.9701409866746123,,0,0,,3.5874747355258547
57,0,0,0,0,0.84,0,0,165.78878837815557,-58.407444597234935,160.2260486657629,-0.9693973296556722,,0,0,,3.5841125237435265
58,0,0,0,0,0.93,0,0,165.61239826925686,-58.356588929725966,159.79802962615292,-0.968636952610245,,0,0,,3.578500311961198
59,0,0,0,0,0.89,0,0,165.4342936539051,-58.30469152762056,159.37108747332755,-0.9678598700148133,,0,0,,3.57388810017887
60,0,0,0,0,0.92,0,0,165.25453699477413,-58.25175791290545,158.9452384501302,-0.9670660966639099,,0,0,,3.5685258883965414
61,0,0,0,0,0.92,0,0,165.0731883158107,-58.197793681605056,158.52049838956995,-0.9662556476698352,,0,0,,3.563163676614213
62,0,0,0,0,0.91,0,0,164.89030528283143,-58.142804501362185,158.09688271330114,-0.9654285384623694,,0,0,,3.5580514648318844
63,0,0,0,0,0.89,0,0,164.70594328436334,-58.08679610901788,157.67440643042312,-0.9645847847884801,,0,0,,3.553439253049556
64,0,0,0,0,0.78,0,0,164.52015551223283,-58.02977430819361,157.25308413659445,-0.9637244027120208,,0,0,,3.5515770412672274
65,0,0,0,0,0.98,0,0,164.33299304148437,-57.97174496687696,156.83293001345714,-0.962847408613426,,0,0,,3.544714829484899
66,0,0,0,0,0.84,0,0,164.14450490927578,-57.9127140150136,156.41395782836364,-0.961953819189399,,0,0,,3.5413526177025707
67,0,0,0,0,0.89,0,0,163.95473819245728,-57.85268744210673,155.9961809344015,-0.9610436514525947,,0,0,,3.5367404059202423
68,0,0,0,0,0.9,0,0,163.76373808359284,-57.79167129482608,155.5796122707081,-0.9601169227312947,,0,0,,3.531878194137914
69,0,0,0,0,0.89,0,0,163.57154796522948,-57.72967167462878,155.16426436306938,-0.9591736506690779,,0,0,,3.5272659823555856
70,0,0,0,0,0.9,0,0,163.37820948226053,-57.666694735393136,154.75014932479513,-0.9582138532244847,,0,0,,3.5224037705732574
71,0,0,0,0,0.88,0,0,163.183762612265,-57.60274668106728,154.33727885786425,-0.9572375486706751,,0,0,,3.518041558790929
72,0,0,0,0,0.77,0,0,162.98824573373417,-57.537833763334504,153.92566425433097,-0.9562447555950802,,0,0,,3.5164293470086005
73,0,0,0,0,0.77,0,0,162.79169569212632,-57.47196227929667,153.51531639798688,-0.9552354928990492,,0,0,,3.5148171352262723
74,0,0,0,0,0.69,0,0,162.5941478637101,-57.405138569177055,153.10624576626807,-0.954209779797489,,0,0,,3.5152049234439438
75,0,0,0,0,0.65,0,0,162.39563621717886,-57.33736901404462,152.6984624324024,-0.9531676358184988,,0,0,,3.516592711661615
76,0,0,0,0,0.66,0,0,162.1961933730337,-57.26866003356029,152.29197606778575,-0.9521090808029973,,0,0,,3.5177304998792867
77,0,0,0,0,0.69,0,0,161.99585066074863,-57.19901808374735,151.8867959445825,-0.9510341349043463,,0,0,,3.518118288096958
78,0,0,0,0,0.69,0,0,161.79463817374017,-57.12844965478658,151.48293093853897,-0.9499428185879663,,0,0,,3.5185060763146296
79,0,0,0,0,0.64,0,0,161.59258482217604,-57.05696126883792,151.08038953200347,-0.9488351526309466,,0,0,,3.5201438645323013
80,0,0,0,0,0.59,0,0,161.3897183836645,-56.9845594778891,150.67917981714396,-0.9477111581216509,,0,0,,3.5230316527499728
81,0,0,0,0,0.62,0,0,161.18606555187154,-56.91125086163299,150.27930949935484,-0.9465708564593138,,0,0,,3.525169440967644
82,0,0,0,0,0.76,0,0,160.98165198311966,-56.837042025374174,149.8807859008449,-0.9454142693536357,,0,0,,3.5238072291853157
83,0,0,0,0,0.8,0,0,160.776502341024,-56.761939597965984,149.48361596439798,-0.9442414188243677,,0,0,,3.5214450174029874
84,0,0,0,0,0.8,0,0,160.57064033922694,-56.685950229778726,149.08780625729747,-0.9430523272008933,,0,0,,3.519082805620659
85,0,0,0,0,0.82,0,0,160.36408878229085,-56.60908059069984,148.69336297540735,-0.941847017121803,,0,0,,3.5162205938383306
86,0,0,0,0,0.82,0,0,160.1568696048139,-56.53133736816707,148.30029194740055,-0.9406255115344634,,0,0,,3.513358382056002
87,0,0,0,0,0.79,0,0,159.94900390883052,-56.452727265234984,147.90859863912712,-0.9393878336945797,,0,0,,3.5112461702736737
88,0,0,0,0,0.74,0,0,159.7405119995628,-56.37325699867564,147.51828815811385,-0.9381340071657546,,0,0,,3.5103839584913454
89,0,0,0,0,0.74,0,0,159.53141341958272,-56.292933297114104,147.12936525818682,-0.9368640558190369,,0,0,,3.509521746709017
90,0,0,0,0,0.75,0,0,159.32172698145192,-56.21176289919895,146.74183434421047,-0.9355780038324706,,0,0,,3.5084095349266886
91,0,0,0,0,1,0,0,159.11147079889722,-56.129752551808785,146.35569947693315,-0.9342758756906311,,0,0,,3.5010473231443604
92,0,0,0,0,1,0,0,158.9006623165851,-56.04690900829469,145.97096437793357,-0.9329576961841615,,0,0,,3.493685111362032
93,0,0,0,0,1,0,0,158.68931833855314,-55.96323902675918,145.58763243465904,-0.9316234904092993,,0,0,,3.486322899579704
94,0,0,0,0,1,0,0,158.4774550553557,-55.878749368372034,145.20570670554935,-0.9302732837673994,,0,0,,3.4789606877973758
95,0,0,0,0,0.91,0,0,158.26508806998132,-55.793446795723185,144.82518992523745,-0.9289071019644503,,0,0,,3.473848476015047
96,0,0,0,0,0.7,0,0,158.05223242259405,-55.707338071212774,144.4460845098214,-0.9275249710105836,,0,0,,3.473986264232719
97,0,0,0,0,0.78,0,0,157.83890261415348,-55.62042995547879,144.06839256219956,-0.9261269172195804,,0,0,,3.4721240524503902
98,0,0,0,0,0.97,0,0,157.62511262896192,-55.53272920586223,143.69211587746258,-0.9247129672083703,,0,0,,3.4655118406680616
99,0,0,0,0,0.99,0,0,157.4108759561884,-55.444242574909794,143.31725594833523,-0.9232831478965229,,0,0,,3.4583996288857333
100,0,0,0,0,0.93,0,0,157.19620561041683,-55.354976808914465,142.943813970662,-0.9218374865057367,,0,0,,3.452787417103405
101,0,0,0,0,0.92,0,0,156.98111415126272,-55.26493864649351,142.57179084893022,-0.9203760105593211,,0,0,,3.4474252053210765
102,0,0,0,0,0.91,0,0,156.76561370210123,-55.174134817204305,142.20118720182344,-0.9188987478816707,,0,0,,3.442312993538748
103,0,0,0,0,0.91,0,0,156.5497159679491,-55.08257204019768,141.83200336780138,-0.9174057265977384,,0,0,,3.4372007817564194
104,0,0,0,0,0.93,0,0,156.33343225253907,-54.990257022908416,141.46423941069767,-0.9158969751324968,,0,0,,3.431588569974091
105,0,0,0,0,0.97,0,0,156.1167734746249,-54.8971964597835,141.09789512533283,-0.914372522210399,,0,0,,3.4249763581917625
106,0,0,0,0,0.92,0,0,155.89975018355375,-54.80339703104692,140.73297004313486,-0.9128323968548312,,0,0,,3.419614146409434
107,0,0,0,0,0.91,0,0,155.68237257413983,-54.7088654015018,140.36946343776353,-0.9112766283875603,,0,0,,3.4145019346271055
108,0,0,0,0,0.91,0,0,155.4646505008725,-54.61360821936872,140.00737433073255,-0.9097052464281752,,0,0,,3.409389722844777
109,0,0,0,0,0.88,0,0,155.24659349149044,-54.517632115160694,139.6467014970255,-0.9081182808935231,,0,0,,3.4050275110624484
110,0,0,0,0,0.87,0,0,155.02821075995223,-54.42094370059406,139.2874434707004,-0.9065157619971406,,0,0,,3.40091529928012
111,0,0,0,0,0.42,0,0,154.80951121883092,-54.32354956753504,138.92959855047852,-0.9048977202486774,,0,0,,3.408053087497792
112,0,0,0,0,0.43,0,0,154.5905034911612,-54.22545628698163,138.57316480531352,-0.9032641864533159,,0,0,,3.4149408757154633
113,0,0,0,0,0.42,0,0,154.37119592176418,-54.12667040808064,138.2181400799364,-0.9016151917111848,,0,0,,3.422078663933135
114,0,0,0,0,0.42,0,0,154.15159658807488,-54.02719845717911,137.86452200037272,-0.8999507674167672,,0,0,,3.429216452150807
115,0,0,0,0,0.41,0,0,153.93171331049587,-53.92704693690998,137.51230797942816,-0.8982709452583026,,0,0,,3.4366042403684784
116,0,0,0,0,0.42,0,0,153.71155366229928,-53.826222325311505,137.16149522213894,-0.8965757572171833,,0,0,,3.44374202858615
117,0,0,0,0,0.44,0,0,153.4911249790993,-53.72473107497988,136.81208073118393,-0.8948652355673457,,0,0,,3.4503798168038218
118,0,0,0,0,0.44,0,0,153.27043436791433,-53.622579612254846,136.46406131225535,-0.893139412874657,,0,0,,3.4570176050214934
119,0,0,0,0,0.45,0,0,153.04948871583858,-53.51977433643734,136.11743357938403,-0.8913983219962931,,0,0,,3.463405393239165
120,0,0,0,0,0.43,0,0,152.8282946983419,-53.416321619039316,135.7721939602184,-0.8896419960801148,,0,0,,3.4702931814568365
121,0,0,0,0,0.42,0,0,152.60685878721432,-53.3122278030646,135.42833870125213,-0.8878704685640354,,0,0,,3.4774309696745083
122,0,0,0,0,0.42,0,0,152.38518725817306,-53.20749920232088,135.08586387300056,-0.8860837731753859,,0,0,,3.48456875789218
123,0,0,0,0,0.56,0,0,152.16328619814644,-53.10214210076165,134.74476537512066,-0.8842819439302708,,0,0,,3.4882065461098515
124,0,0,0,0,0.53,0,0,151.94116151225083,-52.99616275185815,134.40503894147486,-0.8824650151329212,,0,0,,3.492594334327523
125,0,0,0,0,0.71,0,0,151.71881893047478,-52.88956737800049,134.06668014513565,-0.8806330213750431,,0,0,,3.4924821225451947
126,0,0,0,0,0.92,0,0,151.49626401408264,-52.78236216992733,133.72968440332838,-0.8787859975351564,,0,0,,3.4871199107628663
127,0,0,0,0,0.92,0,0,151.2735021617526,-52.674553286183816,133.39404698231203,-0.8769239787779327,,0,0,,3.481757698980538
128,0,0,0,0,0.97,0,0,151.05053861545963,-52.566146852606984,133.05976300219504,-0.8750470005535249,,0,0,,3.4751454871982093
129,0,0,0,0,0.54,0,0,150.82737846611602,-52.45714896183816,132.72682744168566,-0.8731550985968933,,0,0,,3.479283275415881
130,0,0,0,0,0.52,0,0,150.60402665898,-52.347565672861926,132.39523514277417,-0.8712483089271236,,0,0,,3.4839210636335527
131,0,0,0,0,0.52,0,0,150.38048799884373,-52.23740301057069,132.0649808153479,-0.869326667846743,,0,0,,3.4885588518512245
132,0,0,0,0,0.52,0,0,150.15676715500965,-52.12666696535475,131.73605904173527,-0.8673902119410264,,0,0,,3.4931966400688963
133,0,0,0,0,0.76,0,0,149.93286866606613,-52.015363492717164,131.40846428118087,-0.8654389780773045,,0,0,,3.491834428286568
134,0,0,0,0,0.99,0,0,149.70879694446955,-51.903498512912414,131.08219087424723,-0.8634730034042565,,0,0,,3.4847222165042395
135,0,0,0,0,1,0,0,149.48455628094402,-51.79107791060915,130.7572330471462,-0.861492325351207,,0,0,,3.4773600047219113
136,0,0,0,0,1,0,0,149.260150848704,-51.67810753457545,130.43358491599608,-0.8594969816274096,,0,0,,3.469997792939583
137,0,0,0,0,1,0,0,149.0355847075107,-51.56459319738705,130.1112404910068,-0.8574870102213343,,0,0,,3.462635581157255
138,0,0,0,0,1,0,0,148.81086180756705,-51.45054067515696,129.7901936805898,-0.8554624493999388,,0,0,,3.4552733693749267
139,0,0,0,0,1,0,0,148.58598599325987,-51.335955707286914,129.47043829539462,-0.8534233377079421,,0,0,,3.4479111575925985
140,0,0,0,0,0.93,0,0,148.3609610067559,-51.22084399623917,129.15196805227126,-0.8513697139670923,,0,0,,3.44229894581027
141,0,0,0,0,0.92,0,0,148.13579049145724,-51.10521120732886,128.83477657815718,-0.8493016172754249,,0,0,,3.4369367340279418
142,0,0,0,0,0.92,0,0,147.91047799532336,-50.98906296853584,128.51885741389006,-0.8472190870065198,,0,0,,3.4315745222456133
143,0,0,0,0,0.93,0,0,147.6850269740647,-50.87240487033587,128.20420401794576,-0.8451221628087512,,0,0,,3.425962310463285
144,0,0,0,0,1,0,0,147.45944079421395,-50.75524246555007,127.89080977010173,-0.8430108846045336,,0,0,,3.418600098680957
145,0,0,0,0,0.88,0,0,147.23372273607993,-50.637581269212944,127.57866797502551,-0.8408852925895604,,0,0,,3.4142378868986283
146,0,0,0,0,0.88,0,0,147.00787599658966,-50.519426758457534,127.26777186578934,-0.8387454272320399,,0,0,,3.4098756751162997
147,0,0,0,0,0.87,0,0,146.7819036920223,-50.40078437241775,126.95811460731021,-0.8365913292719234,,0,0,,3.4057634633339715
148,0,0,0,0,0.87,0,0,146.55580886064112,-50.28165951214747,126.64968929971667,-0.8344230397201317,,0,0,,3.4016512515516433
149,0,0,0,0,0.87,0,0,146.32959446522634,-50.16205754055522,126.34248898164165,-0.8322405998577715,,0,0,,3.397539039769315
150,0,0,0,0,0.87,0,0,146.1032633955142,-50.04198378235479,126.03650663344304,-0.8300440512353526,,0,0,,3.393426827986987
151,0,0,0,0,0.85,0,0,145.8768184705452,-49.921443524030565,125.73173518035082,-0.8278334356719939,,0,0,,3.3898146162046583
152,0,0,0,0,0.86,0,0,145.6502624409264,-49.80044201381782,125.42816749554343,-0.8256087952546298,,0,0,,3.38595240442233
153,0,0,0,0,0.86,0,0,145.42359799101015,-49.67898446169659,125.12579640315164,-0.823370172337207,,0,0,,3.3820901926400015
154,0,0,0,0,0.55,0,0,145.1968277409938,-49.5570760393996,124.82461468119216,-0.8211176095398787,,0,0,,3.3859779808576733
155,0,0,0,0,0.63,0,0,144.96995424894303,-49.43472188043315,124.5246150644313,-0.8188511497481932,,0,0,,3.387865769075345
156,0,0,0,0,0.66,0,0,144.74298001274232,-49.311927080110735,124.2257902471791,-0.8165708361122788,,0,0,,3.3890035572930164
157,0,0,0,0,0.82,0,0,144.515907471975,-49.18869669559896,123.92813288601431,-0.8142767120460194,,0,0,,3.386141345510688
158,0,0,0,0,0.83,0,0,144.2887390097364,-49.06503574597524,123.63163560244217,-0.8119688212262309,,0,0,,3.3830291337283596
159,0,0,0,0,0.83,0,0,144.0614769543824,-48.940949212297056,123.33629098548428,-0.8096472075918272,,0,0,,3.379916921946031
160,0,0,0,0,1,0,0,143.83412358121635,-48.81644203768207,123.04209159420289,-0.8073119153429855,,0,0,,3.372554710163703
161,0,0,0,0,1,0,0,143.6066811141162,-48.691519127398806,122.74902996015916,-0.8049629889403044,,0,0,,3.365192498381375
162,0,0,0,0,1,0,0,143.379151727105,-48.5661853489676,122.45709858980673,-0.8026004731039561,,0,0,,3.3578302865990466
163,0,0,0,0,1,0,0,143.1515375458667,-48.440445532271546,122.16628996682192,-0.8002244128128372,,0,0,,3.3504680748167184
164,0,0,0,0,0.94,0,0,142.92384064920896,-48.31430446967627,121.87659655437054,-0.7978348533037095,,0,0,,3.34460586303439
165,0,0,0,0,0.94,0,0,142.69606307047638,-48.18776691615951,121.58801079731356,-0.7954318400703432,,0,0,,3.338743651252061
166,0,0,0,0,0.94,0,0,142.46820679891417,-48.06083758944865,121.30052512435043,-0.7930154188626451,,0,0,,3.3328814394697326
167,0,0,0,0,0.92,0,0,142.24027378098637,-47.93352117016719,121.01413195010363,-0.7905856356857925,,0,0,,3.327519227687404
168,0,0,0,0,0.93,0,0,142.01226592164824,-47.80582230198878,120.72882367714331,-0.7881425367993545,,0,0,,3.321907015905076
169,0,0,0,0,0.54,0,0,141.78418508557675,-47.677745591799024,120.4445926979538,-0.7856861687164122,,0,0,,3.3260448041227475
170,0,0,0,0,0.76,0,0,141.55603309835885,-47.54929560986454,120.16143139684323,-0.7832165782026729,,0,0,,3.324682592340419
171,0,0,0,0,0.76,0,0,141.32781174764037,-47.42047689000911,119.87933215179646,-0.7807338122755803,,0,0,,3.3233203805580906
172,0,0,0,0,0.75,0,0,141.09952278423685,-47.29129392979648,119.59828733627313,-0.7782379182034188,,0,0,,3.322208168775762
173,0,0,0,0,0.75,0,0,140.87116792320728,-47.16175119071921,119.31828932095112,-0.7757289435044141,,0,0,,3.3210959569934335
174,0,0,0,0,0.75,0,0,140.64274884489268,-47.03185309839405,119.03933047541678,-0.7732069359458276,,0,0,,3.319983745211105
175,0,0,0,0,0.44,0,0,140.41426719592073,-46.90160404276272,118.76140316980292,-0.7706719435430476,,0,0,,3.3266215334287765
176,0,0,0,0,0.44,0,0,140.18572459017759,-46.771008378298376,118.48449977637544,-0.768124014558676,,0,0,,3.333259321646448
177,0,0,0,0,0.45,0,0,139.95712260974796,-46.6400704242171,118.20861267106926,-0.7655631975016065,,0,0,,3.33964710986412
178,0,0,0,0,0.4,0,0,139.7284628058256,-46.5087944646945,117.93373423497579,-0.7629895411261065,,0,0,,3.3472848980817913
179,0,0,0,0,0.37,0,0,139.4997466995934,-46.37718474908683,117.65985685578053,-0.7604030944308819,,0,0,,3.355672686299463
180,0,0,0,0,0.34,0,0,139.27097578307686,-46.24524549215674,117.38697292915487,-0.7578039066581505,,0,0,,3.3648104745171343
181,0,0,0,0,0.33,0,0,139.04215151996914,-46.11298087430286,117.11507486010012,-0.7551920272927001,,0,0,,3.3741982627348057
182,0,0,0,0,0.32,0,0,138.81327534643088,-45.980395041793685,116.84415506424693,-0.752567506060949,,0,0,,3.3838360509524774
183,0,0,0,0,0.32,0,0,138.5843486718647,-45.84749210700496,116.5742059691097,-0.7499303929299991,,0,0,,3.393473839170149
184,0,0,0,0,0.32,0,0,138.35537287966508,-45.714276148660524,116.30522001529741,-0.7472807381066825,,0,0,,3.403111627387821
185,0,0,0,0,0.56,0,0,138.12634932794572,-45.580751212076535,116.0371896576822,-0.7446185920366074,,0,0,,3.4067494156054923
186,0,0,0,0,0.58,0,0,137.89727935024365,-45.446921309408644,115.77010736652589,-0.7419440054031977,,0,0,,3.409887203823164
187,0,0,0,0,0.59,0,0,137.66816425620226,-45.31279041990206,115.50396562856594,-0.739257029126728,,0,0,,3.4127749920408355
188,0,0,0,0,0.58,0,0,137.43900533223294,-45.17836249014424,115.23875694806131,-0.7365577143633533,,0,0,,3.415912780258507
189,0,0,0,0,0.6,0,0,137.20980384215682,-45.043641434320044,114.97447384779956,-0.733846112504135,,0,0,,3.4185505684761788
190,0,0,0,0,0.57,0,0,136.9805610278273,-44.908631134469076,114.71110887006613,-0.7311222751740645,,0,0,,3.4219383566938504
191,0,0,0,0,0.75,0,0,136.75127810973336,-44.77333544074536,114.4486545775759,-0.7283862542310783,,0,0,,3.420826144911522
192,0,0,0,0,0.84,0,0,136.52195628758523,-44.637758171678506,114.18710355436896,-0.7256381017650709,,0,0,,3.4174639331291936
193,0,0,0,0,0.84,0,0,136.29259674088217,-44.50190311443707,113.92644840667084,-0.7228778700969044,,0,0,,3.4141017213468654
194,0,0,0,0,0.84,0,0,136.06320062946395,-44.36577402509311,113.66668176371786,-0.7201056117774095,,0,0,,3.410739509564537
195,0,0,0,0,0.85,0,0,135.83376909404578,-44.22937462888857,113.40779627854965,-0.7173213795863908,,0,0,,3.4071272977822087
196,0,0,0,0,0.85,0,0,135.60430325673724,-44.09270862050243,113.14978462876745,-0.7145252265316139,,0,0,,3.40351508599988
197,0,0,0,0,0.84,0,0,135.3748042215469,-43.95577966431947,112.89263951726173,-0.7117172058478034,,0,0,,3.400152874217552
198,0,0,0,0,0.79,0,0,135.14527307487143,-43.8185913946997,112.63635367290748,-0.7088973709956246,,0,0,,3.3980406624352235
199,0,0,0,0,0.78,0,0,134.91571088597138,-43.68114741624879,112.38091985122998,-0.7060657756606695,,0,0,,3.396178450652895
200,0,0,0,0,0.68,0,0,134.6861187074325,-43.543451304089146,112.12633083503978,-0.7032224737524307,,0,0,,3.3968162388705667
201,0,0,0,0,0.66,0,0,134.45649757561475,-43.40550660413162,111.87257943503995,-0.7003675194032786,,0,0,,3.3979540270882382
202,0,0,0,0,0.65,0,0,134.22684851108787,-43.26731683334762,111.61965849040436,-0.6975009669674281,,0,0,,3.3993418153059096
203,0,0,0,0,0.7,0,0,133.99717251905517,-43.12888548004172,111.3675608693289,-0.6946228710199062,,0,0,,3.3994796035235813
204,0,0,0,0,0.72,0,0,133.76747058976514,-42.990216004124285,111.116279469556,-0.6917332863555108,,0,0,,3.3991173917412527
205,0,0,0,0,0.79,0,0,133.53774369891158,-42.851311837384465,110.86580721887302,-0.6888322679877682,,0,0,,3.3970051799589243
206,0,0,0,0,0.78,0,0,133.30799280802293,-42.71217638376301,110.61613707558574,-0.6859198711478871,,0,0,,3.3951429681765957
207,0,0,0,0,0.79,0,0,133.0782188648405,-42.57281301962512,110.36726202896688,-0.6829961512837045,,0,0,,3.393030756394267
208,0,0,0,0,0.79,0,0,132.84842280368656,-42.43322509403323,110.11917509968113,-0.6800611640586333,,0,0,,3.3909185446119388
209,0,0,0,0,0.79,0,0,132.61860554582225,-42.29341592901917,109.87186934018654,-0.6771149653505978,,0,0,,3.3888063328296103
210,0,0,0,0,0.8,0,0,132.38876799979613,-42.153388819856445,109.62533783511394,-0.6741576112509758,,0,0,,3.386444121047282
211,0,0,0,0,0.8,0,0,132.15891106178276,-42.0131470353317,109.37957370162388,-0.6711891580635263,,0,0,,3.3840819092649537
212,0,0,0,0,0.81,0,0,131.9290356159127,-41.87269381801593,109.1345700897425,-0.6682096623033191,,0,0,,3.381469697482625
213,0,0,0,0,0.81,0,0,131.6991425345937,-41.73203238453488,108.89032018267683,-0.6652191806956582,,0,0,,3.3788574857002964
214,0,0,0,0,0.8,0,0,131.46923267882306,-41.59116592583897,108.64681719710998,-0.6622177701750034,,0,0,,3.376495273917968
215,0,0,0,0,0.81,0,0,131.23930689849206,-41.450097607472316,108.4040543834766,-0.6592054878838839,,0,0,,3.3738830621356395
216,0,0,0,0,0.91,0,0,131.0093660326824,-41.30883056984109,108.1620250262199,-0.6561823911718125,,0,0,,3.368770850353311
217,0,0,0,0,0.92,0,0,130.779410909955,-41.16736792848088,107.92072244402989,-0.6531485375941928,,0,0,,3.3634086385709825
218,0,0,0,0,0.95,0,0,130.54944234863103,-41.02571277432324,107.68013999006426,-0.6501039849112247,,0,0,,3.357296426788654
219,0,0,0,0,0.87,0,0,130.31946115706612,-40.88386817396116,107.4402710521514,-0.6470487910868012,,0,0,,3.353184215006326
220,0,0,0,0,0.87,0,0,130.0894681339174,-40.74183716991344,107.20110905297769,-0.6439830142874102,,0,0,,3.3490720032239976
221,0,0,0,0,0.87,0,0,129.85946406840372,-40.59962278088818,106.96264745025738,-0.6409067128810217,,0,0,,3.3449597914416693
222,0,0,0,0,0.88,0,0,129.62944974055958,-40.45722800204484,106.72487973688789,-0.6378199454359804,,0,0,,3.340597579659341
223,0,0,0,0,0.36,0,0,129.39942592148242,-40.314655805255384,106.48779944108921,-0.6347227707198888,,0,0,,3.349235367877012
224,0,0,0,0,0.36,0,0,129.1693933735739,-40.17190913936382,106.25140012652918,-0.6316152476984898,,0,0,,3.3578731560946835
225,0,0,0,0,0.32,0,0,128.93935285077532,-40.028990930444884,106.01567539243354,-0.6284974355345411,,0,0,,3.367510944312355
226,0,0,0,0,0.34,0,0,128.70930509879705,-39.88590408206098,105.78061887368361,-0.6253693935866925,,0,0,,3.3766487325300267
227,0,0,0,0,0.33,0,0,128.4792508553427,-39.74265147551812,105.54622424089946,-0.6222311814083544,,0,0,,3.386036520747698
228,0,0,0,0,0.33,0,0,128.2491908503276,-39.59923597012019,105.31248520051064,-0.6190828587465622,,0,0,,3.3954243089653695
229,0,0,0,0,0.59,0,0,128.0191258060922,-39.45566040342178,105.07939549481478,-0.6159244855408418,,0,0,,3.398312097183041
230,0,0,0,0,0.61,0,0,127.78905643761018,-39.3119275914799,104.84694890202339,-0.6127561219220663,,0,0,,3.4006998854007127
231,0,0,0,0,0.62,0,0,127.55898345269196,-39.16804032910362,104.61513923629671,-0.6095778282113107,,0,0,,3.402837673618384
232,0,0,0,0,0.54,0,0,127.32890755218332,-39.02400139010273,104.3839603477673,-0.606389664918707,,0,0,,3.4069754618360557
233,0,0,0,0,0.54,0,0,127.09882943015928,-38.87981352753443,104.15340612255233,-0.6031916927422893,,0,0,,3.4111132500537273
234,0,0,0,0,0.55,0,0,126.86874977411347,-38.735479473948814,103.92347048275543,-0.5999839725668369,,0,0,,3.415001038271399
235,0,0,0,0,0.77,0,0,126.63866926514339,-38.591001941632285,103.69414738645928,-0.5967665654627179,,0,0,,3.413388826489071
236,0,0,0,0,0.72,0,0,126.40858857813147,-38.44638362284984,103.46543082770759,-0.593539532684727,,0,0,,3.4130266147067423
237,0,0,0,0,0.63,0,0,126.17850838192149,-38.30162719008533,103.23731483647775,-0.5903029356709153,,0,0,,3.414914402924414
238,0,0,0,0,0.7,0,0,125.948429339492,-38.15673529628034,103.00979347864515,-0.5870568360414257,,0,0,,3.4150521911420855
239,0,0,0,0,0.95,0,0,125.71835210812495,-38.01171057507105,102.78286085593795,-0.5838012955973149,,0,0,,3.408939979359757
240,0,0,0,0,0.96,0,0,125.48827733957123,-37.86655564102382,102.55651110588408,-0.5805363763193809,,0,0,,3.4025777675774287
241,0,0,0,0,0.79,0,0,125.2582056802123,-37.72127308986867,102.33073840174978,-0.57726214036698,,0,0,,3.4004655557951002
242,0,0,0,0,0.78,0,0,125.02813777121847,-37.575865498731325,102.1055369524707,-0.5739786500768455,,0,0,,3.3986033440127716
243,0,0,0,0,0.8,0,0,124.79807424870371,-37.43033542636333,101.88090100257524,-0.5706859679618993,,0,0,,3.3962411322304433
244,0,0,0,0,0.83,0,0,124.56801574387717,-37.284685413370546,101.65682483210097,-0.5673841567100626,,0,0,,3.393128920448115
245,0,0,0,0,0.86,0,0,124.33796288319152,-37.13891798243988,101.43330275650399,-0.5640732791830623,,0,0,,3.3892667086657866
246,0,0,0,0,0.88,0,0,124.10791628848818,-36.993035638564045,101.21032912656185,-0.5607533984152335,,0,0,,3.384904496883458
247,0,0,0,0,0.74,0,0,123.87787657713962,-36.84704086926499,100.98789832826992,-0.5574245776123207,,0,0,,3.38404228510113
248,0,0,0,0,0.75,0,0,123.6478443621887,-36.70093614481504,100.76600478273193,-0.5540868801502736,,0,0,,3.3829300733188012
249,0,0,0,0,0.89,0,0,123.4178202524852,-36.55472391845669,100.54464294604452,-0.5507403695740416,,0,0,,3.378317861536473
250,0,0,0,0,0.89,0,0,123.18780485281934,-36.40840662662023,100.3238073091761,-0.5473851095963609,,0,0,,3.3737056497541444
251,0,0,0,0,0.89,0,0,122.95779876405322,-36.26198668914,100.10349239784065,-0.5440211640965452,,0,0,,3.369093437971816
252,0,0,0,0,0.93,0,0,122.72780258324917,-36.11546650946844,99.8836927723663,-0.5406485971192675,,0,0,,3.3634812261894877
253,0,0,0,0,0.94,0,0,122.497816903796,-35.9688484748887,99.66440302755906,-0.5372674728733428,,0,0,,3.357619014407159
254,0,0,0,0,0.95,0,0,122.26784231553212,-35.822134956725165,99.44561779256163,-0.5338778557305026,,0,0,,3.3515068026248307
255,0,0,0,0,0.94,0,0,122.03787940486737,-35.675328310552395,99.22733173070804,-0.530479810224171,,0,0,,3.345644590842502
256,0,0,0,0,0.95,0,0,121.80792875490152,-35.528430876402204,99.00953953937413,-0.5270734010482361,,0,0,,3.3395323790601736
257,0,0,0,0,0.91,0,0,121.57799094554127,-35.38144497896895,98.7922359498236,-0.5236586930558178,,0,0,,3.334420167277845
258,0,0,0,0,0.91,0,0,121.34806655361494,-35.234372927813006,98.57541572705095,-0.520235751258036,,0,0,,3.3293079554955165
259,0,0,0,0,0.91,0,0,121.11815615298468,-35.087217017562516,98.35907366961945,-0.5168046408227664,,0,0,,3.324195743713188
260,0,0,0,0,0.88,0,0,120.88826031465719,-34.93997952811328,98.14320460949739,-0.5133654270734069,,0,0,,3.3198335319308594
261,0,0,0,0,0.81,0,0,120.65837960689227,-34.792662724827,97.92780341188947,-0.5099181754876296,,0,0,,3.3172213201485308
262,0,0,0,0,0.81,0,0,120.42851459530938,-34.64526885872756,97.71286497506605,-0.5064629516961356,,0,0,,3.314609108366202
263,0,0,0,0,0.77,0,0,120.1986658429925,-34.49780016669583,97.49838423018902,-0.5029998214814055,,0,0,,3.312996896583874
264,0,0,0,0,0.79,0,0,119.96883391059295,-34.3502588716623,97.28435614113488,-0.4995288507764453,,0,0,,3.3108846848015454
265,0,0,0,0,0.8,0,0,119.73901935643117,-34.20264718279839,97.07077570431576,-0.49605010566353575,,0,0,,3.308522473019217
266,0,0,0,0,0.79,0,0,119.50922273659566,-34.05496729570569,96.85763794849703,-0.492563652372969,,0,0,,3.3064102612368886
267,0,0,0,0,0.78,0,0,119.27944460504138,-33.90722139260364,96.64493793461317,-0.48906955728178925,,0,0,,3.30454804945456
268,0,0,0,0,0.67,0,0,119.04968551368601,-33.7594116425154,96.43267075558148,-0.4855678869125298,,0,0,,3.3054358376722317
269,0,0,0,0,0.74,0,0,118.81994601250499,-33.61154020145209,96.22083153611396,-0.4820587079319492,,0,0,,3.3045736258899034
270,0,0,0,0,1,0,0,118.59022664962448,-33.4636092125951,96.00941543252608,-0.47854208714975466,,0,0,,3.2972114141075752
271,0,0,0,0,1,0,0,118.36052797141375,-33.31562080647696,95.79841763254556,-0.4750180915173372,,0,0,,3.289849202325247
272,0,0,0,0,1,0,0,118.1308505225756,-33.16757710116032,95.58783335511832,-0.47148678812649536,,0,0,,3.282486990542919
273,0,0,0,0,1,0,0,117.9011948462354,-33.01948020241533,95.37765785021296,-0.4679482442081553,,0,0,,3.2751247787605906
274,0,0,0,0,1,0,0,117.67156148402898,-32.8713322038953,95.16788639862408,-0.46440252713109065,,0,0,,3.2677625669782624
275,0,0,0,0,1,0,0,117.4419509761897,-32.72313518731071,94.95851431177495,-0.4608497044006462,,0,0,,3.260400355195934
276,0,0,0,0,1,0,0,117.21236386163304,-32.57489122260157,94.74953693151706,-0.45728984365744085,,0,0,,3.253038143413606
277,0,0,0,0,1,0,0,116.98280067804195,-32.426602368108085,94.54094962993183,-0.4537230126760973,,0,0,,3.2456759316312778
278,0,0,0,0,1,0,0,116.75326196194861,-32.27827067073975,94.33274780912717,-0.45014927936393095,,0,0,,3.2383137198489496
279,0,0,0,0,1,0,0,116.52374824881764,-32.12989816614275,94.12492690103755,-0.446568711759677,,0,0,,3.2309515080666213
280,0,0,0,0,1,0,0,116.29426007312598,-31.98148687886578,93.91748236721946,-0.44298137803217835,,0,0,,3.223589296284293
281,0,0,0,0,1,0,0,116.06479796844339,-31.83303882252423,93.71040969864902,-0.4393873464790988,,0,0,,3.216227084501965
282,0,0,0,0,1,0,0,115.83536246751112,-31.684555999962825,93.50370441551779,-0.4357866855256207,,0,0,,3.2088648727196367
283,0,0,0,0,1,0,0,115.60595410231947,-31.536040403416635,93.29736206702749,-0.4321794637231363,,0,0,,3.2015026609373085
284,0,0,0,0,1,0,0,115.37657340418508,-31.387494014670548,93.09137823118564,-0.42856574974794764,,0,0,,3.1941404491549803
285,0,0,0,0,0.93,0,0,115.14722090382699,-31.23891880521712,92.88574851460052,-0.4249456123999613,,0,0,,3.188528237372652
286,0,0,0,0,0.95,0,0,114.91789713144168,-31.09031673641295,92.68046855227533,-0.42131912060137583,,0,0,,3.1824160255903235
287,0,0,0,0,0.89,0,0,114.68860261677712,-30.941689759633523,92.47553400740193,-0.41768634339536453,,0,0,,3.177803813807995
288,0,0,0,0,0.88,0,0,114.45933788920658,-30.793039816426415,92.27094057115593,-0.41404734994476844,,0,0,,3.1734416020256666
289,0,0,0,0,0.87,0,0,114.23010347780156,-30.64436883866313,92.06668396249103,-0.4104022095307814,,0,0,,3.1693293902433384
290,0,0,0,0,0.92,0,0,114.00089991140321,-30.495678748689325,91.8627599279323,-0.4067509915516219,,0,0,,3.16396717846101
291,0,0,0,0,0.94,0,0,113.77172771869363,-30.346971459473654,91.65916424137085,-0.40309376552121473,,0,0,,3.1581049666786813
292,0,0,0,0,0.94,0,0,113.54258742826643,-30.198248874755034,91.45589270385841,-0.399430601067868,,0,0,,3.1522427548963527
293,0,0,0,0,0.69,0,0,113.31347956869759,-30.049512889188467,91.2529411434037,-0.3957615679329626,,0,0,,3.1526305431140242
294,0,0,0,0,0.74,0,0,113.08440466861288,-29.900765388489486,91.05030541476467,-0.39208673596959714,,0,0,,3.151768331331696
295,0,0,0,0,0.74,0,0,112.85536325675696,-29.752008249577116,90.8479813992447,-0.388406175141266,,0,0,,3.1509061195493677
296,0,0,0,0,0.84,0,0,112.62635586206265,-29.603243340715323,90.64596500449085,-0.38471995552054905,,0,0,,3.1475439077670395
297,0,0,0,0,0.59,0,0,112.3973830137177,-29.454472521653223,90.44425216428887,-0.3810281472877665,,0,0,,3.150431695984711
298,0,0,0,0,0.62,0,0,112.16844524122793,-29.30569764376374,90.24283883835409,-0.37733082072958346,,0,0,,3.1525694842023824
299,0,0,0,0,0.51,0,0,111.93954307449565,-29.156920550180946,90.04172101214877,-0.37362804623786755,,0,0,,3.157457272420054
300,0,0,0,0,0.54,0,0,111.71067704385325,-29.008143075936026,89.84089469662703,-0.36991989430782823,,0,0,,3.1615950606377257
301,0,0,0,0,0.52,0,0,111.48184768019213,-28.859367048091855,89.64035592813836,-0.36620643553770205,,0,0,,3.1662328488553975
302,0,0,0,0,0.5,0,0,111.25305551495508,-28.71059428587622,89.44010076810751,-0.3624877406262378,,0,0,,3.171370637073069
303,0,0,0,0,0.58,0,0,111.02430108024174,-28.561826600813706,89.24012530290248,-0.3587638803720139,,0,0,,3.1745084252907407
304,0,0,0,0,0.6,0,0,110.79558490886512,-28.413065796856326,89.0404256436227,-0.3550349256719676,,0,0,,3.1771462135084123
305,0,0,0,0,0.45,0,0,110.56690753441347,-28.26431367051268,88.84099792589839,-0.35130094752001967,,0,0,,3.183534001726084
306,0,0,0,0,0.49,0,0,110.33826949131463,-28.115572010975992,88.6418383096948,-0.34756201700574013,,0,0,,3.1889217899437554
307,0,0,0,0,0.46,0,0,110.10967131489743,-27.966842600250725,88.44294297911328,-0.3438182053129695,,0,0,,3.195059578161427
308,0,0,0,0,0.44,0,0,109.88111354145504,-27.818127213277958,88.24430814219735,-0.3400695837184795,,0,0,,3.2016973663790984
309,0,0,0,0,0.46,0,0,109.65259670830841,-27.669427618059558,88.04593003073984,-0.33631622359063357,,0,0,,3.20783515459677
310,0,0,0,0,0.43,0,0,109.42412135386598,-27.520745575781003,87.84780490008583,-0.33255819638799294,,0,0,,3.2147229428144413
311,0,0,0,0,0.42,0,0,109.19568801768649,-27.372082840932965,87.64992902894225,-0.32879557365797624,,0,0,,3.221860731032113
312,0,0,0,0,0.8,0,0,108.96729724054063,-27.2234411614318,87.45229871918657,-0.3250284270355007,,0,0,,3.2194985192497847
313,0,0,0,0,0.81,0,0,108.73894956447143,-27.07482227873863,87.25491029567553,-0.32125682824160756,,0,0,,3.216886307467456
314,0,0,0,0,0.81,0,0,108.51064553285518,-26.926227927977372,87.05776010605567,-0.31748084908209595,,0,0,,3.2142740956851275
315,0,0,0,0,0.81,0,0,108.28238569046312,-26.77765983805147,86.86084452057699,-0.3137005614461723,,0,0,,3.211661883902799
316,0,0,0,0,0.82,0,0,108.05417058352079,-26.629119731759534,86.66415993190411,-0.30991603730506334,,0,0,,3.2087996721204703
317,0,0,0,0,0.81,0,0,107.8260007597685,-26.480609325909693,86.4677027549309,-0.30612734871064895,,0,0,,3.2061874603381417
318,0,0,0,0,0.66,0,0,107.59787676852223,-26.332130331432932,86.27146942659685,-0.30233456779410095,,0,0,,3.2073252485558132
319,0,0,0,0,0.66,0,0,107.36979916073325,-26.183684453495143,86.07545640570349,-0.29853776676450533,,0,0,,3.2084630367734848
320,0,0,0,0,0.68,0,0,107.14176848904731,-26.0352733916081,85.87966017273087,-0.2947370179074733,,0,0,,3.2091008249911566
321,0,0,0,0,1,0,0,106.91378530786568,-25.886898839739334,85.68407722965917,-0.29093239358378925,,0,0,,3.2017386132088284
322,0,0,0,0,1,0,0,106.68585017340389,-25.738562486420893,85.48870409978736,-0.28712396622801467,,0,0,,3.1943764014265
323,0,0,0,0,1,0,0,106.45796364375163,-25.590266014856866,85.29353732755577,-0.2833118083471155,,0,0,,3.187014189644172
324,0,0,0,0,1,0,0,106.23012627893252,-25.442011103030033,85.09857347836952,-0.2794959925190853,,0,0,,3.1796519778618437
325,0,0,0,0,1,0,0,106.0023386409631,-25.293799423807243,84.90380913842225,-0.2756765913915551,,0,0,,3.1722897660795155
326,0,0,0,0,1,0,0,105.77460129391275,-25.145632645043822,84.70924091452261,-0.27185367768041707,,0,0,,3.1649275542971873
327,0,0,0,0,1,0,0,105.54691480396293,-24.997512429686875,84.51486543392143,-0.2680273241684388,,0,0,,3.157565342514859
328,0,0,0,0,1,0,0,105.3192797394665,-24.84944043587758,84.32067934413993,-0.26419760370387424,,0,0,,3.150203130732531
329,0,0,0,0,1,0,0,105.09169667100738,-24.701418317052372,84.12667931280028,-0.2603645891990813,,0,0,,3.1428409189502027
330,0,0,0,0,1,0,0,104.86416617145996,-24.553447722043195,83.93286202745664,-0.25652835362913073,,0,0,,3.1354787071678745
331,0,0,0,0,1,0,0,104.63668881604842,-24.405530295176625,83.7392241954282,-0.25268897003041757,,0,0,,3.1281164953855463
332,0,0,0,0,1,0,0,104.40926518240666,-24.257667676372062,83.54576254363354,-0.24884651149927206,,0,0,,3.120754283603218
333,0,0,0,0,1,0,0,104.18189585063747,-24.1098615012389,83.35247381842616,-0.24500105119056537,,0,0,,3.11339207182089
334,0,0,0,0,1,0,0,103.95458140337266,-23.96211340117268,83.15935478543184,-0.24115266231631918,,0,0,,3.1060298600385616
335,0,0,0,0,1,0,0,103.72732242583247,-23.814425003450264,82.96640222938714,-0.2373014181443088,,0,0,,3.0986676482562334
336,0,0,0,0,1,0,0,103.5001195058859,-23.66679793132414,82.77361295397988,-0.233447391996674,,0,0,,3.091305436473905
337,0,0,0,0,0.98,0,0,103.27297323411032,-23.519233804115583,82.58098378169018,-0.2295906572485156,,0,0,,3.0844432246915767
338,0,0,0,0,0.99,0,0,103.04588420385195,-23.371734237307013,82.38851155363415,-0.22573128732650477,,0,0,,3.0773310129092484
339,0,0,0,0,1,0,0,102.81885301128595,-23.224300842633358,82.19619312940794,-0.22186935570748043,,0,0,,3.06996880112692
340,0,0,0,0,1,0,0,102.59188025547708,-23.076935228172452,82.00402538693439,-0.21800493591705514,,0,0,,3.062606589344592
341,0,0,0,0,1,0,0,102.36496653844024,-22.929638998434566,81.81200522231015,-0.21413810152821083,,0,0,,3.0552443775622637
342,0,0,0,0,1,0,0,102.13811246520122,-22.78241375445095,81.62012954965492,-0.21026892615989934,,0,0,,3.0478821657799355
343,0,0,0,0,1,0,0,101.911318643858,-22.635261093861573,81.42839530096232,-0.2063974834756433,,0,0,,3.0405199539976073
344,0,0,0,0,1,0,0,101.68458568564182,-22.488182611001836,81.23679942595184,-0.20252384718213148,,0,0,,3.033157742215279
345,0,0,0,0,1,0,0,101.45791420497856,-22.3411798969885,81.04533889192233,-0.19864809102781375,,0,0,,3.025795530432951
346,0,0,0,0,1,0,0,101.23130481955072,-22.194254539804646,80.85401068360765,-0.19477028880150168,,0,0,,3.0184333186506227
347,0,0,0,0,1,0,0,101.00475815035918,-22.04740812438386,80.66281180303305,-0.19089051433095977,,0,0,,3.0110711068682945
348,0,0,0,0,1,0,0,100.77827482178546,-21.900642232693407,80.47173926937353,-0.18700884148150032,,0,0,,3.0037088950859663
349,0,0,0,0,1,0,0,100.55185546165443,-21.75395844381674,80.28079011881388,-0.18312534415458073,,0,0,,2.996346683303638
350,0,0,0,0,0.89,0,0,100.32550070129675,-21.60735833403491,80.08996140440964,-0.17924009628639026,,0,0,,2.9917344715213097
351,0,0,0,0,0.56,0,0,100.0992111756124,-21.46084347690742,79.89925019595046,-0.17535317184644958,,0,0,,2.995372259738981
352,0,0,0,0,0.6,0,0,99.8729875231337,-21.314415443351983,79.70865357982414,-0.17146464483619586,,0,0,,2.9980100479566527
353,0,0,0,0,0.59,0,0,99.64683038608945,-21.168075801723617,79.51816865888301,-0.16757458928757926,,0,0,,3.000897836174324
354,0,0,0,0,0.59,0,0,99.42074041046867,-21.021826117892843,79.32779255231112,-0.1636830792616493,,0,0,,3.0037856243919956
355,0,0,0,0,0.58,0,0,99.19471824608522,-20.875667955323106,79.1375223954936,-0.15979018884714713,,0,0,,3.0069234126096673
356,0,0,0,0,0.65,0,0,98.96876454664273,-20.729602875147343,78.9473553398874,-0.15589599215909605,,0,0,,3.0083112008273387
357,0,0,0,0,0.64,0,0,98.7428799697995,-20.583632436243818,78.75728855289304,-0.15200056333738626,,0,0,,3.0099489890450104
358,0,0,0,0,0.64,0,0,98.51706517723437,-20.437758195311105,78.56731921772896,-0.14810397654536817,,0,0,,3.011586777262682
359,0,0,0,0,0.76,0,0,98.29132083471252,-20.291981706942302,78.3774445333064,-0.14420630596843698,,0,0,,3.0102245654803537
360,0,0,0,0,0.74,0,0,98.06564761215196,-20.146304523698472,78.18766171410654,-0.14030762581262263,,0,0,,3.0093623536980254
361,0,0,0,0,0.75,0,0,97.8400461836904,-20.000728196181335,77.99796799005875,-0.13640801030317515,,0,0,,3.008250141915697
362,0,0,0,0,0.68,0,0,97.61451722775244,-19.855254273105125,77.80836060642069,-0.13250753368315285,,0,0,,3.0088879301333686
363,0,0,0,0,0.68,0,0,97.38906142711731,-19.70988430136772,77.61883682365975,-0.12860627021200774,,0,0,,3.0095257183510404
364,0,0,0,0,0.62,0,0,97.16367946898721,-19.56461982612109,77.42939391733623,-0.12470429416417339,,0,0,,3.011663506568712
365,0,0,0,0,0.62,0,0,96.93837204505586,-19.419462390840824,77.24002917798796,-0.12080167982764932,,0,0,,3.0138012947863833
366,0,0,0,0,0.59,0,0,96.7131398515776,-19.274413537395105,77.0507399110163,-0.11689850150258559,,0,0,,3.0166890830040547
367,0,0,0,0,1,0,0,96.48798358943736,-19.129474806112842,76.86152343657419,-0.11299483349987265,,0,0,,3.0093268712217265
368,0,0,0,0,1,0,0,96.26290396422056,-18.98464773585103,76.67237708945517,-0.10909075013972103,,0,0,,3.0019646594393983
369,0,0,0,0,1,0,0,96.0379016862841,-18.839933864061535,76.48329821898443,-0.10518632575025144,,0,0,,2.99460244765707
370,0,0,0,0,1,0,0,95.81297747082742,-18.69533472685699,76.29428418891098,-0.10128163466607609,,0,0,,2.987240235874742
371,0,0,0,0,1,0,0,95.58813203796441,-18.550851859076065,76.10533237730162,-0.09737675122688415,,0,0,,2.9798780240924136
372,0,0,0,0,1,0,0,95.36336611279589,-18.406486794348016,75.91644017643645,-0.09347174977602736,,0,0,,2.9725158123100854
373,0,0,0,0,1,0,0,95.13868042548258,-18.262241065156534,75.72760499270592,-0.0895667046591049,,0,0,,2.9651536005277572
374,0,0,0,0,1,0,0,94.91407571131863,-18.118116202902865,75.53882424650926,-0.08566169022254713,,0,0,,2.957791388745429
375,0,0,0,0,1,0,0,94.68955271080583,-17.97411373796823,75.35009537215447,-0.0817567808121989,,0,0,,2.950429176963101
376,0,0,0,0,1,0,0,94.46511216972851,-17.83023519977563,75.16141581776019,-0.07785205077190765,,0,0,,2.9430669651807726
377,0,0,0,0,1,0,0,94.24075483922897,-17.686482116850815,74.9727830451586,-0.07394757444210426,,0,0,,2.9357047533984444
378,0,0,0,0,1,0,0,94.01648147588347,-17.542856016882766,74.78419452980008,-0.07004342615838972,,0,0,,2.928342541616116
379,0,0,0,0,1,0,0,93.79229284177929,-17.399358426783298,74.59564776065966,-0.06613968025012032,,0,0,,2.920980329833788
380,0,0,0,0,1,0,0,93.5681897045918,-17.25599087274613,74.40714024014432,-0.06223641103898998,,0,0,,2.9136181180514598
381,0,0,0,0,1,0,0,93.34417283766305,-17.112754880305232,74.21866948400263,-0.05833369283761905,,0,0,,2.9062559062691316
382,0,0,0,0,1,0,0,93.12024302008022,-16.969651974392505,74.0302330212352,-0.05443159994813594,,0,0,,2.8988936944868033
383,0,0,0,0,1,0,0,92.89640103675539,-16.82668367939479,73.84182839400707,-0.050530206660763924,,0,0,,2.891531482704475
384,0,0,0,0,1,0,0,92.67264767850598,-16.683851519210283,73.65345315756156,-0.046629587252409246,,0,0,,2.884169270922147
385,0,0,0,0,1,0,0,92.44898374213541,-16.541157017304148,73.4651048801353,-0.04272981598524108,,0,0,,2.8768070591398187
386,0,0,0,0,1,0,0,92.22541003051529,-16.398601696763656,73.27678114287535,-0.03883096710528371,,0,0,,2.8694448473574905
387,0,0,0,0,1,0,0,92.00192735266785,-16.256187080352554,73.08847953975722,-0.034933114840999466,,0,0,,2.8620826355751623
388,0,0,0,0,1,0,0,91.77853652384935,-16.11391469056483,72.90019767750489,-0.031036333401877274,,0,0,,2.854720423792834
389,0,0,0,0,1,0,0,91.55523836563421,-15.97178604967781,72.71193317551193,-0.027140696977018312,,0,0,,2.847358212010506
390,0,0,0,0,1,0,0,91.33203370600006,-15.82980267980468,72.52368366576435,-0.02324627973372437,,0,0,,2.8399960002281777
391,0,0,0,0,1,0,0,91.10892337941362,-15.687966102946278,72.33544679276494,-0.019353155816086272,,0,0,,2.8326337884458495
392,0,0,0,0,1,0,0,90.88590822691737,-15.54627784104234,72.14722021345906,-0.01546139934357248,,0,0,,2.8252715766635212
393,0,0,0,0,1,0,0,90.66298909621692,-15.404739416022036,71.95900159716163,-0.011571084409614683,,0,0,,2.817909364881193
394,0,0,0,0,1,0,0,90.44016684176981,-15.263352349853953,71.77078862548639,-0.0076822850802034555,,0,0,,2.810547153098865
395,0,0,0,0,1,0,0,90.21744232487443,-15.122118164595362,71.58257899227547,-0.003795075392470721,,0,0,,2.8031849413165366
396,0,0,0,0,1,0,0,89.99481641376049,-14.981038382440985,71.39437040353167,9.047064671355213e-05,,0,0,,2.7958227295342084
397,0,0,0,0,1,0,0,89.77228998368018,-14.84011452577101,71.2061605773513,0.00397427906215376,,0,0,,2.78846051775188
398,0,0,0,0,1,0,0,89.54986391700014,-14.699348117198554,71.01794724385887,0.007856275911736375,,0,0,,2.781098305969552
399,0,0,0,0,0.93,0,0,89.32753910329458,-14.55874067961654,70.82972814514328,0.011736387287836826,,0,0,,2.7754860941872237
400,0,0,0,0,0.94,0,0,89.10531643943935,-14.41829373624385,70.64150103519536,0.015614539318727553,,0,0,,2.769623882404895
401,0,0,0,0,0.91,0,0,88.88319682970686,-14.278008810670988,70.45326367984686,0.01949065816998386,,0,0,,2.7645116706225665
402,0,0,0,0,0.93,0,0,88.66118118586215,-14.137887426905017,70.26501385671088,0.023364670045890924,,0,0,,2.7588994588402382
403,0,0,0,0,0.93,0,0,88.43927042725987,-13.99793110941401,70.07674935512404,0.027236501190846182,,0,0,,2.75328724705791
404,0,0,0,0,0.93,0,0,88.21746548094245,-13.858141383170755,69.88846797608959,0.031106077890765995,,0,0,,2.7476750352755817
405,0,0,0,0,0.94,0,0,87.99576728173909,-13.718519773695975,69.70016753222238,0.03497332647448822,,0,0,,2.741812823493253
406,0,0,0,0,0.85,0,0,87.77417677236609,-13.579067807100833,69.51184584769527,0.03883817331517372,,0,0,,2.7382006117109245
407,0,0,0,0,0.63,0,0,87.55269490352804,-13.439787010128937,69.32350075818657,0.0427005448317101,,0,0,,2.740088399928596
408,0,0,0,0,0.64,0,0,87.33132263402014,-13.300678910197638,69.13513011082938,0.04656036749011118,,0,0,,2.741726188146268
409,0,0,0,0,0.67,0,0,87.11006093083193,-13.161745035438829,68.94673176416225,0.05041756780491668,,0,0,,2.7426139763639394
410,0,0,0,0,0.78,0,0,86.88891076925162,-13.022986914739008,68.75830358808093,0.0542720723405936,,0,0,,2.740751764581611
411,0,0,0,0,0.77,0,0,86.66787313297212,-12.884406077778909,68.56984346379207,0.05812380771293173,,0,0,,2.7391395527992826
412,0,0,0,0,0.77,0,0,86.44694901419795,-12.746004055072364,68.38134928376807,0.06197270059044096,,0,0,,2.7375273410169543
413,0,0,0,0,1,0,0,86.22613941375332,-12.607782378004693,68.19281895170319,0.06581867769574953,,0,0,,2.730165129234626
414,0,0,0,0,1,0,0,86.00544534119157,-12.469742578870413,68.00425038247143,0.0696616658069971,,0,0,,2.722802917452298
415,0,0,0,0,1,0,0,85.78486781490574,-12.331886190910383,67.8156415020856,0.07350159175922935,,0,0,,2.7154407056699696
416,0,0,0,0,1,0,0,85.5644078622404,-12.194214748348324,67.62699024765784,0.07733838244579153,,0,0,,2.7080784938876414
417,0,0,0,0,1,0,0,85.34406651960475,-12.056729786426807,67.43829456736155,0.08117196481971926,,0,0,,2.7007162821053132
418,0,0,0,0,1,0,0,85.12384483258697,-11.919432841442509,67.24955242039472,0.08500226589513066,,0,0,,2.693354070322985
419,0,0,0,0,1,0,0,84.90374385606997,-11.782325450781052,67.06076177694472,0.08882921274861404,,0,0,,2.685991858540657
420,0,0,0,0,1,0,0,84.68376465434834,-11.645409152951053,66.87192061815438,0.09265273252061793,,0,0,,2.6786296467583286
421,0,0,0,0,1,0,0,84.46390830124668,-11.508685487617727,66.68302693608946,0.09647275241683768,,0,0,,2.6712674349760004
422,0,0,0,0,1,0,0,84.24417588023934,-11.3721559956358,66.49407873370778,0.1002891997096001,,0,0,,2.663905223193672
423,0,0,0,0,1,0,0,84.02456848457145,-11.23582221908183,66.30507402482924,0.10410200173925088,,0,0,,2.656543011411344
424,0,0,0,0,1,0,0,83.80508721738141,-11.099685701286006,66.1160108341077,0.10791108591553451,,0,0,,2.6491807996290158
425,0,0,0,0,1,0,0,83.58573319182477,-10.963747986863204,65.9268871970039,0.11171637971897969,,0,0,,2.6418185878466875
426,0,0,0,0,0.97,0,0,83.36650753119952,-10.82801062174358,65.73770115975998,0.11551781070227772,,0,0,,2.635206376064359
427,0,0,0,0,0.63,0,0,83.14741136907298,-10.692475153202512,65.54845077937532,0.11931530649166172,,0,0,,2.6370941642820305
428,0,0,0,0,0.76,0,0,82.92844584940993,-10.55714312988986,65.35913412358352,0.12310879478828635,,0,0,,2.635731952499702
429,0,0,0,0,0.76,0,0,82.70961212670244,-10.422016101858778,65.16974927083113,0.1268982033696024,,0,0,,2.6343697407173736
430,0,0,0,0,0.76,0,0,82.49091136610113,-10.287095620593766,64.98029431025748,0.1306834600907326,,0,0,,2.633007528935045
431,0,0,0,0,0.85,0,0,82.27234474354795,-10.152383239038196,64.79076734167583,0.13446449288584553,,0,0,,2.6293953171527167
432,0,0,0,0,0.85,0,0,82.05391344591061,-10.017880511621245,64.6011664755561,0.13824122976952682,,0,0,,2.625783105370388
433,0,0,0,0,0.87,0,0,81.8356186711185,-9.883588994284144,64.4114898330087,0.14201359883815073,,0,0,,2.62167089358806
434,0,0,0,0,0.79,0,0,81.61746162830022,-9.74951024450591,64.22173554576992,0.14578152827124766,,0,0,,2.6195586818057315
435,0,0,0,0,0.79,0,0,81.39944353792289,-9.615645821328377,64.03190175618849,0.14954494633287235,,0,0,,2.617446470023403
436,0,0,0,0,0.79,0,0,81.18156563193284,-9.481997285380686,63.841986617213585,0.15330378137296993,,0,0,,2.6153342582410746
437,0,0,0,0,0.77,0,0,80.96382915389813,-9.348566198903095,63.65198829238408,0.15705796182873963,,0,0,,2.6137220464587463
438,0,0,0,0,0.84,0,0,80.74623535915288,-9.21535412577025,63.46190495581921,0.16080741622599673,,0,0,,2.610359834676418
439,0,0,0,0,0.83,0,0,80.528785514943,-9.082362631513755,63.27173479221049,0.16455207318053444,,0,0,,2.6072476228940897
440,0,0,0,0,1,0,0,80.31148090057388,-8.949593283344168,63.08147599681497,0.16829186139948238,,0,0,,2.5998854111117615
441,0,0,0,0,1,0,0,80.0943228075599,-8.817047650172373,62.891126775449926,0.17202670968266354,,0,0,,2.5925231993294333
442,0,0,0,0,1,0,0,79.87731253977552,-8.684727302630339,62.70068534448863,0.1757565469239499,,0,0,,2.585160987547105
443,0,0,0,0,1,0,0,79.66045141360817,-8.552633813091182,62.51014993085757,0.17948130211261767,,0,0,,2.577798775764777
444,0,0,0,0,0.97,0,0,79.44374075811335,-8.420768755688732,62.31951877203505,0.18320090433469627,,0,0,,2.5711865639824483
445,0,0,0,0,0.99,0,0,79.22718191517096,-8.289133706336305,62.12879011605093,0.18691528277432137,,0,0,,2.56407435220012
446,0,0,0,0,0.9,0,0,79.01077623964409,-8.157730242744977,61.93796222148767,0.19062436671508157,,0,0,,2.5592121404177917
447,0,0,0,0,0.94,0,0,78.79452509953934,-8.02655994444115,61.7470333574828,0.1943280855413655,,0,0,,2.553349928635463
448,0,0,0,0,0.95,0,0,78.57842987616922,-7.895624392783532,61.55600180373257,0.19802636873970533,,0,0,,2.5472377168531346
449,0,0,0,0,0.95,0,0,78.36249196431646,-7.764925170979394,61.364865850496926,0.20171914590012,,0,0,,2.541125505070806
450,0,0,0,0,0.94,0,0,78.14671277240032,-7.634463864100298,61.173623798605696,0.20540634671745522,,0,0,,2.5352632932884775
451,0,0,0,0,0.92,0,0,77.93109372264477,-7.504242059097063,60.98227395946612,0.20908790099272245,,0,0,,2.529901081506149
452,0,0,0,0,0.67,0,0,77.71563625124891,-7.374261344814175,60.79081465507161,0.21276373863443515,,0,0,,2.5307888697238208
453,0,0,0,0,0.65,0,0,77.50034180855926,-7.244523312003511,60.59924421801174,0.21643378965994325,,0,0,,2.532176657941492
454,0,0,0,0,0.7,0,0,77.28521185924411,-7.115029553337372,60.40756099148363,0.22009798419676538,,0,0,,2.532314446159164
455,0,0,0,0,0.69,0,0,77.07024788247013,-6.985781663420912,60.21576332930434,0.22375625248391978,,0,0,,2.5327022343768353
456,0,0,0,0,0.61,0,0,76.85545137208092,-6.856781238803925,60.02384959592481,0.227408524873251,,0,0,,2.535090022594507
457,0,0,0,0,0.47,0,0,76.64082383677786,-6.728029877991881,59.831818166444705,0.23105473183075775,,0,0,,2.5409778108121786
458,0,0,0,0,0.48,0,0,76.4263668003029,-6.59952918145638,59.63966742662879,0.23469480393791584,,0,0,,2.5466155990298502
459,0,0,0,0,0.49,0,0,76.21208180162394,-6.471280751644929,59.44739577292448,0.23832867189299814,,0,0,,2.5520033872475216
460,0,0,0,0,0.48,0,0,75.99797039512188,-6.343286192989952,59.255001612480264,0.24195626651239827,,0,0,,2.5576411754651933
461,0,0,0,0,0.41,0,0,75.78403415078054,-6.215547111917287,59.06248336316602,0.24557751873194264,,0,0,,2.565028963682865
462,0,0,0,0,0.46,0,0,75.57027465437822,-6.088065116853839,58.869839453593755,0.24919235960820982,,0,0,,2.5711667519005363
463,0,0,0,0,0.39,0,0,75.3566935076822,-5.9608418182346945,58.677068323140325,0.2528007203198393,,0,0,,2.579054540118208
464,0,0,0,0,0.66,0,0,75.1432923286449,-5.833878828509424,58.48416842197062,0.25640253216884556,,0,0,,2.5801923283358796
465,0,0,0,0,0.69,0,0,74.93007275160306,-5.7071777621478095,58.291138211062666,0.25999772658192183,,0,0,,2.580580116553551
466,0,0,0,0,0.82,0,0,74.71703642747867,-5.580740235644774,58.09797616223319,0.26358623511174956,,0,0,,2.5777179047712226
467,0,0,0,0,0.83,0,0,74.50418502398284,-5.454567867524723,57.90468075816501,0.26716798943829867,,0,0,,2.5746056929888943
468,0,0,0,0,0.82,0,0,74.29152022582163,-5.328662278345078,57.71125049243515,0.27074292137013,,0,0,,2.571743481206566
469,0,0,0,0,0.82,0,0,74.07904373490476,-5.2030250906992075,57.51768386954437,0.2743109628456924,,0,0,,2.5688812694242373
470,0,0,0,0,0.78,0,0,73.8667572705564,-5.077657929218549,57.32397940494769,0.27787204593461995,,0,0,,2.5670190576419087
471,0,0,0,0,0.78,0,0,73.65466256972891,-4.95256242057414,57.13013562508629,0.2814261028390233,,0,0,,2.56515684585958
472,0,0,0,0,0.78,0,0,73.44276138721857,-4.827740193477316,56.93615106742024,0.2849730658947825,,0,0,,2.5632946340772516
473,0,0,0,0,0.79,0,0,73.23105549588445,-4.703192878679782,56.742024280462715,0.2885128675728335,,0,0,,2.561182422294923
474,0,0,0,0,0.79,0,0,73.01954668686933,-4.578922108972902,56.54775382381504,0.29204544048045517,,0,0,,2.5590702105125946
475,0,0,0,0,0.77,0,0,72.8082367698237,-4.454929519186303,56.35333826820316,0.2955707173625507,,0,0,,2.5574579987302664
476,0,0,0,0,0.77,0,0,72.59712757313193,-4.331216746185707,56.15877619551478,0.2990886311029308,,0,0,,2.555845786947938
477,0,0,0,0,0.77,0,0,72.38622094414161,-4.207785428870094,55.96406619883824,0.3025991147255881,,0,0,,2.55423357516561
478,0,0,0,0,0.85,0,0,72.1755187493951,-4.084637208168044,55.76920688250186,0.30610210139597505,,0,0,,2.5506213633832813
479,0,0,0,0,0.9,0,0,71.96502287486412,-3.961773727033433,55.57419686211482,0.3095975244222746,,0,0,,2.545759151600953
480,0,0,0,0,0.88,0,0,71.7547352261869,-3.83919663044028,55.37903476460889,0.31308531725667116,,0,0,,2.5413969398186245
481,0,0,0,0,0.72,0,0,71.54465772890819,-3.716907565376933,55.183719228281305,0.3165654134966167,,0,0,,2.541034728036296
482,0,0,0,0,0.72,0,0,71.33479232872205,-3.594908180839465,54.98824890283882,0.32003774688609504,,0,0,,2.5406725162539674
483,0,0,0,0,0.82,0,0,71.12514099171734,-3.4732001278242866,54.79262244944253,0.323502251316884,,0,0,,2.537810304471639
484,0,0,0,0,0.84,0,0,70.91570570462628,-3.351785059320065,54.59683854075409,0.32695886082981274,,0,0,,2.5344480926893107
485,0,0,0,0,0.84,0,0,70.70648847507549,-3.2306646302987874,54.400895860982644,0.3304075096160194,,0,0,,2.5310858809069825
486,0,0,0,0,0.84,0,0,70.49749133184045,-3.1098404977061476,54.20479310593311,0.3338481320182016,,0,0,,2.5277236691246543
487,0,0,0,0,0.83,0,0,70.28871632510233,-2.989314320451104,54.00852898305517,0.3372806625318684,,0,0,,2.524611457342326
488,0,0,0,0,0.84,0,0,70.08016552670803,-2.869087759394613,53.81210221149346,0.3407050358065873,,0,0,,2.5212492455599977
489,0,0,0,0,0.85,0,0,69.87184103043334,-2.749162477337745,53.61551152213875,0.34412118664722674,,0,0,,2.5176370337776692
490,0,0,0,0,0.86,0,0,69.6637449522486,-2.629540139008817,53.41875565768006,0.3475290500151988,,0,0,,2.513774821995341
491,0,0,0,0,0.87,0,0,69.4558794305878,-2.5102224110498415,53.22183337265766,0.35092856102969794,,0,0,,2.5096626102130126
492,0,0,0,0,0.86,0,0,69.24824662662053,-2.3912109620021944,53.02474343351732,0.3543196549689342,,0,0,,2.5058003984306843
493,0,0,0,0,0.86,0,0,69.0408487245269,-2.272507462291405,52.827484618665196,0.3577022672713674,,0,0,,2.501938186648356
494,0,0,0,0,0.87,0,0,68.8336879317757,-2.154113584211238,52.63005571852388,0.361076333536935,,0,0,,2.4978259748660276
495,0,0,0,0,0.86,0,0,68.62676647940552,-2.036031001906881,52.43245553558924,0.3644417895282791,,0,0,,2.4939637630836993
496,0,0,0,0,0.85,0,0,68.42008662230893,-1.9182613913573638,52.23468288448831,0.3677985711719689,,0,0,,2.4903515513013708
497,0,0,0,0,0.82,0,0,68.21365063951998,-1.8008064303571951,52.036736592037954,0.3711466145597205,,0,0,,2.4874893395190423
498,0,0,0,0,0.84,0,0,68.00746083450464,-1.6836677984970891,51.83861549730456,0.3744858559496139,,0,0,,2.484127127736714
499,0,0,0,0,0.84,0,0,67.80151953545446,-1.5668471771439603,51.64031845166452,0.3778162317673065,,0,0,,2.480764915954386
500,0,0,0,0,0.83,0,0,67.59582909558353,-1.4503462494200396,51.44184431886561,0.381137678607243,,0,0,,2.4776527041720575
501,0,0,0,0,0.83,0,0,67.39039189342824,-1.3341667001811552,51.24319197508918,0.38445013323386396,,0,0,,2.474540492389729
502,0,0,0,0,0.83,0,0,67.18521033315093,-1.2183102159942185,51.044360309013356,0.3877535325828075,,0,0,,2.471428280607401
503,0,0,0,0,0.83,0,0,66.980286844846,-1.1027784851138196,50.84534822187682,0.3910478137621121,,0,0,,2.4683160688250725
504,0,0,0,0,0.94,0,0,66.77562388484975,-0.9875731974580189,50.64615462754363,0.39433291405341286,,0,0,,2.462453857042744
505,0,0,0,0,0.93,0,0,66.57122393605337,-0.8726960445832779,50.44677845256874,0.3976087709131352,,0,0,,2.4568416452604156
506,0,0,0,0,0.93,0,0,66.367089508219,-0.7581487196585175,50.247218636264265,0.4008753219736867,,0,0,,2.4512294334780873
507,0,0,0,0,0.92,0,0,66.16322313829927,-0.6439329174383565,50.0474741307666,0.40413250504464393,,0,0,,2.445867221695759
508,0,0,0,0,0.92,0,0,65.95962739076002,-0.5300503342354592,49.84754390110433,0.40738025811393624,,0,0,,2.4405050099134304
509,0,0,0,0,0.91,0,0,65.75630485790633,-0.416502667892043,49.647426925266714,0.41061851934902677,,0,0,,2.435392798131102
510,0,0,0,0,0.91,0,0,65.55325816021177,-0.303291617750496,49.4471221942731,0.41384722709808935,,0,0,,2.4302805863487733
511,0,0,0,0,0.81,0,0,65.35048994665107,-0.19041888462314396,49.24662871224288,0.41706631989118265,,0,0,,2.4276683745664447
512,0,0,0,0,0.8,0,0,65.14800289503587,-0.07788617076114143,49.04594549646629,0.42027573644141997,,0,0,,2.4253061627841164
513,5.332081358561406e-99,6.154609238439179e-100,1.648292882233331e-101,5.964025211227657e-99,0.8,4.771220168982126e-99,4.771220168982126e-99,64.9457997123541,0.034304820177542036,48.845071577475736,0.42347541564613667,,1413,6.0310237707979665e-102,4.2682404605788864e-105,2.422943951001788
514,1.1531589119943507e-21,1.3210941192422724e-22,3.661515126106267e-24,1.2889298390446842e-21,1,1.2889298390446842e-21,1.2889298390446842e-21,64.7438831351123,0.14615238316097412,48.64400599911794,0.42666529658805286,,2826,6.894212052670762e-24,2.4395654821906447e-27,2.3921419572569986
515,2.1353558248668753e-11,2.4282308522759973e-12,6.956208705174264e-14,2.3851351187996493e-11,1,2.3851351187996493e-11,2.3851351187996493e-11,64.54225592968145,0.25765481181703354,48.44274781862659,0.42984531853643343,,4239,2.2339436507115092e-13,5.2699779445895473e-17,2.392141957257
516,2.440964984126302e-07,2.75543459215414e-08,8.149411626676946e-10,2.724657854968393e-07,1,2.724657854968393e-07,2.724657854968393e-07,64.34092089264608,0.36881039846806435,48.241296106695714,0.43301542094824436,,5652,3.6287951196964225e-09,6.420373530956162e-13,2.3921419572745197
517,3.649293601642311e-05,4.089586653053415e-06,1.2473811458300916e-07,4.070726078405954e-05,1,4.070726078405954e-05,4.070726078405954e-05,64.1398808511566,0.4796174341663988,48.03964994755363,0.4361755434693052,,7065,7.039781803747837e-07,9.964305454703237e-11,2.3921419599762124
518,0.0008284550186487062,9.21752484050621e-05,2.8965225054437194e-06,0.0009235267895592121,1,0.0009235267895592121,0.0009235267895592121,63.939138663284886,0.5900742087308268,47.83780843903739,0.439325625935439,,8478,2.012440273008279e-05,2.373720539051992e-09,2.392142022034757
519,0.007000887322701844,0.0007734023511363359,2.5014775040675784e-05,0.007799304448878856,1,0.007799304448878856,0.007799304448878856,63.73869721838329,0.7001790107838878,47.63577069266809,0.44246560837361565,,9891,0.00021347664544086296,2.1582918354146493e-08,2.3921425462450645
520,0.033042639535861326,0.003624648719341888,0.00012055782190843638,0.03678784607711165,1,0.03678784607711165,0.03678784607711165,63.538559437446715,0.8099301277901433,47.43353583372635,0.44559543100309607,,11304,0.0012616773841352498,1.1161335669986285e-07,2.3921450031349476
521,0.10749486460980694,0.011709787560646754,0.0004001738865410515,0.11960482605699474,1,0.11960482605699474,0.11960482605699474,63.338728273478125,0.919325846095304,47.23110300132863,0.4487150342365689,,12717,0.005105340346401327,4.014579182512642e-07,2.392152912861748
522,0.2717564330171887,0.029399646779507908,0.0010314881343424524,0.30218756793103907,1,0.30218756793103907,0.30218756793103907,63.13920671185713,1.0283644509662864,47.028471348503864,0.45182435868128545,,14130,0.01590005825863711,1.1252695158271132e-06,2.392172665352396
523,0.5745432551132051,0.06173286410893355,0.0022219366451773402,0.638498055867316,1,0.638498055867316,0.638498055867316,62.93999777071188,1.1370442266321634,46.8256400422708,0.4549233451401901,,15543,0.040961769677402685,2.635383753291043e-06,2.3922138756859317
524,1.0651537039448484,0.11367563977686397,0.004194339911530396,1.1830236836332428,1,1.1830236836332428,1.1830236836332428,62.74110450129411,1.2453634563260416,46.622608263715584,0.4580119346130477,,16956,0.09150637102777284,5.396695625605853e-06,2.392289230636194
525,1.7879277293072313,0.18953792079760498,0.007164352646241924,1.9846300027510781,1,1.9846300027510781,1.9846300027510781,62.54252998835736,1.353320422327865,46.41937520806994,0.46109006829756705,,18369,0.18308661845072766,9.967152183065364e-06,2.3924139563254636
526,2.778806921093872,0.292633973267034,0.01132422498887782,3.082765119349784,1,3.082765119349784,3.082765119349784,62.34427735053838,1.4609134060081101,46.21594008478979,0.4641576875905196,,19782,0.33571932544542743,1.6970949623163858e-05,2.392605086785241
527,4.063888420455389,0.42516466641782324,0.016833547140413636,4.505886634013626,0.62,2.793649713088448,2.793649713088448,62.1463497407416,1.5681406878724142,46.01230211763424,0.46721473408885617,,21195,0.48329850935118274,2.2802477440489866e-05,2.3927642265379916
528,5.659447966763741,0.5882567105908459,0.023815763142631514,6.271520440497219,0.64,4.01377308191822,4.01377308191822,61.94875034652672,1.6750005476071415,45.808460544744975,0.47026114959081783,,22608,0.7084347460125644,3.13355779375692e-05,2.392997090985498
529,7.572862147970137,0.7820928818532932,0.03235870970875705,8.387313739532187,0.53,4.44527628195206,4.44527628195206,61.751482390499305,1.781491264125864,45.60441461872602,0.473296876097045,,24021,0.9720638589051891,4.046725194226673e-05,2.393246290232904
530,9.803971938648683,1.0060822110247574,0.04251758627438763,10.852571735947828,0.56,6.0774401721307845,6.0774401721307845,61.55454913070449,1.8876111156167419,45.4001636067239,0.4763218558116806,,25434,1.3517291588333835,5.314654237765918e-05,2.3935923023258145
531,12.34657446113299,1.259036510439221,0.05431914446824705,13.659930116040458,0.49,6.693365756859825,6.693365756859825,61.357953861023546,1.993358379590912,45.19570679050807,0.47933603114347134,,26847,1.7907424043162647,6.670176944598148e-05,2.393962218332683
532,15.189854641958208,1.5393339536755462,0.06776627624137883,16.796954871875133,0.51,8.566446984656318,8.566446984656318,61.161699911573415,2.0987313329317208,44.99104346655165,0.4823393447068636,,28260,2.3789196187188617,8.417974588531004e-05,2.3944391843930815
533,18.319659046806283,1.8450605057259952,0.08284249662682724,20.247562049159104,0.67,13.565866572936601,13.565866572936601,60.965790649109174,2.203728251944957,44.78617294611249,0.4853317393230968,,29673,3.351402171061243,0.00011294450076032903,2.3952241615246552
534,21.719573258960068,2.174126357673142,0.09951604476800312,23.993215661401212,0.63,15.115725866682764,15.115725866682764,60.77022947742924,2.3083474124099683,44.581094555314465,0.4883131580212906,,31086,4.480039620842221,0.00014411759701609151,2.396074861201654
535,25.371799295450845,2.5243581399153814,0.117743477740496,28.013900913106724,0.73,20.450147666567908,20.450147666567908,60.5750198377835,2.4125870896317654,44.37580763522903,0.49128354403953056,,32499,6.067028677272122,0.00018668354956374416,2.397236466766476
536,29.257848326217374,2.89356949256557,0.13747272493511223,32.288890543718054,0.69,22.279334475165456,22.279334475165456,60.38016520928392,2.5164455584940275,44.17031154195696,0.49424284082594866,,33912,7.8604253537802915,0.0002317889052188102,2.3984673714918796
537,33.35907237939746,3.279613262444963,0.15864562410509514,36.79733126594752,0.85,31.27773157605539,31.27773157605539,60.185669109318056,2.619921093513072,43.96460564671026,0.49719099203979994,,35325,10.46732230770893,0.00029631485655226975,2.400228255476808
538,37.6570610183824,3.680418654547969,0.18119998746123936,41.51867966039161,0.83,34.46050411812504,34.46050411812504,59.99153509396495,2.723011968892751,43.758689335894324,0.5001279415525347,,36738,13.43629916856525,0.0003657330058404173,2.402122645328004
539,42.13392794736363,4.094016399971723,0.20507125732649695,46.433015604661854,0.78,36.21775217163625,36.21775217163625,59.797766758413694,2.825716458580296,43.552562011190105,0.503053633448868,,38151,16.656938865602406,0.0004366055638280099,2.404056725333835
540,46.77250987101385,4.518554597928953,0.230193812520124,51.52125828146293,0.79,40.701794042355715,40.701794042355715,59.604367737384344,2.928032836323117,43.34622308963654,0.5059680120278434,,39564,20.387369471713765,0.0005153010178878213,2.406204288630104
541,51.55649671890054,4.952307452078493,0.2565019831494782,56.76530615412851,0.79,44.84459186176152,44.84459186176152,59.41134170555118,3.0299593757265253,43.139672003712974,0.5088710218038932,,40977,24.618091590210305,0.0006007782802599093,2.4085369244034025
542,56.470509109017044,5.393678706268976,0.2839308255290666,62.148118640815085,0.79,49.09701372624392,49.09701372624392,59.21869237796828,3.1314943503124257,42.93290820142162,0.5117626075078967,,42390,29.38013121529987,0.0006930910878815727,2.4110560991104086
543,61.500135950628405,5.841201217145907,0.31241670212029304,67.6537538698946,0.75,50.74031540242095,50.74031540242095,59.02642351049726,3.232636033578926,42.72593114637018,0.5146427140882298,,43803,34.434131396638655,0.0007861135400917439,2.4135946396968024
544,66.6319424931853,6.293533789114185,0.3418977045944641,73.26737398689396,0.96,70.3366790274182,70.3366790274182,58.8345389002371,3.333382699060927,42.51874031785434,0.517511286711815,,45216,41.62119358440881,0.0009204970272560334,2.417261904192657
545,71.85345694205004,6.749456139981722,0.3723139518351762,78.97522703386694,0.81,63.96993389743223,63.96993389743223,58.64304238595592,3.4337326203916168,42.31133521094033,0.5203682707651641,,46629,48.32012791830209,0.0010362677286302965,2.420421234194943
546,77.1531419621315,7.20786265799281,0.4036077891223966,84.76461240924671,0.8,67.81168992739737,67.81168992739737,58.45193784852464,3.533684071364962,42.10371533654742,0.5232136118554193,,48042,55.591130483854144,0.001157136057696477,2.423719676147977
547,82.5203559343235,7.667755445992292,0.43572390993596205,90.62383529025176,0.81,73.40530658510393,73.40530658510393,58.26122921135246,3.633235325999107,41.895880221530305,0.5260472558113876,,49455,63.643082051084896,0.0012868887281586268,2.427260567753554
548,87.94530766692527,8.128237019053696,0.46860941775513126,96.5421541037341,0.86,83.02625252921133,83.02625252921133,58.070920440823826,3.7323846586007274,41.687829408761466,0.5288691486845727,,50868,72.95243407606682,0.0014341518061662896,2.431279310449727
549,93.41900734571394,8.58850292148986,0.5022138418463341,102.50972410905013,1,102.50972410905013,102.50972410905013,57.88101554673713,3.8311303438303432,41.47956245721333,0.531679236750202,,52281,84.69238199622117,0.0016199457163447748,2.4363495421033416
550,98.93321578728786,9.047834452009226,0.536489118240285,108.51753935753737,1,108.51753935753737,108.51753935753737,57.69151858274458,3.9294706567685447,41.27107894204034,0.5344774665082496,,53694,97.3771824006005,0.001813557984143489,2.441633133195096
551,104.48039350192238,9.50559162705483,0.5713895448167438,114.55737467379396,1,114.55737467379396,114.55737467379396,57.50243364679344,4.027403872983221,41.06237845466078,0.537263784684454,,55107,111.03533910117503,0.0020149044422881853,2.4471277868381986
552,110.0536506418396,9.961206468091289,0.6068717175596303,120.62172882749051,1,120.62172882749051,120.62172882749051,57.313764881568346,4.124928268597655,40.8534606028384,0.540038138231334,,56520,125.69414390618614,0.0022238878964293374,2.4528308506428753
553,115.64669858168395,10.414176665581795,0.6428944535450097,126.70376970081075,1,126.70376970081075,126.70376970081075,57.125516474934564,4.222042120359613,40.64432501076388,0.5428004743291966,,57933,141.37969718819002,0.0024404000688414205,2.4587393697590407
554,121.25380362828994,10.864059648057228,0.6794187050165584,132.79728198136374,1,132.79728198136374,132.79728198136374,56.93769266038191,4.31874370571138,40.43497131913581,0.5455507403871449,,59346,158.11693149604196,0.00266432331574229,2.4648501337411663
555,126.86974316909303,11.310467067003406,0.7164074679344314,138.89661770403086,1,138.89661770403086,138.89661770403086,56.750297717469586,4.4150313028606885,40.22539918524165,0.5482888840440775,,60759,175.92963750369398,0.0028955321434469623,2.471159717923432
556,132.4897644288819,11.753059695694215,0.7538256876092297,144.99664981218535,1,144.99664981218535,144.99664981218535,56.56333597227113,4.510903190852627,40.015608283038155,0.5510148531696858,,62172,194.84049170243034,0.0031338945458153243,2.4776645199180654
557,138.10954590202272,12.191542731341894,0.7916401634159209,151.09272879678053,1,151.09272879678053,151.09272879678053,56.37681179781981,4.606357649642454,39.805598303231434,0.5537285958654473,,63585,214.87108534046914,0.003379273182990786,2.4843607917825885
558,143.72516145322172,12.625661484067809,0.8298194540928951,157.1806423913824,1,157.1806423913824,157.1806423913824,56.19072961455409,4.701392960169369,39.59536895335679,0.5564300604656128,,64998,236.04195419687608,0.0036315264192263775,2.4912446683416203
559,149.33304702756232,13.055197432477808,0.8683337847437652,163.2565782447839,1,163.2565782447839,163.2565782447839,56.00509389076282,4.796007404431192,39.38491995785791,0.5591191955381906,,66411,258.372608847401,0.003890509235629655,2.498312192095272
560,154.92996987473666,13.479964623494295,0.9071549563541631,169.3170894545851,1,169.3170894545851,169.3170894545851,55.81990914303036,4.89019926555997,39.17425105816578,0.5617959498859247,,67824,281.88156513987406,0.004156074031904253,2.5055593350983107
561,160.51300016900615,13.899806393118507,0.946256258396069,175.35906282052073,1,175.35906282052073,175.35906282052073,55.63517993668079,4.983966827898557,38.96336201277696,0.564460272547271,,69237,306.5863746476869,0.00442807132960248,2.512982018151606
562,166.07948489231055,14.31459238464417,0.9856123849049816,181.3796896618597,0.97,175.93829897200388,175.93829897200388,55.450910886221614,5.077308377078031,38.75225259733148,0.5671121127973668,,70650,331.72613650498624,0.004695345173460527,2.5202758002890864
563,171.62702384072554,14.724215841272965,1.0251993542701232,187.37643903626864,0.99,185.50267464590596,185.50267464590596,55.26710665578638,5.170222200096105,38.54092260469004,0.569751420148996,,72063,358.60014627513567,0.004976203409171637,2.5279402943272005
564,177.15344761222053,15.128591150902505,1.064994432865872,193.3470331959889,1,193.3470331959889,193.3470331959889,55.08377195957591,5.262706585396406,38.32937184501073,0.5723781443535516,,73476,386.9886334765462,0.005266871270571972,2.535872488607114
565,182.65679743502824,15.527651621935258,1.1049760625673173,199.28942511953082,1,199.28942511953082,199.28942511953082,54.900911562298255,5.354759822948689,38.11760014582517,0.5749922354019905,,74889,416.63413616727945,0.005563355581824827,2.543963411168948
566,188.13530669979318,15.921347470186161,1.1451237921284143,205.20177796210774,1,205.20177796210774,205.20177796210774,54.718530279606604,5.446380204329939,37.90560735211379,0.5775936435257873,,76302,447.54982927795226,0.0058655058750485215,2.5522089558123655
567,193.58738406421872,16.309643998275412,1.1854182123534869,211.08244627484763,1,211.08244627484763,211.08244627484763,54.53663297853522,5.537566022806407,37.69339332638058,0.5801823191978818,,77715,479.74809742270065,0.006173172456059971,2.560605037450914
568,199.01159800555214,16.692519950224824,1.2258408949580326,216.929958850735,1,216.929958850735,216.929958850735,54.355224577933214,5.628315573416496,37.480957948727216,0.58275821313362,,79128,513.2405616043817,0.006486206672788162,2.5691475994369077
569,204.40666270351454,17.06996602529632,1.2663743349904297,222.7430030638013,1,222.7430030638013,222.7430030638013,54.174310048895315,5.718627153054588,37.26830111692618,0.5853212762916946,,80541,548.0381051417367,0.006804461145773415,2.577832619851647
570,209.77142514380827,17.441983536389813,1.3070018966695736,228.52041057686765,1,228.52041057686765,228.52041057686765,53.99389441518999,5.808499060555733,37.0554227464933,0.5878714598750777,,81954,584.1508988008137,0.007127789965112303,2.586656116879957
571,215.10485333993978,17.808583199541236,1.347707762483303,234.26114430196432,1,234.26114430196432,234.26114430196432,53.81398275368412,5.8979295967812275,36.84232277075933,0.5904087153319502,,83367,621.5884251215588,0.007456048857720186,2.5956141533747066
572,220.40602557854905,18.169784042216275,1.3884768853869451,239.96428650615226,1,239.96428650615226,239.96428650615226,53.634580194764176,5.9869170647050645,36.62900114094081,0.5929329943566252,,84780,660.3595019375506,0.007789095328350443,2.6047028407051585
573,225.67412060066889,18.525612419177552,1.4292949439395288,245.62902796378597,1,245.62902796378597,245.62902796378597,53.4556919227533,6.075459769501264,36.415457826209945,0.5954442488904688,,86193,700.4723050926206,0.00812678877742532,2.6139183419725196
574,230.90840863822743,18.87610112570871,1.470148300216104,251.25465806415224,1,251.25465806415224,251.25465806415224,53.277323176324195,6.163556018632064,36.20169281376356,0.5979424311228146,,87606,741.9343903627635,0.008468990598392387,2.6232568746667564
575,236.10824323164098,19.22128859890961,1.5110239603376152,256.84055579088823,1,256.84055579088823,256.84055579088823,53.09947924890729,6.251204121936981,35.98770610889111,0.6004274934918741,,89019,784.7527145954824,0.008815564257017967,2.632714712830475
576,241.27305376046783,19.561218198632705,1.5519095374641796,262.3861814965647,1,262.3861814965647,262.3861814965647,52.922165489093786,6.338402391722703,35.773497735041715,0.6028993886856415,,90432,828.9336560816711,0.009166375354760163,2.6422881887883425
577,246.40233862481895,19.895937560416957,1.5927932171031771,267.8910694023391,1,267.8910694023391,267.8910694023391,52.74538730103331,6.425149142853856,35.55906773389015,0.6053580696427959,,91845,874.4830341774397,0.009521291678125534,2.6519736944940084
578,251.49565902052638,20.225498013492906,1.6336637245896894,273.354820758609,1,273.354820758609,273.354820758609,52.56915014482566,6.511442692844586,35.34441616540173,0.607803489553596,,93258,921.406128195046,0.009880183235701452,2.6617676825407024
579,256.5526332559895,20.54995405758854,1.6745102946035086,278.7770976081816,1,278.7770976081816,278.7770976081816,52.39345953690632,6.597281361950978,35.12954310789621,0.6102356018607714,,94671,969.7076955833917,0.010242922284367881,2.6716666668765394
580,261.5729315631474,20.869362892861258,1.715322642593778,284.15761709860243,1,284.15761709860243,284.15761709860243,52.218321050425054,6.682663473264309,34.91444865811035,0.6126543602604098,,96084,1019.3919894194568,0.010609383346024903,2.6816672232610075
581,266.55627135918763,21.18378399782347,1.756090937989257,289.49614629500036,1,289.49614629500036,289.49614629500036,52.043740315617534,6.767587352805121,34.69913293125953,0.6150597187028377,,97497,1070.462775232645,0.010979443216023519,2.6917659894950416
582,271.5024129194264,21.49327875062058,1.796805779079086,294.792497449126,1,294.792497449126,294.792497449126,51.86972302016917,6.8520513296180665,34.48359606109796,0.6174516313934977,,98910,1122.9233471843463,0.011352980964354931,2.701959665453476
583,276.411155425294,21.79791008946644,1.8374581694557242,300.04652368421614,1,300.04652368421614,300.04652368421614,51.69627490957087,6.936053735867614,34.26783819997786,0.6198300527938201,,100323,1176.7765436251443,0.011729877930535813,2.7122450129454685
584,281.2823333545558,22.097742208444014,1.8780394959182298,305.25811505891807,1,305.25811505891807,305.25811505891807,51.52340178746614,7.019592906934476,34.05185951890708,0.6221949376220897,,101736,1232.024762052038,0.012110017713022314,2.722618855425611
585,286.11581318382656,22.392840285245004,1.9185415077404508,310.427194976812,1,310.427194976812,310.427194976812,51.35110951598904,7.1026671815128815,33.83566020760567,0.6245462408543082,,103149,1288.6699734878493,0.01249328615389242,2.73307807757592
586,290.9114903760951,22.68327023775168,1.9589562972146828,315.5537169110615,1,315.5537169110615,315.5537169110615,51.17940401609242,7.185274901708588,33.6192404745609,0.6268839177250517,,104562,1346.713736304667,0.012879571319453215,2.743619624776615
587,295.669286628409,22.969098506662842,1.9992762813871294,320.63766141645897,1,320.63766141645897,320.63766141645897,51.008291267866106,7.267414413137647,33.40260054708104,0.6292079237283221,,105975,1406.1572095127806,0.013268763477355797,2.7542405024815984
588,300.38914735708676,23.250391861635737,2.039494184907018,325.6790334036295,1,325.6790334036295,325.6790334036295,50.83777731084409,7.349084065025958,33.185740671347645,0.6315182146183951,,107388,1467.0011655360681,0.013660755070734795,2.764937775512732
589,305.0710393998306,23.527217228658774,2.0796030239162993,330.6778596524057,1,330.6778596524057,330.6778596524057,50.667868244300514,7.430282210309531,32.968661112466265,0.6338147464106625,,108801,1529.246002494276,0.014055440689830754,2.7757085672854256
590,309.71494891595734,23.799641536590396,2.1195960909118132,335.6341865434595,1,335.6341865434595,335.6341865434595,50.4985702275337,7.511007205735504,32.75136215451594,0.6360974753824691,,110214,1592.8917560120497,0.01445271704150153,2.7865500589766157
591,314.32087946762397,24.067731580997567,2.1594669405163023,340.5480779891378,1,340.5480779891378,340.5480779891378,50.32988948013756,7.591257411963869,32.533844100596866,0.6383663580739457,,111627,1657.9381105739728,0.014852482916982207,2.7974594886449515
592,318.88885026645346,24.331553903607237,2.1992093760990206,345.4196135461597,1,345.4196135461597,345.4196135461597,50.16183228225987,7.671031193669928,32.31610727287661,0.6406213512888367,,113040,1724.3844104442464,0.015254639158211663,2.8084341503118573
593,323.41889457133476,24.591174685845562,2.2388174371906344,350.248886694371,1,350.248886694371,350.248886694371,49.99440497484679,7.750326919647438,32.09815201263476,0.6428624120953217,,114453,1792.229670169006,0.015659088623006877,2.8194713930111597
594,327.9110582244338,24.846659655086018,2.2782853876408775,355.0360032671607,1,355.0360032671607,355.0360032671607,49.827613959872785,7.829142962912404,31.87997868030591,0.6450894978268331,,115866,1861.47258467863,0.01606573614933311,2.830568619814034
595,332.36539831359914,25.098074002360125,2.317607704471025,359.7810800204303,1,359.7810800204303,359.7810800204303,49.66146570055549,7.9074777008076405,31.661587655520876,0.6473025660828691,,117279,1932.1115390067591,0.016474488518888795,2.8417232868352533
596,336.78198195036924,25.345482310402787,2.3567790673763622,364.4842433281484,1,364.4842433281484,364.4842433281484,49.49596672155468,7.985329515107907,31.44297933714628,0.6495015747298002,,118692,2004.144617642104,0.016885254420197688,2.852932902225991
597,341.1608851537501,25.58894849101278,2.395794348837013,369.1456279935999,1,369.1456279935999,369.1456279935999,49.331123609154744,8.062696792125744,31.224154143322373,0.6516864819016716,,120105,2077.5696135284975,0.017297944411377525,2.864195025157792
598,345.50219183077843,25.82853573080588,2.4346486047982556,373.76537616638257,1,373.76537616638257,373.76537616638257,49.16694301142981,8.139577922817915,31.005112511499064,0.6538572460009999,,121518,2152.384036728025,0.017712470882733627,2.8755072648017714
599,349.8059928456787,26.064306444526114,2.4733370658841576,378.34363635608895,1,378.34363635608895,378.34363635608895,49.00343163839086,8.215971302892529,30.785854898470085,0.656013825699566,,122931,2228.5851227614744,0.018128748019307372,2.8868672793065784
600,354.072385170123,26.296322235160105,2.511855129110753,382.8805625343939,1,382.8805625343939,382.8805625343939,48.840596262114076,8.291875332916703,30.566381780405337,0.658156179939201,,124344,2306.169840639748,0.018546691763492794,2.8982727747782198
601,358.3014711077587,26.524643860171157,2.5501983500673346,387.3763133179972,1,387.3763133179972,387.3763133179972,48.678443716849614,8.367288418424886,30.346693652881328,0.6602842679325684,,125757,2385.1349005993193,0.018966219777820075,2.9097215042644393
602,362.49335758675574,26.749331203234977,2.5883624355365384,391.83105122552723,1,391.83105122552723,391.83105122552723,48.51698089911003,8.44220897002772,30.12679103090971,0.6623980491639404,,127170,2465.476761554255,0.019387251407991312,2.9212112667459786
603,366.6481555146631,26.97044325091731,2.6263432365258756,396.24494200210626,1,396.24494200210626,396.24494200210626,48.35621476773746,8.516635403521498,29.90667444896375,0.6644974833899692,,128583,2547.1916382767977,0.019809707646242486,2.932739906136745
604,370.76597919035356,27.18803807378725,2.664136741685234,400.61815400582606,1,400.61815400582606,400.61815400582606,48.19615234394887,8.59056613999818,29.686344461002907,0.6665825306404534,,129996,2630.2755083179773,0.02023351109509506,2.944305310294606
605,374.846945768279,27.40217281150753,2.7017390710865197,404.95085765087305,1,404.95085765087305,404.95085765087305,48.036800711358396,8.663999605955922,29.465801640495343,0.668653151219099,,131409,2714.7241186792317,0.020658585931551354,2.955905410044299
606,378.8911747706722,27.612903661487277,2.7391464703432917,409.2432249025028,1,409.2432249025028,409.2432249025028,47.878167015976025,8.736934233410173,29.245046580438316,0.6707093057042747,,132822,2800.532992245533,0.021084857871779772,2.9675381782137062
607,382.89878764369183,27.82028587072137,2.7763553050496257,413.4954288194628,1,413.4954288194628,413.4954288194628,47.72025846618156,8.80936846000522,29.02407989337651,0.6727509549497631,,134235,2887.6974339900516,0.021512254136328467,2.979201628684552
608,386.86990735385507,28.024373730476793,2.813362055518901,417.70764313985075,1,417.70764313985075,417.70764313985075,47.56308233267324,8.881300729126304,28.802902211418207,0.6747780600855057,,135648,2976.2125369599607,0.02194070341589969,2.990893815458401
609,390.8046580214038,28.225220573518186,2.850163311804421,421.8800419067264,1,421.8800419067264,421.8800419067264,47.40664594838986,8.952729490012155,28.58151418624932,0.6767905825183423,,137061,3066.073188052546,0.02237013583771128,3.002612831738676
610,394.70316458753587,28.422878773594274,2.8867557689849845,426.0127991301151,1,426.0127991301151,426.0127991301151,47.25095670840546,9.023653197868,28.35991648914513,0.6787884839327474,,138474,3157.274073590389,0.022800482932466667,3.014356809029288
611,398.56555251268713,28.617399746933362,2.9231362226996622,430.10608848232016,1,430.10608848232016,430.10608848232016,47.096022069796035,9.094070313979032,28.138109810979902,0.6807717262915575,,139887,3249.809684703998,0.02323167760195013,3.02612391625032
612,402.3919475032897,28.808833955519916,2.959301564917013,434.16008302372666,1,434.16008302372666,434.16008302372666,46.94184955147664,9.163979305824299,27.91609486223412,0.682740271836697,,141300,3343.6743225298906,0.023663654087260372,3.0379123588711425
613,406.1824752646381,28.99723091194612,2.9952487799249483,438.1749549565091,1,438.1749549565091,438.1749549565091,46.78844673400859,9.233378647191001,27.693872372999497,0.6846940830898963,,142713,3438.8621032317783,0.024096347937691578,3.0497203780611866
614,409.9372612777006,29.182639185651954,3.030974940528358,442.1508754038809,1,442.1508754038809,442.1508754038809,46.635821259375184,9.30226681828918,27.471443092981538,0.6866331228534056,,144126,3535.366962852157,0.024529695980268357,3.0615462498585675
615,413.6564305978853,29.365106410385405,3.066477204442425,446.0880142127131,0.84,374.713931938679,374.713931938679,46.483980830725564,9.370642305866784,27.248807791499893,0.6885573542107027,,145539,3617.532150137428,0.0248561014582856,3.0704537075086407
616,417.3401076739366,29.544679292730173,3.101752810870313,449.9865397775371,0.8,359.9892318220297,359.9892318220297,46.33293321208508,9.438503603325085,27.025967257486137,0.6904667405271964,,146952,3696.828252848593,0.025156705950572927,3.0786570679446736
617,420.98841618529167,29.721403621563688,3.136799077254688,453.84661888411006,0.81,367.61576129612916,367.61576129612916,46.18268622803159,9.505849210834468,26.802922299479224,0.6923612454509236,,148365,3778.1668173161497,0.025465351109197922,3.0870798545230502
618,424.60147889635357,29.895324278320587,3.171613396193087,457.66841657086724,0.8,366.13473325669383,366.13473325669383,46.03324776333648,9.572677635450473,26.57967374561846,0.6942408329132413,,149778,3859.53409265935,0.025768364463802092,3.0953489517206183
619,428.17941752627775,30.066485247950048,3.206193232507937,461.45209600673576,0.79,364.54715584532124,364.54715584532124,45.884625762569414,9.638987391230204,26.356222443633957,0.6961054671295136,,151191,3940.8988077807044,0.026065697083693502,3.1034630242409578
620,431.72235263297136,30.23492963046532,3.2405361204624414,465.1978183838991,0.77,358.2023201556023,358.2023201556023,45.73682822966558,9.704776999348994,26.132569260834565,0.6979551125997927,,152604,4021.187073472713,0.026350469669685676,3.1112343391252413
621,435.23040351011554,30.400699652994373,3.2746396611141972,468.9057428242241,0.76,356.3683645464103,356.3683645464103,45.589863227454785,9.770044988217316,25.908715084093227,0.6997897341094955,,154017,4101.397806164959,0.026629513665147084,3.1188493233686994
622,438.703688096118,30.5638366822495,3.308501519798888,472.5760262981664,0.59,278.81985551591816,278.81985551591816,45.44373887715091,9.834789893597963,25.684660819829872,0.7016092967300726,,155430,4164.411606920081,0.026792843125008563,3.1233065103484123
623,442.1423228939919,30.724381237341728,3.342119423736851,476.20882355507047,0.58,276.2011176619408,276.2011176619408,45.29846335780086,9.899010258723434,25.460407393991517,0.7034137658196746,,156843,4227.0853484288755,0.026951061561108085,3.1276242198046944
624,445.5464229012355,30.882373002873592,3.375491159755769,479.8042870638648,0.57,273.4884436264029,273.4884436264029,45.15404490569192,9.962704634413539,25.23595575202987,0.7052031070238113,,158256,4289.389578548588,0.027104119771437344,3.1318011090370246
625,448.91610154886354,31.037850842250354,3.408614572123154,483.36256696323704,0.53,256.1821604905156,256.1821604905156,45.01049181371639,10.02587157919316,25.011306858876196,0.7069772862760053,,159669,4347.978636073945,0.027231201022577617,3.135269098819324
626,452.25147064881156,31.190852811156045,3.441487560482657,486.88381102045025,0.65,316.47447716329265,316.47447716329265,44.86781243069252,10.088509659410189,24.786461698913545,0.7087362697984412,,161082,4420.6338265935265,0.027443375588790345,3.141059246627023
627,455.55264034899267,31.3414161711462,3.4741080778886175,490.3681645980275,0.65,318.7393069887179,318.7393069887179,44.726015160640515,10.150617449353609,24.56142127594621,0.710480024102608,,162495,4494.084483786484,0.027656755492701218,3.146882287554548
628,458.8197190953502,31.48957740331422,3.5064741289335863,493.815770627598,0.63,311.10393549538674,311.10393549538674,44.58510846201261,10.212193531371689,24.336186613166433,0.7122085159899375,,163908,4566.040973034299,0.02785734053880408,3.1523561626079095
629,462.0528136002943,31.635372221992817,3.5385837679638663,497.226769590251,0.66,328.1696679295657,328.1696679295657,44.445100846876244,10.273236495990279,24.11075875311843,0.7139217125524357,,165321,4642.220818430373,0.028080043179211187,3.1584336167916933
630,465.2520288169675,31.778835588456182,3.570435097378408,500.6012995028021,0.86,430.5171175724098,430.5171175724098,44.30600088004903,10.333744942031155,23.885138757659526,0.7156195811733097,,166734,4742.516569269807,0.02844360819790689,3.168355141475507
631,468.417467918825,31.920001724592527,3.6020262660067144,503.9394959094243,0.86,433.3879664821049,433.3879664821049,44.167817178184706,10.393717476730467,23.65932770791856,0.7173020895275881,,168147,4843.836097973069,0.02880715146849524,3.1782760726633215
632,471.54923228405545,32.05890412651943,3.633355467561568,507.24149187813646,0.87,441.3000979339787,441.3000979339787,44.030558408808766,10.45315271585717,23.43332670425133,0.7189692055827374,,169560,4947.361931687122,0.029177647627312585,3.188386745021602
633,474.6474214844081,32.19557557811839,3.664420939162748,510.50741800168925,0.87,444.14145366146965,444.14145366146965,43.89423328930298,10.51204928383149,23.20713686619335,0.7206208975992708,,170973,5051.908327199947,0.029547989022827858,3.198493193959469
634,477.7121332780263,32.330048164466916,3.695220959928041,513.7374024024213,0.89,457.2262881381549,457.2262881381549,43.7588505858376,10.570405813843365,22.980759332409555,0.7222571341313533,,172386,5159.894229232513,0.029932211602058827,3.2089784541134696
635,480.7434636059202,32.46235328514983,3.72575384962812,516.9315707406981,0.9,465.23841366662833,465.23841366662833,43.62441911225017,10.62822094797087,22.754195260641218,0.7238778840273998,,173799,5270.133172063392,0.03032315014507213,3.219646989877101
636,483.74150659173665,32.59252166743299,3.756017967401995,520.0900462265716,1,520.0900462265716,520.0900462265716,43.490947728870246,10.685493337298544,22.527445827649906,0.7254831164306685,,175212,5393.767058022278,0.030784233146258694,3.232229736132423
637,486.7063545445181,32.72058337928542,3.786011710530024,523.2129496343335,1,523.2129496343335,523.2129496343335,43.358445341288636,10.742221642035663,22.30051222915847,0.7270728007798488,,176625,5518.53794476673,0.031244376191177523,3.24478683140695
638,489.6380979641623,32.84656784223732,3.815733513261534,526.3003993196611,1,526.3003993196611,526.3003993196611,43.2269208990706,10.798404531634398,22.073395679789165,0.7286469068096416,,178038,5644.436561135695,0.03170354958568224,3.2573174653608787
639,492.5368255493187,32.97050384406309,3.8451818456943583,529.3525112390761,1,529.3525112390761,529.3525112390761,43.09638339441172,10.854040684907858,21.846097412998667,0.7302054045513373,,179451,5771.453537973854,0.03216172402479704,3.269820838274692
640,495.40262420747905,33.09241955128039,3.874355212703676,532.3693989714632,1,532.3693989714632,532.3693989714632,42.96684186073578,10.909128790147937,21.61861868101017,0.7317482643333855,,180864,5899.579410321666,0.032618870589623504,3.282296160964751
641,498.23557906704036,33.212342521457366,3.9032521529177524,535.3511737414154,1,535.3511737414154,535.3511737414154,42.83830537123362,10.963667545243029,21.390960754742515,0.7332754567819598,,182277,6028.804619547706,0.03307496074407471,3.2947426546941694
642,501.03577349113186,33.33029971532137,3.9318712377382443,538.2979444441914,1,538.2979444441914,538.2979444441914,42.710783037342324,11.017655657795531,21.163124923736223,0.7347869528215175,,183690,6159.119515425409,0.0335299663314574,3.3071595510795415
643,503.80328909302085,33.44631750866393,3.960211070402905,541.2098176720876,1,541.2098176720876,541.2098176720876,42.584284007163554,11.071091845239083,20.935112496076485,0.7362827236753529,,185103,6290.514358156268,0.03398385957092142,3.31954609199405
644,506.53820575292195,33.56042170403765,3.9882702850886527,544.0868977420482,1,544.0868977420482,544.0868977420482,42.4588174638207,11.123974834955613,20.706924798313175,0.7377627408661447,,186516,6422.979320341453,0.03443661305379406,3.331901529467431
645,509.2406016360502,33.67263754224127,4.0160475460530245,546.9292867243445,1,546.9292867243445,546.9292867243445,42.33439262375376,11.176303364392071,20.478563175377726,0.7392269762164994,,187929,6556.504488903722,0.034888199739815155,3.3442251255832334
646,511.9105532117708,33.78298971359047,4.04354154681218,549.7370844721735,1,549.7370844721735,549.7370844721735,42.21101873495151,11.228076181176846,20.25002899049701,0.7406754018494861,,189342,6691.079866961435,0.03533859295328789,3.3565161523737723
647,514.5481352737154,33.89150236897262,4.070751009353755,552.5103886520418,1,552.5103886520418,552.5103886520418,42.088705075120025,11.279292043235941,20.02132362510401,0.742107990189169,,190755,6826.695375656405,0.035787766379158634,3.368773891713155
648,517.1534209607343,33.99819913068388,4.0976746833828495,555.249294774801,1,555.249294774801,555.249294774801,41.967460949787394,11.32994971890868,19.79244847874555,0.743524713961131,,192168,6963.340855937245,0.036235694059038155,3.3809976352086966
649,519.7264817785762,34.10310310304827,4.124311345599636,557.953896227224,1,557.953896227224,557.953896227224,41.84729569034355,11.380047987063131,19.563404968986816,0.7449255461929936,,193581,7101.00607029981,0.03668235038717545,3.3931866840910496
650,522.2673876221908,34.206236882818594,4.150659799007112,560.6242843040164,1,560.6242843040164,560.6242843040164,41.72821865201522,11.429585637211103,19.334194531312782,0.7463104602149305,,194994,7239.680704486281,0.03712771010639446,3.405340349103321
651,524.7762067985562,34.30762256935936,4.176718872247556,563.2605482401632,1,563.2605482401632,563.2605482401632,41.61023921177531,11.4785614696227,19.104818619026563,0.747679429660175,,196407,7379.354369144341,0.03757174830400312,3.4174579503894273
652,527.2530060499473,34.40728177461269,4.202487418966397,565.8627752435264,1,565.8627752435264,565.8627752435264,41.49336676618629,11.52697429544044,18.87527870314463,0.7490324284655221,,197820,7520.016601447888,0.03801444040768319,3.4295388173819346
653,529.69785057756,34.50523563284822,4.227964317202224,568.4310505276104,1,568.4310505276104,568.4310505276104,41.377610729177654,11.574822936792895,18.64557627228883,0.750369430871825,,199233,7661.656866680625,0.038455762181368675,3.441582288689579
654,532.1108040654252,34.601504810198534,4.253148468801757,570.9654573444255,1,570.9654573444255,570.9654573444255,41.26298052975672,11.62210622690785,18.415712832575423,0.7516904114244848,,200646,7804.264559783846,0.038895689721120015,3.453587711984677
655,534.4919287045366,34.69610951398174,4.278038798858604,573.466077017377,1,573.466077017377,573.466077017377,41.14948560965307,11.66882301022488,18.185689907500784,0.7529953449739363,,202059,7947.829006869681,0.039334199451000355,3.4655544438905914
656,536.841285217139,34.78906950181347,4.302634255174794,575.9329889741273,1,575.9329889741273,575.9329889741273,41.037135420896306,11.714972142507445,17.955509037824214,0.7542842066761255,,203472,8092.339466700998,0.03977126811895985,3.477481849869413
657,539.1589328811145,34.880404090510226,4.326933807744015,578.3662707793687,1,578.3662707793687,578.3662707793687,40.925939423327215,11.760552490954348,17.72517178144738,0.7555569719929837,,204885,8237.785132139144,0.04020687279273322,3.4893693041100105
658,541.4449295544199,34.9701321647866,4.350936448255604,580.7659981674622,1,580.7659981674622,580.7659981674622,40.81590708204237,11.805562934310618,17.494679713290786,0.7568136166928936,,206298,8384.155131560625,0.040640990855755385,3.5012161894165663
659,543.6993316995272,35.058272185749104,4.3746411896183925,583.1322450748947,1,583.1322450748947,583.1322450748947,40.70704786477243,11.850002362977774,17.264034425167033,0.7580541168511518,,207711,8531.438530243819,0.04107360000309959,3.513021897097732
660,545.9221944078226,35.144842199189,4.398047065503486,585.4650836725151,1,585.4650836725151,585.4650836725151,40.59937123919434,11.893869679123384,17.033237525650993,0.7592784488504234,,209124,8679.62433172676,0.04150467823744171,3.5247858268564958
661,548.1135714239289,35.22985984367729,4.42115312990521,587.7645843975114,1,587.7645843975114,587.7645843975114,40.4928866701779,11.93716379679001,16.80229063994683,0.7604865893811916,,210537,8828.70147913698,0.041934203865054503,3.536507386680869
662,550.2735151699143,35.313342358464574,4.443958456719377,590.0308159850982,1,590.0308159850982,590.0308159850982,40.38760361696684,11.979883642003395,16.57119540975188,0.7616785154422028,,211950,8978.658856494383,0.04236215549183479,3.548185992735464
663,552.4020767693544,35.39530659118887,4.466462139338159,592.2638454998814,1,592.2638454998814,592.2638454998814,40.28353153029553,12.02202815287994,16.3399534931175,0.7628542043409023,,213363,9129.485289988068,0.04278851201936638,3.5598210692540615
664,554.4993060712221,35.475769005394504,4.488663290260845,594.4637383668775,1,594.4637383668775,594.4637383668775,40.180679849441354,12.063596279733419,16.108566564306702,0.7640136336938688,,214776,9281.169549228009,0.04321325264102138,3.571412048433209
665,556.5652516735745,35.5547456878651,4.510561040719804,596.6305584021594,1,596.6305584021594,596.6305584021594,40.07905799921409,12.104586985180898,15.877036313648805,0.7651567814272381,,216189,9433.700348472436,0.04363635683810201,3.5829583703269394
666,558.5999609470185,35.63225235577391,4.532154540321004,598.7643678431134,1,598.7643678431134,598.7643678431134,39.97867538688259,12.144999244247876,15.645364447390863,0.7662836257771256,,217602,9587.066347831755,0.04405780437602483,3.5944594827426344
667,560.6034800579292,35.70830436365464,4.55344295669849,600.8652273782824,1,600.8652273782824,600.8652273782824,39.879541399040356,12.184832044472552,15.413552687546161,0.7673941452900391,,219015,9741.256154449804,0.04447757530054929,3.605914841138109
668,562.5758539914054,35.78291671019596,4.574425475182216,602.9331961767837,1,602.9331961767837,602.9331961767837,39.78166539841063,12.224084386009265,15.181602771739515,0.7684883188232877,,220428,9896.258323663218,0.04489564993405202,3.617323908519934
669,564.5171265739434,35.856104044862924,4.595101298478695,604.968331917285,1,604.968331917285,604.968331917285,39.685056720592456,12.26275528173102,14.949516453049638,0.7695661255453847,,221841,10052.061360139645,0.04531200887184806,3.628686155343045
670,566.4273404958135,35.9278806743484,4.615469646363919,606.9706908165258,1,606.9706908165258,606.9706908165258,39.589724670749035,12.300843757331124,14.717295499848346,0.7706275449364437,,223254,10208.653718995532,0.04572663297856044,3.6400010594116736
671,568.3065373331281,35.99826056885792,4.635529755388068,608.940327657374,0.89,541.9568916150629,541.9568916150629,39.495678520239785,12.338348851423884,14.484941695636842,0.7716725567885695,,224667,10348.713097225318,0.0460624528623488,3.6491654319309954
672,570.154757569586,36.06725736823084,4.655280878591497,610.8772958164083,0.91,555.8983391929315,555.8983391929315,39.40292750319765,12.375269615644314,14.252456838878926,0.7727011412062428,,226080,10492.617017595063,0.04641108022644667,3.658679314786829
673,571.9720406178857,36.13488438790115,4.674722285231584,612.7816472910184,0.89,545.3756660890064,545.3756660890064,39.31148081305349,12.411605114746914,14.019842742831255,0.7737132786066988,,227493,10634.029631603711,0.04674442568168564,3.667776161271828
674,573.7584248407949,36.20115462470095,4.693853260519959,614.6534327260158,0.89,547.0415551261541,547.0415551261541,39.22134759900928,12.44735442670337,13.787101235370617,0.7747089497203006,,228906,10776.103221032945,0.047076543301761184,3.6768395006913632
675,575.5139475718714,36.26608076250971,4.712673105369735,616.4927014397508,0.89,548.6785042813782,548.6785042813782,39.13253696246216,12.48251664279926,13.554234158818247,0.7756881355909052,,230319,10918.827304761475,0.04740741017789012,3.6858687078751187
676,577.2386451358266,36.32967517775241,4.7311811361523315,618.2995014497313,0.9,556.4695513047582,556.4695513047582,39.04505795338127,12.517090867729713,13.321243369761223,0.7766508175762253,,231732,11063.802195304732,0.04774395506578605,3.6950528654281465
677,578.9325528685243,36.39194994474927,4.7493766844634875,620.0738794977372,0.89,551.865752752986,551.865752752986,38.95891956663985,12.551076219693911,13.088130738870946,0.7775969773481834,,233145,11207.795671229931,0.04807221116142285,3.704010825594822
678,580.595705136615,36.452916840920615,4.767259096898174,621.8158810744338,0.68,422.834799130615,422.834799130615,38.87413073830464,12.584471830488582,12.85489815071874,0.7785265968932614,,234558,11318.285967476253,0.04825367699023803,3.708962945868432
679,582.2281353567932,36.51258735184898,4.7848277348339705,623.5255504434762,0.61,380.35058577052047,380.35058577052047,38.79070034188533,12.617276845600264,12.62154750358859,0.7794396585128434,,235971,11417.819114553511,0.04838653527151011,3.7125885881863283
680,583.829876014682,36.570972676202054,4.802081974222652,625.2029306651067,0.47,293.8453774126001,293.8453774126001,38.708637184546504,12.649490424296479,12.388080709287049,0.7803361448235517,,237384,11494.824137529822,0.048422910295259254,3.713581246108414
681,585.400958683338,36.628083730518796,4.819021205389641,626.8480636192464,0.46,288.35010926485336,288.35010926485336,38.62795000328478,12.681111739715694,12.154499692950333,0.7812160387575798,,238797,11570.494061122492,0.04845326390667593,3.714409582415339
682,586.9414140413749,36.68393115386165,4.8356448328410275,628.4609900280775,0.79,496.48418212218127,496.48418212218127,38.548647461074225,12.712139978956085,11.920806392848618,0.7820793235630152,,240210,11700.960297382071,0.04871137878265714,3.7214534204680048
683,588.4512718907049,36.738525312337465,4.851952275077884,630.0417494781202,0.79,497.732982087715,497.732982087715,38.47073814298267,12.74257434316307,11.687002760187635,0.7829259828041599,,241623,11831.928345705011,0.04896855161017375,3.728471550444772
684,589.9305611738966,36.7918763034899,4.86794296441759,631.5903804418041,1,631.5903804418041,631.5903804418041,38.39423055226252,12.772414047615595,11.453090758907482,0.783756000361842,,243036,11998.333759332849,0.049368545233351636,3.739387195244606
685,591.3793099911484,36.843993960565705,4.883616346821915,633.106920298536,1,633.106920298536,633.106920298536,38.319133106418654,12.80165832181114,11.21907236547878,0.7845693604337238,,244449,12165.350080957038,0.049766413775294796,3.750244847540098
686,592.7975456168776,36.894887856657476,4.8989718817316215,634.5914053552667,1,634.5914053552667,634.5914053552667,38.2454541332574,12.83030640954944,10.984949568696182,0.7853660475346022,,245862,12332.965110648891,0.050162144254292614,3.7610441530662446
687,594.185294515926,36.94456730872547,4.914009041907331,636.0438708665588,1,636.0438708665588,636.0438708665588,38.17320186691966,12.858357569014876,10.750724369469225,0.7861460464967029,,247275,12501.166615392625,0.05055572385155242,3.7717847620040006
688,595.54258235938,36.99304138150053,4.928727313276431,637.464351054157,0.9,573.7179159487413,573.7179159487413,38.10238444390184,12.885811072857518,10.516398780610613,0.7869093424699702,,248688,12653.064758479679,0.05087927346104226,3.780614284295524
689,596.8694340400107,37.04031889127095,4.94312619478584,638.8528791260675,0.92,587.7446487959821,587.7446487959821,38.03300989906831,12.912666208272832,10.281974826621955,0.7876559209223488,,250101,12808.855375948358,0.051214730752569396,3.7897687618362728
690,598.1658736873295,37.086408409555055,4.9572051982603815,640.209487295145,0.93,595.3948231844848,595.3948231844848,37.96508616165914,12.938922277079977,10.047454543476938,0.7883857676400614,,251514,12966.850484593655,0.051555183745611195,3.7990595698085587
691,599.4319246822655,37.13131826666212,4.970963848266588,641.5342067971942,0.87,558.1347599135589,558.1347599135589,37.89862105129711,12.964578595798708,9.812839978402097,0.7890988687278784,,252927,13115.119749592155,0.051853379629664506,3.807197200416862
692,600.6676096714632,37.17505655514352,4.9844016819817645,642.8270679085884,0.91,584.9726317968156,584.9726317968156,37.83362227399784,12.989634495724854,9.578133189655071,0.7897952106093831,,254340,13270.683599420812,0.05217694267288202,3.8160270893087285
693,601.8729505812029,37.217631133136315,4.997518249068099,644.0880999634073,0.97,624.7654569645051,624.7654569645051,37.770097418187156,13.01408932300434,9.343336246300487,0.7904747800272296,,255753,13437.001462433478,0.052538978868022966,3.8259068930902114
694,603.047968630948,37.25904962760142,5.010313111551684,645.3173313701011,0.97,625.9578114289981,625.9578114289981,37.70805395072988,13.03794243870575,9.10845122798351,0.7911375640433961,,257166,13603.80431330503,0.05289892253760229,3.835729592796925
695,604.1926843465161,37.29931943745798,5.022785843706257,646.5147896276803,0.97,627.1193459388498,627.1193459388498,37.647499212974324,13.061193218891399,8.873480224701018,0.79178355003943,,258579,13771.080058063213,0.05325676121441886,3.8454948482045976
696,605.3071175728836,37.33844773661644,5.0349360319415295,647.6805013414415,0.96,621.7732812877838,621.7732812877838,37.58844041681668,13.083841054686912,8.638425336570553,0.7924127257166893,,259992,13937.08733523686,0.05360583146880235,3.855020817335719
697,606.3912874866174,37.37644147691151,5.046763274695935,648.814492238225,0.93,603.3974777815492,603.3974777815492,37.53088464078978,13.105885352349254,8.403288673597004,0.793025079096576,,261405,14098.33701632641,0.05393292789474727,3.8639471306417743
698,607.4452126079442,37.413307390937454,5.058267182333659,649.9167871812153,0.92,597.9234442067182,597.9234442067182,37.4748388261806,13.12732553333322,8.168072355437143,0.7936205985207644,,262818,14258.26679645675,0.05425148504461928,3.8726404109716563
699,608.4689108124537,37.44905199478699,5.069447377045841,650.9874101842865,1,650.9874101842865,650.9874101842865,37.42030977318103,13.148161034356391,7.932778511161962,0.7941992726514231,,264231,14432.540911004322,0.05462092226500419,3.8827221853797607
700,609.4623993424431,37.48368159069576,5.0803034927557755,652.0263844258945,1,652.0263844258945,652.0263844258945,37.36730413707635,13.168391307462471,7.697409279016979,0.7947610904714308,,265644,14607.239833123436,0.054988028463369906,3.8927403472527953
701,610.425694817899,37.517202269593824,5.090835175028019,653.0337322625207,1,653.0337322625207,653.0337322625207,37.31582842447619,13.188015820083047,7.461966806180442,0.7953060412845862,,267057,14782.350951323533,0.05535279341610043,3.90269461759291
702,611.3588132471289,37.54961991356602,5.101042080981293,654.0094752416762,1,654.0094752416762,654.0094752416762,37.26588898959215,13.207034055097726,7.226453248519591,0.795834114715811,,268470,14957.861632796908,0.05571520703541143,3.91258472110904
703,612.2617700370341,37.58094019822236,5.110923879205041,654.9536341144616,1,654.9536341144616,654.9536341144616,37.21749203056713,13.225445510892643,6.990870770344908,0.7963453007113486,,269883,15133.759224142841,0.056075259368477605,3.922410386193091
704,613.1345800030349,37.611168594980256,5.1204802496795585,655.8662288476947,1,655.8662288476947,655.8662288476947,37.17064358586064,13.243249701417314,6.755221544162525,0.7968395895389543,,271296,15310.03105208572,0.05643294059656508,3.932171344896263
705,613.9772573786457,37.64031037325978,5.129710883699584,656.7472786356051,0.54,354.6435304632268,354.6435304632268,37.12534953069481,13.26044615623984,6.519507750424756,0.7973169717880814,,272709,15405.413073020633,0.05649029945113888,3.9337366420569486
706,614.7898158247054,37.66837060259343,5.138615483801251,657.5968019111001,0.61,401.13404916577105,401.13404916577105,37.08161557356577,13.277034420600394,6.28373157727883,0.7977774383700601,,274122,15513.372218294322,0.05659294846197796,3.936537887067986
707,615.572268438264,37.69535415465173,5.147193763692334,658.4148163566081,0.58,381.88059348683265,381.88059348683265,37.039447252824765,13.293014055463058,6.0478952203139,0.7982209805182702,,275535,15616.216838084953,0.05667598249980929,3.938803848350223
708,616.3246277611294,37.72126570518583,5.155445448185661,659.2013389145009,0.59,388.9287899595555,388.9287899595555,36.99884993333363,13.308384637565915,5.812000882306353,0.7986475897883087,,276948,15721.025422733343,0.05676526070862885,3.941240210230438
709,617.0469057880733,37.74610973588833,5.163370273135642,659.9563857970973,0.42,277.18168203478086,277.18168203478086,36.959828803199265,13.323145759469435,5.576050772963486,0.7990572580581501,,278361,15795.765374342496,0.05674561226013161,3.9407040129706927
710,617.739113974705,37.76989053617369,5.170967985377825,660.6799724962565,0.44,290.6991878983529,290.6991878983529,36.92238887059127,13.3372970296031,5.340047108665598,0.7994499775283009,,279774,15874.195411666222,0.05673935180419275,3.940533167963788
711,618.4012632450085,37.79261220487897,5.1782383426714125,661.3721137925589,0.31,205.02535527569327,205.02535527569327,36.88653496064722,13.350838072310326,5.103992112206572,0.7998257407219488,,281187,15929.541296129333,0.056651058890095675,3.9381236943302613
712,619.0333639985494,37.81427865188629,5.185181113644637,662.0328237640803,0.32,211.8505036045057,211.8505036045057,36.852271712470085,13.363768527891546,4.867888012532976,0.8001845404851037,,282600,15986.759641874198,0.0565702747412392,3.9359191314990634
713,619.6354261173527,37.83489359966784,5.19179607774297,662.6621157947635,0.32,212.05187705432434,212.05187705432434,36.8196035762215,13.376088052645583,4.631737044481759,0.8005263699867359,,284013,16044.060995163152,0.056490586681465824,3.9337444804424706
714,620.2074589724542,37.854460584754534,5.19808302518009,663.2600025823889,0.34,225.50840087801225,225.50840087801225,36.78853481031574,13.387796318909192,4.395541448516598,0.800851222718904,,285426,16105.027515097721,0.05642452865225215,3.931941786746144
715,620.7494714301263,37.87298295912905,5.20404175689153,663.8264961461468,0.34,225.70100868968993,225.70100868968993,36.75906947871756,13.398893015094838,4.159303470462947,0.8011590924968803,,286839,16166.073499463213,0.05635939847602039,3.9301644137374243
716,621.2614718577806,37.89046389154424,5.209672084490962,664.3616078338158,0.35,232.5265627418355,232.5265627418355,36.73121144834854,13.40937784572662,3.9230253612418475,0.8014499734592683,,288252,16228.992255408946,0.056301403825156277,3.9285817659839584
717,621.743468129551,37.90690636876783,5.214973830229078,664.865348328548,0.32,212.75691146513535,212.75691146513535,36.704964386605326,13.419250531474402,3.6867093766025802,0.8017238600681135,,289665,16286.584532790752,0.05622558656651909,3.926512747337097
718,622.1954676315568,37.92231319675387,5.219946826955,665.3377276552657,0.33,219.56145012623767,219.56145012623767,36.680331758993404,13.428510809186113,3.450357776854176,0.8019807471090098,,291078,16346.040956382118,0.05615690968187949,3.9246385862624047
719,622.6174772668473,37.93668700174211,5.224590918080179,665.7787551866696,0.32,213.04920165973428,213.04920165973428,36.657316826880155,13.43715843191819,3.2139728265958993,0.8022206296911981,,292491,16403.753982221693,0.05608293582442432,3.922619873198834
720,623.0095034600336,37.95003023128548,5.228905957544743,666.1884396488638,0.32,213.18030068763642,213.18030068763642,36.635922645370165,13.445193168964186,2.9775567944467127,0.80244350324766,,293904,16461.521192880777,0.05600985761636717,3.920625602001652
721,623.3715521616032,37.96234515520682,5.232891809786247,666.5667891265963,0.3,199.9700367379789,199.9700367379789,36.61615206130639,13.45261480588151,2.7411119527738306,0.8026493635352041,,295317,16515.724879350146,0.05592541194496133,3.9183211178785644
722,623.703628851924,37.97363386648509,5.236548349710808,666.9138110681199,0.28,186.7358670990736,186.7358670990736,36.59800771139986,13.459423144516306,2.5046405774203913,0.8028382066345472,,296730,16566.355168933107,0.055829727930890395,3.915709944474542
723,624.0057385449369,37.98389828207171,5.239875462666554,667.2295122896752,0.31,206.8411488097993,206.8411488097993,36.581492020490856,13.465618003026474,2.2681449474323236,0.8030100289503892,,298143,16622.450614412446,0.05575328152736253,3.9136237567485845
724,624.2778857915358,37.993140143637675,5.242873044419386,667.5138989795929,0.29,193.57903070408193,193.57903070408193,36.56660719994442,13.47119921590277,2.0316273447844693,0.8031648272114806,,299556,16674.961120278047,0.055665588805692584,3.9112306620945376
725,624.5200746826433,38.00136101825173,5.24554100113103,667.7669767020261,0.28,186.97475347656734,186.97475347656734,36.553355246182285,13.476166633988063,1.7950900541060242,0.8033025984706857,,300969,16725.690242597382,0.055572800662518004,3.908698515695595
726,624.7323088519739,38.00856229899011,5.247879249339322,667.9887504003034,0.29,193.71673761608798,193.71673761608798,36.54173793935371,13.480520124494697,1.5585353624053653,0.8034233401050386,,302382,16778.25773805284,0.055486959336378615,3.9063559447869896
727,624.914591478494,38.014745205478235,5.249887715940715,668.179224399913,0.31,207.13555956397303,207.13555956397303,36.5317568421474,13.484259571019908,1.3219655587943075,0.8035270498157921,,303795,16834.47502035318,0.05541393051351464,3.9043630212893596
728,625.066925288574,38.019910784364676,5.251566338175023,668.3384024111137,0.32,213.8682887715564,213.8682887715564,36.52341329874599,13.487384873559417,1.085382934211894,0.8036137256284633,,305208,16892.52685128798,0.05534758869783224,3.902552583188843
729,625.189312557836,38.0240599097277,5.252915063612317,668.466287531176,0.34,227.27853776059987,227.27853776059987,36.51670843392508,13.489895948519056,0.848789781147737,0.8036833658928694,,306621,16954.224924659724,0.05529375001927371,3.901083350037153
730,625.2817551126961,38.02719328341455,5.253933850142012,668.5628822462527,0.35,233.99700878618842,233.99700878618842,36.511643152297985,13.491792728724496,0.6121883933650134,0.8037359692831603,,308034,17017.751646440218,0.05524634178837472,3.899789600889428
731,625.3442543316045,38.02931143531394,5.2546226659641295,668.6281884328826,0.34,227.33358406718008,227.33358406718008,36.50821813770757,13.493075163429115,0.375581065623152,0.8037715347978429,,309447,17079.472513787343,0.05519353076225442,3.8983484119073033
732,625.3768111459802,38.03041472356158,5.2549814895826765,668.6622073591245,0.36,240.71839464928482,240.71839464928482,36.50643385276586,13.493743218319867,0.13897009340029398,0.8037900617598016,,310860,17144.82909200179,0.05515289548993692,3.8972394937314627
733,625.3794260408433,38.030503334679096,5.255010309801201,668.6649396853236,0.35,234.03272888986325,234.03272888986325,36.506290538542544,13.493796875521324,-0.09764222738441697,0.8037915498163095,,312273,17208.370605741376,0.0551068155291728,3.8959819924740797
734,625.3520990551443,38.02957728364644,5.254709125720457,668.6363854645112,0.59,394.49546742406164,394.49546742406164,36.50778821440245,13.493236133597726,-0.3342536006486468,0.8037759989390361,,313686,17315.476466538064,0.05520002954080853,3.8985257606304304
735,625.2948297817915,38.027636413907636,5.254077946738235,668.5765441424373,0.58,387.77439560261365,387.77439560261365,36.51092667799249,13.49206100755317,-0.570861730424722,0.8037434094240478,,315099,17420.75260101416,0.0552866007223576,3.900888248962579
736,625.2076173673724,38.024680397310085,5.25311679255129,668.4854145572339,0.51,340.92756142418926,340.92756142418926,36.51570550537806,13.490271528829851,-0.8074643211374528,0.8036937818918017,,316512,17513.30375019335,0.05533219514645053,3.9021325001441287
737,625.0904605115775,38.020708733977266,5.251825693159445,668.3629949387142,0.49,327.49786751997,327.49786751997,36.52212405132859,13.487867745304403,-1.0440590778818657,0.803627117287135,,317925,17602.200605489503,0.05536589008567902,3.903052019773587
738,624.9433574663143,38.015720752114795,5.250204688871808,668.2092829073009,0.58,387.5613840862345,387.5613840862345,36.530181449752,13.484849721282307,-1.28064370670078,0.8035434168792451,,319338,17707.388544525922,0.05545030201393483,3.905355583061394
739,624.7663060345246,38.00971560774973,5.248253830315154,668.0242754725895,0.85,567.820634151701,567.820634151701,36.539876614277006,13.481217537490416,-1.517215914862158,0.8034426822616676,,320751,17861.4781853581,0.05568643023827861,3.911799415349705
740,624.5593035686927,38.002692284402926,5.24597317844446,667.8079690315401,0.84,560.9586939864937,560.9586939864937,36.55120823898288,13.476971291067525,-1.753773411136177,0.8033249153522442,,322164,18013.67980291584,0.05591462672091184,3.9180267939994096
741,624.3223469690511,37.994649592694195,5.243362804555602,667.5603593663009,0.84,560.7507018676927,560.7507018676927,36.56417479927501,13.472111095553068,-1.9903139060719446,0.8031901183930871,,323577,18165.79534778274,0.05614056421742812,3.924192525941188
742,624.0554326814821,37.98558616988022,5.240422790300261,667.2814416416626,0.57,380.35042173574766,380.35042173574766,36.578774552905216,13.4666370808739,-2.226835112273798,0.803038293950536,,324990,18268.95083156813,0.056213886062857724,3.926193445891909
743,623.7585566951127,37.9755004793247,5.237153227703014,666.9712104021404,1,666.9712104021404,666.9712104021404,36.59500554113517,13.460549393329181,-2.4633347446771325,0.8028694449151097,,326403,18449.79703487061,0.05652459393715931,3.934672523046795
744,623.431714539602,37.964390809900486,5.233554219180646,666.6296595686831,1,666.6296595686831,666.6296595686831,36.612865590041025,13.453848195573329,-2.699810520823674,0.8026835745014501,,327816,18630.501986588366,0.05683219240851077,3.9430667460035727
745,623.0749012821233,37.95225527532343,5.229625877563733,666.2567824350105,1,666.2567824350105,666.2567824350105,36.63235231195727,13.446533666597151,-2.9362601611361545,0.8024806862482623,,329229,18811.052771749914,0.057136682284215284,3.951376136793181
746,622.6881115240333,37.93909181341728,5.22536832612045,665.852571663571,1,665.852571663571,665.852571663571,36.65346310705775,13.438606001707008,-3.172681389192311,0.8022607840182459,,330642,18991.436482988007,0.057438064380774395,3.9596007176975756
747,622.2713393972386,37.92489818530957,5.2207816985827415,665.4170192811309,1,665.4170192811309,665.4170192811309,36.67619516507107,13.430065412502161,-3.4090719319981555,0.8020238719980225,,332055,19171.64022118699,0.057736339525641805,3.9677405112975945
748,621.8245785602429,37.90967197455755,5.215866139174758,664.9501166739752,1,664.9501166739752,664.9501166739752,36.70054546712815,13.420912126850205,-3.645429520260444,0.8017699546980556,,333468,19351.651096132362,0.05803150855893927,3.97579554051978
749,621.3478221938879,37.893410586203856,5.210621802643698,664.4518545827355,1,664.4518545827355,664.4518545827355,36.726510787738924,13.41114638886065,-3.881751888658285,0.8014990369525643,,334881,19531.45622716273,0.05832357233513615,3.9837658286822126
750,620.8410629967777,37.87611124576145,5.205048854293043,663.9222230968322,1,663.9222230968322,663.9222230968322,36.75408769689512,13.400768458856664,-4.118036776113839,0.8012111239194322,,336294,19711.042743824324,0.05861253172469424,3.9916513995394016
751,620.3042931803876,37.85777099812684,5.199147470018211,663.3612116485326,1,663.3612116485326,663.3612116485326,36.7832725622962,13.389778613344905,-4.354281926062016,0.8009062210801082,,337707,19890.39778652829,0.05889838761567954,3.999452277326266
752,619.7375044638576,37.83838670642122,5.19291783634472,662.7688090066235,1,662.7688090066235,662.7688090066235,36.81406155169493,13.378177144983578,-4.590485086719143,0.8005843342395031,,339120,20069.50850721089,0.05918114091534232,4.0071684868012545
753,619.1406880684657,37.81795505075871,5.186360150468868,662.1450032696932,1,662.1450032696932,662.1450032696932,36.846450635359254,13.365964362548633,-4.826644011350528,0.8002454695258782,,340533,20248.362069996867,0.05946079255166714,4.014800053288645
754,618.5138347117801,37.796472526940846,5.17947462030098,661.489781859022,1,661.489781859022,661.489781859022,36.880435588646726,13.353140590898114,-5.062756458536845,0.7998896333907292,,341946,20426.945651866125,0.05973734347489406,4.022347002720058
755,617.8569346014903,37.773935445076525,5.172261464511288,660.803131511078,1,660.803131511078,660.803131511078,36.91601199468785,13.339706170934729,-5.298820192439311,0.7995168326086631,,343359,20605.24644332393,0.06001079465901266,4.029809361675229
756,617.1699774289137,37.75033992812683,5.164720912578516,660.0850382696191,1,660.0850382696191,660.0850382696191,36.95317524717439,13.325661459566614,-5.534832983063569,0.7991270742772697,,344772,20783.251649074842,0.060281147103230084,4.037187157422068
757,616.4529523621743,37.72568191037324,5.156853204841169,659.3354874773887,1,659.3354874773887,659.3354874773887,36.991920553248754,13.311006829666288,-5.770792606522232,0.7987203658169855,,346185,20960.948488700567,0.06054840183341441,4.0444804179560485
758,615.7058480390527,37.69995713580889,5.148658592551653,658.5544637674133,1,658.5544637674133,658.5544637674133,37.0322429364901,13.295742670027842,-6.006696845296031,0.7982967149709534,,347598,21138.32419734196,0.06081255990351487,4.051689172038971
759,614.9286525595081,37.67316115645149,5.140137337933267,657.7419510538929,1,657.7419510538929,657.7419510538929,37.074137239993334,13.279869385322357,-6.242543488493498,0.797856129804875,,349011,21315.366026385345,0.06107362239695983,4.058813449237102
760,614.1213534778627,37.645289330576986,5.131289714240114,656.8979325226799,1,656.8979325226799,656.8979325226799,37.11759812953644,13.263387396051566,-6.478330332109133,0.7973986187068565,,350424,21492.06124415343,0.06133159042803412,4.065853279958771
761,613.2839377946544,37.61633682087284,5.122116005820049,656.0223906213473,1,656.0223906213473,656.0223906213473,37.16262009683179,13.246297138499797,-6.714055179280025,0.7969241903872499,,351837,21668.397136600972,0.0615864651432367,4.072808695491417
762,612.4163919481497,37.586298592509735,5.112616508180701,655.1153070488401,1,655.1153070488401,655.1153070488401,37.20919746285725,13.228599064684131,-6.9497158405408115,0.7964328538784866,,353250,21844.361008015487,0.06183824772261992,4.079679728038131
763,611.5187018055153,37.55516941113063,5.10279152805868,654.1766627447046,1,654.1766627447046,654.1766627447046,37.25732438126235,13.210293642302917,-7.185310134076989,0.7959246185349053,,354663,22019.94018172315,0.062086939381111504,4.086466410753741
764,610.5908526536509,37.52294384075582,5.092641383492051,653.2064378778988,1,653.2064378778988,653.2064378778988,37.306994841845025,13.191381354682562,-7.42083588597647,0.7953994940325746,,356076,22195.12200080019,0.062332541369820464,4.093168777780447
765,609.632829189671,37.48961624160262,5.082166403896123,652.2046118351698,1,652.2046118351698,652.2046118351698,37.358202674094656,13.171862700722588,-7.656290930479389,0.7948574903691076,,357489,22369.893828790013,0.06257505497732802,4.099786864283045
766,608.6446155110443,37.45518076781848,5.071366930142731,651.1711632090055,0.94,612.1008934164652,612.1008934164652,37.41094155079627,13.15173819483912,-7.891673110225992,0.7942986178634732,,358902,22533.782097128053,0.06278533442869656,4.1055252952650365
767,607.6261951053777,37.41963136512604,5.060243314643027,650.1060697851468,0.95,617.6007662958895,617.6007662958895,37.46520499169197,13.131008366906624,-8.126980276502739,0.7937228871557981,,360315,22699.000417966967,0.06299765598980606,4.111319454496887
768,606.5775508398528,37.3829617683787,5.048795921433961,649.0093085296655,0.94,610.0687500178856,610.0687500178856,37.5209863671945,13.10967376219808,-8.362210289486402,0.7931303092071652,,361728,22862.058694417847,0.06320234732842867,4.116905388413172
769,605.4986649503011,37.34516549902505,5.037025126268477,647.8808555755946,1,647.8808555755946,647.8808555755946,37.57827890214849,13.087734941323497,-8.597361018486176,0.7925208952994044,,363141,23035.06462827509,0.06343283911283797,4.1231954048086905
770,604.389519029925,37.306235862480825,5.024931316709624,646.7206862091155,1,646.7206862091155,646.7206862091155,37.637075679634904,13.06519248016683,-8.83243034218377,0.791894657034878,,364554,23207.59772129916,0.0636602471000158,4.129401265774566
771,603.2500940176562,37.26616594540654,5.012514892228651,645.5287748552914,1,645.5287748552914,645.5287748552914,37.697369644814,13.042046969821335,-9.067416148871411,0.79125160633626,,365967,23379.645475246984,0.0638845728583369,4.135523014111032
772,602.0803701861527,37.22494861288928,4.999776264307248,644.3050950633492,1,644.3050950633492,644.3050950633492,37.75915360880234,13.018299016523342,-9.302316336687712,0.7905917554463087,,367380,23551.195417543615,0.06410581800191523,4.141560693866531
773,600.8803271294279,37.18257650552678,4.98671585654402,643.0496194914987,1,643.0496194914987,643.0496194914987,37.82242025257934,12.993949241584465,-9.537128813851336,0.7899151169276337,,368793,23722.235102054383,0.06432398419182138,4.147514350370923
774,599.6499437501133,37.13904203641213,4.973334104765394,641.7623198912908,1,641.7623198912908,641.7623198912908,37.887162130918895,12.968998281322326,-9.771851498892495,0.7892217036624574,,370206,23892.7521098652,0.06453907313729437,4.15338403026857
775,598.38919824635,37.09433738801706,4.959631457141049,640.4431670915081,1,640.4431670915081,640.4431670915081,37.9533716763418,12.943446786989714,-10.006482320882116,0.7885115288523685,,371619,24062.734050071314,0.06475108659694825,4.159169781551251
776,597.0980680983095,37.048454508972206,4.945608374304083,639.0921309815858,1,639.0921309815858,639.0921309815858,38.02104120308448,12.917295424702308,-10.24101921965873,0.7877846060180719,,373032,24232.168560574857,0.06496002637997506,4.164871653590998
777,595.7765300543365,37.001385110741985,4.9312653294760045,637.7091804945545,0.99,631.332088689609,631.332088689609,38.0901629110799,12.89054487536489,-10.475460146053015,0.7870409489991304,,374445,24399.35456140833,0.06516138434592085,4.17036662127678
778,594.4245601167173,36.953120664192376,4.916602808596796,636.2942835895064,0.49,311.78419895885816,311.78419895885816,38.16072888994652,12.863195834596125,-10.709803062109925,0.7862805719537018,,375858,24481.8228766051,0.06513583022472609,4.1696692608840875
779,593.0421335270707,36.903652396049395,4.9016213104601665,634.8474072335803,0.47,298.37828139978274,298.37828139978274,38.23273112298101,12.835249012651898,-10.944045941308383,0.785503489358269,,377271,24560.65050065121,0.06510081745125178,4.168713778154972
780,591.629224751356,36.85297128524609,4.886321346854214,633.3685173834563,0.46,291.3495179963899,291.3495179963899,38.30616149115096,12.806705134347276,-11.178186768778533,0.7847097160073642,,378684,24637.526517282728,0.06506091231021835,4.167624784931162
781,590.185807464503,36.80106805915591,4.870703442707682,631.8575789663666,0.47,296.9730621141923,296.9730621141923,38.381011777083444,12.777564938977026,-11.412223541516425,0.783899267013288,,380097,24715.78762529372,0.06502494790880675,4.166643332706677
782,588.7118545346557,36.747933189710096,4.854768136241997,630.3145558606078,0.24,151.27549340654588,151.27549340654588,38.45727366904588,12.747829180234826,-11.646154268596224,0.7830721578058211,,381510,24755.60171592004,0.06488847400047192,4.162919021563932
783,587.2073380070361,36.69355688939691,4.83851597912934,628.7394108755624,0.75,471.55455815667176,471.55455815667176,38.53493876491528,12.717498626131091,-11.879976971379767,0.7822284041319305,,382923,24879.545932526296,0.06497271235346609,4.16521784806147
784,585.6722290874204,36.63792910714011,4.821947536656928,627.1321057312175,0.73,457.8064371837888,457.8064371837888,38.61399857613241,12.686574058909482,-12.11368968372353,0.7813680220554698,,384336,24999.713980909768,0.06504650613241998,4.167231646864307
785,584.1064981252341,36.581039524054425,4.805063387897777,625.4926010371863,0.82,512.9039328504928,512.9039328504928,38.69444453163721,12.655056274962126,-12.347290452182987,0.7804910279568738,,385749,25134.15831830221,0.06515676856790868,4.17024065878554
786,582.5101145962607,36.522877549075446,4.787864125888185,623.8208562712243,0.82,511.53310214240395,511.53310214240395,38.776267981782446,12.622946084743575,-12.580777336214172,0.7795974385328457,,387162,25268.053842913967,0.06526480864060515,4.173189023432789
787,580.8830470849667,36.463432314461215,4.770350357812156,622.1168297572401,0.78,485.2511272106473,485.2511272106473,38.85946020222196,12.590244312683437,-12.814148408372649,0.7786872707960399,,388575,25394.886485109408,0.06535388659875033,4.175619920562804
788,579.225263266446,36.40269267116325,4.752522705193108,620.3804786428024,0.77,477.6929685549578,477.6929685549578,38.94401239777057,12.556951797097879,-13.047401754509654,0.7777605420747385,,389988,25519.55928520436,0.06543678083737027,4.177882066787884
789,577.5367298879796,36.34064718406391,4.73438180409306,618.6117588761366,0.7,433.0282312132956,433.0282312132956,39.02991570623271,12.52306939009984,-13.280535473965505,0.7768172700125204,,391401,25632.404600209047,0.06548885823032911,4.179303235253331
790,575.8174127502192,36.277284127077685,4.715928305319661,616.8106251826166,0.51,314.57341884313445,314.57341884313445,39.11716120219673,12.488597957508084,-13.513547679760165,0.7758574725679259,,392814,25714.25480061592,0.06546165564520592,4.178560889026701
791,574.067276687993,36.21259147811344,4.697162874641347,614.9770310407478,0.72,442.7834623493384,442.7834623493384,39.20573990079222,12.453538378755116,-13.746436498781048,0.7748811680141149,,394227,25829.2832663583,0.06551880836766204,4.180120560935263
792,572.286285550738,36.14655691389482,4.678086193010936,613.1109286576437,0.63,386.25988505431553,386.25988505431553,39.29564276140775,12.41789154679391,-13.979200071967853,0.7738883749385187,,395640,25929.466586292714,0.06553803100367181,4.180645137965097
793,570.4744021825641,36.07916780463598,4.658698956798023,611.2122689439981,0.8,488.9698151551985,488.9698151551985,39.386860691366415,12.381658368003569,-14.211836554494662,0.7728791122424864,,397053,26056.08161623957,0.06562368655126538,4.182982639061335
794,568.6315884019544,36.01041120856958,4.639001878030537,609.2810014885546,0.8,487.4248011908437,487.4248011908437,39.479384549556954,12.344839762093873,-14.444344115948994,0.7718533991409251,,398466,26182.085405925696,0.06570720062922733,4.185261700421304
795,566.7578049811051,35.94027386632413,4.618995684645793,607.317074532075,0.8,485.85365962566004,485.85365962566004,39.57320515001814,12.307436662008756,-14.676720940508039,0.7708112551619334,,399879,26307.46863625013,0.06578857263384706,4.187482305570012
796,564.853011624918,35.86874219514776,4.598681120751504,605.3204349408173,0.73,441.88391750679665,441.88391750679665,39.66831326547425,12.269450013828783,-14.90896522711186,0.7697527001464307,,401292,26421.30610427098,0.06584060012228247,4.1889021121636185
797,562.9171669496452,35.79580228297498,4.578058946897073,603.2910281795173,0.82,494.69864310720413,494.69864310720413,39.764699630819834,12.230880776672542,-15.14107518963374,0.7686777542477785,,402705,26548.523268084125,0.06592548706394041,4.191218638352012
798,560.9502284612017,35.72143988233381,4.557129940355679,601.2287982838913,0.83,499.0199025756297,499.0199025756297,39.86235494655172,12.191729922597107,-15.373049057047375,0.767586437931397,,404118,26676.619263266268,0.06601195508061078,4.19357831136135
799,558.9521525331553,35.6456404040898,4.535894895417581,599.1336878326626,0.82,491.28962402278336,491.28962402278336,39.9612698821466,12.15199843649752,-15.604885073591225,0.7664787719743763,,405531,26802.498047383255,0.06609235310588649,4.1957723370549225
800,556.9228943844005,35.56838891102387,4.5143546236950804,597.0056379191194,0.72,429.844059301766,429.844059301766,40.06143507938272,12.111687316005305,-15.836581498929755,0.7653547774650792,,406944,26912.425846210892,0.06613299580829522,4.196881457994588
801,554.8624080565363,35.48967011124078,4.492509954439697,594.8445881222168,0.76,452.0818869728848,452.0818869728848,40.1628411556039,12.070797571386079,-16.068136608311676,0.7642144758027408,,408357,27027.818876947793,0.06618674071204313,4.198348132074171
802,552.7706463909599,35.409468351405174,4.470361734872073,592.6504764772371,0.77,456.3408668874726,456.3408668874726,40.26547870692488,12.029330225436322,-16.299548692725082,0.7630578886970615,,409770,27144.071226009037,0.06624221203604226,4.19986191938043
803,550.647561005691,35.327767609801704,4.447910830525102,590.4232394460179,0.94,554.9978450792568,554.9978450792568,40.36933831137645,11.987286313379188,-16.530816059049616,0.7618850381677922,,411183,27285.17460540411,0.06635773999752935,4.203014625121144
804,548.4931022719499,35.24455148921634,4.4251581256009445,588.1628118867671,0.8,470.53024950941375,470.53024950941375,40.47441053198941,11.944666882759574,-16.761937030205473,0.7606959465443166,,412596,27404.55996194331,0.06641983916941344,4.204709283394106
805,546.3072192905051,35.159803209635434,4.402104523342456,585.8691270234831,0.59,345.662784943855,345.662784943855,40.58068591981629,11.90147299333828,-16.992909945299353,0.759490636465225,,414009,27492.081911329773,0.06640455137769898,4.204292086482807
806,544.0898598678209,35.073505600759646,4.3787509464197605,583.5421164150004,0.63,367.6315333414502,367.6315333414502,40.68815501688996,11.857705716985487,-17.223733159767292,0.758269130877884,,415422,27584.970252403247,0.06640228551305238,4.204230252062923
807,541.8409704920186,34.9856410943292,4.355098337332508,581.1817099236804,0.61,354.52084305344505,354.52084305344505,40.796808359118316,11.813366137573363,-17.454405045514466,0.7570314530379991,,416835,27674.353752636434,0.06639162678910464,4.203939380314247
808,539.5604963086948,34.8961917162579,4.331147658828693,578.7878356837814,0.65,376.2120931944579,376.2120931944579,40.90663647911442,11.768455350868022,-17.68492399105178,0.7557776265091726,,418248,27768.998887423204,0.0663936202621966,4.2039937812919845
809,537.248381096616,34.80513907857245,4.306899894340611,576.360420069529,0.62,357.343460443108,357.343460443108,41.01762990896139,11.722974464420714,-17.915288401629393,0.7545076751624538,,419661,27858.69713219966,0.06638381248722101,4.203726131555323
810,534.9045672433281,34.712464371154226,4.282356048438839,573.8993876629212,0.55,315.6446632146067,315.6446632146067,41.12977918291172,11.676924597458349,-18.145496699367133,0.753221623175886,,421074,27937.748884387387,0.06634878639951027,4.202770285486726
811,532.5289957207226,34.61814835328097,4.257517147305047,571.4046612213086,0.54,308.5585170595067,308.5585170595067,41.243074840020576,11.630306880773384,-18.375547323381713,0.7519194950340453,,422487,28014.847695344157,0.06630937211167244,4.2016946874242915
812,530.1216060605943,34.522171344965145,4.232384239224445,568.8761616447839,0.51,290.1268424388398,290.1268424388398,41.357507426712736,11.583122456613022,-18.605438729910933,0.7506013155275745,,423900,28087.170799123985,0.0662589544683274,4.200318812774023
813,527.6823363302424,34.424513218086766,4.206958395098871,566.3138079434281,0.55,311.47259436888544,311.47259436888544,41.4730674992831,11.53537247856786,-18.835169392434604,0.7492671097527112,,425313,28164.62940110745,0.06622094645850808,4.199281591401743
814,525.2111231081623,34.325153387318096,4.181240708981391,563.7175172044617,0.56,315.6818096344986,315.6818096344986,41.58974562633052,11.487058111459907,-19.06473780179248,0.74791690311081,,426726,28242.94377097633,0.06618519558446481,4.1983059662424225
815,522.7079014598836,34.224070800837936,4.155232298633484,561.087204559355,0.52,291.7653463708646,291.7653463708646,41.707532391125085,11.43818053123009,-19.29414246629892,0.7465507213078595,,428139,28315.145709002267,0.06613540394358437,4.196947174915866
816,520.1726049140165,34.12124393083354,4.128934306105841,558.4227831509559,0.52,290.37984723849706,290.37984723849706,41.826418393908824,11.388740924825186,-19.52338191185458,0.7451685903539916,,429552,28386.823689550612,0.06608472010268981,4.195564035855046
817,517.6051654385697,34.01665076378827,4.102347898343911,555.7241641007018,0.55,305.64829025538603,305.64829025538603,41.94639425412994,11.338740490084273,-19.752454682054793,0.7437705365629874,,430965,28462.077072292926,0.0660426648852991,4.1944163680213205
818,515.0055134176156,33.91026879055347,4.075474267819374,552.9912564759884,0.47,259.9058905437145,259.9058905437145,42.06745061261086,11.288180435624689,-19.98135933829495,0.7423565865517758,,432378,28525.901259597198,0.06597445119686293,4.192554847361215
819,512.3735776283795,33.802074996203615,4.048314633188807,550.223967257772,0.47,258.6052646111528,258.6052646111528,42.18957813365035,11.237061980727562,-20.210094459872714,0.7409267672399271,,433791,28589.237416791184,0.06590555686215524,4.190674752172659
820,509.7092852188375,33.69204584967337,4.020870239980805,547.4222013084917,0.51,279.18532266733075,279.18532266733075,42.31276750706011,11.185386355222851,-20.438658644087138,0.7394811058491396,,435204,28657.42917322182,0.06584826695807441,4.189111336639695
821,507.0125616859238,33.5801572931768,3.9931423613130375,544.5858613404137,0.47,255.9553548299944,255.9553548299944,42.43700945013604,11.133154799374063,-20.667050506334597,0.7380196299027225,,436617,28719.77507745698,0.0657779588917907,4.187192661356777
822,504.2833308544396,33.46638473140815,3.965132298640588,541.7148478844883,0.85,460.4576207018151,460.4576207018151,42.562294709564995,11.080368563762532,-20.895268680201767,0.7365423672250713,,438030,28831.62017352838,0.06582110853943424,4.188370195696382
823,501.5215148567848,33.35070302052509,3.936841382537216,538.8090592598471,0.91,490.3162439264609,490.3162439264609,42.68861406326733,11.027028909171346,-21.12331181755533,0.7350493459411376,,439443,28950.37902224314,0.06587971368810777,4.189969503658542
824,498.72703411362943,33.233086456915636,3.908270973511148,535.8683915440562,0.95,509.07497196685335,509.07497196685335,42.815958322175725,10.973137106468982,-21.35117858862872,0.7335405944758948,,440856,29073.32444787528,0.06594743963533507,4.191817714081979
825,495.8998073156583,33.11350876575017,3.8794224628570917,532.8927385442655,0.97,516.9059563879375,516.9059563879375,42.94431833195128,10.9186944364926,-21.57886768210575,0.7320161415537958,,442269,29197.793470128156,0.06601817778349411,4.193748126104469
826,493.03975140653426,32.991943089321445,3.850297273546348,529.881991769402,0.97,513.9855320163199,513.9855320163199,43.07368497463719,10.863702189931079,-21.80637780520117,0.7304760161982268,,443682,29321.188476716918,0.06608604468226549,4.1956001830317
827,490.14678156723437,32.86836197517567,3.8208968611568976,526.8360404035669,0.97,511.0309591914599,511.0309591914599,43.204049170251,10.808161667207798,-22.033707683738175,0.7289202477309547,,445095,29443.50027061291,0.06615104701381258,4.197374067216883
828,487.22081120193417,32.74273736403888,3.791222714845532,523.7547712808185,0.96,502.80458042958577,502.80458042958577,43.335401878316006,10.75207417836316,-22.26085606222288,0.7273488657715682,,446508,29563.470062025106,0.06621039278585178,4.198993586455227
829,484.261751925623,32.61504057754413,3.7612763583641815,520.6380688615313,0.96,499.8125461070701,499.8125461070701,43.46773409933278,10.695441042936935,-22.487821703915778,0.7257619002369151,,447921,29682.349880382164,0.06626693073194194,4.200536481395225
830,481.2695135536518,32.48524230576528,3.731059351122701,517.4858152105397,0.96,496.7863826021181,496.7863826021181,43.60103687619157,10.638263589850435,-22.71460339090014,0.7241593813405314,,449334,29800.13090463688,0.06632066770962554,4.2020029391761025
831,478.244004093438,32.35331259456553,3.700573289300537,514.2978899773041,0.96,493.7259743782119,493.7259743782119,43.73530129552638,10.58054315728847,-22.94119992414751,0.7225413395920668,,450747,29916.804411804183,0.06637161070801177,4.203393150527486
832,475.1851297385617,32.21922083276927,3.6698198070098655,511.07417037834085,0.89,454.85601163672334,454.85601163672334,43.87051848901181,10.522281092581268,-23.167610123580108,0.7209078057967041,,452160,30023.935721190337,0.06640113172591636,4.204198765734588
833,472.0927948655142,32.08293573916773,3.638800577512812,507.81453118219474,0.88,446.8767874403314,446.8767874403314,44.006679634603515,10.46347875208616,-23.393832828130353,0.7192588110545719,,453573,30128.832369918957,0.0664255420184159,4.204864911560284
834,468.9669020333845,31.944425349370775,3.607517314495751,504.518844697251,0.85,428.84101799266335,428.84101799266335,44.14377595772314,10.404137501069298,-23.619866895797422,0.7175943867601532,,454986,30229.1497533621,0.06643973606520223,4.205252260667904
835,465.8073519867875,31.803657002518516,3.5759717734036043,501.18698076270965,0.84,420.9970638406761,420.9970638406761,44.28179873238881,10.344258713587225,-23.84571120370089,0.7159145646016871,,456399,30327.28822303218,0.0664490680808507,4.205506927148024
836,462.6140436623697,31.660597327869024,3.544165752837444,497.81880674307615,0.85,423.1459857316147,423.1459857316147,44.420739282292196,10.283843772368455,-24.071364648131404,0.7142193765605664,,457812,30425.57715114022,0.06645867113824064,4.2057689902345015
837,459.38687419925236,31.51521223128023,3.5121010960187546,494.41418752655136,0.96,474.6376200254893,474.6376200254893,44.56058898182313,10.222894068694991,-24.29682614459858,0.7125088549107278,,459225,30535.428158987525,0.06649339247425015,4.206716519767208
838,456.12573895381337,31.367466881607033,3.479779692324037,490.9729855277444,0.96,471.3340661066346,471.3340661066346,44.70133925704272,10.161411002283897,-24.522094627875948,0.7107830322180378,,460638,30644.113533739473,0.06652537032059767,4.2075891807097
839,452.83053151922564,31.217325697036866,3.44720347889354,487.49506069515604,0.88,428.9956534117373,428.9956534117373,44.84298158660624,10.099395981168847,-24.747169052043105,0.7090419413396727,,462051,30742.666100150924,0.06653522251905293,4.207858042743001
840,449.5011437502309,31.06475233139065,3.4143744423182656,483.9802705239398,0.77,372.66480830343363,372.66480830343363,44.98550750263649,10.036850421581766,-24.972048390524986,0.7072856154234931,,463464,30827.952163605503,0.0665163899755008,4.206984359051295
841,446.1374657936429,30.909709660418816,3.381294620409532,480.42847007447125,0.81,389.1470607603217,389.1470607603217,45.12890859154909,9.973775747834523,-25.19673163612845,0.7055140879074129,,464877,30916.665604928912,0.06650504457077659,4.206458020426036
842,442.7393861251383,30.752159768126138,3.3479661040557276,476.8395119973202,0.82,391.00839983780253,391.00839983780253,45.273176494830516,9.910173392200699,-25.421217801075954,0.7037273925187622,,466290,31005.452435083225,0.0664939253148968,4.205942173349978
843,439.30679159293294,30.592063933163217,3.3143910391711606,473.2132465652673,0.56,264.9994180765497,264.9994180765497,45.41830290976993,9.846044794797509,-25.64550591703661,0.7019255632736457,,467703,31065.385215495116,0.06642118014101923,4.2025673625130215
844,435.8395674689904,30.42938261532677,3.2805716287421975,469.5495217130594,0.55,258.25223694218266,258.25223694218266,45.56427959014611,9.781391403467842,-25.86959503515443,0.7001086344762952,,469116,31123.554043839587,0.0663451130292712,4.1990384395703755
845,432.33759750847247,30.264075442215784,3.246510134976208,465.84818308566446,0.59,274.85042802054204,274.85042802054204,45.71109834687035,9.716214673662435,-26.093484226073894,0.6982766407184158,,470529,31185.20480545913,0.0662769028167427,4.195874015703305
846,428.80076401820355,30.096101196096622,3.2122088815592766,462.10907409585946,0.57,263.40217223463986,263.40217223463986,45.858751048586505,9.65051606832227,-26.3171725799629,0.6964296168785279,,471942,31244.038437794592,0.06620313182084789,4.192451614695399
847,425.22894793497943,29.925417801035252,3.177670256028852,458.33203599204353,0.57,261.2492605154648,261.2492605154648,46.00722962222917,9.584297057761123,-26.540659206533004,0.694567598121303,,473355,31302.14076271618,0.06612825630386535,4.188977972491164
848,421.6220289146371,29.751982310362397,3.142896712268109,454.5169079372676,0.58,263.6198066036152,263.6198066036152,46.15652605354125,9.517559119548382,-26.763943235057063,0.6926906198968942,,474768,31360.514273110326,0.06605439767025226,4.185551505774076
849,417.9798854328722,29.575750894544022,3.1078907731290664,450.6635271005453,0.6,270.3981162603272,270.3981162603272,46.30663238755177,9.450303738392057,-26.987023814384298,0.6907987179402613,,476181,31420.122651013684,0.06598357064018448,4.182265681905891
850,414.3023948988802,29.396678829537816,3.072655033192047,446.77172876161006,0.58,259.12760268173383,259.12760268173383,46.457540729015165,9.382532406022056,-27.20990011295284,0.6888919282704903,,477594,31476.98817340492,0.0659074196355166,4.178732866983613
851,410.58943378300086,29.214720485725667,3.037192161669612,442.84134643039613,0.88,389.7003848587486,389.7003848587486,46.60924324281296,9.314246621073792,-27.43257131879966,0.6869702871901081,,479007,31562.114332813162,0.06589071627933028,4.177957961041867
852,406.8408777596341,29.029829317521042,3.0015049054634932,438.87221198261864,0.84,368.65265806539963,368.65265806539963,46.76173215431908,9.245447888972015,-27.655036639568024,0.6850338312843909,,480420,31642.26567996977,0.06586375604672946,4.176707215730552
853,403.0566018668227,28.841957853761755,2.9655960923837696,434.8641558129682,0.62,269.61577660404026,269.61577660404026,46.914999749729645,9.176137721815,-27.877295302512582,0.6830825974206677,,481833,31700.60530776382,0.06579168572464697,4.173363712773279
854,399.23648068401525,28.651057689010216,2.9294686345400733,430.81700700756556,0.54,232.64118378408543,232.64118378408543,47.06903837635837,9.106317638259068,-28.099346554501846,0.6811166227476186,,483246,31750.70011505808,0.06570297553432015,4.169248249221465
855,395.38038852965576,28.457079475896226,2.893125531915273,426.73059353746726,0.53,226.16721457485767,226.16721457485767,47.22384044289867,9.035989163403448,-28.3211896620184,0.6791359446945676,,484659,31799.16035655668,0.06561140999456666,4.165000319642356
856,391.48819968040095,28.259972918652153,2.8565698761328338,422.60474247518596,0.51,215.52841866234485,215.52841866234485,47.379398419653256,8.965153828675536,-28.542823911156653,0.6771406009707697,,486072,31845.108873755995,0.06551520942114747,4.160537360515432
857,387.5597886139187,28.05968676800585,2.8198048544297345,418.4392802363543,0.51,213.4040329205407,213.4040329205407,47.53570483873246,8.893813171716499,-28.764248607618278,0.675130629564693,,487485,31890.371627456272,0.06541815979457065,4.156035011919148
858,383.59503027740715,27.85616881761481,2.7828337538477705,414.23403284886973,0.51,211.25935675292357,211.25935675292357,47.69275229422219,8.821968736267344,-28.985463076705354,0.6731060687432961,,488898,31934.945991905985,0.06532026310581344,4.151493366219379
859,379.59380038415753,27.649365902243723,2.745659965656778,409.98882625205806,0.74,303.39173142652294,303.39173142652294,47.85053344232246,8.749622072055365,-29.206466663311215,0.6710669570512985,,490311,31998.620023316413,0.06526188485128094,4.148785068808879
860,375.55597574070515,27.43922389790973,2.7082869900244373,405.7034866286393,0.83,336.7338939017706,336.7338939017706,48.0090410014574,8.676774734681056,-29.427258731908946,0.6690133333104474,,491724,32068.909842975183,0.0652172963755586,4.1467165099884085
861,371.4814346073325,27.225687724242615,2.6707184409481743,401.3778407725233,0.87,349.19872147209526,349.19872147209526,48.168267752357906,8.603428285505462,-29.64783866653792,0.6669452366187788,,493137,32141.400466180774,0.0651774262855571,4.144866847603464
862,367.37005709495503,27.008701349333748,2.6329580514659026,397.0117164957547,0.69,273.9380843820707,273.9380843820707,48.3282065381176,8.529584291538045,-29.868205870787875,0.6648627063498725,,494550,32197.948925250676,0.06510554832726857,4.141532268831562
863,363.2217256016812,26.788207797375776,2.5950096791633914,392.6049430782204,0.7,274.8234601547543,274.8234601547543,48.488850264223196,8.455244325324974,-30.08835976778103,0.6627657821521029,,495963,32254.356296140155,0.06503379545679851,4.138203493162502
864,359.0363252926609,26.564149159427423,2.5568773119974493,388.1573517640858,0.82,318.28902844655033,318.28902844655033,48.65019189856005,8.380409964838012,-30.308299800151996,0.6606545039478842,,497376,32319.30505309653,0.06497962316858177,4.13569031990864
865,354.81374462714825,26.336466607672072,2.5185650744553114,383.66877630927564,0.82,314.608396573606,314.608396573606,48.81222447139397,8.305082793363844,-30.52802543002563,0.65852891193291,,498789,32383.12242203415,0.06492348953572383,4.133086155503101
866,350.55387593708974,26.105100413578146,2.480077234072234,379.1390535847401,0.82,310.8940239394869,310.8940239394869,48.97494107532985,8.229264399393974,-30.747536138992928,0.6563890465753881,,500202,32445.805668917146,0.06486540571392586,4.130391517483738
867,346.2566160619325,25.869989970411567,2.4414182083307505,374.56802424067484,0.82,307.14577987735333,307.14577987735333,49.13833486524824,8.152956376515181,-30.966831428084713,0.6542349486152705,,501615,32507.352270820895,0.0648053831540542,4.127606937081776
868,341.92186704479735,25.6310738205982,2.4025925719668173,369.95553343736236,0.82,303.3635374186371,303.3635374186371,49.30239905822061,8.076160323300558,-31.185910817743558,0.6520666590634775,,503028,32567.759922233774,0.06474343361052222,4.124732959610664
869,337.54953689563496,25.388289688485877,2.3636050647098115,365.30143164883066,0.86,314.1592312179944,314.1592312179944,49.46712693340407,7.998877843201078,-31.404773847793674,0.6498842192011165,,504441,32629.917596202977,0.0646853003546559,4.122036028234632
870,333.1395404275185,25.141574519113867,2.3244605994853864,360.6055755461178,0.87,313.72685072512246,313.72685072512246,49.632511831916354,7.921110544437816,-31.62342007740888,0.6476876705786965,,505854,32691.585462990937,0.06462652358781573,4.1193092429495035
871,328.69180017280115,24.89086452366105,2.2851642711122255,355.86782896757444,0.86,306.046332912114,306.046332912114,49.79854715669202,7.842860039894742,-31.841849085078756,0.6454770550153369,,507267,32751.344178804808,0.06456431066638438,4.11642304679031
872,324.20624738650804,24.63609523231485,2.2457213655260317,351.08806398434893,0.86,301.9357350265401,301.9357350265401,49.96522637232027,7.76412794701214,-32.06006046857293,0.6432524145979717,,508680,32809.90113511213,0.06450008086638384,4.113443283136679
873,319.68282314503045,24.377201555381017,2.206137369566518,346.266162069978,0.8,277.0129296559824,277.0129296559824,50.132543004865546,7.6849158876807095,-32.27805384490353,0.6410137916805476,,510093,32863.25371864454,0.06442600411815991,4.1100066975964005
874,315.1214795489583,24.11411785354046,2.1664179813657314,341.40201538386447,0.61,208.25522938415733,208.25522938415733,50.3004906416714,7.605225488136234,-32.49582885028602,0.6387612288832182,,511506,32903.081187625736,0.06432589488222179,4.105362406898958
875,310.5221810397356,23.846778018255556,2.126569121378946,336.49552817937007,0.84,282.65624367067085,282.65624367067085,50.46906293114835,7.525058378854991,-32.713385140098154,0.6364947690915318,,512919,32956.74914212682,0.0642533209768537,4.101995541590082
876,305.88490584075004,23.575115563433403,2.0865969441022547,331.5466183482857,0.84,278.49915941255995,278.49915941255995,50.63825358254645,7.444416194449782,-32.93072238883729,0.6342144554556162,,514332,33009.24035201322,0.06417885792059064,4.098541034358407
877,301.20964753449203,23.299063729571454,2.0465078505243417,326.5552191145878,0.84,274.30638405625376,274.30638405625376,50.80805636571337,7.363300573566693,-33.147840290076125,0.6319203313893559,,515745,33060.55479501388,0.06410252119751791,4.094999603545179
878,296.4964167885348,23.01855560173967,2.006308501363244,321.52128089163773,0.83,266.8626631400593,266.8626631400593,50.9784651108385,7.281713158782484,-33.36473855641673,0.6296124405695661,,517158,33110.0958712243,0.06402317255311588,4.09131844298494
879,291.74524324433713,22.733524242898316,1.9660058311428081,316.4447733183783,0.83,262.649161854254,262.649161854254,51.1494737081837,7.199655596502779,-33.581416919443036,0.6272908269351612,,518571,33158.4750529954,0.06394201575675347,4.087553398223103
880,286.95617758420957,22.443902844208193,1.9256070631673128,311.3256874915851,0.83,258.4003206180156,258.4003206180156,51.3210761078014,7.117129536860906,-33.79787512967174,0.6249555346863187,,519984,33205.69324550901,0.06385906728958776,4.0837052338573
881,282.12929379329086,22.149624894167257,1.8851197254571288,306.16403841291526,0.83,254.11615188271966,254.11615188271966,51.49326631924088,7.034136633617489,-34.01411295650183,0.6226066082836362,,521397,33251.751683534916,0.06377434408624315,4.079774735522519
882,277.2646916350201,21.8506243686023,1.8445516677127372,300.95986767133513,0.84,252.8062888439215,252.8062888439215,51.66603841124271,6.95067854406079,-34.23013018816248,0.6202440924472868,,522810,33297.19290935913,0.06368889827922024,4.0758107139917055
883,272.3624993603918,21.54683594376048,1.8039110793792612,295.7132463835315,0.84,248.39912696216646,248.39912696216646,51.83938651142261,6.866756928907798,-34.44592663165956,0.6178680321561667,,524223,33341.46395251016,0.06360168087342631,4.071764504043262
884,267.42287667326264,21.23819523498474,1.7632065088887638,290.4242784171361,0.75,217.8182088128521,217.8182088128521,52.013304805944955,6.782373452206067,-34.661502112720925,0.6154784726470383,,525636,33379.94893386662,0.063503924643416,4.067229374537982
885,262.4460179761634,20.924639063722193,1.7224468841630134,285.0931039240486,0.78,222.37262106075792,222.37262106075792,52.187787539186345,6.697529781236347,-34.876856475739984,0.6130754594136707,,527049,33418.89137579054,0.06340756054141178,4.062758828955332
886,257.4321559234492,20.606105755907436,1.6816415344650768,279.71990321382174,0.79,220.97872353891918,220.97872353891918,52.36282901339019,6.612227586415967,-35.09198958371833,0.6106590382059718,,528462,33457.24017891395,0.06331058842246737,4.058260076110956
887,252.38156531125608,20.2825354750877,1.640800213694176,274.30490100003794,0.56,153.61074456002126,153.61074456002126,52.53842358831236,6.5264685412030525,-35.306901318206826,0.6082292550291182,,529875,33483.6517594425,0.06319160511336165,4.052740175070334
888,247.29456733659626,19.953870594014763,1.5999331252244255,268.84837105583546,0.88,236.5865665291352,236.5865665291352,52.714565680858726,6.440254322001481,-35.521591579245474,0.6057861561426792,,531288,33523.946037786445,0.06309938496217954,4.048461876607277
889,242.17153426108308,19.620056108825956,1.5590509483946948,263.35064131830376,0.91,239.64908359965642,239.64908359965642,52.89124976471496,6.353586608066702,-35.736060285302294,0.6033297880597355,,532701,33564.367833327204,0.06300789342112594,4.0442173799928725
890,237.01289451821674,19.2810401003739,1.5181648667634857,257.8120994853541,0.94,242.34337351623284,242.34337351623284,53.068470369968956,6.266467081412342,-35.950307373210606,0.6008601975459952,,534114,33604.84036250406,0.06291698094883126,4.03999974766951
891,231.81913830692483,18.936774247748314,1.4772865982496208,252.23319915292277,0.94,237.0992072037474,237.0992072037474,53.24622208272659,6.178897426717621,-36.16433279810557,0.5983774316189017,,535527,33644.036941165665,0.06282416561847613,4.035693837517376
892,226.5908237181606,18.587214399566054,1.436428427286494,246.61446654501316,0.93,229.35145388686226,229.35145388686226,53.42449954472105,6.090879331235635,-36.37813653335939,0.5958815375467394,,536940,33681.56053291694,0.06272872300986505,4.031266042068151
893,221.32858344581933,18.232321209191664,1.3956032391244622,240.95650789413546,0.93,224.08955234154598,224.08955234154598,53.60329745291619,6.002414484702435,-36.591718570515596,0.5933725628477335,,538353,33717.8350508232,0.06263146123607224,4.026753851489431
894,216.0331321380845,17.872060840695642,1.3548245564227086,235.26001753520285,0.83,195.26581455421837,195.26581455421837,53.782610559104306,5.913504579247002,-36.80507891922207,0.590850555289146,,539766,33749.10101286859,0.06252542956182602,4.021834805671917
895,210.7052744505513,17.506405753064243,1.3141065782781332,229.52578678189366,0.83,190.50640302897173,190.50640302897173,53.962433669498914,5.824151309302026,-37.018217607163265,0.588315562886365,,541179,33779.26612924052,0.06241791741593912,4.016847077473558
896,205.34591386812755,17.135335570948158,1.2734642218445125,223.75471366092023,0.83,185.71641233856377,185.71641233856377,54.14276164432267,5.734356371515561,-37.23113467999147,0.585767633901992,,542592,33808.33817269515,0.06230895068982799,4.011791868054902
897,199.9560623687684,16.75883805108141,1.2329131666998243,217.94781358654961,0.83,180.89668527683617,180.89668527683617,54.32358939739093,5.644121464663556,-37.44383020125696,0.5832068168449219,,544005,33836.32548375837,0.062198556049592145,4.0066704145157725
898,194.53685100855805,16.376910154418727,1.1924699021228715,212.10623106509965,0.82,173.9271094733817,173.9271094733817,54.504911895691286,5.553448289563243,-37.65630425233737,0.5806331604694205,,545418,33862.91275577527,0.0620861664920763,4.001456412315384
899,189.0895415144906,15.98955923503271,1.1521517774417034,206.23125252696502,0.82,169.1096270721113,169.1096270721113,54.68672415895949,5.462338548987402,-37.86855693236632,0.578046713774195,,546831,33888.44660731784,0.06197243134957206,3.9961799854267466
900,183.61553897847324,15.596804357880675,1.111977055615039,200.32432039196894,0.82,164.26594272141452,164.26594272141452,54.869021259251994,5.370793947579522,-38.08058835816091,0.5754475260014625,,548244,33912.93708284056,0.06185737934722598,3.9908424664734663
901,178.11640575350097,15.198677758693739,1.0719649702031093,194.38704848239783,0.82,159.39737975556622,159.39737975556622,55.05179832051543,5.278816191769816,-38.29239866414876,0.5728356466360113,,549657,33936.39487098747,0.06174104008679498,3.985445228747058
902,172.59387666053766,14.795226460452689,1.0321357858750746,188.42123890686543,0.82,154.50541590362965,154.50541590362965,55.2350505181535,5.18640698969218,-38.50398800229403,0.5702111254042596,,551070,33958.831327000036,0.061623444076070254,3.9799896875719876
903,167.04987562219674,14.386514062185245,0.9925108625848275,182.42890054696682,0.85,155.0645654649218,155.0645654649218,55.41877307859138,5.0935680511020065,-38.71535654202287,0.5675740122733085,,552483,33981.042416519806,0.061506041663761245,3.974543127859144
904,161.4865338466447,13.972622717133826,0.9531127235241399,176.41226928730268,0.85,149.95042889420728,149.95042889420728,55.602961278837995,5.000301087294911,-38.926504470148096,0.5649243574499908,,553896,34002.22051831934,0.061387373294480074,3.9690378375792945
905,155.9062096919179,13.553655318675467,0.9139651269293659,170.37383013752273,0.85,144.81775561689432,144.81775561689432,55.78761044604661,4.906607811026378,-39.13743199079324,0.5622622113799147,,555309,34022.37962125417,0.06126747382314022,3.9634754337296014
906,150.31151034661434,13.129737913691104,0.8750931417726105,164.31634140207805,0.87,142.95521701980792,142.95521701980792,55.972715957073625,4.812489936432291,-39.348139325315984,0.5595876247465043,,556722,34041.98520675984,0.06114718873470033,3.9578951402427167
907,144.70531546713445,12.701022364330067,0.8365232273071367,158.24286105877167,0.38,60.13228720233323,60.13228720233323,56.15827323803629,4.717949178950415,-39.558626712231,0.5569006484700334,,558135,34050.10659147912,0.06100693665776043,3.9513885336331955
908,139.09080291349875,12.267689280225369,0.7982833163553992,152.1567755100795,0.36,54.776439183628625,54.776439183628625,56.34427776386914,4.62298725524275,-39.76889440713219,0.5542013337066575,,559548,34057.38878271216,0.060865893154317695,3.9448452109833374
909,133.47147672425984,11.829951244090747,0.7604029021213365,146.06183087047194,0.37,54.04287742207462,54.04287742207462,56.53072505787984,4.527605883118833,-39.97894268261442,0.5514897318474385,,560961,34064.45759846189,0.06072517982259354,3.9383172057357827
910,127.85119746478026,11.388056354138673,0.7229131281696713,139.9621669470886,0.36,50.3863801009519,50.3863801009519,56.71761069130424,4.431806781459984,-40.188771828194824,0.5487658945173672,,562374,34070.93864628274,0.06058412843816168,3.931773517469265
911,122.23421507039731,10.942292106723968,0.6858468810358239,133.8623540581571,0.37,49.52907100151813,49.52907100151813,56.904930282861145,4.33559167014442,-40.39838215023353,0.5460298735743798,,563787,34077.20030377144,0.060443394941301305,3.9252445767160733
912,116.6252042844436,10.492989641805135,0.649238884700438,127.76743281094917,0.37,47.27395014005119,47.27395014005119,57.09267949830688,4.23896226997335,-40.60777397185403,0.5432817211083715,,565200,34083.07127161225,0.06030267387051,3.9187162124359354
913,111.02930275769921,10.040528371912014,0.6131257958696267,121.68295692548085,0.37,45.02269406242792,45.02269406242792,57.28085404998993,4.141920302598007,-40.81694763286311,0.5405214894402037,,566613,34088.560700340524,0.06016198128235767,3.9121891695289355
914,105.45215182674983,9.585341011902774,0.5775462986301679,115.61503913728276,0.38,43.93371487216745,43.93371487216745,57.469449696405825,4.044467490447543,-41.025903489670505,0.5377492311207084,,568026,34093.81648098191,0.060021577323893474,3.905675516796809
915,99.899939918904,9.127919021349376,0.5425411965787796,109.57040013683215,0.37,40.54104805062789,40.54104805062789,57.658462241752275,3.9466055566579583,-41.234641915208,0.5349649989296883,,569439,34098.57201388988,0.059880991667044026,3.899153434671405
916,94.3794484342842,8.668818463199406,0.5081534999318721,103.55642039741548,0.38,39.351439751017885,39.351439751017885,57.84788753548519,3.848336225001887,-41.4431632988485,0.5321688458749108,,570852,34103.09510539873,0.059740694795496437,3.892644749940142
917,88.89809982325983,8.208666270516234,0.47442850437800943,97.58119459815407,0.34,33.17760616337239,33.17760616337239,58.037721471875166,3.7496612198193855,-41.651468046324645,0.5293608251910992,,572265,34106.82914520852,0.05959971192578354,3.8861042402242236
918,83.46400739895104,7.748166896412647,0.44141385750348505,91.65358815286717,0.32,29.329148208917495,29.329148208917495,58.22795998956501,3.65058226594961,-41.859556579647155,0.5265409903389197,,573678,34110.0588486926,0.05945854442508271,3.8795551650650504
919,78.08602618681604,7.288109299250504,0.40915960745898594,85.78329509352554,0.31,26.592821478992917,26.592821478992917,58.418599071128355,3.55110108866347,-42.06742933702307,0.5237093950039633,,575091,34112.92175393761,0.059317432813133245,3.873008682709684
920,72.77380379951728,6.829374183839362,0.3777182270903386,79.98089621044699,0.31,24.794077825238567,24.794077825238567,58.609634742629474,3.451219413597229,-42.275086772773705,0.5208660930957238,,576504,34115.52909572965,0.0591765696261078,3.8664737253405272
921,67.53782991439236,6.372941377271942,0.3471446049678167,74.25791589663211,0.37,27.47542888175388,27.47542888175388,58.801063073184466,3.350938966687005,-42.482529357252574,0.5180111387465708,,577917,34118.34881584018,0.059036762745930955,3.8599877724016274
922,62.389482397025134,5.919897162096526,0.31749599254585414,68.62687555166751,0.31,21.274331421016928,21.274331421016928,58.99288017452392,3.25026147410428,-42.689757576762965,0.5151445863107197,,579330,34120.47747755671,0.05889644499258922,3.853478118917368
923,57.34106742603683,5.471441315912259,0.2888318939888215,63.10134063593791,0.32,20.19242900350013,20.19242900350013,59.185082200557126,3.149188662192302,-42.89677193347566,0.5122664903631967,,580743,34122.4452603592,0.058756533028136715,3.8469872908845835
924,52.405850093623684,5.028893510510074,0.2612138819239516,57.69595748605771,0.32,18.46270639553847,18.46270639553847,59.377665346938116,3.047722257403466,-43.103572945346336,0.5093769056988001,,582156,34124.19566488903,0.058616926845878124,3.840510648769665
925,47.59807083975182,4.593698599789147,0.23470531844504183,52.42647475798601,0.31,16.252207174975663,16.252207174975663,59.57062585063363,2.9458639862376317,-43.3101611460331,0.5064758873310568,,583569,34125.692903331874,0.05847756289887207,3.8340452444882933
926,42.9329416766422,4.167430167425602,0.20937095601932385,47.30974280008713,0.34,16.085312552029624,16.085312552029624,59.76395998949278,2.8436155751813743,-43.51653708481393,0.5035634904911747,,584982,34127.13099070967,0.05833877109160568,3.8276063830453086
927,38.426614423948216,3.75179150561853,0.18527638750936584,42.36368231707611,0.34,14.40365198780588,14.40365198780588,59.957664081819125,2.7409787506482077,-43.722701326504186,0.5006397706269913,,586395,34128.37895760085,0.05820032394137203,3.8211835110106533
928,34.09611105889656,3.3486129481772338,0.16248730835031253,37.60721131542411,0.42,15.795028752478125,15.795028752478125,60.15173448594455,2.637955238919736,-43.92865445137392,0.4977047834019186,,587808,34129.70321883881,0.05806267219710996,3.8147975396327647
929,29.959203763250926,2.9598441790598744,0.14106854719534495,33.06011648950614,0.47,15.538254750067887,15.538254750067887,60.34616759980571,2.5345467660877445,-44.134397055065634,0.4947585846938827,,589221,34130.96176982048,0.05792556913249949,3.8084370227274618
930,26.034229336058672,2.5875397793017845,0.12108281447221246,28.742851929832668,0.34,9.772569656143109,9.772569656143109,60.54095986052263,2.4307550579972563,-44.339929748511764,0.49180123059426,,590634,34131.72511736397,0.0577882836365058,3.802068042423472
931,22.339819436119683,2.233835867222863,0.1025891120922046,24.676244415434752,0.34,8.389923101247817,8.389923101247817,60.73610774397976,2.3265818401905096,-44.54525315785247,0.4888327774068097,,592047,34132.35589255142,0.05765142951919598,3.7957190747385954
932,18.89452486857695,1.9009152503823306,0.0856407434734605,20.881080862432743,0.34,7.099567493227133,7.099567493227133,60.931607764409605,2.2220288378519086,-44.75036792435348,0.48585328164660146,,593460,34132.86855078923,0.057515028057138186,3.789391106740276
933,15.716309339201832,1.5909580917479706,0.07028286354259512,17.377550294492398,0.39,6.7772446148520356,6.7772446148520356,61.12745647397877,2.1170977757538876,-44.955274704324154,0.4828628000389399,,594873,34133.33748387993,0.05737920107969252,3.7830897903642056
934,12.821886690572203,1.3060747918196896,0.056549517448157186,14.18451099984005,0.33,4.6808886299472166,4.6808886299472166,61.32365046237687,2.0117903782037225,-45.15997416903569,0.47986138951828394,,596286,34133.64702683136,0.05724375052714865,3.7768059371787523
935,10.225877189095927,1.0482177721213453,0.044460140567181186,11.318555101784453,0.32,3.621937632571025,3.621937632571025,61.520186356407955,1.9061083689912894,-45.36446700463951,0.4768491072271634,,597699,34133.87527874146,0.057108804396094795,3.7705454852310747
936,7.93976552221787,0.8190693967086838,0.0340155402898315,8.792850459216385,0.29,2.5499266331727517,2.5499266331727517,61.71706081958473,1.800053471337774,-45.56875391208595,0.47382601051509127,,599112,34134.02792216783,0.05697436860247805,3.76430870897515
937,5.970659747060525,0.6199048344635271,0.025193465158586486,6.615758046682639,0.31,2.050884994471618,2.050884994471618,61.914270551725714,1.6936274078452735,-45.77283560704319,0.47079215693747123,,600525,34134.144116994255,0.05684050475333126,3.758098466498615
938,4.319882192122354,0.4514319069223977,0.017944006355249453,4.789258105400002,0.3,1.4367774316200006,1.4367774316200006,62.111812288555164,1.5868319004473743,-45.976712819816406,0.46774760425450196,,601938,34134.22084154515,0.056707203800964806,3.751914338058972
939,2.981477626984675,0.3136157717685569,0.012185289533631235,3.3072786882868628,0.29,0.9591108196031901,0.9591108196031901,62.309682801305854,1.4796686703606567,-46.18038629526727,0.4646924104300781,,603351,34134.26888757909,0.056574479676969276,3.745756969973776
940,1.9408086896462762,0.2055056613105826,0.00780021608579273,2.1541145670426514,0.3,0.6462343701127954,0.6462343701127954,62.507878896325096,1.372139438037119,-46.38385679273382,0.46162663363068585,,604764,34134.299090380424,0.05644234625470502,3.739627005859151
941,1.173527660493539,0.12509450647650838,0.004635394322053836,1.3032575612921011,0.3,0.3909772683876303,0.3909772683876303,62.70639741468339,1.2642459231175265,-46.58712508595053,0.45855033222429653,,606177,34134.31602990668,0.05631080695886957,3.7335246045944523
942,0.6453573479585515,0.06925937024048091,0.0025037956407692723,0.7171205138398017,0.29,0.20796494901354248,0.20796494901354248,62.90523523178643,1.1559898443856984,-46.79019196296894,0.45546356477925426,,607590,34134.324319754116,0.05617986523766704,3.7274499261495584
943,0.3132381072630355,0.033846688214143605,0.0011928864825405344,0.34827768195971964,0.23,0.08010386685073552,0.08010386685073552,63.10438925699004,1.0473729197237334,-46.993058226078496,0.452366390063162,,609003,34134.32723091775,0.056049522302710736,3.721403026733912
944,0.1283933167898553,0.013969397666039789,0.0004796197201800305,0.14284233417607511,0.23,0.03285373686049728,0.03285373686049728,63.30385643321823,0.9383968660681116,-47.195724691727975,0.44925886704176166,,610416,34134.328307427815,0.05591977980168904,3.715383982787452
945,0.041531504283146975,0.004550272353326949,0.00015207178808080473,0.046233848424554726,0.23,0.010633785137647588,0.010633785137647588,63.503633736584426,0.8290633993667672,-47.39819219044717,0.4461410548778124,,611829,34134.328617229134,0.05579063532004716,3.7093926822935974
946,0.009501504600293127,0.0010483536695233891,3.4075838724668285e-05,0.010583934108541184,0.23,0.0024343048449644725,0.0024343048449644725,63.70371817601595,0.7193742345370302,-47.6004615667692,0.44301301292996326,,613242,34134.328679162485,0.05566208557007264,3.7034289727280347
947,0.0012719441837940751,0.00014134188878861688,4.4642748927648984e-06,0.001417750347475457,0.24,0.00034026008339410965,0.00034026008339410965,63.90410679288138,0.6093310854245363,-47.8025336791531,0.4398748007516243,,614655,34134.328686542765,0.055534126764677366,3.6974926783993025
948,6.959857263060794e-05,7.789735823856959e-06,2.3885489254498016e-07,7.762716334700988e-05,0.24,1.863051920328237e-05,1.863051920328237e-05,64.10479666062157,0.49893566476298995,-48.004409399907146,0.4367264780898313,,616068,34134.32868687582,0.05540675491484028,3.6915836142478176
949,7.200109520783116e-07,8.117339239124105e-08,2.413906839554778e-09,8.035982513091074e-07,0.23,1.848275978010947e-07,1.848275978010947e-07,64.30578488438356,0.38818968413488564,-48.20608961511241,0.43356810488410985,,617481,34134.32868687841,0.05527996600199587,3.685701593843364
950,1.8789699795835461e-10,2.1339279892402177e-11,6.1477663467799e-13,2.0985105448543477e-10,0.27,5.6659784711067395e-11,5.6659784711067395e-11,64.50706860065773,0.27709485393311206,-48.40757522454712,0.4303997412653332,,618894,34134.32868687841,0.05515375603395478,3.679846431979376
951,7.154280697286313e-19,8.185493131071159e-20,2.2820073260833404e-21,7.995650083654263e-19,0.27,2.1588255225866511e-19,2.1588255225866511e-19,64.70864497691855,0.1656528833234335,-48.60886714161136,0.4272214475545775,,620307,34134.32868687841,0.05502812105437858,3.6740179451124915
952,2.6469426450072677e-62,3.051240942695686e-63,8.221520576912114e-65,2.9602882598537483e-62,0.29,8.584835953575869e-63,8.584835953575869e-63,64.91051121126823,0.05386548020792777,-48.809966293252515,0.4240332842619735,,621720,34134.32868687841,0.05490305714289136,3.684405733330163
953,0,0,0,0,0.3,0,0,65.11266453208373,-0.05826564881074186,-49.01087361989114,0.42083531208555464,,0,34134.32868687841,,3.6945435215478346
954,0,0,0,0,0.3,0,0,65.31510219766729,-0.17073879846409618,-49.21159007534757,0.41762759191010124,,0,34134.32868687841,,3.704681309765506
955,0,0,0,0,0.3,0,0,65.5178214958999,-0.28355226485178686,-49.41211662676903,0.4144101848059818,,0,34134.32868687841,,3.7148190979831774
956,0,0,0,0,0.27,0,0,65.72081974389835,-0.39670434547461064,-49.6124542545575,0.41118315202798983,,0,34134.32868687841,,3.725706886200849
957,0,0,0,0,0.28,0,0,65.92409428767542,-0.5101933392666568,-49.81260395229824,0.4079465550141776,,0,34134.32868687841,,3.7363446744185205
958,0,0,0,0,0.26,0,0,66.12764250180346,-0.6240175466265862,-50.012566726688846,0.4047004553846868,,0,34134.32868687841,,3.7474824626361922
959,0,0,0,0,0.61,0,0,66.33146178908116,-0.7381752694480074,-50.21234359746914,0.40144491494057566,,0,34134.32868687841,,3.749870250853864
960,0,0,0,0,0.94,0,0,66.53554958020374,-0.8526648111490253,-50.411935597351786,0.39817999566264084,,0,34134.32868687841,,3.7440080390715353
961,0,0,0,0,0.94,0,0,66.73990333343635,-0.9674844767008695,-50.611343771953464,0.39490575971023933,,0,34134.32868687841,,3.7381458272892067
962,0,0,0,0,0.94,0,0,66.94452053429067,-1.0826325726556902,-50.81056917972693,0.3916222694201042,,0,34134.32868687841,,3.732283615506878
963,0,0,0,0,0.9,0,0,67.14939869520504,-1.1981074071735094,-51.00961289189384,0.38832958730515726,,0,34134.32868687841,,3.72742140372455
964,0,0,0,0,0.88,0,0,67.3545353552276,-1.3139072900482578,-51.20847599237823,0.3850277760533196,,0,34134.32868687841,,3.7230591919422213
965,0,0,0,0,0.85,0,0,67.55992807970276,-1.4300305327330147,-51.407159577740856,0.38171689852631835,,0,34134.32868687841,,3.719446980159893
966,0,0,0,0,0.85,0,0,67.76557445996102,-1.546475448364385,-51.605664757114376,0.37839701775848883,,0,34134.32868687841,,3.7158347683775643
967,0,0,0,0,0.84,0,0,67.9714721130119,-1.6632403517860253,-51.80399265213922,0.3750681969555755,,0,34134.32868687841,,3.712472556595236
968,0,0,0,0,0.87,0,0,68.17761868124015,-1.7803235595713283,-52.00214439690041,0.371730499493528,,0,34134.32868687841,,3.708360344812908
969,0,0,0,0,0.87,0,0,68.38401183210514,-1.897723390045247,-52.200121137865196,0.36838398891729474,,0,34134.32868687841,,3.7042481330305796
970,0,0,0,0,0.87,0,0,68.59064925784347,-2.015438163305368,-52.39792403382145,0.3650287289396131,,0,34134.32868687841,,3.7001359212482514
971,0,0,0,0,0.87,0,0,68.79752867517469,-2.133466201242033,-52.59555425581701,0.36166478343979713,,0,34134.32868687841,,3.696023709465923
972,0,0,0,0,0.92,0,0,69.00464782501038,-2.2518058275577726,-52.79301298710001,0.35829221646251946,,0,34134.32868687841,,3.6906614976835947
973,0,0,0,0,0.93,0,0,69.21200447216607,-2.3704553677857882,-52.99030142305988,0.35491109221659406,,0,34134.32868687841,,3.6850492859012665
974,0,0,0,0,0.92,0,0,69.41959640507652,-2.4894131493077056,-53.18742077116938,0.35152147507375286,,0,34134.32868687841,,3.679687074118938
975,0,0,0,0,0.92,0,0,69.62742143551398,-2.60867750137051,-53.38437225092754,0.3481234295674203,,0,34134.32868687841,,3.6743248623366096
976,0,0,0,0,0.96,0,0,69.83547739830966,-2.7282467551026213,-53.58115709380353,0.3447170203914847,,0,34134.32868687841,,3.6679626505542813
977,0,0,0,0,0.95,0,0,70.04376215107816,-2.8481192435292,-53.777776543181524,0.34130231239906655,,0,34134.32868687841,,3.661850438771953
978,0,0,0,0,1,0,0,70.25227357394498,-2.9682933015866833,-53.9742318543064,0.3378793706012832,,0,34134.32868687841,,3.6544882269896246
979,0,0,0,0,1,0,0,70.461009569277,-3.088767266136444,-54.1705242942304,0.33444826016601326,,0,34134.32868687841,,3.6471260152072964
980,0,0,0,0,1,0,0,70.6699680614161,-3.2095394759777562,-54.36665514176096,0.33100904641665313,,0,34134.32868687841,,3.639763803424968
981,0,0,0,0,1,0,0,70.87914699641568,-3.3306082718598824,-54.562625687409316,0.32756179483087533,,0,34134.32868687841,,3.63240159164264
982,0,0,0,0,1,0,0,71.08854434178012,-3.4519719964934517,-54.75843723334027,0.32410657103938056,,0,34134.32868687841,,3.6250393798603118
983,0,0,0,0,1,0,0,71.2981580862072,-3.5736289945610267,-54.95409109332272,0.32064344082464935,,0,34134.32868687841,,3.6176771680779836
984,0,0,0,0,1,0,0,71.50798623933332,-3.695577612726844,-55.14958859268152,0.31717247011968935,,0,34134.32868687841,,3.6103149562956554
985,0,0,0,0,1,0,0,71.71802683148199,-3.8178161996459186,-55.34493106825016,0.3136937250067791,,0,34134.32868687841,,3.602952744513327
986,0,0,0,0,0.96,0,0,71.92827791341468,-3.940343105972232,-55.54011986832452,0.3102072717162113,,0,34134.32868687841,,3.596590532730999
987,0,0,0,0,0.96,0,0,72.1387375560848,-4.06315668436627,-55.73515635261769,0.30671317662503067,,0,34134.32868687841,,3.5902283209486705
988,0,0,0,0,0.87,0,0,72.34940385039455,-4.186255289501719,-55.93004189221589,0.3032115062557715,,0,34134.32868687841,,3.5861161091663423
989,0,0,0,0,0.83,0,0,72.5602749069543,-4.309637278071486,-56.124777869535315,0.2997023272751897,,0,34134.32868687841,,3.583003897384014
990,0,0,0,0,0.83,0,0,72.77134885584506,-4.433301008792889,-56.31936567828019,0.2961857064929952,,0,34134.32868687841,,3.5798916856016856
991,0,0,0,0,0.84,0,0,72.98262384638339,-4.557244842412188,-56.51380672340195,0.29266171086057785,,0,34134.32868687841,,3.5765294738193574
992,0,0,0,0,0.87,0,0,73.19409804688927,-4.681467141708278,-56.70810242105922,0.2891304074697353,,0,34134.32868687841,,3.572417262037029
993,0,0,0,0,0.86,0,0,73.40576964445641,-4.805966271495717,-56.902254198579264,0.28559186355139393,,0,34134.32868687841,,3.5685550502547008
994,0,0,0,0,0.86,0,0,73.61763684472565,-4.93074059862701,-57.096263494420334,0.2820461464743289,,0,34134.32868687841,,3.5646928384723724
995,0,0,0,0,0.87,0,0,73.8296978716604,-5.0557884919941465,-57.290131758135104,0.27849332374388236,,0,34134.32868687841,,3.560580626690044
996,0,0,0,0,0.89,0,0,74.04195096732523,-5.181108322529368,-57.483860450335385,0.2749334630006779,,0,34134.32868687841,,3.5559684149077158
997,0,0,0,0,0.79,0,0,74.25439439166679,-5.30669846320532,-57.67745104265779,0.2713666320193327,,0,34134.32868687841,,3.5538562031253873
998,0,0,0,0,0.79,0,0,74.46702642229727,-5.4325572890343965,-57.87090501773075,0.2677928987071668,,0,34134.32868687841,,3.551743991343059
999,0,0,0,0,0.83,0,0,74.67984535428054,-5.558683177067371,-58.06422386914237,0.2642123311029118,,0,34134.32868687841,,3.5486317795607305
1000,0,0,0,0,0.84,0,0,74.89284949992079,-5.685074506391417,-58.25740910140981,0.2606249973754129,,0,34134.32868687841,,3.5452695677784023
1001,0,0,0,0,0.85,0,0,75.10603718855339,-5.811729658127266,-58.450462229949515,0.25703096582233353,,0,34134.32868687841,,3.541657355996074
1002,0,0,0,0,1,0,0,75.31940676633859,-5.938647015425808,-58.643384781048745,0.2534303048688539,,0,34134.32868687841,,3.5342951442137456
1003,0,0,0,0,1,0,0,75.53295659605743,-6.065824963463873,-58.83617829183831,0.24982308306636816,,0,34134.32868687841,,3.5269329324314174
1004,0,0,0,0,1,0,0,75.74668505691007,-6.1932618894394285,-59.028844310266436,0.24620936909117938,,0,34134.32868687841,,3.519570720649089
1005,0,0,0,0,1,0,0,75.96059054431649,-6.32095618256596,-59.221384395073684,0.2425892317431935,,0,34134.32868687841,,3.512208508866761
1006,0,0,0,0,1,0,0,76.17467146971973,-6.448906234066295,-59.41380011576944,0.23896273994460654,,0,34134.32868687841,,3.5048462970844327
1007,0,0,0,0,1,0,0,76.38892626039114,-6.5771104371656195,-59.60609305260918,0.235329962738595,,0,34134.32868687841,,3.4974840853021045
1008,0,0,0,0,1,0,0,76.60335335923826,-6.705567187083906,-59.79826479657314,0.23169096928800056,,0,34134.32868687841,,3.4901218735197763
1009,0,0,0,0,1,0,0,76.81795122461463,-6.83427488102759,-59.990316949346266,0.2280458288740129,,0,34134.32868687841,,3.482759661737448
1010,0,0,0,0,1,0,0,77.03271833013231,-6.9632319181806555,-60.182251123299174,0.22439461089485108,,0,34134.32868687841,,3.47539744995512
1011,0,0,0,0,1,0,0,77.24765316447606,-7.092436699694928,-60.37406894147057,0.22073738486444236,,0,34134.32868687841,,3.4680352381727917
1012,0,0,0,0,1,0,0,77.46275423122025,-7.221887628679825,-60.56577203755067,0.21707422041109864,,0,34134.32868687841,,3.4606730263904635
1013,0,0,0,0,1,0,0,77.67802004864764,-7.351583110191349,-60.75736205586612,0.21340518727619046,,0,34134.32868687841,,3.4533108146081353
1014,0,0,0,0,1,0,0,77.89344914957026,-7.481521551220463,-60.94884065136576,0.20973035531282042,,0,34134.32868687841,,3.445948602825807
1015,0,0,0,0,1,0,0,78.10904008115278,-7.611701360680788,-61.14020948960808,0.20604979448449182,,0,34134.32868687841,,3.438586391043479
1016,0,0,0,0,1,0,0,78.32479140473755,-7.742120949395668,-61.33147024674972,0.20236357486377696,,0,34134.32868687841,,3.4312241792611506
1017,0,0,0,0,1,0,0,78.54070169567188,-7.872778730084523,-61.522624609535,0.1986717666309844,,0,34134.32868687841,,3.4238619674788224
1018,0,0,0,0,1,0,0,78.75676954313757,-8.00367311734864,-61.7136742752872,0.19497444007282105,,0,34134.32868687841,,3.4164997556964942
1019,0,0,0,0,0.99,0,0,78.97299354998208,-8.134802527656204,-61.904620951900704,0.19127166558105474,,0,34134.32868687841,,3.409387543914166
1020,0,0,0,0,0.99,0,0,79.189372332552,-8.266165379326813,-62.09546635783446,0.1875635136511751,,0,34134.32868687841,,3.4022753321318375
1021,0,0,0,0,1,0,0,79.40590452052845,-8.397760092515215,-62.286212222107096,0.18385005488104875,,0,34134.32868687841,,3.3949131203495093
1022,0,0,0,0,1,0,0,79.6225887567642,-8.529585089194503,-62.47686028429266,0.18013135996957874,,0,34134.32868687841,,3.387550908567181
1023,0,0,0,0,1,0,0,79.83942369712317,-8.661638793138659,-62.66741229451831,0.176407499715355,,0,34134.32868687841,,3.380188696784853
1024,0,0,0,0,1,0,0,80.05640801032118,-8.793919629904373,-62.85787001346273,0.1726785450153098,,0,34134.32868687841,,3.3728264850025247
1025,0,0,0,0,1,0,0,80.27354037776938,-8.926426026812392,-63.04823521235638,0.16894456686336468,,0,34134.32868687841,,3.3654642732201965
1026,0,0,0,0,1,0,0,80.4908194934188,-9.05915641292807,-63.238509672982495,0.16520563634908147,,0,34134.32868687841,,3.3581020614378683
1027,0,0,0,0,1,0,0,80.70824406360718,-9.19210921904137,-63.42869518767987,0.16146182465630726,,0,34134.32868687841,,3.35073984965554
1028,0,0,0,0,1,0,0,80.92581280690739,-9.32528287764628,-63.61879355934647,0.15771320306182102,,0,34134.32868687841,,3.343377637873212
1029,0,0,0,0,0.72,0,0,81.14352445397789,-9.458675822919496,-63.808806601445006,0.15395984293397333,,0,34134.32868687841,,3.3430154260908833
1030,0,0,0,0,0.74,0,0,81.36137774741451,-9.592286490698573,-63.998736138009015,0.15020181573133168,,0,34134.32868687841,,3.342153214308555
1031,0,0,0,0,0.75,0,0,81.57937144160456,-9.726113318459447,-64.188584003651,0.14643919300131608,,0,34134.32868687841,,3.3410410025262265
1032,0,0,0,0,0.83,0,0,81.79750430258206,-9.860154745293263,-64.37835204357141,0.14267204637884023,,0,34134.32868687841,,3.337928790743898
1033,0,0,0,0,0.83,0,0,82.01577510788513,-9.994409211882697,-64.56804211356913,0.13890044758494519,,0,34134.32868687841,,3.33481657896157
1034,0,0,0,0,0.83,0,0,82.2341826464148,-10.128875160477543,-64.75765608005338,0.13512446842543555,,0,34134.32868687841,,3.3317043671792415
1035,0,0,0,0,0.83,0,0,82.45272571829547,-10.263551034869815,-64.94719582005668,0.13134418078951166,,0,34134.32868687841,,3.328592155396913
1036,0,0,0,0,0.83,0,0,82.67140313473723,-10.398435280368103,-65.13666322124952,0.1275596566484007,,0,34134.32868687841,,3.3254799436145848
1037,0,0,0,0,0.84,0,0,82.89021371789953,-10.533526343771449,-65.32606018195605,0.12377096805398695,,0,34134.32868687841,,3.3221177318322566
1038,0,0,0,0,0.85,0,0,83.10915630075647,-10.668822673342481,-65.5153886111713,0.11997818713744021,,0,34134.32868687841,,3.318505520049928
1039,0,0,0,0,0.85,0,0,83.3282297269638,-10.804322718780076,-65.70465042857961,0.11618138610784233,,0,34134.32868687841,,3.3148933082675995
1040,0,0,0,0,0.85,0,0,83.5474328507274,-10.940024931191306,-65.89384756457471,0.11238063725081117,,0,34134.32868687841,,3.311281096485271
1041,0,0,0,0,0.83,0,0,83.7667645366732,-11.075927763062834,-66.08298196028075,0.1085760129271267,,0,34134.32868687841,,3.3081688847029427
1042,0,0,0,0,0.81,0,0,83.98622365971869,-11.21202966823167,-66.272055567575,0.1047675855713513,,0,34134.32868687841,,3.305556672920614
1043,0,0,0,0,0.76,0,0,84.2058091049458,-11.348329101855388,-66.46107034911165,0.10095542769045295,,0,34134.32868687841,,3.3041944611382856
1044,0,0,0,0,0.67,0,0,84.42551976747549,-11.484824520381625,-66.65002827834748,0.09713961186242193,,0,34134.32868687841,,3.3050822493559573
1045,0,0,0,0,0.79,0,0,84.64535455234349,-11.621514381517144,-66.83893133956816,0.09332021073489162,,0,34134.32868687841,,3.302970037573629
1046,0,0,0,0,0.79,0,0,84.86531237437761,-11.758397144196104,-67.02778152791664,0.08949729702375409,,0,34134.32868687841,,3.3008578257913004
1047,0,0,0,0,0.9,0,0,85.08539215807644,-11.895471268547904,-67.2165808494225,0.08567094351177496,,0,34134.32868687841,,3.295995614008972
1048,0,0,0,0,0.9,0,0,85.3055928374894,-12.032735215864289,-67.4053313210327,0.08184122304721018,,0,34134.32868687841,,3.291133402226644
1049,0,0,0,0,0.77,0,0,85.52591335609814,-12.17018744856596,-67.59403497064392,0.07800820854241716,,0,34134.32868687841,,3.2895211904443156
1050,0,0,0,0,0.77,0,0,85.74635266669942,-12.307826430168499,-67.78269383713629,0.07417197297246612,,0,34134.32868687841,,3.2879089786619873
1051,0,0,0,0,0.8,0,0,85.96690973128905,-12.445650625247763,-67.9713099704081,0.0703325893737532,,0,34134.32868687841,,3.285546766879659
1052,0,0,0,0,0.9,0,0,86.18758352094738,-12.58365849940465,-68.15988543141255,0.06649013084260738,,0,34134.32868687841,,3.2806845550973307
1053,0,0,0,0,0.76,0,0,86.40837301572594,-12.72184851922923,-68.34842229219534,0.06264467053390071,,0,34134.32868687841,,3.2793223433150023
1054,0,0,0,0,0.76,0,0,86.6292772045354,-12.860219152264355,-68.53692263593399,0.05879628165965456,,0,34134.32868687841,,3.277960131532674
1055,0,0,0,0,0.81,0,0,86.85029508503483,-12.998768866968632,-68.72538855697856,0.05494503748764457,,0,34134.32868687841,,3.2753479197503452
1056,0,0,0,0,0.81,0,0,87.07142566352199,-13.137496132678729,-68.91382216089347,0.05109101134000908,,0,34134.32868687841,,3.2727357079680166
1057,0,0,0,0,1,0,0,87.29266795482502,-13.276399419571211,-69.10222556450114,0.04723427659185044,,0,34134.32868687841,,3.2653734961856884
1058,0,0,0,0,1,0,0,87.51402098219532,-13.41547719862367,-69.29060089592681,0.04337490666983888,,0,34134.32868687841,,3.25801128440336
1059,0,0,0,0,1,0,0,87.73548377720145,-13.554727941575281,-69.4789502946448,0.03951297505081525,,0,34134.32868687841,,3.250649072621032
1060,0,0,0,0,0.97,0,0,87.95705537962446,-13.694150120886816,-69.66727591152649,0.03564855526038946,,0,34134.32868687841,,3.2440368608387034
1061,0,0,0,0,1,0,0,88.17873483735403,-13.833742209699949,-69.85557990888907,0.031781720871544475,,0,34134.32868687841,,3.236674649056375
1062,0,0,0,0,1,0,0,88.40052120628589,-13.973502681796061,-70.04386446054639,0.027912545503233428,,0,34134.32868687841,,3.229312437274047
1063,0,0,0,0,0.96,0,0,88.6224135502205,-14.113430011554346,-70.232131751861,0.02404110281897776,,0,34134.32868687841,,3.2229502254917186
1064,0,0,0,0,0.96,0,0,88.84441094076254,-14.253522673909407,-70.42038397979756,0.020167466525465385,,0,34134.32868687841,,3.2165880137093903
1065,0,0,0,0,0.97,0,0,89.06651245722169,-14.393779144308157,-70.60862335297772,0.016291710371147697,,0,34134.32868687841,,3.2099758019270617
1066,0,0,0,0,0.38,0,0,89.28871718651419,-14.534197898666191,-70.7968520917364,0.012413908144835875,,0,34134.32868687841,,3.2181135901447333
1067,0,0,0,0,0.39,0,0,89.51102422306602,-14.674777413323461,-70.98507242817996,0.00853413367429314,,0,34134.32868687841,,3.226001378362405
1068,0,0,0,0,0.37,0,0,89.73343266871618,-14.815516164999455,-71.17328660624491,0.004652460824834201,,0,34134.32868687841,,3.2343891665800766
1069,0,0,0,0,0.4,0,0,89.95594163262197,-14.956412630747622,-71.36149688175912,0.0007689634979143855,,0,34134.32868687841,,3.242026954797748
1070,0,0,0,0,0.38,0,0,90.17855023116459,-15.097465287909358,-71.54970552250377,-0.003116284370276024,,0,34134.32868687841,,3.2501647430154197
1071,0,0,0,0,0.38,0,0,90.40125758785587,-15.238672614067164,-71.73791480827691,-0.007003208810217128,,0,34134.32868687841,,3.2583025312330913
1072,0,0,0,0,0.38,0,0,90.62406283324609,-15.380033086997393,-71.92612703095872,-0.010891735820470688,,0,34134.32868687841,,3.266440319450763
1073,0,0,0,0,0.38,0,0,90.8469651048327,-15.521545184622251,-72.11434449457803,-0.014781791369087811,,0,34134.32868687841,,3.2745781076684346
1074,0,0,0,0,0.38,0,0,91.06996354696982,-15.663207384961185,-72.30256951538034,-0.01867330139501769,,0,34134.32868687841,,3.2827158958861062
1075,0,0,0,0,0.39,0,0,91.29305731077888,-15.805018166081725,-72.49080442189744,-0.022566191809519635,,0,34134.32868687841,,3.290603684103778
1076,0,0,0,0,0.39,0,0,91.5162455540599,-15.946976006049626,-72.67905155501818,-0.026460388497570892,,0,34134.32868687841,,3.29849147232145
1077,0,0,0,0,0.4,0,0,91.73952744120399,-16.08907938287837,-72.86731326806132,-0.03035581731928102,,0,34134.32868687841,,3.3061292605391213
1078,0,0,0,0,0.42,0,0,91.96290214310618,-16.23132677447814,-73.05559192684903,-0.03425240411129882,,0,34134.32868687841,,3.313267048756793
1079,0,0,0,0,0.91,0,0,92.18636883707983,-16.37371665860402,-73.24388990978285,-0.03815007468822985,,0,34134.32868687841,,3.3081548369744644
1080,0,0,0,0,0.89,0,0,92.40992670677123,-16.516247512803695,-73.43220960792023,-0.04204875484404438,,0,34134.32868687841,,3.303542625192136
1081,0,0,0,0,0.9,0,0,92.63357494207531,-16.658917814364386,-73.62055342505319,-0.04594837035349204,,0,34134.32868687841,,3.2986804134098078
1082,0,0,0,0,0.88,0,0,92.85731273905215,-16.801726040259226,-73.80892377778817,-0.04984884697351438,,0,34134.32868687841,,3.2943182016274792
1083,0,0,0,0,0.91,0,0,93.08113929984428,-16.944670667093003,-73.99732309562755,-0.05375011044465972,,0,34134.32868687841,,3.2892059898451507
1084,0,0,0,0,0.9,0,0,93.30505383259461,-17.08775017104716,-74.1857538210524,-0.05765208649249342,,0,34134.32868687841,,3.2843437780628224
1085,0,0,0,0,0.91,0,0,93.52905555136552,-17.230963027824256,-74.37421840960734,-0.061554700829018184,,0,34134.32868687841,,3.279231566280494
1086,0,0,0,0,0.89,0,0,93.75314367605807,-17.374307712591687,-74.56271932998604,-0.06545787915408181,,0,34134.32868687841,,3.2746193544981654
1087,0,0,0,0,0.76,0,0,93.97731743233248,-17.51778269992477,-74.75125906411886,-0.06936154715679455,,0,34134.32868687841,,3.273257142715837
1088,0,0,0,0,0.75,0,0,94.20157605152929,-17.661386463749228,-74.93984010726207,-0.07326563051694626,,0,34134.32868687841,,3.2721449309335084
1089,0,0,0,0,0.75,0,0,94.42591877059076,-17.805117477282874,-75.12846496808787,-0.07717005490641578,,0,34134.32868687841,,3.27103271915118
1090,0,0,0,0,0.7,0,0,94.65034483198356,-17.948974212976772,-75.31713616877694,-0.08107474599059171,,0,34134.32868687841,,3.2711705073688515
1091,0,0,0,0,0.68,0,0,94.87485348362179,-18.092955142455665,-75.50585624511157,-0.08497962942978397,,0,34134.32868687841,,3.2718082955865233
1092,0,0,0,0,0.7,0,0,95.09944397879072,-18.237058736457644,-75.69462774657092,-0.08888463088063996,,0,34134.32868687841,,3.271946083804195
1093,0,0,0,0,0.78,0,0,95.32411557607135,-18.381283464773286,-75.88345323642775,-0.09278967599756233,,0,34134.32868687841,,3.2700838720218663
1094,0,0,0,0,0.78,0,0,95.54886753926522,-18.525627796183986,-76.07233529184627,-0.0966946904341204,,0,34134.32868687841,,3.2682216602395378
1095,0,0,0,0,0.78,0,0,95.77369913732038,-18.670090198399667,-76.26127650398193,-0.1005995998444682,,0,34134.32868687841,,3.266359448457209
1096,0,0,0,0,0.78,0,0,95.99860964425751,-18.81466913799573,-76.45027947808272,-0.10450432988476006,,0,34134.32868687841,,3.2644972366748806
1097,0,0,0,0,0.78,0,0,96.22359833909682,-18.959363080349377,-76.63934683359166,-0.10840880621456346,,0,34134.32868687841,,3.262635024892552
1098,0,0,0,0,0.78,0,0,96.44866450578571,-19.10417048957516,-76.82848120425133,-0.11231295449827768,,0,34134.32868687841,,3.2607728131102234
1099,0,0,0,0,0.86,0,0,96.67380743312665,-19.249089828459905,-77.01768523820957,-0.1162167004065472,,0,34134.32868687841,,3.256910601327895
1100,0,0,0,0,0.89,0,0,96.89902641470589,-19.394119558396806,-77.20696159812678,-0.1201199696176769,,0,34134.32868687841,,3.2522983895455666
1101,0,0,0,0,0.88,0,0,97.12432074882268,-19.5392581393189,-77.39631296128505,-0.12402268781904868,,0,34134.32868687841,,3.247936177763238
1102,0,0,0,0,0.89,0,0,97.34968973841873,-19.68450402963174,-77.58574201969813,-0.12792478070853155,,0,34134.32868687841,,3.2433239659809097
1103,0,0,0,0,0.9,0,0,97.57513269100882,-19.829855686145443,-77.77525148022399,-0.13182617399590257,,0,34134.32868687841,,3.2384617541985814
1104,0,0,0,0,0.88,0,0,97.80064891861126,-19.97531156400583,-77.96484406467813,-0.13572679340425817,,0,34134.32868687841,,3.234099542416253
1105,0,0,0,0,0.88,0,0,98.02623773767914,-20.12087011662504,-78.1545225099484,-0.13962656467142617,,0,34134.32868687841,,3.2297373306339243
1106,0,0,0,0,0.85,0,0,98.25189846903213,-20.266529795611174,-78.34428956811212,-0.14352541355138332,,0,34134.32868687841,,3.226125118851596
1107,0,0,0,0,0.85,0,0,98.47763043778868,-20.41228905069738,-78.53414800655399,-0.14742326581566753,,0,34134.32868687841,,3.2225129070692673
1108,0,0,0,0,0.91,0,0,98.70343297329853,-20.55814632967003,-78.72410060808583,-0.1513200472547897,,0,34134.32868687841,,3.2174006952869387
1109,0,0,0,0,0.47,0,0,98.929305409076,-20.70410007829622,-78.91415017106809,-0.15521568367964908,,0,34134.32868687841,,3.2232884835046103
1110,0,0,0,0,0.54,0,0,99.15524708273324,-20.850148740250454,-79.10429950953241,-0.1591101009229429,,0,34134.32868687841,,3.227426271722282
1111,0,0,0,0,0.46,0,0,99.3812573359144,-20.99629075704058,-79.29455145330624,-0.16300322484058039,,0,34134.32868687841,,3.2335640599399533
1112,0,0,0,0,0.46,0,0,99.60733551422993,-21.142524567932895,-79.48490884813889,-0.16689498131309516,,0,34134.32868687841,,3.2397018481576247
1113,0,0,0,0,0.54,0,0,99.83348096719114,-21.288848609876517,-79.6753745558286,-0.17078529624705197,,0,34134.32868687841,,3.2438396363752964
1114,0,0,0,0,0.65,0,0,100.05969304814558,-21.435261317426914,-79.86595145435217,-0.17467409557646305,,0,34134.32868687841,,3.2452274245929678
1115,0,0,0,0,0.65,0,0,100.28597111421242,-21.581761122668656,-80.05664243799532,-0.17856130526419564,,0,34134.32868687841,,3.246615212810639
1116,0,0,0,0,0.7,0,0,100.51231452621819,-21.728346455137284,-80.24745041748474,-0.18244685130337968,,0,34134.32868687841,,3.2467530010283108
1117,0,0,0,0,0.75,0,0,100.73872264863316,-21.8750157417405,-80.43837832012206,-0.1863306597188201,,0,34134.32868687841,,3.245640789245982
1118,0,0,0,0,0.76,0,0,100.96519484950774,-22.02176740667838,-80.62942908991894,-0.19021265656840322,,0,34134.32868687841,,3.244278577463654
1119,0,0,0,0,0.79,0,0,101.19173050040918,-22.168599871362794,-80.82060568773389,-0.1940927679445031,,0,34134.32868687841,,3.2421663656813253
1120,0,0,0,0,0.79,0,0,101.41832897635912,-22.315511554336105,-81.0119110914109,-0.19797091997539376,,0,34134.32868687841,,3.240054153898997
1121,0,0,0,0,0.79,0,0,101.64498965577066,-22.462500871188812,-81.203348295919,-0.20184703882665023,,0,34134.32868687841,,3.2379419421166684
1122,0,0,0,0,0.89,0,0,101.87171192038619,-22.609566234476528,-81.39492031349393,-0.20572105070255672,,0,34134.32868687841,,3.23332973033434
1123,0,0,0,0,0.89,0,0,102.09849515521546,-22.756706053635924,-81.58663017378113,-0.2095928818475122,,0,34134.32868687841,,3.2287175185520116
1124,0,0,0,0,0.89,0,0,102.32533874847365,-22.903918734899957,-81.77848092398006,-0.21346245854743173,,0,34134.32868687841,,3.224105306769683
1125,0,0,0,0,0.6,0,0,102.55224209152001,-23.051202681212075,-81.97047562899053,-0.21732970713115365,,0,34134.32868687841,,3.226743094987355
1126,0,0,0,0,0.78,0,0,102.77920457879652,-23.198556292139667,-82.16261737156012,-0.22119455397183937,,0,34134.32868687841,,3.224880883205026
1127,0,0,0,0,0.84,0,0,103.00622560776671,-23.345977963786464,-82.35490925243323,-0.22505692548837555,,0,34134.32868687841,,3.221518671422698
1128,0,0,0,0,0.84,0,0,103.23330457885498,-23.49346608870421,-82.5473543905019,-0.22891674814677648,,0,34134.32868687841,,3.21815645964037
1129,0,0,0,0,0.84,0,0,103.46044089538574,-23.641019055803202,-82.73995592295776,-0.23277394846158173,,0,34134.32868687841,,3.2147942478580416
1130,0,0,0,0,0.73,0,0,103.68763396352311,-23.788635250262185,-82.93271700544585,-0.2366284529972585,,0,34134.32868687841,,3.214182036075713
1131,0,0,0,0,0.77,0,0,103.9148831922104,-23.936313053436983,-83.1256408122197,-0.24048018836959695,,0,34134.32868687841,,3.212569824293385
1132,0,0,0,0,0.76,0,0,104.14218799310983,-24.084050842768484,-83.31873053629766,-0.2443290812471059,,0,34134.32868687841,,3.2112076125110565
1133,0,0,0,0,0.69,0,0,104.36954778054289,-24.231846991689483,-83.51198938962166,-0.2481750583524141,,0,34134.32868687841,,3.211595400728728
1134,0,0,0,0,0.72,0,0,104.59696197142995,-24.379699869530658,-83.70542060321627,-0.2520180464636608,,0,34134.32868687841,,3.2112331889463994
1135,0,0,0,0,0.78,0,0,104.82442998523082,-24.527607841425528,-83.89902742735022,-0.25585797241589325,,0,34134.32868687841,,3.209370977164071
1136,0,0,0,0,0.81,0,0,105.05195124388472,-24.6755692682145,-84.0928131316985,-0.2596947631024558,,0,34134.32868687841,,3.206758765381742
1137,0,0,0,0,0.8,0,0,105.2795251717507,-24.823582506347798,-84.2867810055066,-0.26352834547638293,,0,34134.32868687841,,3.204396553599414
1138,0,0,0,0,0.51,0,0,105.50715119554845,-24.971645907787554,-84.48093435775621,-0.26735864655179464,,0,34134.32868687841,,3.2092843418170856
1139,0,0,0,0,0.52,0,0,105.73482874429813,-25.11975781990875,-84.67527651733153,-0.27118559340527754,,0,34134.32868687841,,3.2139221300347574
1140,0,0,0,0,0.5,0,0,105.96255724926151,-25.26791658539924,-84.86981083318823,-0.2750091131772817,,0,34134.32868687841,,3.219059918252429
1141,0,0,0,0,0.49,0,0,106.19033614388213,-25.416120542158694,-85.06454067452263,-0.27882913307350116,,0,34134.32868687841,,3.2244477064701003
1142,0,0,0,0,0.48,0,0,106.418164863726,-25.564368023196465,-85.25946943094317,-0.28264558036626325,,0,34134.32868687841,,3.230085494687772
1143,0,0,0,0,0.48,0,0,106.64604284642232,-25.712657356528574,-85.45460051264291,-0.28645838239591426,,0,34134.32868687841,,3.2357232829054436
1144,0,0,0,0,0.44,0,0,106.8739695316036,-25.860986865073357,-85.64993735057308,-0.29026746657219693,,0,34134.32868687841,,3.2423610711231152
1145,0,0,0,0,0.43,0,0,107.10194436084673,-26.009354866546357,-85.8454833966189,-0.29407276037564106,,0,34134.32868687841,,3.2492488593407867
1146,0,0,0,0,0.41,0,0,107.32996677761314,-26.15775967335389,-86.04124212377599,-0.2978741913589398,,0,34134.32868687841,,3.2566366475584583
1147,0,0,0,0,0.44,0,0,107.55803622718906,-26.306199592485605,-86.23721702632776,-0.3016716871483243,,0,34134.32868687841,,3.26327443577613
1148,0,0,0,0,0.71,0,0,107.78615215662612,-26.454672925406,-86.43341162002532,-0.30546517544494894,,0,34134.32868687841,,3.2631622239938016
1149,0,0,0,0,0.52,0,0,108.0143140146815,-26.603177967944713,-86.62982944226782,-0.30925458402626416,,0,34134.32868687841,,3.2678000122114734
1150,0,0,0,0,0.43,0,0,108.24252125175823,-26.75171301018577,-86.82647405228448,-0.313039840747395,,0,34134.32868687841,,3.274687800429145
1151,0,0,0,0,0.44,0,0,108.47077331984455,-26.900276336355706,-87.02334903131677,-0.31682087354250493,,0,34134.32868687841,,3.2813255886468164
1152,0,0,0,0,0.45,0,0,108.69906967245514,-27.04886622471046,-87.22045798280472,-0.3205976104261879,,0,34134.32868687841,,3.287713376864488
1153,0,0,0,0,0.45,0,0,108.92740976456896,-27.19748094742119,-87.41780453256958,-0.3243699794948102,,0,34134.32868687841,,3.29410116508216
1154,0,0,0,0,0.53,0,0,109.15579305257044,-27.346118770458855,-87.61539232900323,-0.3281379089279058,,0,34134.32868687841,,3.2984889532998314
1155,0,0,0,0,0.54,0,0,109.3842189941882,-27.49477795347768,-87.81322504325504,-0.33190132698953334,,0,34134.32868687841,,3.302626741517503
1156,0,0,0,0,0.53,0,0,109.61268704843347,-27.643456749697396,-88.01130636941973,-0.3356601620296304,,0,34134.32868687841,,3.3070145297351745
1157,0,0,0,0,0.64,0,0,109.84119667554052,-27.792153405784244,-88.20964002473004,-0.33941434248540175,,0,34134.32868687841,,3.308652317952846
1158,0,0,0,0,0.63,0,0,110.06974733690367,-27.940866161730835,-88.40822974974527,-0.3431637968826556,,0,34134.32868687841,,3.3105401061705177
1159,0,0,0,0,0.62,0,0,110.29833849501772,-28.089593250734726,-88.60707930854683,-0.34690845383719493,,0,34134.32868687841,,3.312677894388189
1160,0,0,0,0,0.61,0,0,110.52696961341387,-28.23833289907578,-88.80619248892822,-0.3506482420561445,,0,34134.32868687841,,3.315065682605861
1161,0,0,0,0,0.44,0,0,110.75564015659853,-28.387083325992258,-89.00557310259074,-0.35438309033932,,0,34134.32868687841,,3.3217034708235325
1162,0,0,0,0,0.24,0,0,110.98434958999252,-28.535842743555655,-89.2052249853418,-0.358112927580613,,0,34134.32868687841,,3.333341259041204
1163,0,0,0,0,0.25,0,0,111.21309737986427,-28.6846093565443,-89.40515199728448,-0.3618376827692788,,0,34134.32868687841,,3.3447290472588755
1164,0,0,0,0,0.24,0,0,111.44188299327087,-28.833381362315553,-89.6053580230219,-0.36555728499135776,,0,34134.32868687841,,3.356366835476547
1165,0,0,0,0,0.83,0,0,111.670705897992,-28.982156950676877,-89.80584697185095,-0.3692716634309838,,0,34134.32868687841,,3.3532546236942187
1166,0,0,0,0,0.84,0,0,111.8995655625144,-29.130934303755414,-90.0066227780413,-0.37298074737251646,,0,34134.32868687841,,3.3498924119118905
1167,0,0,0,0,0.84,0,0,112.12846145573644,-29.2797115958664,-90.20768940065318,-0.3766844661981449,,0,34134.32868687841,,3.3465302001295623
1168,0,0,0,0,0.85,0,0,112.35739304735124,-29.42848699338007,-90.40905082447817,-0.38038274939648686,,0,34134.32868687841,,3.3429179883472337
1169,0,0,0,0,0.77,0,0,112.58635980734675,-29.577258654587435,-90.61071105952183,-0.38407552655689037,,0,34134.32868687841,,3.3413057765649055
1170,0,0,0,0,0.76,0,0,112.81536120615309,-29.726024729564443,-90.81267414155784,-0.38776272737422496,,0,34134.32868687841,,3.339943564782577
1171,0,0,0,0,0.76,0,0,113.04439671453189,-29.87478336003498,-91.01494413225704,-0.39144428164950157,,0,34134.32868687841,,3.3385813530002486
1172,0,0,0,0,0.77,0,0,113.27346580350952,-30.023532679232375,-91.21752511939049,-0.3951201192912086,,0,34134.32868687841,,3.3369691412179203
1173,0,0,0,0,0.32,0,0,113.50256794431414,-30.17227081175949,-91.42042121703993,-0.3987901703167136,,0,34134.32868687841,,3.346606929435592
1174,0,0,0,0,0.33,0,0,113.73170260830378,-30.320995873447533,-91.62363656579565,-0.4024543648535356,,0,34134.32868687841,,3.3559947176532634
1175,0,0,0,0,0.33,0,0,113.96086926689924,-30.469705971213262,-91.82717533296275,-0.40611263314069135,,0,34134.32868687841,,3.365382505870935
1176,0,0,0,0,0.33,0,0,114.19006739151463,-30.618399202914855,-92.03104171276573,-0.4097649055300222,,0,34134.32868687841,,3.374770294088606
1177,0,0,0,0,0.33,0,0,114.4192964534882,-30.767073657206392,-92.23523992655434,-0.4134111124875263,,0,34134.32868687841,,3.3841580823062776
1178,0,0,0,0,0.33,0,0,114.64855592401203,-30.91572741339071,-92.4397742230094,-0.4170511845946854,,0,34134.32868687841,,3.393545870523949
1179,0,0,0,0,0.31,0,0,114.87784527406,-31.06435854127091,-92.64464887834649,-0.4206850525497691,,0,34134.32868687841,,3.4034336587416205
1180,0,0,0,0,0.34,0,0,115.1071639743164,-31.21296510100039,-92.84986819652289,-0.4243126471691654,,0,34134.32868687841,,3.412571446959292
1181,0,0,0,0,0.31,0,0,115.33651149510433,-31.36154514293127,-93.05543650944455,-0.42793389938870835,,0,34134.32868687841,,3.4224592351769636
1182,0,0,0,0,0.25,0,0,115.56588730631105,-31.51009670746143,-93.26135817717001,-0.4315487402649765,,0,34134.32868687841,,3.433847023394635
1183,0,0,0,0,0.26,0,0,115.79529087731403,-31.658617824879908,-93.46763758811632,-0.4351571009766058,,0,34134.32868687841,,3.444984811612307
1184,0,0,0,0,0.26,0,0,116.02472167690658,-31.807106515210883,-93.67427915926578,-0.43875891282561225,,0,34134.32868687841,,3.4561225998299787
1185,0,0,0,0,0.26,0,0,116.25417917322119,-31.95556078805601,-93.8812873363699,-0.4423541072386863,,0,34134.32868687841,,3.4672603880476505
1186,0,0,0,0,0.25,0,0,116.48366283365375,-32.10397864243529,-94.08866659415595,-0.4459426157685136,,0,34134.32868687841,,3.478648176265322
1187,0,0,0,0,0.32,0,0,116.713172124785,-32.25235806662621,-94.29642143653037,-0.4495243700950649,,0,34134.32868687841,,3.4882859644829938
1188,0,0,0,0,0.32,0,0,116.94270651230161,-32.400697038001574,-94.50455639678243,-0.4530993020268944,,0,34134.32868687841,,3.4979237527006655
1189,0,0,0,0,0.31,0,0,117.17226546091774,-32.54899352286542,-94.71307603778993,-0.45666734350245564,,0,34134.32868687841,,3.507811540918337
1190,0,0,0,0,0.3,0,0,117.40184843429337,-32.697245476287605,-94.92198495222037,-0.4602284265913826,,0,34134.32868687841,,3.5179493291360084
1191,0,0,0,0,0.31,0,0,117.63145489495267,-32.84545084193662,-95.13128776273349,-0.4637824834957853,,0,34134.32868687841,,3.52783711735368
1192,0,0,0,0,0.32,0,0,117.86108430420136,-32.99360755191075,-95.3409891221831,-0.4673294465515447,,0,34134.32868687841,,3.5374749055713517
1193,0,0,0,0,0.33,0,0,118.09073612204229,-33.14171352656784,-95.55109371381654,-0.4708692482295936,,0,34134.32868687841,,3.546862693789023
1194,0,0,0,0,0.32,0,0,118.32040980709107,-33.28976667435299,-95.7616062514757,-0.47440182113721613,,0,34134.32868687841,,3.5565004820066948
1195,0,0,0,0,0.32,0,0,118.5501048164884,-33.43776489162512,-95.97253147979279,-0.47792709801931027,,0,34134.32868687841,,3.5661382702243665
1196,0,0,0,0,0.31,0,0,118.77982060581374,-33.58570606248134,-96.1838741743898,-0.48144501175969007,,0,34134.32868687841,,3.576026058442038
1197,0,0,0,0,0.29,0,0,119.0095566289953,-33.73358805858008,-96.39563914207216,-0.48495549538234706,,0,34134.32868687841,,3.5864138466597097
1198,0,0,0,0,0.28,0,0,119.23931233822029,-33.88140873896217,-96.60783122102369,-0.48845848205273334,,0,34134.32868687841,,3.5970516348773813
1199,0,0,0,0,0.3,0,0,119.46908718384306,-34.02916594987057,-96.82045528099879,-0.4919539050790326,,0,34134.32868687841,,3.6071894230950527
1200,0,0,0,0,0.3,0,0,119.69888061429191,-34.17685752456808,-97.03351622351302,-0.4954416979134284,,0,34134.32868687841,,3.617327211312724
1201,0,0,0,0,0.29,0,0,119.9286920759747,-34.324481283153524,-97.24701898203216,-0.4989217941533738,,0,34134.32868687841,,3.627714999530396
1202,0,0,0,0,0.3,0,0,120.15852101318234,-34.47203503237616,-97.4609685221584,-0.5023941275428503,,0,34134.32868687841,,3.6378527877480673
1203,0,0,0,0,0.29,0,0,120.38836686799175,-34.61951656544838,-97.67536984181596,-0.5058586319736389,,0,34134.32868687841,,3.648240575965739
1204,0,0,0,0,0.49,0,0,120.61822908016579,-34.7669236618566,-97.89022797143228,-0.5093152414865679,,0,34134.32868687841,,3.6536283641834104
1205,0,0,0,0,0.37,0,0,120.84810708705274,-34.914254087170505,-98.10554797411841,-0.5127638902727737,,0,34134.32868687841,,3.662016152401082
1206,0,0,0,0,0.37,0,0,121.07800032348345,-35.06150559285045,-98.32133494584639,-0.5162045126749545,,0,34134.32868687841,,3.6704039406187534
1207,0,0,0,0,0.38,0,0,121.30790822166709,-35.20867591605319,-98.53759401562378,-0.5196370431886207,,0,34134.32868687841,,3.678541728836425
1208,0,0,0,0,0.37,0,0,121.53783021108451,-35.35576277943571,-98.75433034566505,-0.5230614164633397,,0,34134.32868687841,,3.6869295170540966
1209,0,0,0,0,0.35,0,0,121.76776571837999,-35.502763890957446,-98.97154913155984,-0.5264775673039779,,0,34134.32868687841,,3.695817305271768
1210,0,0,0,0,0.35,0,0,121.99771416725157,-35.649676943680646,-99.189255602439,-0.5298854306719495,,0,34134.32868687841,,3.70470509348944
1211,0,0,0,0,0.53,0,0,122.2276749783384,-35.796499615569005,-99.4074550211356,-0.5332849416864478,,0,34134.32868687841,,3.7090928817071114
1212,0,0,0,0,0.53,0,0,122.45764756910667,-35.94322956928436,-99.62615268434364,-0.5366760356256832,,0,34134.32868687841,,3.713480669924783
1213,0,0,0,0,0.51,0,0,122.68763135373331,-36.089864451981754,-99.84535392277222,-0.5400586479281151,,0,34134.32868687841,,3.7183684581424545
1214,0,0,0,0,0.51,0,0,122.91762574298743,-36.23640189510277,-100.06506410129614,-0.5434327141936831,,0,34134.32868687841,,3.723256246360126
1215,0,0,0,0,0.54,0,0,123.14763014410913,-36.38283951416686,-100.28528861910148,-0.5467981701850263,,0,34134.32868687841,,3.727394034577798
1216,0,0,0,0,0.54,0,0,123.37764396068684,-36.52917490856104,-100.50603290982832,-0.550154951828716,,0,34134.32868687841,,3.7315318227954695
1217,0,0,0,0,0.57,0,0,123.6076665925312,-36.67540566132771,-100.72730244170694,-0.5535029952164662,,0,34134.32868687841,,3.734919611013141
1218,0,0,0,0,0.81,0,0,123.8376974355476,-36.82152933895079,-100.94910271769102,-0.5568422366063591,,0,34134.32868687841,,3.7323073992308125
1219,0,0,0,0,0.8,0,0,124.06773588160479,-36.96754349113999,-101.17143927558402,-0.5601726124240507,,0,34134.32868687841,,3.729945187448484
1220,0,0,0,0,0.78,0,0,124.29778131840212,-37.11344565061325,-101.39431768816183,-0.5634940592639869,,0,34134.32868687841,,3.7280829756661555
1221,0,0,0,0,0.79,0,0,124.5278331293333,-37.259233332877486,-101.61774356328874,-0.566806513890607,,0,34134.32868687841,,3.725970763883827
1222,0,0,0,0,0.8,0,0,124.75789069334762,-37.40490403600748,-101.84172254402823,-0.5701099132395498,,0,34134.32868687841,,3.7236085521014988
1223,0,0,0,0,0.8,0,0,124.98795338480824,-37.55045524042308,-102.06626030874764,-0.5734041944188539,,0,34134.32868687841,,3.7212463403191705
1224,0,0,0,0,0.8,0,0,125.21802057334737,-37.69588440866453,-102.29136257121624,-0.5766892947101537,,0,34134.32868687841,,3.718884128536842
1225,0,0,0,0,0.67,0,0,125.4480916237186,-37.841188985166134,-102.51703508069717,-0.579965151569875,,0,34134.32868687841,,3.719771916754514
1226,0,0,0,0,0.7,0,0,125.67816589564589,-37.986366396028004,-102.74328362203235,-0.5832317026304258,,0,34134.32868687841,,3.7199097049721854
1227,0,0,0,0,0.71,0,0,125.90824274366928,-38.131414048786304,-102.97011401572018,-0.5864888857013828,,0,34134.32868687841,,3.719797493189857
1228,0,0,0,0,0.89,0,0,126.13832151698723,-38.27632933218156,-103.1975321179857,-0.5897366387706742,,0,34134.32868687841,,3.715185281407529
1229,0,0,0,0,0.92,0,0,126.36840155929569,-38.421109615925324,-103.4255438208438,-0.5929749000057639,,0,34134.32868687841,,3.7098230696252004
1230,0,0,0,0,0.92,0,0,126.5984822086233,-38.565752250464996,-103.65415505215341,-0.5962036077548256,,0,34134.32868687841,,3.704460857842872
1231,0,0,0,0,0.9,0,0,126.82856279716293,-38.71025456674728,-103.88337177566414,-0.5994227005479186,,0,34134.32868687841,,3.6995986460605437
1232,0,0,0,0,0.89,0,0,127.05864265109963,-38.85461387597953,-104.11319999105365,-0.6026321170981551,,0,34134.32868687841,,3.6949864342782153
1233,0,0,0,0,0.89,0,0,127.28872109043431,-38.998827469389724,-104.3436457339567,-0.6058317963028708,,0,34134.32868687841,,3.690374222495887
1234,0,0,0,0,0.69,0,0,127.51879742880377,-39.142892617984714,-104.57471507598441,-0.6090216772447861,,0,34134.32868687841,,3.6907620107135584
1235,0,0,0,0,0.46,0,0,127.74887097329608,-39.286806572306766,-104.80641412473393,-0.6122016991931661,,0,34134.32868687841,,3.6968997989312298
1236,0,0,0,0,0.45,0,0,127.97894102426191,-39.43056656218866,-105.03874902378809,-0.6153718016049764,,0,34134.32868687841,,3.7032875871489015
1237,0,0,0,0,0.41,0,0,128.20900687512153,-39.57416979650691,-105.27172595270487,-0.6185319241260362,,0,34134.32868687841,,3.710675375366573
1238,0,0,0,0,0.42,0,0,128.4390678121669,-39.71761346293387,-105.50535112699598,-0.6216820065921692,,0,34134.32868687841,,3.717813163584245
1239,0,0,0,0,0.41,0,0,128.66912311435922,-39.860894727687835,-105.73963079809391,-0.6248219890303455,,0,34134.32868687841,,3.7252009518019165
1240,0,0,0,0,0.4,0,0,128.89917205312133,-40.00401073528198,-105.97457125330793,-0.6279518116598247,,0,34134.32868687841,,3.732838740019588
1241,0,0,0,0,0.42,0,0,129.12921389212582,-40.146958608271575,-106.21017881576826,-0.6310714148932973,,0,34134.32868687841,,3.7399765282372597
1242,0,0,0,0,0.4,0,0,129.3592478870765,-40.28973544700003,-106.44645984435677,-0.6341807393380124,,0,34134.32868687841,,3.747614316454931
1243,0,0,0,0,0.41,0,0,129.5892732854863,-40.43233832934323,-106.68342073362653,-0.6372797257969159,,0,34134.32868687841,,3.7550021046726028
1244,0,0,0,0,0.45,0,0,129.81928932644811,-40.574764310452736,-106.92106791370675,-0.6403683152697733,,0,34134.32868687841,,3.7613898928902745
1245,0,0,0,0,0.44,0,0,130.0492952404004,-40.71701042249745,-107.15940785019427,-0.6434464489542909,,0,34134.32868687841,,3.768027681107946
1246,0,0,0,0,0.68,0,0,130.27929024888752,-40.85907367440423,-107.39844704403203,-0.6465140682472432,,0,34134.32868687841,,3.768665469325618
1247,0,0,0,0,0.66,0,0,130.50927356431276,-41.00095105159697,-107.6381920313709,-0.6495711147455792,,0,34134.32868687841,,3.7698032575432894
1248,0,0,0,0,0.69,0,0,130.7392443896862,-41.14263951573465,-107.87864938341848,-0.6526175302475404,,0,34134.32868687841,,3.770191045760961
1249,0,0,0,0,0.59,0,0,130.96920191836517,-41.28413600444829,-108.1198257062706,-0.6556532567537664,,0,34134.32868687841,,3.7730788339786323
1250,0,0,0,0,0.52,0,0,131.19914533378866,-41.425437431076524,-108.36172764072815,-0.6586782364684006,,0,34134.32868687841,,3.777716622196304
1251,0,0,0,0,0.55,0,0,131.42907380920448,-41.566540684400415,-108.60436186209634,-0.6616924118001908,,0,34134.32868687841,,3.781604410413976
1252,0,0,0,0,0.54,0,0,131.65898650738913,-41.70744262837704,-108.84773507996684,-0.6646957253635825,,0,34134.32868687841,,3.7857421986316475
1253,0,0,0,0,0.55,0,0,131.8888825803604,-41.84814010187233,-109.09185403798278,-0.6676881199798146,,0,34134.32868687841,,3.7896299868493193
1254,0,0,0,0,0.57,0,0,132.11876116908255,-41.98862991839283,-109.3367255135853,-0.6706695386780075,,0,34134.32868687841,,3.793017775066991
1255,0,0,0,0,0.56,0,0,132.34862140316326,-42.12890886581683,-109.58235631774089,-0.6736399246962467,,0,34134.32868687841,,3.7966555632846624
1256,0,0,0,0,0.48,0,0,132.5784624005423,-42.26897370612449,-109.82875329465004,-0.6765992214826637,,0,34134.32868687841,,3.802293351502334
1257,0,0,0,0,0.45,0,0,132.80828326717233,-42.40882117512772,-110.07592332143535,-0.6795473726965141,,0,34134.32868687841,,3.8086811397200058
1258,0,0,0,0,0.41,0,0,133.03808309669031,-42.548447982198844,-110.32387330780936,-0.6824843222092477,,0,34134.32868687841,,3.8160689279376774
1259,0,0,0,0,0.44,0,0,133.26786097008045,-42.68785080999941,-110.5726101957213,-0.6854100141055806,,0,34134.32868687841,,3.822706716155349
1260,0,0,0,0,0.42,0,0,133.49761595532712,-42.82702631420789,-110.82214095898142,-0.6883243926845546,,0,34134.32868687841,,3.8298445043730207
1261,0,0,0,0,0.46,0,0,133.72734710705927,-42.965971123247584,-111.0724726028641,-0.6912274024606042,,0,34134.32868687841,,3.835982292590692
1262,0,0,0,0,0.53,0,0,133.95705346618345,-43.104681838013875,-111.32361216368619,-0.6941189881646066,,0,34134.32868687841,,3.8403700808083636
1263,0,0,0,0,0.52,0,0,134.18673405950787,-43.243155031601425,-111.57556670836333,-0.6969990947449388,,0,34134.32868687841,,3.8450078690260354
1264,0,0,0,0,0.52,0,0,134.41638789935473,-43.38138724903132,-111.8283433339405,-0.6998676673685231,,0,34134.32868687841,,3.849645657243707
1265,0,0,0,0,0.46,0,0,134.6460139831621,-43.519375006978166,-112.08194916709805,-0.7027246514218709,,0,34134.32868687841,,3.8557834454613786
1266,0,0,0,0,0.58,0,0,134.87561129307457,-43.65711479349728,-112.33639136363212,-0.7055699925121259,,0,34134.32868687841,,3.8589212336790504
1267,0,0,0,0,0.6,0,0,135.10517879552103,-43.79460306775213,-112.59167710790749,-0.7084036364680928,,0,34134.32868687841,,3.861559021896722
1268,0,0,0,0,0.63,0,0,135.33471544078188,-43.93183625974215,-112.84781361228478,-0.711225529341277,,0,34134.32868687841,,3.8634468101143935
1269,0,0,0,0,0.66,0,0,135.56422016254206,-44.06881077003093,-113.10480811651802,-0.7140356174069056,,0,34134.32868687841,,3.864584598332065
1270,0,0,0,0,0.9,0,0,135.79369187743174,-44.20552296947504,-113.36266788712427,-0.716833847164952,,0,34134.32868687841,,3.8597223865497368
1271,0,0,0,0,0.9,0,0,136.02312948455346,-44.34196919895338,-113.62140021672388,-0.7196201653411552,,0,34134.32868687841,,3.8548601747674085
1272,0,0,0,0,0.9,0,0,136.25253186499518,-44.4781457690977,-113.88101242334997,-0.7223945188880346,,0,34134.32868687841,,3.8499979629850802
1273,0,0,0,0,0.9,0,0,136.4818978813284,-44.614048960023695,-114.14151184972656,-0.7251568549858961,,0,34134.32868687841,,3.845135751202752
1274,0,0,0,0,0.8,0,0,136.71122637709195,-44.74967502106347,-114.40290586251596,-0.7279071210438438,,0,34134.32868687841,,3.8427735394204237
1275,0,0,0,0,0.81,0,0,136.94051617625945,-44.885020170499,-114.66520185153189,-0.7306452647007748,,0,34134.32868687841,,3.840161327638095
1276,0,0,0,0,0.82,0,0,137.1697660826915,-45.02008059529741,-114.92840722892043,-0.7333712338263825,,0,34134.32868687841,,3.8372991158557666
1277,0,0,0,0,0.81,0,0,137.39897487957,-45.154852450847244,-115.19252942830529,-0.7360849765221429,,0,34134.32868687841,,3.834686904073438
1278,0,0,0,0,0.83,0,0,137.6281413288163,-45.28933186069697,-115.45757590389903,-0.7387864411223077,,0,34134.32868687841,,3.8315746922911096
1279,0,0,0,0,0.83,0,0,137.85726417049042,-45.423514916294955,-115.72355412957718,-0.7414755761948845,,0,34134.32868687841,,3.8284624805087812
1280,0,0,0,0,0.87,0,0,138.08634212217243,-45.557397676731824,-115.99047159791594,-0.7441523305426175,,0,34134.32868687841,,3.824350268726453
1281,0,0,0,0,0.9,0,0,138.3153738783239,-45.69097616848482,-116.25833581919179,-0.7468166532039627,,0,34134.32868687841,,3.8194880569441247
1282,0,0,0,0,0.9,0,0,138.5443581096299,-45.82424638516473,-116.52715432034236,-0.7494684934540577,,0,34134.32868687841,,3.8146258451617965
1283,0,0,0,0,0.89,0,0,138.77329346231946,-45.957204287265206,-116.79693464388754,-0.752107800805686,,0,34134.32868687841,,3.810013633379468
1284,0,0,0,0,0.88,0,0,139.00217855746553,-46.089845801915274,-117.06768434681001,-0.7547345250102406,,0,34134.32868687841,,3.8056514215971395
1285,0,0,0,0,0.51,0,0,139.2310119902616,-46.222166822634485,-117.33941099939426,-0.7573486160586785,,0,34134.32868687841,,3.810539209814811
1286,0,0,0,0,0.52,0,0,139.45979232927587,-46.354163209091446,-117.61212218402318,-0.759950024182474,,0,34134.32868687841,,3.815176998032483
1287,0,0,0,0,0.5,0,0,139.68851811568103,-46.48583078686579,-117.88582549393129,-0.7625386998545672,,0,34134.32868687841,,3.8203147862501545
1288,0,0,0,0,0.5,0,0,139.91718786245914,-46.617165347213714,-118.1605285319133,-0.7651145937903046,,0,34134.32868687841,,3.825452574467826
1289,0,0,0,0,0.51,0,0,140.1458000535806,-46.74816264683771,-118.43623890898758,-0.7676776569483783,,0,34134.32868687841,,3.8303403626854977
1290,0,0,0,0,0.86,0,0,140.37435314315624,-46.87881840765993,-118.7129642430134,-0.7702278405317604,,0,34134.32868687841,,3.8264781509031693
1291,0,0,0,0,0.49,0,0,140.60284555456175,-47.00912831660035,-118.99071215726106,-0.7727650959886323,,0,34134.32868687841,,3.8318659391208407
1292,0,0,0,0,0.53,0,0,140.83127567953233,-47.13908802535942,-119.26949027893298,-0.7752893750133062,,0,34134.32868687841,,3.836253727338512
1293,0,0,0,0,0.56,0,0,141.05964187722842,-47.26869315020557,-119.54930623763673,-0.7778006295471487,,0,34134.32868687841,,3.8398915155561837
1294,0,0,0,0,0.71,0,0,141.28794247326883,-47.39793927176787,-119.83016766380712,-0.7802988117794933,,0,34134.32868687841,,3.8397793037738555
1295,0,0,0,0,0.7,0,0,141.51617575873254,-47.52682193483417,-120.11208218707728,-0.7827838741485516,,0,34134.32868687841,,3.839917091991527
1296,0,0,0,0,0.6,0,0,141.74433998912593,-47.65533664815498,-120.39505743459767,-0.7852557693423184,,0,34134.32868687841,,3.8425548802091987
1297,0,0,0,0,0.84,0,0,141.97243338331498,-47.78347888425325,-120.67910102930176,-0.7877144502994718,,0,34134.32868687841,,3.8391926684268705
1298,0,0,0,0,0.8,0,0,142.20045412242143,-47.91124407924047,-120.96422058811794,-0.7901598702102708,,0,34134.32868687841,,3.836830456644542
1299,0,0,0,0,0.8,0,0,142.42840034868064,-48.03862763263947,-121.25042372012598,-0.7925919825174451,,0,34134.32868687841,,3.834468244862214
1300,0,0,0,0,0.79,0,0,142.65627016425984,-48.16562490721412,-121.53771802465744,-0.795010740917082,,0,34134.32868687841,,3.8323560330798854
1301,0,0,0,0,0.91,0,0,142.88406163003586,-48.292231228806074,-121.82611108933936,-0.7974160993595089,,0,34134.32868687841,,3.827243821297557
1302,0,0,0,0,0.91,0,0,143.11177276432934,-48.41844188617949,-122.11561048807948,-0.7998080120501679,,0,34134.32868687841,,3.8221316095152282
1303,0,0,0,0,0.86,0,0,143.33940154159552,-48.54425213087308,-122.40622377899263,-0.8021864334504893,,0,34134.32868687841,,3.8182693977329
1304,0,0,0,0,0.86,0,0,143.56694589106775,-48.66965717706118,-122.6979585022673,-0.8045513182787577,,0,34134.32868687841,,3.8144071859505715
1305,0,0,0,0,0.85,0,0,143.79440369535394,-48.794652201422615,-122.99082217797138,-0.8069026215109755,,0,34134.32868687841,,3.810794974168243
1306,0,0,0,0,0.72,0,0,144.02177278898182,-48.919232343019225,-123.28482230379569,-0.809240298381718,,0,34134.32868687841,,3.8104327623859144
1307,0,0,0,0,0.91,0,0,144.24905095689292,-49.043392703183265,-123.57996635273524,-0.8115643043849872,,0,34134.32868687841,,3.805320550603586
1308,0,0,0,0,0.9,0,0,144.4762359328819,-49.167128345414845,-123.87626177070672,-0.8138745952750591,,0,34134.32868687841,,3.8004583388212576
1309,0,0,0,0,1,0,0,144.70332539797909,-49.290434295289394,-124.1737159741013,-0.8161711270673253,,0,34134.32868687841,,3.7930961270389294
1310,0,0,0,0,1,0,0,144.93031697877444,-49.41330554037548,-124.47233634727233,-0.8184538560391307,,0,34134.32868687841,,3.785733915256601
1311,0,0,0,0,1,0,0,145.15720824568004,-49.53573703016384,-124.77213023995685,-0.8207227387306063,,0,34134.32868687841,,3.778371703474273
1312,0,0,0,0,1,0,0,145.38399671112808,-49.65772367600756,-125.0731049646297,-0.8229777319454962,,0,34134.32868687841,,3.7710094916919448
1313,0,0,0,0,1,0,0,145.61067982770314,-49.77926035107412,-125.37526779379034,-0.8252187927519803,,0,34134.32868687841,,3.7636472799096166
1314,0,0,0,0,1,0,0,145.83725498620362,-49.90034189030944,-125.67862595718069,-0.8274458784834905,,0,34134.32868687841,,3.7562850681272884
1315,0,0,0,0,1,0,0,146.06371951363207,-50.02096309041486,-125.98318663893396,-0.8296589467395254,,0,34134.32868687841,,3.74892285634496
1316,0,0,0,0,1,0,0,146.29007067110857,-50.14111870983698,-126.28895697465326,-0.8318579553864551,,0,34134.32868687841,,3.741560644562632
1317,0,0,0,0,1,0,0,146.5163056517063,-50.260803468771165,-126.59594404841988,-0.8340428625583257,,0,34134.32868687841,,3.7341984327803037
1318,0,0,0,0,1,0,0,146.74242157820373,-50.38001204917884,-126.90415488972963,-0.8362136266576528,,0,34134.32868687841,,3.7268362209979755
1319,0,0,0,0,1,0,0,146.96841550075212,-50.49873909481966,-127.21359647035825,-0.8383702063562177,,0,34134.32868687841,,3.7194740092156473
1320,0,0,0,0,1,0,0,147.19428439445235,-50.61697921129815,-127.52427570115366,-0.8405125605958516,,0,34134.32868687841,,3.712111797433319
1321,0,0,0,0,1,0,0,147.42002515683873,-50.73472696612632,-127.8361994287557,-0.8426406485892182,,0,34134.32868687841,,3.704749585650991
1322,0,0,0,0,0.92,0,0,147.64563460526472,-50.85197688880157,-128.1493744322423,-0.8447544298205888,,0,34134.32868687841,,3.6993873738686625
1323,0,0,0,0,0.85,0,0,147.87110947418708,-50.968723470901786,-128.46380741970236,-0.8468538640466163,,0,34134.32868687841,,3.695775162086334
1324,0,0,0,0,0.85,0,0,148.09644641234328,-51.08496116619674,-128.7795050247342,-0.8489389112970999,,0,34134.32868687841,,3.6921629503040054
1325,0,0,0,0,0.85,0,0,148.32164197981683,-51.20068439077734,-129.09647380286958,-0.8510095318757439,,0,34134.32868687841,,3.688550738521677
1326,0,0,0,0,0.85,0,0,148.54669264498784,-51.31588752320274,-129.41472022792397,-0.8530656863609186,,0,34134.32868687841,,3.6849385267393484
1327,0,0,0,0,0.85,0,0,148.77159478136033,-51.43056490466597,-129.73425068827112,-0.8551073356064058,,0,34134.32868687841,,3.68132631495702
1328,0,0,0,0,0.84,0,0,148.99634466426366,-51.54471083917863,-130.05507148304395,-0.8571344407421475,,0,34134.32868687841,,3.6779641031746917
1329,0,0,0,0,0.79,0,0,149.2209384674202,-51.65831959377519,-130.37718881825964,-0.8591469631749831,,0,34134.32868687841,,3.6758518913923632
1330,0,0,0,0,0.8,0,0,149.445372259375,-51.77138539873748,-130.70060880287113,-0.8611448645893867,,0,34134.32868687841,,3.673489679610035
1331,0,0,0,0,0.8,0,0,149.66964199977934,-51.88390244783966,-131.02533744474357,-0.8631281069481955,,0,34134.32868687841,,3.6711274678277066
1332,0,0,0,0,0.81,0,0,149.89374353552262,-51.995864898614784,-131.35138064655658,-0.865096652493334,,0,34134.32868687841,,3.668515256045378
1333,0,0,0,0,0.81,0,0,150.11767259670526,-52.10726687264271,-131.67874420163258,-0.867050463746532,,0,34134.32868687841,,3.6659030442630494
1334,0,0,0,0,0.81,0,0,150.34142479244514,-52.218102455860915,-132.0074337896922,-0.8689895035100402,,0,34134.32868687841,,3.6632908324807207
1335,0,0,0,0,0.8,0,0,150.56499560650985,-52.328365698897656,-132.33745497253585,-0.870913734867336,,0,34134.32868687841,,3.6609286206983924
1336,0,0,0,0,0.81,0,0,150.78838039276684,-52.43805061742921,-132.66881318965403,-0.8728231211838289,,0,34134.32868687841,,3.658316408916064
1337,0,0,0,0,0.78,0,0,151.01157437044202,-52.54715119256055,-133.00151375376504,-0.8747176261075548,,0,34134.32868687841,,3.656454197133735
1338,0,0,0,0,0.77,0,0,151.23457261917952,-52.65566137123117,-133.33556184628296,-0.8765972135698712,,0,34134.32868687841,,3.654841985351407
1339,0,0,0,0,0.82,0,0,151.45737007389133,-52.763575066645906,-133.67096251271508,-0.8784618477861422,,0,34134.32868687841,,3.6519797735690784
1340,0,0,0,0,0.82,0,0,151.67996151938763,-52.87088615873148,-134.00772065799117,-0.8803114932564206,,0,34134.32868687841,,3.64911756178675
1341,0,0,0,0,0.89,0,0,151.90234158477787,-52.977588494619376,-134.34584104172484,-0.8821461147661221,,0,34134.32868687841,,3.6445053500044216
1342,0,0,0,0,0.99,0,0,152.12450473763084,-53.083675889155714,-134.6853282734092,-0.8839656773866978,,0,34134.32868687841,,3.637393138222093
1343,0,0,0,0,1,0,0,152.34644527788217,-53.18914212543847,-135.02618680754753,-0.8857701464762987,,0,34134.32868687841,,3.630030926439765
1344,0,0,0,0,1,0,0,152.56815733147798,-53.29398095538289,-135.36842093872076,-0.8875594876804345,,0,34134.32868687841,,3.622668714657437
1345,0,0,0,0,1,0,0,152.78963484374034,-53.39818610031516,-135.71203479659354,-0.889333666932627,,0,34134.32868687841,,3.6153065028751086
1346,0,0,0,0,1,0,0,153.01087157244322,-53.50175125159555,-136.05703234086124,-0.8910926504550615,,0,34134.32868687841,,3.6079442910927804
1347,0,0,0,0,1,0,0,153.2318610805826,-53.60467007127104,-136.40341735613896,-0.8928364047592272,,0,34134.32868687841,,3.600582079310452
1348,0,0,0,0,1,0,0,153.45259672882727,-53.70693619275804,-136.75119344679504,-0.8945648966465555,,0,34134.32868687841,,3.593219867528124
1349,0,0,0,0,1,0,0,153.67307166763436,-53.80854322155626,-137.10036403173217,-0.8962780932090528,,0,34134.32868687841,,3.5858576557457957
1350,0,0,0,0,1,0,0,153.89327882901273,-53.90948473599316,-137.45093233911723,-0.897975961829925,,0,34134.32868687841,,3.5784954439634675
1351,0,0,0,0,1,0,0,154.11321091791814,-54.0097542880009,-137.8029014010641,-0.8996584701842028,,0,34134.32868687841,,3.5711332321811393
1352,0,0,0,0,1,0,0,154.33286040325953,-54.10934540392486,-138.15627404827,-0.9013255862393507,,0,34134.32868687841,,3.563771020398811
1353,0,0,0,0,1,0,0,154.55221950850088,-54.20825158536544,-138.51105290461126,-0.9029772782558828,,0,34134.32868687841,,3.556408808616483
1354,0,0,0,0,1,0,0,154.77128020183505,-54.30646631005264,-138.86724038169882,-0.9046135147879641,,0,34134.32868687841,,3.5490465968341547
1355,0,0,0,0,1,0,0,154.99003418591062,-54.40398303275465,-139.2248386733987,-0.9062342646840095,,0,34134.32868687841,,3.5416843850518265
1356,0,0,0,0,1,0,0,155.2084728870891,-54.50079518622017,-139.58384975032,-0.9078394970872771,,0,34134.32868687841,,3.5343221732694983
1357,0,0,0,0,1,0,0,155.42658744420834,-54.59689618215551,-139.94427535427468,-0.909429181436456,,0,34134.32868687841,,3.52695996148717
1358,0,0,0,0,1,0,0,155.644368696829,-54.692279412236616,-140.30611699271202,-0.9110032874662474,,0,34134.32868687841,,3.519597749704842
1359,0,0,0,0,1,0,0,155.8618071729371,-54.78693824915608,-140.66937593313347,-0.912561785207942,,0,34134.32868687841,,3.5122355379225136
1360,0,0,0,0,0.96,0,0,156.0788930760761,-54.88086604770606,-141.03405319748987,-0.9141046449899889,,0,34134.32868687841,,3.5058733261401853
1361,0,0,0,0,0.94,0,0,156.29561627188056,-54.97405614589721,-141.40014955656775,-0.9156318374385618,,0,34134.32868687841,,3.5000111143578567
1362,0,0,0,0,0.94,0,0,156.51196627398068,-55.06650186611371,-141.76766552436763,-0.9171433334781184,,0,34134.32868687841,,3.494148902575528
1363,0,0,0,0,0.94,0,0,156.72793222924733,-55.158196516304855,-142.1366013524797,-0.9186391043319523,,0,34134.32868687841,,3.4882866907931995
1364,0,0,0,0,0.95,0,0,156.94350290234433,-55.249133391213725,-142.5069570244624,-0.9201191215227432,,0,34134.32868687841,,3.482174479010871
1365,0,0,0,0,0.93,0,0,157.15866665955366,-55.33930577364254,-142.87873225022753,-0.9215833568730964,,0,34134.32868687841,,3.476562267228543
1366,0,0,0,0,0.92,0,0,157.37341145183834,-55.42870693575562,-143.25192646043968,-0.923031782506082,,0,34134.32868687841,,3.4712000554462143
1367,0,0,0,0,0.7,0,0,157.5877247971044,-55.51733014041941,-143.6265388009325,-0.9244643708457638,,0,34134.32868687841,,3.471337843663886
1368,0,0,0,0,0.68,0,0,157.80159376162325,-55.60516864258016,-144.00256812715043,-0.9258810946177245,,0,34134.32868687841,,3.4719756318815578
1369,0,0,0,0,0.68,0,0,158.0150049405734,-55.69221569067936,-144.38001299861978,-0.9272819268495859,,0,34134.32868687841,,3.4726134200992296
1370,0,0,0,0,0.66,0,0,158.22794443765838,-55.778464528106554,-144.75887167345627,-0.9286668408715214,,0,34134.32868687841,,3.473751208316901
1371,0,0,0,0,0.63,0,0,158.44039784375641,-55.86390839469006,-145.13914210291503,-0.9300358103167649,,0,34134.32868687841,,3.4756389965345726
1372,0,0,0,0,0.63,0,0,158.65235021455487,-55.9485405282252,-145.52082192598914,-0.9313888091221105,,0,34134.32868687841,,3.477526784752244
1373,0,0,0,0,0.65,0,0,158.8637860471222,-56.032354166040264,-145.90390846406433,-0.9327258115284119,,0,34134.32868687841,,3.4789145729699156
1374,0,0,0,0,0.85,0,0,159.07468925536534,-56.115342546599706,-146.28839871563576,-0.9340467920810707,,0,34134.32868687841,,3.475302361187587
1375,0,0,0,0,0.84,0,0,159.28504314432215,-56.197498911144955,-146.67428935109368,-0.935351725630521,,0,34134.32868687841,,3.471940149405259
1376,0,0,0,0,0.69,0,0,159.4948303832338,-56.27881650537196,-147.06157670758603,-0.9366405873327088,,0,34134.32868687841,,3.4723279376229303
1377,0,0,0,0,0.72,0,0,159.70403297734234,-56.359288581146004,-147.45025678396487,-0.9379133526495658,,0,34134.32868687841,,3.471965725840602
1378,0,0,0,0,0.74,0,0,159.91263223835495,-56.43890839825271,-147.84032523582297,-0.9391699973494743,,0,34134.32868687841,,3.4711035140582736
1379,0,0,0,0,0.67,0,0,160.12060875351744,-56.51766922618541,-148.23177737063045,-0.9404104975077313,,0,34134.32868687841,,3.471991302275945
1380,0,0,0,0,0.66,0,0,160.32794235323462,-56.595564345968306,-148.62460814297606,-0.9416348295070015,,0,34134.32868687841,,3.4731290904936167
1381,0,0,0,0,0.75,0,0,160.5346120771786,-56.672587052015004,-149.01881214992432,-0.9428429700377687,,0,34134.32868687841,,3.472016878711288
1382,0,0,0,0,0.75,0,0,160.74059613881928,-56.74873065402159,-149.4143836264934,-0.9440348960987787,,0,34134.32868687841,,3.4709046669289596
1383,0,0,0,0,0.72,0,0,160.94587188831687,-56.82398847889436,-149.8113164412635,-0.9452105849974769,,0,34134.32868687841,,3.470542455146631
1384,0,0,0,0,0.72,0,0,161.15041577371002,-56.898353872710835,-150.2096040921237,-0.946370014350442,,0,34134.32868687841,,3.4701802433643025
1385,0,0,0,0,0.29,0,0,161.35420330033804,-56.97182020271388,-150.6092397021644,-0.9475131620838101,,0,34134.32868687841,,3.4805680315819743
1386,0,0,0,0,0.36,0,0,161.55720898843254,-57.04438085933793,-151.01021601572486,-0.9486400064336964,,0,34134.32868687841,,3.4892058197996456
1387,0,0,0,0,0.33,0,0,161.75940632881776,-57.11602925826661,-151.41252539460328,-0.9497505259466085,,0,34134.32868687841,,3.498593608017317
1388,0,0,0,0,0.34,0,0,161.960767736659,-57.186758842520824,-151.81615981443846,-0.9508446994798558,,0,34134.32868687841,,3.5077313962349885
1389,0,0,0,0,0.35,0,0,162.1612645032014,-57.25656308457659,-152.2211108612702,-0.9519225062019515,,0,34134.32868687841,,3.51661918445266
1390,0,0,0,0,0.36,0,0,162.36086674544669,-57.32543548851117,-152.6273697282885,-0.9529839255930093,,0,34134.32868687841,,3.5252569726703316
1391,0,0,0,0,0.36,0,0,162.55954335371757,-57.39336959217696,-153.03492721277806,-0.9540289374451335,,0,34134.32868687841,,3.533894760888003
1392,0,0,0,0,0.37,0,0,162.7572619370682,-57.46035896940178,-153.4437737132683,-0.9550575218628057,,0,34134.32868687841,,3.5422825491056744
1393,0,0,0,0,0.38,0,0,162.95398876650466,-57.52639723221426,-153.8538992268951,-0.9560696592632604,,0,34134.32868687841,,3.550420337323346
1394,0,0,0,0,0.38,0,0,163.1496887159907,-57.59147803309336,-154.2652933469848,-0.9570653303768609,,0,34134.32868687841,,3.5585581255410177
1395,0,0,0,0,0.37,0,0,163.34432520122286,-57.655595067240405,-154.67794526086618,-0.9580445162474641,,0,34134.32868687841,,3.566945913758689
1396,0,0,0,0,0.41,0,0,163.53786011617632,-57.71874207487264,-155.09184374792105,-0.9590071982327829,,0,34134.32868687841,,3.574333701976361
1397,0,0,0,0,0.39,0,0,163.7302537674338,-57.78091284353643,-155.5069771778787,-0.9599533580047399,,0,34134.32868687841,,3.5822214901940326
1398,0,0,0,0,0.38,0,0,163.92146480633474,-57.8421012104391,-155.92333350936445,-0.9608829775498167,,0,34134.32868687841,,3.590359278411704
1399,0,0,0,0,0.37,0,0,164.11145015899956,-57.90230106479715,-156.34090028870833,-0.9617960391693972,,0,34134.32868687841,,3.5987470666293757
1400,0,0,0,0,0.36,0,0,164.3001649543121,-57.96150635020023,-156.759664649022,-0.9626925254801042,,0,34134.32868687841,,3.607384854847047
1401,0,0,0,0,0.36,0,0,164.4875624499735,-58.01971106698817,-157.17961330955146,-0.963572419414131,,0,34134.32868687841,,3.6160226430647184
1402,0,0,0,0,0.36,0,0,164.6735939567736,-58.07690927463991,-157.60073257531184,-0.9644357042195651,,0,34134.32868687841,,3.62466043128239
1403,0,0,0,0,0.34,0,0,164.85820876126851,-58.13309509417253,-158.02300833701182,-0.9652823634607084,,0,34134.32868687841,,3.6337982195000613
1404,0,0,0,0,0.31,0,0,165.04135404709544,-58.18826271054823,-158.44642607127406,-0.9661123810183893,,0,34134.32868687841,,3.643686007717733
1405,0,0,0,0,0.34,0,0,165.22297481520894,-58.24240637508746,-158.87097084115803,-0.9669257410902699,,0,34134.32868687841,,3.6528237959354044
1406,0,0,0,0,0.35,0,0,165.40301380338087,-58.29552040788667,-159.29662729699066,-0.9677224281911467,,0,34134.32868687841,,3.661711584153076
1407,0,0,0,0,0.35,0,0,165.58141140537063,-58.347599200237624,-159.7233796775117,-0.9685024271532463,,0,34134.32868687841,,3.6705993723707477
1408,0,0,0,0,0.35,0,0,165.75810559024603,-58.39863721704752,-160.15121181133762,-0.969265723126512,,0,34134.32868687841,,3.6794871605884194
1409,0,0,0,0,0.35,0,0,165.93303182241726,-58.44862899925681,-160.58010711875085,-0.9700123015788896,,0,34134.32868687841,,3.688374948806091
1410,0,0,0,0,0.36,0,0,166.1061229830338,-58.497569166252916,-161.01004861381682,-0.9707421482966008,,0,34134.32868687841,,3.6970127370237624
1411,0,0,0,0,0.36,0,0,166.2773092934972,-58.545452418277726,-161.4410189068354,-0.9714552493844165,,0,34134.32868687841,,3.705650525241434
1412,0,0,0,0,0.37,0,0,166.44651824194716,-58.59227353882649,-161.87300020712837,-0.9721515912659199,,0,34134.32868687841,,3.7140383134591053
1413,0,0,0,0,0.37,0,0,166.61367451369887,-58.63802739703604,-162.30597432616767,-0.9728311606837651,,0,34134.32868687841,,3.722426101676777
1414,0,0,0,0,0.44,0,0,166.77869992673556,-58.682708950059556,-162.7399226810469,-0.9734939446999302,,0,34134.32868687841,,3.7290638898944484
1415,0,0,0,0,0.42,0,0,166.94151337349552,-58.72631324542624,-163.17482629829843,-0.9741399306959628,,0,34134.32868687841,,3.73620167811212
1416,0,0,0,0,0.44,0,0,167.10203077033793,-58.768835423383,-163.610665818058,-0.9747691063732208,,0,34134.32868687841,,3.7428394663297917
1417,0,0,0,0,0.46,0,0,167.2601650162213,-58.81027071921589,-164.04742149857879,-0.9753814597531062,,0,34134.32868687841,,3.748977254547463
1418,0,0,0,0,0.45,0,0,167.4158259622846,-58.85061446554904,-164.4850732210947,-0.9759769791772933,,0,34134.32868687841,,3.755365042765135
1419,0,0,0,0,0.42,0,0,167.5689203941802,-58.889862094618564,-164.92360049503483,-0.9765556533079506,,0,34134.32868687841,,3.7625028309828066
1420,0,0,0,0,0.52,0,0,167.71935202916433,-58.928009140519,-165.36298246358766,-0.977117471127957,,0,34134.32868687841,,3.7671406192004784
1421,0,0,0,0,0.46,0,0,167.86702153010773,-58.965051241419864,-165.80319790961457,-0.977662421941111,,0,34134.32868687841,,3.77327840741815
1422,0,0,0,0,0.45,0,0,168.01182653873164,-59.00098414174993,-166.24422526191205,-0.9781904953723346,,0,34134.32868687841,,3.7796661956358215
1423,0,0,0,0,0.46,0,0,168.1536617305091,-59.035803694346804,-166.6860426018191,-0.9787016813678706,,0,34134.32868687841,,3.785803983853493
1424,0,0,0,0,0.46,0,0,168.2924188937796,-59.06950586256925,-167.12862767017018,-0.9791959701954751,,0,34134.32868687841,,3.7919417720711643
1425,0,0,0,0,0.47,0,0,168.427987035707,-59.102086722370025,-167.57195787458681,-0.9796733524446009,,0,34134.32868687841,,3.797829560288836
1426,0,0,0,0,0.49,0,0,168.56025251775833,-59.13354246432676,-168.01601029710815,-0.9801338190265783,,0,34134.32868687841,,3.8032173485065073
1427,0,0,0,0,0.54,0,0,168.68909922337525,-59.16386939562843,-168.46076170215298,-0.980577361174787,,0,34134.32868687841,,3.807355136724179
1428,0,0,0,0,0.55,0,0,168.81440876045417,-59.19306394201515,-168.90618854481065,-0.9810039704448241,,0,34134.32868687841,,3.8112429249418507
1429,0,0,0,0,0.51,0,0,168.93606070112293,-59.22112264966896,-169.3522669794541,-0.9814136387146644,,0,34134.32868687841,,3.8161307131595223
1430,0,0,0,0,0.49,0,0,169.0539328610951,-59.24804218705346,-169.79897286866924,-0.9818063581848138,,0,34134.32868687841,,3.8215185013771937
1431,0,0,0,0,0.6,0,0,169.1679016205911,-59.27381934669964,-170.2462817924945,-0.9821821213784602,,0,34134.32868687841,,3.8241562895948653
1432,0,0,0,0,0.58,0,0,169.27784228841662,-59.29845104693618,-170.69416905796274,-0.9825409211416137,,0,34134.32868687841,,3.827294077812537
1433,0,0,0,0,0.59,0,0,169.38362951028915,-59.32193433356175,-171.14260970893787,-0.9828827506432446,,0,34134.32868687841,,3.8301818660302085
1434,0,0,0,0,0.61,0,0,169.485137721888,-59.344266381457466,-171.59157853623773,-0.9832076033754114,,0,34134.32868687841,,3.83256965424788
1435,0,0,0,0,0.58,0,0,169.58224164637085,-59.36544449613708,-172.0410500880347,-0.9835154731533865,,0,34134.32868687841,,3.835707442465552
1436,0,0,0,0,0.58,0,0,169.6748168352557,-59.385466115233505,-172.49099868052355,-0.9838063541157731,,0,34134.32868687841,,3.8388452306832237
1437,0,0,0,0,0.58,0,0,169.76274025061576,-59.40432880991913,-172.94139840884782,-0.9840802407246169,,0,34134.32868687841,,3.8419830189008954
1438,0,0,0,0,0.65,0,0,169.84589088548958,-59.422030286258405,-173.3922231582721,-0.9843371277655119,,0,34134.32868687841,,3.843370807118567
1439,0,0,0,0,0.78,0,0,169.92415041828824,-59.438568386491305,-173.84344661559217,-0.984577010347699,,0,34134.32868687841,,3.8415085953362382
1440,0,0,0,0,0.8,0,0,169.99740389582004,-59.453941090245124,-174.29504228076775,-0.9847998839041594,,0,34134.32868687841,,3.83914638355391
