Simulation results - aggregated,,,,,,,,,,,,,,,,,,,,,,,,,,
Date,Time,Occupancy (normalised),Activity (normalised),Total electricity demand,Total PV output,Total net electricity demand,Thermal demand for space heating,Thermal demand for hot water,Passive solar gains,Average internal building node temperature,Hot water demand (litres),Average hot water temperature in hot water tank,Space heating timer state (normalised),Space heating thermostat state (normalised),Hot water timer state (normalised),Hot water thermostat state (normalised),Fuel flow rate (gas),Solar thermal collector gains,Self-consumption,Average hot water demand,Average gas demand,Space cooling timer state (normalised),Space cooling thermostat state (normalised),Average heating thermostat set point,Average cooling thermostat set point,Electricity used in heating or cooling
,,,,Pe,Ppv,Pnet,φspace,φwater,φs,θi,,θcyl,,,,,mfuel,,Pself,,,,,,,
,,,,kW,kW,kW,kW,kW,W,°C,ltr.min-1,°C,,,,,m3/h,kW,kW,ltr.min-1,m3/h,,,°C,°C,kW
,0,0.9166666666666666,0.027777777777777776,1.162,0,1.162,21.749999999999996,0.2603111204544548,0,20.12808513796535,0,60.85709781315843,0.1,0.4,0.1,0.05,2.6412373344545346,0,0,0,0.13206186672272674,0,0.05,,,
,0.0006944444444444445,0.9166666666666666,0.027777777777777776,1.162,0,1.162,21.749999999999996,0.06271509798776945,0,20.026801492788476,0,60.85047406868832,0.1,0.4,0.1,0.05,2.617525811758532,0,0,0,0.1308762905879266,0,0.05,,,
,0.001388888888888889,0.9166666666666666,0.027777777777777776,1.162,0,1.162,21.749999999999996,0.06303038608149286,0,19.931938938024636,0,60.843835898452916,0.1,0.3,0.1,0.05,2.617563646329779,0,0,0,0.13087818231648896,0,0.05,,,
,0.0020833333333333333,0.9166666666666666,0.027777777777777776,1.212,0,1.212,21.749999999999996,0.06332534761433165,0,19.843430335864596,0,60.8371842895318,0.1,0.3,0.1,0.05,2.61759904171372,0,0,0,0.13087995208568598,0,0.05,,,
,0.002777777777777778,0.9166666666666666,0.027777777777777776,1.212,0,1.212,21.749999999999996,0.06360129444007685,0,19.760611677433623,0,60.83052022482224,0.05,0.3,0.1,0.05,2.6176321553328092,0,0,0,0.13088160776664046,0,0.05,,,
,0.003472222222222222,0.9166666666666666,0.027777777777777776,1.39,0,1.39,21.749999999999996,0.06385972295760606,0,19.684152130848503,0,60.82384458177389,0.05,0.3,0.1,0.05,2.6176631667549124,0,0,0,0.1308831583377456,0,0.05,,,
,0.004166666666666667,0.9166666666666666,0.027777777777777776,1.39,0,1.39,6.525191431605032,0.06410200415039687,0,19.612690958454913,0,60.81715836023458,0.05,0.3,0.1,0.05,0.7907152122906516,0,0,0,0.03953576061453258,0,0.05,,,
,0.004861111111111111,0.9166666666666666,0.027777777777777776,1.39,0,1.39,0,0.06432930232319818,0,19.544250212424906,0,60.81046233326471,0.05,0.3,0.05,0.05,0.007719516278783783,0,0,0,0.00038597581393918915,0,0.05,,,
,0.005555555555555556,0.9166666666666666,0.027777777777777776,1.39,0,1.39,0,0.06454278533956505,0,19.477954238554105,0,60.803756941388784,0.05,0.3,0.05,0.05,0.007745134240747806,0,0,0,0.0003872567120373903,0,0.05,,,
,0.00625,0.9166666666666666,0.027777777777777776,1.39,0,1.39,0,0.06474350272701948,0,19.413685643266767,0,60.797042480941016,0.05,0.15,0.05,0.05,0.007769220327242338,0,0,0,0.0003884610163621169,0,0.05,,,
,0.006944444444444444,0.9166666666666666,0,1.342,0,1.342,0,0.06493246267062815,0,19.350673784561632,0,60.79031923384124,0.05,0.15,0.05,0.05,0.007791895520475378,0,0,0,0.0003895947760237689,0,0.05,,,
,0.007638888888888889,0.9166666666666666,0,1.332,0,1.332,0,0,0,19.289484240685223,0,60.78321529462137,0.05,0.1,0,0,0,0,0,0,0,0,0.05,,,
,0.008333333333333333,0.9166666666666666,0,1.516,0,1.516,0,0,0,19.231359601093345,0,60.77610208358357,0.1,0.1,0,0,0,0,0,0,0,0,0.05,,,
,0.009027777777777777,0.9166666666666666,0,1.526,0,1.526,21.749999999999996,0,0,19.17472957421146,0,60.76898012772942,0.15,0.05,0.05,0,2.61,0,0,0,0.1305,0,0.05,,,
,0.009722222222222222,0.9166666666666666,0,1.526,0,1.526,21.749999999999996,0,0,19.121979772809556,0,60.76184968477738,0.15,0.05,0.05,0,2.61,0,0,0,0.1305,0,0.05,,,
,0.010416666666666666,0.9166666666666666,0,1.516,0,1.516,21.749999999999996,0,0,19.072855566639817,0,60.754711421363915,0.1,0,0.05,0,2.61,0,0,0,0.1305,0,0.05,,,
,0.011111111111111112,0.9166666666666666,0,1.516,0,1.516,21.749999999999996,0,0,19.027144754906995,0,60.747565960360234,0.1,0.1,0.05,0,2.61,0,0,0,0.1305,0,0.05,,,
,0.011805555555555555,0.9166666666666666,0,1.516,0,1.516,21.749999999999996,0,0,18.984646735179542,0,60.74041388815359,0.1,0.15,0.05,0,2.61,0,0,0,0.1305,0,0.05,,,
,0.0125,0.9166666666666666,0,1.516,0,1.516,21.749999999999996,0,0,18.945172168534093,0,60.733255756641654,0.1,0.15,0.05,0,2.61,0,0,0,0.1305,0,0.05,,,
,0.013194444444444444,0.9166666666666666,0,1.516,0,1.516,5.520092067709011,0,0,18.908542329829007,0,60.72609208516941,0.1,0.2,0.05,0,0.6624110481250813,0,0,0,0.03312055240625407,0,0.05,,,
,0.013888888888888888,0.9166666666666666,0,1.516,0,1.516,0,0,0,18.87278307427079,0,60.71892336235419,0.1,0.2,0,0,0,0,0,0,0,0,0.05,,,
,0.014583333333333334,0.9166666666666666,0,1.516,0,1.516,0,0,0,18.837256709767075,0,60.71174973830482,0.1,0.2,0,0,0,0,0,0,0,0,0.05,,,
,0.015277777777777777,0.9166666666666666,0,1.526,0,1.526,0,8.57424580024927,0,18.801967366105828,0,60.75356694407278,0.1,0.25,0.05,0.05,1.0289094960299128,0,0,0,0.05144547480149564,0,0.05,,,
,0.01597222222222222,0.9166666666666666,0,1.706,0,1.706,0,0.06338895067250662,0,18.767509804570036,0,60.74673746386325,0.1,0.35,0.05,0.05,0.007606674080700796,0,0,0,0.0003803337040350398,0,0.05,,,
,0.016666666666666666,0.9166666666666666,0,1.706,0,1.706,0,0.06345451325983804,0,18.733260758395325,0,60.73990362205458,0.1,0.4,0.05,0.05,0.007614541591180565,0,0,0,0.0003807270795590283,0,0.05,,,
,0.017361111111111112,0.9166666666666666,0,1.706,0,1.706,0,0.06351813095842411,0,18.699226634515657,0,60.73306544402628,0.1,0.45,0.05,0.05,0.007622175715010894,0,0,0,0.0003811087857505447,0,0.05,,,
,0.018055555555555554,0.9166666666666666,0,1.706,0,1.706,0,0.06357989552675498,0,18.665407288123312,0,60.72622295677623,0.1,0.5,0.05,0.05,0.0076295874632105985,0,0,0,0.0003814793731605299,0,0.05,,,
,0.01875,0.9166666666666666,0,1.528,0,1.528,0,0.06363989767082376,0,18.630796818075726,0,60.71937618779117,0.1,0.5,0.05,0.05,0.007636787720498852,0,0,0,0.0003818393860249426,0,0.05,,,
,0.019444444444444445,0.9166666666666666,0,1.528,0,1.528,0,0.06369822296024932,0,18.59646440445133,0,60.712524992601836,0.1,0.55,0.05,0.05,0.00764378675522992,0,0,0,0.000382189337761496,0,0.05,,,
,0.02013888888888889,0.9166666666666666,0,1.528,0,1.528,0,0.06375495219845233,0,18.562390888067437,0,60.70566941051358,0.1,0.6,0.05,0.05,0.00765059426381428,0,0,0,0.000382529713190714,0,0.05,,,
,0.020833333333333332,0.9166666666666666,0,1.528,0,1.528,21.749999999999996,0.06381016170247805,0,18.528578183300585,0,60.69880947797659,0.1,0.6,0.1,0.05,2.6176572194042973,0,0,0,0.13088286097021487,0,0.05,,,
,0.021527777777777778,0.9166666666666666,0,1.528,0,1.528,19.909845587887155,0.06386392179174193,0,18.49747910653101,0,60.69194523216489,0.1,0.6,0.1,0.05,2.3968451411614677,0,0,0,0.11984225705807339,0,0.05,,,
,0.022222222222222223,0.9166666666666666,0,1.528,0,1.528,0,0.06391628112607677,0,18.468704214763353,0,60.68507713100693,0.1,0.7,0.05,0.05,0.007669953735129212,0,0,0,0.0003834976867564606,0,0.05,,,
,0.022916666666666665,0.9166666666666666,0,1.528,0,1.528,0,0.06396730486870365,0,18.439902027473572,0,60.67820556596339,0.1,0.7,0.05,0.05,0.007676076584244439,0,0,0,0.00038380382921222194,0,0.05,,,
,0.02361111111111111,0.9166666666666666,0,1.344,0,1.344,0,0.06401705696744339,0,18.409754974666733,0,60.671330525682336,0.1,0.7,0.05,0.05,0.007682046836093208,0,0,0,0.0003841023418046604,0,0.05,,,
,0.024305555555555556,0.9166666666666666,0,1.453,0,1.453,0,0.0640655992624315,0,18.38041904863613,0,60.66445177329795,0.1,0.7,0.05,0.05,0.007687871911491779,0,0,0,0.00038439359557458896,0,0.05,,,
,0.025,0.9166666666666666,0,1.453,0,1.453,0,0.06411298723521991,0,18.35116282824264,0,60.657569441900776,0.1,0.7,0.05,0.05,0.00769355846822639,0,0,0,0.00038467792341131946,0,0.05,,,
,0.025694444444444443,0.9166666666666666,0,1.453,0,1.453,0,0.06415927211374343,0,18.322001410181635,0,60.65068353946479,0.1,0.7,0.05,0.05,0.007699112653649214,0,0,0,0.0003849556326824607,0,0.05,,,
,0.02638888888888889,0.9166666666666666,0,1.641,0,1.641,0,0.06420450326321574,0,18.29400120549628,0,60.64379407683269,0.1,0.7,0.05,0.05,0.00770454039158589,0,0,0,0.0003852270195792945,0,0.05,,,
,0.027083333333333334,0.9166666666666666,0,1.761,0,1.761,0,0.06421684850113778,0,18.266715645171484,0,60.63690106576047,0.1,0.85,0.05,0.05,0.007706021820136534,0,0,0,0.0003853010910068267,0,0.05,,,
,0.027777777777777776,0.9166666666666666,0,1.761,0,1.761,0,0.06420986629222365,0,18.239449803908883,0,60.63000451892434,0.1,0.85,0.05,0.05,0.007705183955066839,0,0,0,0.00038525919775334196,0,0.05,,,
,0.02847222222222222,0.9166666666666666,0,1.771,0,1.771,0,2.1293258647590836,0,18.21220711409294,0,60.63490514305753,0.1,0.9,0.1,0.1,0.25551910377109005,0,0,0,0.012775955188554502,0,0.05,,,
,0.029166666666666667,0.9166666666666666,0,1.89,0,1.89,0,0.13218879536646766,0,18.18538986502188,0,60.62838804508323,0.05,0.9,0.1,0.1,0.015862655443976123,0,0,0,0.0007931327721988062,0,0.05,,,
,0.029861111111111113,0.9166666666666666,0,1.89,0,1.89,21.749999999999996,0.13223859506753585,0,18.1585999988125,0,60.62186775165276,0.05,0.95,0.15,0.1,2.625868631408104,0,0,0,0.1312934315704052,0,0.05,,,
,0.030555555555555555,0.9166666666666666,0,1.89,0,1.89,21.2040399481411,0.1322884754577041,0,18.134271401325726,0,60.615344268469165,0.05,0.95,0.15,0.1,2.560359410831857,0,0,0,0.12801797054159286,0,0.05,,,
,0.03125,0.9166666666666666,0,1.71,0,1.71,0,0.13233841747601896,0,18.111582223561133,0,60.60881801836323,0.05,1,0.1,0.1,0.01588061009712228,0,0,0,0.000794030504856114,0,0.05,,,
,0.03194444444444444,0.9166666666666666,0,1.71,0,1.71,0,0.13238840504718746,0,18.08865486265167,0,60.60228928311295,0.05,1,0.1,0.1,0.015886608605662496,0,0,0,0.0007943304302831248,0,0.05,,,
,0.03263888888888889,0.9166666666666666,0,1.71,0,1.71,0,0.13243842259199085,0,18.06553337021912,0,60.59575802248427,0.05,1,0.1,0.1,0.015892610711038903,0,0,0,0.0007946305355519452,0,0.05,,,
,0.03333333333333333,0.9166666666666666,0,1.71,0,1.71,0,0.13248845512834573,0,18.042239607118745,0,60.58922420371603,0.05,1,0.1,0.1,0.01589861461540149,0,0,0,0.0007949307307700745,0,0.05,,,
,0.034027777777777775,0.9166666666666666,0,1.71,0,1.71,0,0.13253848829020554,0,18.018794513496786,0,60.58268779771829,0.05,1,0.1,0.1,0.015904618594824668,0,0,0,0.0007952309297412334,0,0.05,,,
,0.034722222222222224,0.9166666666666666,0,1.71,0,1.71,0,0.13258850834201633,0,17.99521792362936,0,60.576148778917215,0.05,1,0.1,0.1,0.01591062100104196,0,0,0,0.000795531050052098,0,0.05,,,
,0.035416666666666666,0.9166666666666666,0,1.927,0,1.927,0,0.1326385021873749,0,17.972238307401494,0,60.56960712506882,0.05,1,0.1,0.1,0.01591662026248499,0,0,0,0.0007958310131242496,0,0.05,,,
,0.03611111111111111,0.9166666666666666,0,1.927,0,1.927,0,0.13268845737271528,0,17.949134550808132,0,60.5630629387422,0.05,1,0.1,0.1,0.015922614884725836,0,0,0,0.0007961307442362918,0,0.05,,,
,0.03680555555555556,0.9166666666666666,0,1.818,0,1.818,0,0.13273836208670275,0,17.925287364208042,0,60.55651619880191,0.05,1,0.1,0.1,0.01592860345040433,0,0,0,0.0007964301725202165,0,0.05,,,
,0.0375,0.9166666666666666,0,1.818,0,1.818,0,0.13278813286853006,0,17.90140878777097,0,60.549966777475206,0.05,1,0.1,0.1,0.01593457594422361,0,0,0,0.0007967287972111804,0,0.05,,,
,0.03819444444444445,0.9166666666666666,0,1.818,0,1.818,0,0.13283775909619028,0,17.877506090463292,0,60.543414669014695,0.05,1,0.1,0.1,0.015940531091542833,0,0,0,0.0007970265545771416,0,0.05,,,
,0.03888888888888889,0.9166666666666666,0,1.818,0,1.818,21.749999999999996,0.1328872288412728,0,17.85358308635057,0,60.53685986885174,0.05,1,0.15,0.1,2.6259464674609525,0,0,0,0.13129732337304761,0,0.05,,,
,0.03958333333333333,0.9166666666666666,0,1.698,0,1.698,20.24306918745651,0.13293657302197562,0,17.831386806660063,0,60.53030237324915,0.05,1,0.15,0.1,2.4451206912574186,0,0,0,0.12225603456287093,0,0.05,,,
,0.04027777777777778,0.9166666666666666,0,1.801,0,1.801,0,0.13300615946410607,0,17.81164073143207,0,60.52374259434896,0.05,1,0.1,0.1,0.015960739135692733,0,0,0,0.0007980369567846367,0,0.05,,,
,0.04097222222222222,0.9166666666666666,0,2.059,0,2.059,0,0.13307435316659924,0,17.793176864825202,0,60.517180944619135,0.05,1,0.1,0.1,0.015968922379991913,0,0,0,0.0007984461189995956,0,0.05,,,
,0.041666666666666664,0.9166666666666666,0,1.752,0,1.752,0,0.13314155787981904,0,17.772953691202993,0,60.510617638536175,0.05,1,0.1,0.1,0.015976986945578288,0,0,0,0.0007988493472789144,0,0.05,,,
,0.04236111111111111,0.9166666666666666,0,1.752,0,1.752,0,0.13323968831925043,0,17.75255119796133,0,60.50405255150704,0.05,1,0.1,0.1,0.015988762598310058,0,0,0,0.0007994381299155029,0,0.05,,,
,0.043055555555555555,0.9166666666666666,0,1.752,0,1.752,0,0.13333491798099759,0,17.731969255226858,0,60.497485636520615,0.05,1,0.1,0.1,0.01600019015771971,0,0,0,0.0008000095078859855,0,0.05,,,
,0.04375,0.9166666666666666,0,1.752,0,1.752,0,0.13342790608587218,0,17.711236944906346,0,60.490916850318584,0.05,1,0.1,0.1,0.016011348730304666,0,0,0,0.0008005674365152333,0,0.05,,,
,0.044444444444444446,0.9166666666666666,0,1.752,0,1.752,0,0.1335187204626007,0,17.690356984197784,0,60.48434615502315,0.05,1,0.1,0.1,0.016022246455512083,0,0,0,0.0008011123227756042,0,0.05,,,
,0.04513888888888889,0.9166666666666666,0,1.752,0,1.752,0,0.13360752760550434,0,17.669358907699248,0,60.47777351418021,0.05,1,0.1,0.1,0.016032903312660524,0,0,0,0.0008016451656330262,0,0.05,,,
,0.04583333333333333,0.9166666666666666,0,1.752,0,1.752,0,0.13369437949920937,0,17.648255372769377,0,60.471198896701935,0.05,1,0.1,0.1,0.016043325539905125,0,0,0,0.0008021662769952563,0,0.05,,,
,0.04652777777777778,0.9166666666666666,0,1.752,0,1.752,0,0.13377938520698984,0,17.627061661155587,0,60.46462227429902,0.05,1,0.1,0.1,0.016053526224838785,0,0,0,0.0008026763112419392,0,0.05,,,
,0.04722222222222222,0.9166666666666666,0,1.963,0,1.963,0,0.1338626339624368,0,17.606411370668308,0,60.45804362181654,0.05,1,0.1,0.1,0.016063516075492418,0,0,0,0.0008031758037746209,0,0.05,,,
,0.04791666666666667,0.9166666666666666,0,1.963,0,1.963,21.749999999999996,0.13394420433068127,0,17.585666940178704,0,60.45146302316967,0.05,1,0.15,0.1,2.626073304519682,0,0,0,0.13130366522598408,0,0.05,,,
,0.04861111111111111,0.9166666666666666,0,1.963,0,1.963,19.592957281916323,0.1340241766596789,0,17.567274863367885,0,60.44488045342208,0.05,1,0.15,0.1,2.3672377750291203,0,0,0,0.11836188875145601,0,0.05,,,
,0.049305555555555554,0.9166666666666666,0,1.963,0,1.963,0,0.13410261762379896,0,17.550835521740527,0,60.43829630742162,0.05,1,0.1,0.1,0.016092314114855878,0,0,0,0.0008046157057427939,0,0.05,,,
,0.05,0.9166666666666666,0,2.141,0,2.141,0,0.1341795633491746,0,17.53506069921345,0,60.43171091164894,0.05,1,0.1,0.1,0.016101547601900953,0,0,0,0.0008050773800950476,0,0.05,,,
,0.050694444444444445,0.9166666666666666,0,1.914,0,1.914,0,0.13425508183048362,0,17.518230392837115,0,60.425124372080134,0,1,0.1,0.1,0.016110609819658037,0,0,0,0.0008055304909829018,0,0.05,,,
,0.05138888888888889,0.9166666666666666,0,2.074,0,2.074,0,0.13432921228210787,0,17.502105746789297,0,60.41853650003958,0,1,0.1,0.1,0.01611950547385295,0,0,0,0.0008059752736926474,0,0.05,,,
,0.052083333333333336,0.9166666666666666,0,2.074,0,2.074,0,0.13440200448181466,0,17.485682666522646,0,60.411947409078905,0,1,0.1,0.1,0.01612824053781776,0,0,0,0.000806412026890888,0,0.05,,,
,0.05277777777777778,0.9166666666666666,0,1.971,0,1.971,0,0.13447352016933806,0,17.468659488647884,0,60.40535704095261,0,1,0.1,0.1,0.01613682242032057,0,0,0,0.0008068411210160285,0,0.05,,,
,0.05347222222222222,0.9166666666666666,0,2.004,0,2.004,0,0.1345438233009245,0,17.45122252328407,0,60.39876528607679,0,1,0.1,0.1,0.016145258796110944,0,0,0,0.0008072629398055472,0,0.05,,,
,0.05416666666666667,0.9166666666666666,0,2.004,0,2.004,0,0.1346129651352001,0,17.43358828640841,0,60.3921720671182,0,1,0.1,0.1,0.01615355581622402,0,0,0,0.000807677790811201,0,0.05,,,
,0.05486111111111111,0.9166666666666666,0,2.163,0,2.163,0,0.13468097933907472,0,17.41667945369468,0,60.38557734406631,0,1,0.1,0.1,0.01616171752068897,0,0,0,0.0008080858760344485,0,0.05,,,
,0.05555555555555555,0.9166666666666666,0,2.324,0,2.324,0,0.13474789818618368,0,17.400538912846542,0,60.37898123527475,0,1,0.1,0.1,0.016169747782342044,0,0,0,0.0008084873891171021,0,0.05,,,
,0.05625,0.9166666666666666,0,2.156,0,2.156,0,0.13481377631384753,0,17.383141898667024,0,60.372383866741245,0,1,0.1,0.1,0.016177653157661707,0,0,0,0.0008088826578830854,0,0.05,,,
,0.05694444444444444,0.9166666666666666,0,2.156,0,2.156,0,0.13487869787905504,0,17.365589683286654,0,60.36578501782033,0,1,0.1,0.1,0.016185443745486604,0,0,0,0.0008092721872743301,0,0.05,,,
,0.05763888888888889,0.9166666666666666,0,2.338,0,2.338,0,0.1349427114743488,0,17.3484830154108,0,60.35918465697139,0,1,0.1,0.1,0.016193125376921857,0,0,0,0.0008096562688460929,0,0.05,,,
,0.058333333333333334,0.9166666666666666,0,2.338,0,2.338,0,0.1350058519416896,0,17.331218195698945,0,60.352582855843956,0,1,0.1,0.1,0.016200702233002753,0,0,0,0.0008100351116501377,0,0.05,,,
,0.059027777777777776,0.9166666666666666,0,2.734,0,2.734,0,0.13506815869096553,0,17.316005347010083,0,60.345979582809015,0,1,0.1,0.1,0.01620817904291587,0,0,0,0.0008104089521457934,0,0.05,,,
,0.059722222222222225,0.9166666666666666,0,2.734,0,2.734,0,0.13507839253887038,0,17.30048484484592,0,60.33937489232594,0,1,0.1,0.1,0.01620940710466445,0,0,0,0.0008104703552332225,0,0.05,,,
,0.06041666666666667,0.9166666666666666,0,2.734,0,2.734,0,0.13509282929557037,0,17.28474800951674,0,60.33276875591379,0,1,0.1,0.1,0.016211139515468445,0,0,0,0.0008105569757734223,0,0.05,,,
,0.06111111111111111,0.9166666666666666,0,2.734,0,2.734,0,0.13510959144159054,0,17.268816169231357,0,60.32616115002264,0,1,0.1,0.1,0.016213150972990868,0,0,0,0.0008106575486495433,0,0.05,,,
,0.06180555555555556,0.9166666666666666,0,2.734,0,2.734,0,0.13512850758705935,0,17.25271011198152,0,60.31955205378357,0,1,0.1,0.1,0.01621542091044712,0,0,0,0.0008107710455223561,0,0.05,,,
,0.0625,0.9166666666666666,0,2.523,0,2.523,0,0.13514937970166635,0,17.235812520751516,0,60.312941448763276,0,1,0.1,0.1,0.016217925564199966,0,0,0,0.0008108962782099983,0,0.05,,,
,0.06319444444444444,0.9166666666666666,0,2.71,0,2.71,0,0.13517210031052884,0,17.219405719382436,0,60.30632921009167,0,1,0.1,0.1,0.016220652037263462,0,0,0,0.0008110326018631731,0,0.05,,,
,0.06388888888888888,0.9166666666666666,0,2.71,0,2.71,0,0.13519649619393925,0,17.20285909852881,0,60.299715431757235,0,1,0.1,0.1,0.01622357954327271,0,0,0,0.0008111789771636355,0,0.05,,,
,0.06458333333333334,0.9166666666666666,0,2.71,0,2.71,0,0.13522241103000704,0,17.18619635297102,0,60.293100098734556,0,1,0.1,0.1,0.01622668932360085,0,0,0,0.0008113344661800425,0,0.05,,,
,0.06527777777777778,0.9166666666666666,0,2.556,0,2.556,0,0.13524970189267305,0,17.168808802970574,0,60.286483199246106,0,1,0.1,0.1,0.01622996422712077,0,0,0,0.0008114982113560385,0,0.05,,,
,0.06597222222222222,0.9166666666666666,0,2.433,0,2.433,0,0.13527821107210203,0,17.15097486203734,0,60.27986461627002,0,1,0.1,0.1,0.016233385328652247,0,0,0,0.0008116692664326124,0,0.05,,,
,0.06666666666666667,0.9166666666666666,0,2.433,0,2.433,0,0.13530775822676566,0,17.13309622221149,0,60.27324427950202,0,1,0.1,0.1,0.01623693098721188,0,0,0,0.0008118465493605939,0,0.05,,,
,0.06736111111111111,0.9166666666666666,0,2.433,0,2.433,0,0.13533826498601542,0,17.115164887992535,0,60.26662218706353,0,1,0.1,0.1,0.016240591798321852,0,0,0,0.0008120295899160926,0,0.05,,,
,0.06805555555555555,0.9166666666666666,0,2.433,0,2.433,0,0.1353696913837456,0,17.097193110272816,0,60.25999833547733,0,1,0.1,0.1,0.016244362966049475,0,0,0,0.0008122181483024738,0,0.05,,,
,0.06875,0.9166666666666666,0,2.274,0,2.274,0,0.1354019507166132,0,17.07829933529728,0,60.25337272287137,0,1,0.1,0.1,0.016248234085993588,0,0,0,0.0008124117042996794,0,0.05,,,
,0.06944444444444445,0.9166666666666666,0,2.113,0,2.113,0,0.13543494129018974,0,17.058469459535658,0,60.24674519566946,0,1,0.1,0.1,0.016252192954822768,0,0,0,0.0008126096477411384,0,0.05,,,
,0.07013888888888889,0.9166666666666666,0,2.113,0,2.113,0,0.13546858538490347,0,17.038723239153157,0,60.240115597459734,0,1,0.1,0.1,0.016256230246188413,0,0,0,0.0008128115123094207,0,0.05,,,
,0.07083333333333333,0.9166666666666666,0,2.222,0,2.222,0,0.13550281159921082,0,17.019718399831714,0,60.233483946264606,0,1,0.1,0.1,0.0162603373919053,0,0,0,0.000813016869595265,0,0.05,,,
,0.07152777777777777,0.9166666666666666,0,2.222,0,2.222,0,0.13553755774744275,0,17.00076394268931,0,60.22685037250092,0,1,0.1,0.1,0.016264506929693133,0,0,0,0.0008132253464846566,0,0.05,,,
,0.07222222222222222,0.9166666666666666,0,2.222,0,2.222,0,0.13557277308613452,0,16.981870908662152,0,60.22021488781629,0,1,0.1,0.1,0.016268732770336143,0,0,0,0.0008134366385168072,0,0.05,,,
,0.07291666666666667,0.9166666666666666,0,2.04,0,2.04,0,0.135608417438736,0,16.962453344661128,0,60.21357750551952,0,1,0.1,0.1,0.016273010092648324,0,0,0,0.0008136505046324162,0,0.05,,,
,0.07361111111111111,0.9166666666666666,0,2.04,0,2.04,0,0.13564442733882356,0,16.94313639655051,0,60.20693813810531,0,1,0.1,0.1,0.016277331280658832,0,0,0,0.0008138665640329416,0,0.05,,,
,0.07430555555555556,0.9166666666666666,0,1.824,0,1.824,0,0.1356807572425872,0,16.922319322888587,0,60.200296804991,0,1,0.1,0.1,0.01628169086911047,0,0,0,0.0008140845434555235,0,0.05,,,
,0.075,0.9166666666666666,0,1.824,0,1.824,0,0.13576863866609454,0,16.901772873186097,0,60.193653543929315,0,1,0.1,0.1,0.01629223663993135,0,0,0,0.0008146118319965675,0,0.05,,,
,0.07569444444444444,0.9166666666666666,0,1.824,0,1.824,0,0.13585177212499916,0,16.881435567165752,0,60.187008374512175,0,1,0.1,0.1,0.0163022126549999,0,0,0,0.000815110632749995,0,0.05,,,
,0.0763888888888889,0.9166666666666666,0,1.984,0,1.984,0,0.1359320146986324,0,16.86180691685718,0,60.18036131640061,0,1,0.1,0.1,0.01631184176383589,0,0,0,0.0008155920881917945,0,0.05,,,
,0.07708333333333334,0.9166666666666666,0,1.984,0,1.984,0,0.13600940230773767,0,16.84238495466088,0,60.17371247508818,0,1,0.1,0.1,0.016321128276928522,0,0,0,0.0008160564138464261,0,0.05,,,
,0.07777777777777778,0.9166666666666666,0,1.984,0,1.984,0,0.13608415094402906,0,16.823173147538082,0,60.16706187123292,0,1,0.1,0.1,0.016330098113283488,0,0,0,0.0008165049056641744,0,0.05,,,
,0.07847222222222222,0.9166666666666666,0,1.797,0,1.797,0,0.13615644837354657,0,16.803554472951966,0,60.160409527156716,0,1,0.1,0.1,0.01633877380482559,0,0,0,0.0008169386902412794,0,0.05,,,
,0.07916666666666666,0.9166666666666666,0,1.985,0,1.985,0,0.13622647061574336,0,16.78522413118112,0,60.153755360408084,0,1,0.1,0.1,0.016347176473889204,0,0,0,0.0008173588236944602,0,0.05,,,
,0.0798611111111111,0.9166666666666666,0,1.985,0,1.985,0,0.1362624967804541,0,16.767040181898118,0,60.147099397893236,0,1,0.1,0.1,0.016351499613654494,0,0,0,0.0008175749806827246,0,0.05,,,
,0.08055555555555556,0.9166666666666666,0,1.801,0,1.801,0,0.13629854134299274,0,16.74766736385483,0,60.14044166512103,0,1,0.1,0.1,0.016355824961159133,0,0,0,0.0008177912480579567,0,0.05,,,
,0.08125,0.9166666666666666,0,1.921,0,1.921,0,0.13633411889796065,0,16.7292622197457,0,60.13378195592021,0,1,0.1,0.1,0.01636009426775528,0,0,0,0.0008180047133877639,0,0.05,,,
,0.08194444444444444,0.9166666666666666,0,1.921,0,1.921,0,0.13634894063811895,0,16.711051499557,0,60.12712031791195,0,1,0.1,0.1,0.016361872876574278,0,0,0,0.0008180936438287139,0,0.05,,,
,0.08263888888888889,0.9166666666666666,0,1.921,0,1.921,0,0.13636466930230645,0,16.6930428209015,0,60.12045678993913,0,1,0.1,0.1,0.016363760316276774,0,0,0,0.0008181880158138387,0,0.05,,,
,0.08333333333333333,0.9166666666666666,0.05555555555555555,1.927,0,1.927,0,0.13638093811127389,0,16.675478890112423,0,60.11379141004792,0,1,0.1,0.1,0.01636571257335287,0,0,0,0.0008182856286676435,0,0.05,,,
,0.08402777777777778,0.9166666666666666,0.05555555555555555,1.987,0,1.987,0,0.13639773852853423,0,16.658428091496145,0,60.107124257836084,0,1,0.1,0.1,0.01636772862342411,0,0,0,0.0008183864311712055,0,0.05,,,
,0.08472222222222223,0.9166666666666666,0.05555555555555555,1.987,0,1.987,0,0.1364150580443658,0,16.641519347573546,0,60.100455424539255,0,1,0.1,0.1,0.016369806965323898,0,0,0,0.0008184903482661949,0,0.05,,,
,0.08541666666666667,0.9166666666666666,0.05555555555555555,2.047,0,2.047,0,0.13643292526275894,0,16.624933254023276,3.54,60.02412846510538,0,1,0.1,0.1,0.016371951031531076,0,0,0.177,0.0008185975515765538,0,0.05,,,
,0.08611111111111111,0.9166666666666666,0.05555555555555555,2.36,0,2.36,0,0.1364513132672329,0,16.61018911826549,1.4600000000000004,59.98955776500136,0,1,0.1,0.1,0.01637415759206795,0,0,0.07300000000000002,0.0008187078796033975,0,0.05,,,
,0.08680555555555555,0.9166666666666666,0.05555555555555555,2.42,0,2.42,0,0.13647025988769587,0,16.59577719095507,0,59.9829011318613,0,1,0.1,0.1,0.01637643118652351,0,0,0,0.0008188215593261754,0,0.05,,,
,0.0875,0.9166666666666666,0.05555555555555555,2.607,0,2.607,0,0.13648980686333323,0,16.58251406334541,1,59.95642553637653,0,1,0.1,0.1,0.01637877682359999,0,0,0.05,0.0008189388411799995,0,0.05,,,
,0.08819444444444445,0.9166666666666666,0.05555555555555555,2.657,0,2.657,0,0.1365099290710212,0,16.569357068707678,0,59.94977006543297,0,1,0.1,0.1,0.016381191488522545,0,0,0,0.0008190595744261272,0,0.05,,,
,0.08888888888888889,0.9166666666666666,0.05555555555555555,2.657,0,2.657,0,0.13653061861753327,0,16.556207232175563,0,59.94311359816851,0,1,0.1,0.1,0.016383674234103994,0,0,0,0.0008191837117051997,0,0.05,,,
,0.08958333333333333,0.9166666666666666,0.05555555555555555,2.599,0,2.599,0,0.13655172217214726,0,16.54288217784256,0,59.93645613834674,0,1,0.1,0.1,0.016386206660657675,0,0,0,0.0008193103330328838,0,0.05,,,
,0.09027777777777778,0.9166666666666666,0.05555555555555555,2.699,0,2.699,0,0.13657322153061585,0,16.52987574618968,1,59.910150408062535,0,1,0.1,0.1,0.016388786583673903,0,0,0.05,0.0008194393291836952,0,0.05,,,
,0.09097222222222222,0.9166666666666666,0.05555555555555555,2.649,0,2.649,0,0.1365951012357508,0,16.516732406597583,0,59.90349433298469,0,1,0.1,0.1,0.016391412148290097,0,0,0,0.0008195706074145048,0,0.05,,,
,0.09166666666666666,0.9166666666666666,0.05555555555555555,2.489,0,2.489,0,0.1366173458392248,0,16.503129652457183,0,59.896837272916386,0,1,0.1,0.1,0.01639408150070698,0,0,0,0.000819704075035349,0,0.05,,,
,0.09236111111111112,0.9166666666666666,0.05555555555555555,2.489,0,2.489,0,0.13664001232744097,0,16.489544332578905,0,59.89017915168048,0,1,0.1,0.1,0.016396801479292917,0,0,0,0.0008198400739646459,0,0.05,,,
,0.09305555555555556,0.9166666666666666,0.05555555555555555,2.489,0,2.489,0,0.13666314893092493,0,16.47597107711243,0,59.88351997513395,0,1,0.1,0.1,0.016399577871710994,0,0,0,0.0008199788935855497,0,0.05,,,
,0.09375,0.9166666666666666,0.05555555555555555,2.009,0,2.009,0,0.1366867345897282,0,16.4596999943626,0,59.876859748091945,0,1,0.1,0.1,0.016402408150767385,0,0,0,0.0008201204075383693,0,0.05,,,
,0.09444444444444444,0.9166666666666666,0.05555555555555555,1.921,0,1.921,0,0.13673109661782418,0,16.442845979392686,0,59.87019812697198,0,1,0.1,0.1,0.0164077315941389,0,0,0,0.000820386579706945,0,0.05,,,
,0.09513888888888888,0.9166666666666666,0.05555555555555555,1.921,0,1.921,0,0.13680648006014912,0,16.4261784924575,0,59.86353518934701,0,1,0.1,0.1,0.016416777607217894,0,0,0,0.0008208388803608947,0,0.05,,,
,0.09583333333333334,0.9166666666666666,0.05555555555555555,1.802,0,1.802,0,0.1368794041984629,0,16.409290020415607,0,59.85687095336583,0,1,0.1,0.1,0.016425528503815547,0,0,0,0.0008212764251907774,0,0.05,,,
,0.09652777777777778,0.9166666666666666,0.05555555555555555,1.802,0,1.802,0,0.1369505207006068,0,16.39258587152093,0,59.85020537103848,0,1,0.1,0.1,0.016434062484072816,0,0,0,0.0008217031242036408,0,0.05,,,
,0.09722222222222222,0.9166666666666666,0.05555555555555555,1.802,0,1.802,0,0.13701990123328406,0,16.3760563530717,0,59.84353846427416,0,1,0.1,0.1,0.016442388147994088,0,0,0,0.0008221194073997044,0,0.05,,,
,0.09791666666666667,0.9166666666666666,0.05555555555555555,2.097,0,2.097,0,0.13708763997454296,0,16.361068801590367,0,59.83687025385497,0,1,0.1,0.1,0.016450516796945154,0,0,0,0.0008225258398472577,0,0.05,,,
,0.09861111111111111,0.9166666666666666,0.05555555555555555,2.308,0,2.308,0,0.1371538276809519,0,16.346794930489228,0,59.83020099547847,0,1,0.1,0.1,0.016458459321714233,0,0,0,0.0008229229660857117,0,0.05,,,
,0.09930555555555555,0.9166666666666666,0.05555555555555555,2.308,0,2.308,0,0.13721855249928613,0,16.332594582256334,1,59.80407915860339,0,1,0.1,0.1,0.01646622629991434,0,0,0.05,0.000823311314995717,0,0.05,,,
,0.1,0.9166666666666666,0.05555555555555555,2.248,0,2.248,0,0.13728191520464628,0,16.31830911365413,0,59.79741137219148,0,1,0.1,0.1,0.016473829824557557,0,0,0,0.0008236914912278778,0,0.05,,,
,0.10069444444444445,0.9166666666666666,0.05555555555555555,2.52,0,2.52,0,0.13734395284570705,0,16.305780188391385,0,59.790742634392,0,1,0.1,0.1,0.01648127434148485,0,0,0,0.0008240637170742425,0,0.05,,,
,0.10138888888888889,0.9166666666666666,0.05555555555555555,2.54,0,2.54,0,0.13740473774728834,0,16.29338255335088,0,59.784073239331256,0,1,0.1,0.1,0.016488568529674605,0,0,0,0.0008244284264837303,0,0.05,,,
,0.10208333333333333,0.9166666666666666,0.05555555555555555,2.418,0,2.418,0,0.13746433382097148,0,16.280618592634077,0,59.77740320283548,0,1,0.1,0.1,0.01649572005851658,0,0,0,0.0008247860029258289,0,0.05,,,
,0.10277777777777777,0.9166666666666666,0.05555555555555555,2.231,0,2.231,0,0.13752280421731972,0,16.26676711881509,0,59.770732455783545,0,1,0.1,0.1,0.016502736506078367,0,0,0,0.0008251368253039184,0,0.05,,,
,0.10347222222222222,0.9166666666666666,0.05555555555555555,2.231,0,2.231,0,0.13758020819235278,0,16.25301595438889,0,59.76406080577258,0,1,0.1,0.1,0.016509624983082335,0,0,0,0.0008254812491541167,0,0.05,,,
,0.10416666666666667,0.9166666666666666,0.05555555555555555,2.291,0,2.291,0,0.13763660144081938,0,16.23952656833086,0,59.75738826437773,0,1,0.1,0.1,0.016516392172898325,0,0,0,0.0008258196086449162,0,0.05,,,
,0.10486111111111111,0.9166666666666666,0.05555555555555555,2.291,0,2.291,0,0.13769203029569052,0,16.226111751381247,0,59.75071487111724,0,1,0.1,0.1,0.01652304363548287,0,0,0,0.0008261521817741434,0,0,,,
,0.10555555555555556,0.9166666666666666,0.05555555555555555,2.231,0,2.231,0,0.13774654749472223,0,16.212597909569944,0,59.74404063371097,0,1,0.1,0.1,0.016529585699366668,0,0,0,0.0008264792849683334,0,0,,,
,0.10625,0.9166666666666666,0.05555555555555555,2.464,0,2.464,0,0.13780019938502971,0,16.20090258738629,0,59.73736553038333,0,1,0.1,0.1,0.01653602392620357,0,0,0,0.0008268011963101785,0,0,,,
,0.10694444444444444,0.9166666666666666,0.05555555555555555,2.567,0,2.567,0,0.13780166588829262,0,16.189576395324675,0,59.73068957482674,0,1,0.1,0.1,0.01653619990659512,0,0,0,0.000826809995329756,0,0,,,
,0.1076388888888889,0.9166666666666666,0.05555555555555555,2.547,0,2.547,0,0.13780727489231054,0,16.17810157124445,0,59.72401285413821,0,1,0.1,0.1,0.016536872987077265,0,0,0,0.0008268436493538633,0,0,,,
,0.10833333333333334,0.9166666666666666,0.05555555555555555,2.607,0,2.607,0,0.1378151851153588,0,16.16677478184105,0,59.71733535611895,0,1,0.1,0.1,0.016537822213843062,0,0,0,0.0008268911106921531,0,0,,,
,0.10902777777777778,0.9166666666666666,0.05555555555555555,2.667,0,2.667,0,0.13782528345555542,0,16.155754450813244,0,59.71065711878308,0,1,0.1,0.1,0.01653903401466665,0,0,0,0.0008269517007333325,0,0,,,
,0.10972222222222222,0.9166666666666666,0.05555555555555555,3.214,0,3.214,0,0.1378373777672003,0,16.146903131062952,0,59.70397820619869,0,1,0.1,0.1,0.016540485332064037,0,0,0,0.0008270242666032019,0,0,,,
,0.11041666666666666,0.9166666666666666,0.05555555555555555,3.214,0,3.214,0,0.13785129189975145,0,16.13789501685195,0,59.69729900071095,0,1,0.1,0.1,0.016542155027970178,0,0,0,0.0008271077513985088,0,0,,,
,0.1111111111111111,0.9166666666666666,0.05555555555555555,3.214,0,3.214,0,0.13786691600846848,0,16.12877207197697,0,59.69061948526233,0,1,0.1,0.1,0.01654402992101622,0,0,0,0.000827201496050811,0,0,,,
,0.11180555555555556,0.9166666666666666,0.05555555555555555,3.31,0,3.31,0,0.13788409864688736,0,16.119498933368835,0,59.683939649126614,0,1,0.1,0.1,0.016546091837626484,0,0,0,0.0008273045918813242,0,0,,,
,0.1125,0.9166666666666666,0.05555555555555555,3.31,0,3.31,0,0.1379027027256166,0,16.11013220287886,0,59.67725947473377,0,1,0.1,0.1,0.016548324327073996,0,0,0,0.0008274162163536998,0,0,,,
,0.11319444444444444,0.9166666666666666,0.05555555555555555,3.418,0,3.418,0,0.13792260288130956,0,16.101016734525988,0,59.67057895350363,0,1,0.1,0.1,0.016550712345757147,0,0,0,0.0008275356172878573,0,0,,,
,0.11388888888888889,0.9166666666666666,0.05555555555555555,3.167,0,3.167,0,0.1379436664486519,0,16.090966759095156,0,59.66389813521723,0,1,0.1,0.1,0.01655323997383823,0,0,0,0.0008276619986919114,0,0,,,
,0.11458333333333333,0.9166666666666666,0.05555555555555555,3.227,0,3.227,0,0.13796579017444852,0,16.081062514478624,0,59.657216865782324,0,1,0.1,0.1,0.016555894820933822,0,0,0,0.0008277947410466911,0,0,,,
,0.11527777777777778,0.9166666666666666,0.05555555555555555,3.33,0,3.33,0,0.1379888792164894,0,16.071447992625426,0,59.65053517577475,0,1,0.1,0.1,0.016558665505978724,0,0,0,0.0008279332752989362,0,0,,,
,0.11597222222222223,0.9166666666666666,0.05555555555555555,3.162,0,3.162,0,0.13801284090254698,0,16.06075703236628,0,59.643853119919946,0,1,0.1,0.1,0.01656154090830564,0,0,0,0.000828077045415282,0,0,,,
,0.11666666666666667,0.9166666666666666,0.05555555555555555,3.212,0,3.212,0,0.13803759957407738,0,16.050246991052582,0,59.63717051830249,0,1,0.1,0.1,0.016564511948889284,0,0,0,0.0008282255974444642,0,0,,,
,0.11736111111111111,0.9166666666666666,0.05555555555555555,3.212,0,3.212,0,0.13806296548899996,0,16.03973515673182,0,59.63048740550064,0,1,0.1,0.1,0.016567555858679996,0,0,0,0.0008283777929339999,0,0,,,
,0.11805555555555555,0.9166666666666666,0.05555555555555555,3.212,0,3.212,0,0.13808894863962193,0,16.029227603990467,0,59.62380378482163,0,1,0.1,0.1,0.016570673836754632,0,0,0,0.0008285336918377316,0,0,,,
,0.11875,0.9166666666666666,0.05555555555555555,3.212,0,3.212,0,0.1381154890835026,0,16.018727838007724,0,59.617119660271115,0,1,0.1,0.1,0.016573858690020316,0,0,0,0.0008286929345010158,0,0,,,
,0.11944444444444445,0.9166666666666666,0.05555555555555555,3.212,0,3.212,0,0.13814253095310078,0,16.00823834122063,0,59.6104350361356,0,1,0.1,0.1,0.0165771037143721,0,0,0,0.000828855185718605,0,0,,,
,0.12013888888888889,0.9166666666666666,0.05555555555555555,3.212,0,3.212,0,0.13817002620319851,0,15.99776138590438,0,59.60374991685192,0,1,0.1,0.1,0.01658040314438382,0,0,0,0.0008290201572191911,0,0,,,
,0.12083333333333333,0.9166666666666666,0.05555555555555555,3.392,0,3.392,0,0.1381979309119706,0,15.987912222278519,0,59.597064306994675,0,1,0.1,0.1,0.016583751709436476,0,0,0,0.0008291875854718238,0,0,,,
,0.12152777777777778,0.9166666666666666,0.05555555555555555,3.159,0,3.159,0,0.13822611163717483,0,15.976369556088477,0,59.59037831584666,0,1,0.1,0.1,0.01658713339646098,0,0,0,0.000829356669823049,0,0,,,
,0.12222222222222222,0.9166666666666666,0.05555555555555555,3.249,0,3.249,0,0.13830580989608454,0,15.965564288202447,0,59.5836919475444,0,1,0.1,0.1,0.01659669718753015,0,0,0,0.0008298348593765076,0,0,,,
,0.12291666666666666,0.9166666666666666,0.05555555555555555,3.388,0,3.388,0,0.13838074489939056,0,15.955271891930957,0,59.57700530134508,0,1,0.1,0.1,0.016605689387926868,0,0,0,0.0008302844693963433,0,0,,,
,0.12361111111111112,0.9166666666666666,0.05555555555555555,3.388,0,3.388,0,0.13845276676820428,0,15.945068080179482,0,59.57031844857071,0,1,0.1,0.1,0.016614332012184513,0,0,0,0.0008307166006092257,0,0,,,
,0.12430555555555556,0.9166666666666666,0.05555555555555555,3.408,0,3.408,0,0.13852204382001473,0,15.935070223160977,0,59.56363138875796,0,1,0.1,0.1,0.01662264525840177,0,0,0,0.0008311322629200885,0,0,,,
,0.125,0.9166666666666666,0,2.149,0,2.149,0,0.13858877458175875,0,15.919804109760468,0,59.55694414269861,0,1,0.1,0.1,0.01663065294981105,0,0,0,0.0008315326474905524,0,0,,,
,0.12569444444444444,0.9166666666666666,0,2.04,0,2.04,0,0.13865314614180005,0,15.904247626152657,0,59.550255793813776,0,1,0.1,0.1,0.01663837753701601,0,0,0,0.0008319188768508006,0,0,,,
,0.12638888888888888,0.9166666666666666,0,2.04,0,2.04,0,0.1387153303559504,0,15.888995600199035,0,59.54356628001564,0,1,0.1,0.1,0.01664583964271405,0,0,0,0.0008322919821357026,0,0,,,
,0.12708333333333333,0.9166666666666666,0,1.823,0,1.823,0,0.13877548822855554,0,15.873316996602224,0,59.53687564211755,0,1,0.1,0.1,0.016653058587426665,0,0,0,0.0008326529293713333,0,0,,,
,0.12777777777777777,0.9166666666666666,0,1.72,0,1.72,0,0.1388337677811124,0,15.857581525159157,0,59.53018379645133,0,1,0.1,0.1,0.01666005213373349,0,0,0,0.0008330026066866745,0,0,,,
,0.1284722222222222,0.9166666666666666,0,1.557,0,1.557,0,0.13889037747983388,0,15.841640631228,0,59.523490723933286,0,1,0.1,0.1,0.016666845297580068,0,0,0,0.0008333422648790034,0,0,,,
,0.12916666666666668,0.9166666666666666,0,1.717,0,1.717,0,0.13894544270309442,0,15.826448726248449,0,59.51679638073284,0,1,0.1,0.1,0.01667345312437133,0,0,0,0.0008336726562185665,0,0,,,
,0.12986111111111112,0.9166666666666666,0,1.717,0,1.717,0,0.13899907775104214,0,15.811492173289418,0,59.51010088729352,0,1,0.1,0.1,0.016679889330125056,0,0,0,0.0008339944665062528,0,0,,,
,0.13055555555555556,0.9166666666666666,0,1.717,0,1.717,0,0.13905138189737962,0,15.796766865680336,0,59.50340427655338,0,1,0.1,0.1,0.016686165827685555,0,0,0,0.0008343082913842778,0,0,,,
,0.13125,0.9166666666666666,0,1.876,0,1.876,0,0.13910245564669163,0,15.783163587320221,0,59.49670658131522,0,1,0.1,0.1,0.016692294677602998,0,0,0,0.0008346147338801499,0,0,,,
,0.13194444444444445,0.9166666666666666,0,1.876,0,1.876,0,0.1391523763693032,0,15.76970374729853,0,59.490007987524066,0,1,0.1,0.1,0.016698285164316387,0,0,0,0.0008349142582158194,0,0,,,
,0.1326388888888889,0.9166666666666666,0,1.876,0,1.876,0,0.13920127875480337,0,15.756389545006451,0,59.48330851410435,0,1,0.1,0.1,0.01670415345057641,0,0,0,0.0008352076725288204,0,0,,,
,0.13333333333333333,0.9166666666666666,0,2.064,0,2.064,0,0.13924925932131033,0,15.744277699288181,0,59.47660818090575,0,1,0.1,0.1,0.016709911118557238,0,0,0,0.0008354955559278619,0,0,,,
,0.13402777777777777,0.9166666666666666,0,2.064,0,2.064,0,0.1392645014621064,0,15.73223398927073,0,59.469907007117264,0,1,0.1,0.1,0.016711740175452766,0,0,0,0.0008355870087726383,0,0,,,
,0.13472222222222222,0.9166666666666666,0,1.974,0,1.974,0,0.1392809262570934,0,15.71972517723358,0,59.463205011321385,0,1,0.1,0.1,0.016713711150851213,0,0,0,0.0008356855575425606,0,0,,,
,0.13541666666666666,0.9166666666666666,0,2.096,0,2.096,0,0.13929796243754647,0,15.7077213488881,0,59.456502117420904,0,1,0.1,0.1,0.016715755492505577,0,0,0,0.0008357877746252788,0,0,,,
,0.1361111111111111,0.9166666666666666,0,1.916,0,1.916,0,0.13931559391909773,0,15.695209225468881,0,59.449798415540116,0,1,0.1,0.1,0.01671787127029173,0,0,0,0.0008358935635145864,0,0,,,
,0.13680555555555557,0.9166666666666666,0,1.916,0,1.916,0,0.13933379316113337,0,15.682807776826426,0,59.44309382192561,0,1,0.1,0.1,0.016720055179336005,0,0,0,0.0008360027589668003,0,0,,,
,0.1375,0.9166666666666666,0,1.793,0,1.793,0,0.1393525215121698,0,15.670147720878328,0,59.436388358726504,0,1,0.1,0.1,0.016722302581460378,0,0,0,0.0008361151290730189,0,0,,,
,0.13819444444444445,0.9166666666666666,0,1.913,0,1.913,0,0.1393717540910784,0,15.6582917351703,0,59.42968198464054,0,1,0.1,0.1,0.01672461049092941,0,0,0,0.0008362305245464705,0,0,,,
,0.1388888888888889,0.9166666666666666,0,1.913,0,1.913,0,0.13937109046023238,0,15.64651061566675,0,59.422974723971834,0,1,0.1,0.1,0.016724530855227886,0,0,0,0.0008362265427613943,0,0,,,
,0.13958333333333334,0.9166666666666666,0,1.913,0,1.913,0,0.13937212019534856,0,15.63481490556357,0,59.41626659938296,0,1,0.1,0.1,0.01672465442344183,0,0,0,0.0008362327211720915,0,0,,,
,0.14027777777777778,0.9166666666666666,0,1.913,0,1.913,0,0.13937442060503827,0,15.623198487491198,0,59.409557632924624,0,1,0.1,0.1,0.016724930472604593,0,0,0,0.0008362465236302297,0,0,,,
,0.14097222222222222,0.9166666666666666,0,1.913,0,1.913,0,0.13937794679091337,0,15.61165810039285,0,59.4028478453385,0,1,0.1,0.1,0.016725353614909608,0,0,0,0.0008362676807454804,0,0,,,
,0.14166666666666666,0.9166666666666666,0,1.913,0,1.913,0,0.13938264100687325,0,15.600186602630206,0,59.39613725647367,0,1,0.1,0.1,0.016725916920824792,0,0,0,0.0008362958460412396,0,0,,,
,0.1423611111111111,0.9166666666666666,0,1.913,0,1.913,0,0.13938846379612274,0,15.58878348925874,0,59.389425884726144,0,1,0.1,0.1,0.01672661565553473,0,0,0,0.0008363307827767366,0,0,,,
,0.14305555555555555,0.9166666666666666,0,1.913,0,1.913,0,0.13939535310051993,0,15.577446578561226,0,59.3827137480475,0,1,0.1,0.1,0.016727442372062393,0,0,0,0.0008363721186031197,0,0,,,
,0.14375,0.9166666666666666,0,1.913,0,1.913,0,0.13940325675652346,0,15.566174576575396,0,59.3760008637142,0,1,0.1,0.1,0.01672839081078282,0,0,0,0.0008364195405391409,0,0,,,
,0.14444444444444443,0.9166666666666666,0,1.753,0,1.753,0,0.1394121220867835,0,15.554497834728618,0,59.36928724847688,0,1,0.1,0.1,0.01672945465041402,0,0,0,0.000836472732520701,0,0,,,
,0.1451388888888889,0.9166666666666666,0,1.594,0,1.594,0,0.13942189922937617,0,15.542009229145823,0,59.36257283828727,0,1,0.1,0.1,0.016730627907525143,0,0,0,0.0008365313953762572,0,0,,,
,0.14583333333333334,0.9166666666666666,0,1.594,0,1.594,0,0.13943254392158308,0,15.529653142693846,0,59.355857499062395,0,1,0.1,0.1,0.016731905270589972,0,0,0,0.0008365952635294987,0,0,,,
,0.14652777777777778,0.9166666666666666,0,1.594,0,1.594,0,0.139444011102024,0,15.517409274662082,0,59.34914125837904,0,1,0.1,0.1,0.01673328133224288,0,0,0,0.0008366640666121441,0,0,,,
,0.14722222222222223,0.9166666666666666,0,1.594,0,1.594,0,0.1394562611599835,0,15.505273950062127,0,59.34242414010274,0,1,0.1,0.1,0.01673475133919802,0,0,0,0.000836737566959901,0,0,,,
,0.14791666666666667,0.9166666666666666,0,1.683,0,1.683,0,0.13946925345439698,0,15.493462882880683,0,59.33570616723277,0,1,0.1,0.1,0.01673631041452764,0,0,0,0.0008368155207263819,0,0,,,
,0.1486111111111111,0.9166666666666666,0,1.495,0,1.495,0,0.13948294655161367,0,15.480673432046718,0,59.32898739950717,0,1,0.1,0.1,0.016737953586193646,0,0,0,0.0008368976793096823,0,0,,,
,0.14930555555555555,0.9166666666666666,0,1.656,0,1.656,0,0.13952918709974085,0,15.469010723249863,0,59.32226785532474,0,1,0.1,0.1,0.016743502451968907,0,0,0,0.0008371751225984454,0,0,,,
,0.15,0.9166666666666666,0,1.656,0,1.656,0,0.13957410846344312,0,15.457424271956285,0,59.31554772043618,0,1,0.1,0.1,0.016748893015613175,0,0,0,0.0008374446507806588,0,0,,,
,0.15069444444444444,0.9166666666666666,0,1.536,0,1.536,0,0.13961830705662182,0,15.445242798277073,0,59.308827003885334,0,1,0.1,0.1,0.01675419684679462,0,0,0,0.000837709842339731,0,0,,,
,0.15138888888888888,0.9166666666666666,0,1.536,0,1.536,0,0.13968217391811572,0,15.433189948487163,0,59.30210571615819,0,1,0.1,0.1,0.01676186087017389,0,0,0,0.0008380930435086945,0,0,,,
,0.15208333333333332,0.9166666666666666,0,1.536,0,1.536,0,0.13974410973358128,0,15.421249143642948,0,59.29538386836792,0,1,0.1,0.1,0.016769293168029758,0,0,0,0.0008384646584014879,0,0,,,
,0.1527777777777778,0.9166666666666666,0,1.639,0,1.639,0,0.13980455432785224,0,15.409752904400412,0,59.288661471296976,0,1,0.1,0.1,0.01677654651934227,0,0,0,0.0008388273259671135,0,0,,,
,0.15347222222222223,0.9166666666666666,0,1.799,0,1.799,0,0.13986358529471066,0,15.399320050710475,0,59.281938593172924,0,1,0.1,0.1,0.016783630235365277,0,0,0,0.0008391815117682639,0,0,,,
,0.15416666666666667,0.9166666666666666,0,1.986,0,1.986,0,0.13992128401690393,0,15.390110967215568,0,59.275215408760026,0,1,0.1,0.1,0.016790554082028477,0,0,0,0.0008395277041014238,0,0,,,
,0.15486111111111112,0.9166666666666666,0,2.219,0,2.219,0,0.13997756720568133,0,15.382650670440299,0,59.26849211981122,0,1,0.1,0.1,0.01679730806468176,0,0,0,0.000839865403234088,0,0,,,
,0.15555555555555556,0.9166666666666666,0,2.219,0,2.219,0,0.13998124638040935,0,15.37507985422375,0,59.26176872554207,0,1,0.1,0.1,0.016797749565649125,0,0,0,0.0008398874782824563,0,0,,,
,0.15625,0.9166666666666666,0,2.219,0,2.219,0,0.13998863704449593,0,15.367458234769305,0,59.25504522823296,0,1,0.1,0.1,0.016798636445339514,0,0,0,0.0008399318222669757,0,0,,,
,0.15694444444444444,0.9166666666666666,0,2.219,0,2.219,0,0.13999792283331863,0,15.35979192587951,0,59.2483216300217,0,1,0.1,0.1,0.016799750739998235,0,0,0,0.0008399875369999117,0,0,,,
,0.15763888888888888,0.9166666666666666,0,2.436,0,2.436,0,0.14000896476853744,0,15.35279688947285,0,59.24159793329966,0,1,0.1,0.1,0.0168010757722245,0,0,0,0.0008400537886112249,0,0,,,
,0.15833333333333333,0.9166666666666666,0,2.436,0,2.436,0,0.14002159555806146,0,15.345719408383081,0,59.23487426223818,0,1,0.1,0.1,0.016802591466967373,0,0,0,0.0008401295733483687,0,0,,,
,0.15902777777777777,0.9166666666666666,0,2.436,0,2.436,0,0.14003574224943105,0,15.338573090071922,0,59.22815061136182,0,1,0.1,0.1,0.016804289069931727,0,0,0,0.0008402144534965864,0,0,,,
,0.1597222222222222,0.9166666666666666,0,2.436,0,2.436,0,0.1400512665903642,0,15.331363363121934,0,59.22142697673869,0.05,1,0.1,0.1,0.01680615199084371,0,0,0,0.0008403075995421855,0,0,,,
,0.16041666666666668,0.9166666666666666,0,2.62,0,2.62,0,0.14006804173933346,0,15.325451997920652,0,59.21470335464342,0.05,1,0.1,0.1,0.016808165008720018,0,0,0,0.0008404082504360009,0,0,,,
,0.16111111111111112,0.9166666666666666,0,2.62,0,2.62,0,0.14008592516410937,0,15.319363226563308,0,59.20797997398321,0.05,1,0.1,0.1,0.016810311019693124,0,0,0,0.0008405155509846561,0,0,,,
,0.16180555555555556,0.9166666666666666,0,2.62,0,2.62,0,0.140104811053437,0,15.313150811661535,0,59.20125681003253,0.05,1,0.1,0.1,0.01681257732641244,0,0,0,0.0008406288663206221,0,0,,,
,0.1625,0.9166666666666666,0,2.62,0,2.62,0,0.14012460543591462,0,15.306807062615812,0,59.19453384674959,0.05,1,0.1,0.1,0.016814952652309756,0,0,0,0.0008407476326154878,0,0,,,
,0.16319444444444445,0.9166666666666666,0,2.248,0,2.248,0,0.1401452860656089,0,15.298748523144244,0,59.18781106664983,0.05,1,0.1,0.1,0.01681743432787307,0,0,0,0.0008408717163936536,0,0,,,
,0.1638888888888889,0.9166666666666666,0,2.248,0,2.248,0,0.1401667519644527,0,15.290669250590208,0,59.18108818022502,0.05,1,0.1,0.1,0.016820010235734324,0,0,0,0.0008410005117867163,0,0,,,
,0.16458333333333333,0.9166666666666666,0,2.416,0,2.416,0,0.14018890081861954,0,15.283569798031973,0,59.17436518784177,0.05,1,0.1,0.1,0.016822668098234347,0,0,0,0.0008411334049117173,0,0,,,
,0.16527777777777777,0.9166666666666666,0,2.313,0,2.313,0,0.1402116870532315,0,15.276028722464659,0,59.16764226112954,0.05,1,0.1,0.1,0.016825402446387784,0,0,0,0.0008412701223193892,0,0,,,
,0.16597222222222222,0.9166666666666666,0,2.491,0,2.491,0,0.1402351228949238,0,15.269422728510747,0,59.16091932808231,0.05,1,0.1,0.1,0.01682821474739086,0,0,0,0.0008414107373695429,0,0,,,
,0.16666666666666666,0.9166666666666666,0,2.491,0,2.491,0,0.14025914838108064,0,15.26269903122369,0,59.154196552370266,0.05,1,0.1,0.1,0.01683109780572968,0,0,0,0.0008415548902864841,0,0,,,
,0.1673611111111111,0.9166666666666666,0,2.331,0,2.331,0,0.14028365674529217,0,15.254908933878081,0,59.14747391654804,0.05,1,0.1,0.1,0.016834038809435063,0,0,0,0.0008417019404717531,0,0,,,
,0.16805555555555557,0.9166666666666666,0,2.331,0,2.331,0,0.14030859865619058,0,15.247077914436659,0,59.1407512402576,0.05,1,0.1,0.1,0.016837031838742873,0,0,0,0.0008418515919371436,0,0,,,
,0.16875,0.9166666666666666,0,2.331,0,2.331,0,0.14033393691409413,0,15.239196758245502,0,59.134028518755564,0.05,1,0.1,0.1,0.0168400724296913,0,0,0,0.000842003621484565,0,0,,,
,0.16944444444444445,0.9166666666666666,0,2.263,0,2.263,0,0.14035964073958146,0,15.230518436549161,0,59.127305745543694,0.05,1,0.1,0.1,0.016843156888749777,0,0,0,0.0008421578444374889,0,0,,,
,0.1701388888888889,0.9166666666666666,0,2.03,0,2.03,0,0.14038568241339414,0,15.220124036335687,0,59.12058278590452,0.05,1,0.1,0.1,0.016846281889607302,0,0,0,0.0008423140944803651,0,0,,,
,0.17083333333333334,0.9166666666666666,0,2.03,0,2.03,0,0.14046330445481328,0,15.209893035616949,0,59.11385964043005,0.05,1,0.1,0.1,0.016855596534577598,0,0,0,0.0008427798267288799,0,0,,,
,0.17152777777777778,0.9166666666666666,0,2.12,0,2.12,0,0.14053617863196638,0,15.200312215990127,0,59.10713631003283,0.05,1,0.1,0.1,0.016864341435835966,0,0,0,0.0008432170717917983,0,0,,,
,0.17222222222222222,0.9166666666666666,0,2.307,0,2.307,0,0.14060617494386726,0,15.191403944352738,0,59.10041288975924,0.05,1,0.1,0.1,0.016872740993264072,0,0,0,0.0008436370496632036,0,0,,,
,0.17291666666666666,0.9166666666666666,0,2.09,0,2.09,0,0.14067351194632594,0,15.1818245212631,0,59.093689479722585,0.05,1,0.1,0.1,0.016880821433559113,0,0,0,0.0008440410716779557,0,0,,,
,0.1736111111111111,0.9166666666666666,0.027777777777777776,2.21,0,2.21,21.681931798277272,0.14073839269817717,0,15.172893992941942,0,59.08696595083084,0.1,1,0.1,0.1,2.6187204229170544,0,0,0,0.13093602114585273,0,0,,,
,0.17430555555555555,0.9166666666666666,0.027777777777777776,2.21,0,2.21,21.6819120973256,0.14080100384413494,0,15.168162193724786,0,59.08024240137431,0.1,1,0.1,0.1,2.6187255721403684,0,0,0,0.13093627860701842,0,0,,,
,0.175,0.9166666666666666,0.027777777777777776,2.22,0,2.22,43.43201769481886,0.14073647206405832,0,15.167232530636019,0,59.07351882460766,0.15,1,0.15,0.1,5.22873050002595,0,0,0,0.2614365250012975,0,0,,,
,0.17569444444444443,0.9166666666666666,0.027777777777777776,2.046,0,2.046,65.18223654876151,0.14055698752322596,0,15.170866478545284,0,59.06679521545739,0.2,1,0.2,0.1,7.838735224354167,0,0,0,0.3919367612177084,0,0,,,
,0.1763888888888889,0.9166666666666666,0.027777777777777776,2.046,0,2.046,65.1825594933681,0.14027185233558503,0,15.182495086869428,0,59.0600717525444,0.2,1,0.2,0.1,7.838739761484444,0,0,0,0.39193698807422217,0,0,,,
,0.17708333333333334,0.9166666666666666,0.027777777777777776,2.15,0,2.15,60.47522799298802,0.1398897805108823,0,15.202105094243771,0,59.05334925243322,0.2,1,0.2,0.1,7.273814132819869,0,0,0,0.36369070664099346,0,0,,,
,0.17777777777777778,0.9166666666666666,0.027777777777777776,2.15,0,2.15,43.49999999999999,0.1394189127083532,0,15.227592001513955,0,59.046628575793,0.2,1,0.2,0.1,5.236730269525003,0,0,0,0.26183651347625014,0,0,,,
,0.17847222222222223,0.9166666666666666,0.027777777777777776,2.15,0,2.15,43.49999999999999,0.13889398484890458,0,15.25527902287807,1,59.020565452404036,0.2,1,0.2,0.1,5.2366672781818675,0,0,0.05,0.2618333639090934,0,0,,,
,0.17916666666666667,0.9166666666666666,0.027777777777777776,2.15,0,2.15,43.49999999999999,0.13841738467998316,0,15.28506687633811,0,59.01385378835714,0.2,1,0.2,0.1,5.236610086161598,0,0,0,0.26183050430807986,0,0,,,
,0.1798611111111111,0.9166666666666666,0.027777777777777776,1.982,0,1.982,27.415099250627584,0.13798431913108034,0,15.31578838970383,0,59.007145906710115,0.2,1,0.2,0.1,3.3063700283710404,0,0,0,0.16531850141855203,0,0,,,
,0.18055555555555555,0.9166666666666666,0.027777777777777776,2.141,0,2.141,0,0.1375919143025958,0,15.347489408800925,0,59.0004421992175,0.15,1,0.1,0.1,0.0165110297163115,0,0,0,0.0008255514858155749,0,0,,,
,0.18125,0.9166666666666666,0.027777777777777776,2.143,0,2.143,0,0.13723743639982394,0,15.37573464287918,0,58.99374304980429,0.15,1,0.1,0.1,0.01646849236797887,0,0,0,0.0008234246183989435,0,0,,,
,0.18194444444444444,0.9166666666666666,0.027777777777777776,2.024,0,2.024,0,0.13691834322740026,0,15.400819890084566,0,58.987048067467256,0.15,1,0.1,0.1,0.016430201187288038,0,0,0,0.0008215100593644019,0,0,,,
,0.18263888888888888,0.9166666666666666,0.027777777777777776,2.024,0,2.024,0,0.13663223820132692,0,15.423300943076677,0,58.98035689828371,0.15,1,0.1,0.1,0.016395868584159232,0,0,0,0.0008197934292079616,0,0,,,
,0.18333333333333332,0.9166666666666666,0.027777777777777776,2.024,0,2.024,0,0.13637689248828314,0,15.44332692945217,0,58.97366927093418,0.15,1,0.1,0.1,0.01636522709859398,0,0,0,0.0008182613549296989,0,0,,,
,0.1840277777777778,0.9166666666666666,0.027777777777777776,1.934,0,1.934,0,0.13615021298494714,0,15.460496109833173,0,58.96698492774984,0.15,1,0.1,0.1,0.016338025558193657,0,0,0,0.0008169012779096829,0,0,,,
,0.18472222222222223,0.9166666666666666,0.027777777777777776,2.253,0,2.253,21.687248180046737,0.1359502316349515,0,15.476799272915395,0,58.9603035309904,0.15,1,0.1,0.1,2.618783809401803,0,0,0,0.13093919047009014,0,0,,,
,0.18541666666666667,0.9166666666666666,0.027777777777777776,2.253,0,2.253,15.749423162225213,0.1357751038815,0,15.495194128254445,0,58.953625073711194,0.15,1,0.1,0.1,1.906223791932806,0,0,0,0.0953111895966403,0,0,,,
,0.18611111111111112,0.9166666666666666,0.027777777777777776,2.131,0,2.131,0,0.1354979831277146,0,15.513876320702485,0,58.94694933116697,0.15,1,0.1,0.1,0.016259757975325754,0,0,0,0.0008129878987662877,0,0,,,
,0.18680555555555556,0.9166666666666666,0.027777777777777776,2.131,0,2.131,43.49999999999999,0.13516355716791914,0,15.530134199698427,0,58.94027602469187,0.15,1,0.2,0.1,5.23621962686015,0,0,0,0.2618109813430075,0,0,,,
,0.1875,0.9166666666666666,0.08333333333333333,2.279,0,2.279,41.717673281794184,0.13486709138555641,0,15.550059493300088,0,58.93360495518692,0.15,1,0.2,0.1,5.022304844781568,0,0,0,0.25111524223907844,0,0,,,
,0.18819444444444444,0.9166666666666666,0.08333333333333333,2.765,0,2.765,0,0.1346045021616919,0,15.574987884795998,0,58.926936944548665,0.15,1,0.1,0.1,0.01615254025940303,0,0,0,0.0008076270129701515,0,0,,,
,0.18888888888888888,0.9166666666666666,0.08333333333333333,2.928,0,2.928,0,0.13434159408400875,0,15.59760358771658,0,58.9202728481046,0.15,1,0.1,0.1,0.016120991290081054,0,0,0,0.0008060495645040527,0,0,,,
,0.18958333333333333,0.9166666666666666,0.08333333333333333,2.947,0,2.947,0,0.1341100352316327,0,15.617386117602393,0,58.91361244786132,0.15,1,0.1,0.1,0.016093204227795928,0,0,0,0.0008046602113897964,0,0,,,
,0.19027777777777777,0.9166666666666666,0.08333333333333333,2.967,0,2.967,0,0.13390714194958753,0,15.634837615789312,0,58.90695542130154,0.15,1,0.1,0.1,0.0160688570339505,0,0,0,0.000803442851697525,0,0,,,
,0.1909722222222222,0.9166666666666666,0.08333333333333333,2.709,0,2.709,0,0.13373092333062528,0,15.648340493260799,0,58.90030152066821,0.15,1,0.1,0.1,0.016047710799675038,0,0,0,0.0008023855399837519,0,0,,,
,0.19166666666666668,0.9166666666666666,0.08333333333333333,2.749,0,2.749,0,0.13357950590766193,0,15.660051816556608,0,58.893650210240125,0.15,1,0.1,0.1,0.016029540708919432,0,0,0,0.0008014770354459716,0,0,,,
,0.19236111111111112,0.9166666666666666,0.08333333333333333,2.769,0,2.769,0,0.13345113506547016,0,15.66975370633691,3,58.82900607780391,0.15,1,0.1,0.1,0.01601413620785642,0,0,0.15,0.0008007068103928211,0,0,,,
,0.19305555555555556,0.9166666666666666,0.08333333333333333,2.709,0,2.709,21.690133578471173,0.1333441676021824,0,15.677452369338289,9.26,58.64768026902457,0.15,1,0.1,0.1,2.6188173295288033,0,0,0.46299999999999997,0.13094086647644015,0,0,,,
,0.19375,0.9166666666666666,0.08333333333333333,2.759,0,2.759,13.496054114021957,0.13325706488423159,0,15.687741088917042,9.26,58.47935322403364,0.15,1,0.1,0.1,1.635517341468743,0,0,0.46299999999999997,0.08177586707343715,0,0,,,
,0.19444444444444445,0.9166666666666666,0.05555555555555555,2.562,0,2.562,21.67647961081706,0.1330632820370356,0,15.697081553021425,0,58.47277788070782,0.15,1,0.1,0.1,2.6171451471424922,0,0,0,0.1308572573571246,0,0,,,
,0.1951388888888889,0.9166666666666666,0.05555555555555555,2.622,0,2.622,65.17645857499448,0.13282076709055332,0,15.710040587766951,0,58.46620388000646,0.15,1,0.2,0.1,7.837113521050204,0,0,0,0.3918556760525102,0,0,,,
,0.19583333333333333,0.9166666666666666,0.05555555555555555,2.612,0,2.612,43.02608332417533,0.1324484750300656,0,15.730708578637032,2,58.42186032075831,0.1,1,0.15,0.1,5.1790238159046496,0,0,0.1,0.2589511907952325,0,0,,,
,0.19652777777777777,0.9166666666666666,0.05555555555555555,2.432,0,2.432,21.676882437179323,0.13196415706711076,0,15.755300520412593,0,58.415295918500036,0.1,1,0.1,0.1,2.617061591309572,0,0,0,0.1308530795654786,0,0,,,
,0.19722222222222222,0.9166666666666666,0.05555555555555555,2.333,0,2.333,43.42729144197159,0.13138036543542284,0,15.780956763450822,0,58.408733521377144,0.15,1,0.15,0.1,5.227040616888843,0,0,0,0.26135203084444214,0,0,,,
,0.19791666666666666,0.9166666666666666,0.05555555555555555,14.298,0,14.298,43.42781352367886,0.13070860955484273,0,15.821979935295706,0,58.40217280884466,0.15,1,0.15,0.1,5.227022655988044,0,0,0,0.2613511327994022,0,0,,,
,0.1986111111111111,0.9166666666666666,0.05555555555555555,14.398,0,14.398,43.42843639563191,0.12995937107634126,0,15.868171727712328,0,58.395615972186796,0.15,1,0.15,0.1,5.227007492004991,0,0,0,0.26135037460024957,0,0,,,
,0.19930555555555557,0.9166666666666666,0.05555555555555555,14.246,0,14.246,41.1825924642826,0.12914214483314007,0,15.918445317603489,0,58.38906350828677,0.15,1,0.15,0.1,4.9574081530938905,0,0,0,0.24787040765469454,0,0,,,
,0.2,0.9166666666666666,0.05555555555555555,2.341,0,2.341,13.91297471986655,0.12826556393851013,0,15.963485046569257,0,58.38251577696229,0.15,1,0.1,0.1,1.6849488340566072,0,0,0,0.08424744170283036,0,0,,,
,0.20069444444444445,0.9166666666666666,0.05555555555555555,2.341,0,2.341,0,0.12731711006356214,0,16.006247152538233,0,58.37597146946602,0.15,1,0.1,0.1,0.015278053207627457,0,0,0,0.0007639026603813729,0,0,,,
,0.2013888888888889,0.9166666666666666,0.027777777777777776,2.366,0,2.366,0,0.1263836453642416,0,16.044220895143177,0,58.369430280413795,0.15,1,0.1,0.1,0.015166037443708993,0,0,0,0.0007583018721854497,0,0,,,
,0.20208333333333334,0.9166666666666666,0.027777777777777776,2.243,0,2.243,0,0.1255164443366434,0,16.076549598880288,0,58.36289176705824,0.15,1,0.1,0.1,0.015061973320397212,0,0,0,0.0007530986660198606,0,0,,,
,0.20277777777777778,0.9166666666666666,0.027777777777777776,2.43,0,2.43,0,0.12475865571250892,0,16.1052157075647,0,58.35635558643346,0.15,1,0.1,0.1,0.014971038685501073,0,0,0,0.0007485519342750537,0,0,,,
,0.20347222222222222,0.9166666666666666,0.027777777777777776,2.242,0,2.242,21.749999999999996,0.12409935746035634,0,16.128328063302078,0,58.3498216730683,0.15,1,0.15,0.1,2.6248919228952428,0,0,0,0.13124459614476214,0,0,,,
,0.20416666666666666,0.9166666666666666,0.027777777777777776,2.079,0,2.079,19.833737533802115,0.12356193660282429,0,16.149321639348027,0,58.34328977094435,0.15,1,0.15,0.1,2.3948759364485928,0,0,0,0.11974379682242964,0,0,,,
,0.2048611111111111,0.9166666666666666,0.027777777777777776,2.242,0,2.242,0,0.12310467215334227,0,16.169111231006642,0,58.3367599745341,0.15,1,0.1,0.1,0.014772560658401074,0,0,0,0.0007386280329200537,0,0,,,
,0.20555555555555555,0.9166666666666666,0.027777777777777776,2.202,0,2.202,0,0.12272100707494406,0,16.185016485936817,1,58.311689906717085,0.15,1,0.1,0.1,0.014726520848993289,0,0,0.05,0.0007363260424496645,0,0,,,
,0.20625,0.9166666666666666,0.027777777777777776,2.202,0,2.202,21.749999999999996,0.12240430319688687,0,16.197478547992286,0,58.305167644434654,0.15,1,0.15,0.1,2.6246885163836264,0,0,0,0.13123442581918132,0,0,,,
,0.20694444444444443,0.9166666666666666,0.027777777777777776,2.202,0,2.202,3.486245417671044,0.12214856041751063,0,16.211279890878068,0,58.298647175220495,0.15,1,0.15,0.1,0.4330072773706266,0,0,0,0.02165036386853133,0,0,,,
,0.2076388888888889,0.9166666666666666,0.027777777777777776,2.202,0,2.202,21.68627708272374,0.1219482271527403,0,16.222519148868237,0,58.292129044984065,0.15,1,0.1,0.1,2.616987037185178,0,0,0,0.1308493518592589,0,0,,,
,0.20833333333333334,0.9166666666666666,0,2.172,0,2.172,21.686502217945115,0.12179825092252412,0,16.237182076830283,0,58.285613101864286,0.15,1,0.1,0.1,2.6169960562641172,0,0,0,0.13084980281320585,0,0,,,
,0.20902777777777778,0.9166666666666666,0,2.172,0,2.172,10.790022490912987,0.12153166831962471,0,16.25364553019536,0,58.27909926607896,0.15,1,0.1,0.1,1.3093864991079134,0,0,0,0.06546932495539567,0,0,,,
,0.20972222222222223,0.9166666666666666,0,2.172,0,2.172,0,0.121165510554182,0,16.26895289116004,0,58.2725872769274,0.15,1,0.1,0.1,0.01453986126650184,0,0,0,0.000726993063325092,0,0,,,
,0.21041666666666667,0.9166666666666666,0,2.172,0,2.172,0,0.12079203543972647,0,16.2805243997514,0,58.266076894092336,0.15,1,0.1,0.1,0.01449504425276718,0,0,0,0.000724752212638359,0,0,,,
,0.2111111111111111,0.9166666666666666,0,2.172,0,2.172,0,0.12049117503393146,0,16.28875211936465,0,58.259567891807805,0.15,1,0.1,0.1,0.014458941004071777,0,0,0,0.0007229470502035888,0,0,,,
,0.21180555555555555,0.9166666666666666,0,2.172,0,2.172,0,0.12025394543604094,0,16.293904418057064,0,58.25306006022072,0.15,1,0.1,0.1,0.014430473452324913,0,0,0,0.0007215236726162456,0,0,,,
,0.2125,0.9166666666666666,0,2.38,0,2.38,21.749999999999996,0.12007452865168769,0,16.297556989250936,0,58.24655320227438,0.15,1,0.15,0.1,2.6244089434382025,0,0,0,0.13122044717191012,0,0,,,
,0.21319444444444444,0.9166666666666666,0,2.38,0,2.38,21.372921907841604,0.11996785161484207,0,16.30099466344435,0,58.24004747636137,0.15,1,0.15,0.1,2.579146771134774,0,0,0,0.1289573385567387,0,0,,,
,0.21388888888888888,0.9166666666666666,0,2.38,0,2.38,0,0.11990733744494002,0,16.304223479508156,0,58.23354310923598,0.15,1,0.1,0.1,0.014388880493392804,0,0,0,0.0007194440246696402,0,0,,,
,0.21458333333333332,0.9166666666666666,0,2.38,0,2.38,21.749999999999996,0.11988885257310714,0,16.304927666151585,0,58.22704030502844,0.15,1,0.15,0.1,2.6243866623087726,0,0,0,0.13121933311543862,0,0,,,
,0.2152777777777778,0.9166666666666666,0.027777777777777776,2.378,0,2.378,3.7106811809158224,0.11990827021146652,0,16.308043422508575,0,58.22053884726298,0.15,1,0.15,0.1,0.45967073413527476,0,0,0,0.022983536706763737,0,0,,,
,0.21597222222222223,0.9166666666666666,0.027777777777777776,2.556,0,2.556,0,0.11996182390095149,0,16.310425328930165,0,58.21403934418389,0.15,1,0.1,0.1,0.014395418868114181,0,0,0,0.000719770943405709,0,0,,,
,0.21666666666666667,0.9166666666666666,0.027777777777777776,2.363,0,2.363,0,0.12004618356055713,0,16.308848303842044,9.26,58.0256227182753,0.15,1,0.1,0.1,0.014405542027266856,0,0,0.46299999999999997,0.0007202771013633428,0,0,,,
,0.21736111111111112,0.9166666666666666,0.027777777777777776,2.26,0,2.26,21.689579876162796,0.1202094613635952,0,16.30490684634789,9.26,57.850743790336594,0.15,1,0.1,0.1,2.6171747205031672,0,0,0.46299999999999997,0.13085873602515835,0,0,,,
,0.21805555555555556,0.9166666666666666,0.027777777777777776,2.285,0,2.285,21.68953279462718,0.12039251338259348,0,16.30406074717917,5.480000000000001,57.75204178953027,0.1,1,0.1,0.1,2.617191036961173,0,0,0.2740000000000001,0.13085955184805864,0,0,,,
,0.21875,0.9166666666666666,0.027777777777777776,2.68,0,2.68,9.508538382762813,21.870432253464223,0,16.307450212395548,0,57.869910319942804,0.1,1,0.15,0.15,3.7654764763472452,0,0,0,0.18827382381736227,0,0,,,
,0.21944444444444444,0.9166666666666666,0.027777777777777776,2.68,0,2.68,0,21.870347774217223,0,16.31039399019035,0,57.987758742634185,0.1,1,0.15,0.15,2.6244417329060665,0,0,0,0.13122208664530333,0,0,,,
,0.22013888888888888,0.9166666666666666,0.027777777777777776,2.68,0,2.68,0,15.930224151939143,0,16.310626186206576,0,58.07164390383057,0.1,1,0.15,0.15,1.9116268982326974,0,0,0,0.09558134491163486,0,0,,,
,0.22083333333333333,0.9166666666666666,0.027777777777777776,2.68,0,2.68,0,0.1834317148693205,0,16.3084388967537,0,58.06553305344967,0.1,1,0.15,0.15,0.02201180578431846,0,0,0,0.001100590289215923,0,0,,,
,0.22152777777777777,0.9166666666666666,0.027777777777777776,2.68,0,2.68,21.749999999999996,0.18338645669980821,0,16.30402585305149,0,58.05942261706106,0.1,1,0.2,0.15,2.632006374803977,0,0,0,0.13160031874019884,0,0,,,
,0.2222222222222222,0.9166666666666666,0.027777777777777776,2.519,0,2.519,20.583709656960004,0.18338162171788192,0,16.29899155617003,0,58.05331244402562,0.1,1,0.2,0.15,2.4920509534413466,0,0,0,0.12460254767206733,0,0,,,
,0.22291666666666668,0.9166666666666666,0.027777777777777776,4.547,0,4.547,0,0.18341336521110693,0,16.300861003766038,0,58.04720263681749,0.1,1,0.15,0.15,0.022009603825332836,0,0,0,0.0011004801912666419,0,0,,,
,0.22361111111111112,0.9166666666666666,0.027777777777777776,4.467,0,4.467,0,0.1832790468541041,0,16.299737513638895,0,58.04109342994811,0.1,1,0.15,0.15,0.02199348562249249,0,0,0,0.0010996742811246246,0,0,,,
,0.22430555555555556,0.9166666666666666,0.027777777777777776,4.678,0,4.678,0,0.18318247590048453,0,16.297331842990886,0,58.03498452593906,0.1,1,0.15,0.15,0.021981897108058146,0,0,0,0.0010990948554029073,0,0,,,
,0.225,0.9166666666666666,0.027777777777777776,2.65,0,2.65,0,3.473118093178079,0,16.286478949058235,1,58.0288758888687,0.1,1,0.15,0.15,0.41677417118136956,0,0,0.05,0.020838708559068476,0,0,,,
,0.22569444444444445,0.9166666666666666,0.027777777777777776,2.76,0,2.76,0,0.1832818778491197,0,16.27460021592327,0,58.022767374409604,0.1,1,0.15,0.15,0.021993825341894365,0,0,0,0.0010996912670947182,0,0,,,
,0.2263888888888889,0.9166666666666666,0.027777777777777776,2.6,0,2.6,0,0.18345310912532115,0,16.26039704455264,0,58.01665884923457,0.1,1,0.15,0.15,0.02201437309503854,0,0,0,0.001100718654751927,0,0,,,
,0.22708333333333333,0.9166666666666666,0.027777777777777776,2.55,0,2.55,21.69045672607056,0.1836429812835278,0,16.244848265923554,0,58.010550021389676,0.1,1,0.15,0.15,2.6248919648824915,0,0,0,0.13124459824412457,0,0,,,
,0.22777777777777777,0.9166666666666666,0.027777777777777776,2.481,0,2.481,21.690359453913516,0.18385413502819975,0,16.233309786858733,0,58.00444078186032,0.1,1,0.15,0.15,2.6249056306730063,0,0,0,0.1312452815336503,0,0,,,
,0.22847222222222222,0.9166666666666666,0.027777777777777776,2.534,0,2.534,8.105739461907469,0.18392307682099093,0,16.225663040717304,0,57.998331005557304,0.1,1,0.15,0.15,0.9947595046474152,0,0,0,0.049737975232370765,0,0,,,
,0.22916666666666666,0.8888888888888888,0.027777777777777776,2.663,0,2.663,21.749999999999996,0.1838580829158289,0,16.21805942416961,0,57.99222059437998,0.15,1,0.2,0.15,2.6320629699498994,0,0,0,0.13160314849749497,0,0,,,
,0.2298611111111111,0.8888888888888888,0.027777777777777776,2.663,0,2.663,21.749999999999996,0.18378754633594926,0,16.21060704943796,0,57.98610952415845,0.15,1,0.2,0.15,2.6320545055603137,0,0,0,0.1316027252780157,0,0,,,
,0.23055555555555557,0.8888888888888888,0.027777777777777776,2.541,0,2.541,43.49999999999999,0.18376215426519218,0,16.202958058402658,0,57.97999807890143,0.15,1,0.25,0.15,5.242051458511822,0,0,0,0.26210257292559114,0,0,,,
,0.23125,0.8888888888888888,0.027777777777777776,2.363,0,2.363,41.79624148102933,0.18378783537817014,0,16.19696230568678,0,57.973886516814375,0.15,1,0.25,0.15,5.0376035179689005,0,0,0,0.251880175898445,0,0,,,
,0.23194444444444445,0.8888888888888888,0.027777777777777776,2.373,0,2.373,43.49999999999999,0.18384825020761705,0,16.193329840269946,0,57.967775319807934,0.2,1,0.25,0.15,5.242061790024914,0,0,0,0.26210308950124567,0,0,,,
,0.2326388888888889,0.8888888888888888,0.027777777777777776,2.373,0,2.373,43.49999999999999,0.1839399564576796,0,16.1941993882074,0,57.96166507176262,0.2,1,0.25,0.15,5.242072794774922,0,0,0,0.26210363973874606,0,0,,,
,0.23333333333333334,0.8888888888888888,0.027777777777777776,2.373,0,2.373,43.49999999999999,0.18405968492953492,0,16.199257956627847,0,57.95555670441648,0.2,1,0.25,0.15,5.2420871621915435,0,0,0,0.26210435810957716,0,0,,,
,0.23402777777777778,0.8888888888888888,0.027777777777777776,2.004,0,2.004,39.79773950808303,0.18420444168291705,0,16.207028894879965,0,57.949451078583614,0.2,1,0.25,0.15,4.797833273971914,0,0,0,0.23989166369859571,0,0,,,
,0.23472222222222222,0.8888888888888888,0.027777777777777776,2.064,0,2.064,21.749999999999996,0.1843898551248401,0,16.21794047667147,0,57.94334889109568,0.2,1,0.2,0.15,2.6321267826149803,0,0,0,0.131606339130749,0,0,,,
,0.23541666666666666,0.8888888888888888,0.027777777777777776,2.064,0,2.064,21.749999999999996,0.18458845516912062,0,16.227851688816173,0,57.93725075511132,0.2,1,0.2,0.15,2.6321506146202944,0,0,0,0.13160753073101472,0,0,,,
,0.2361111111111111,0.8888888888888888,0.05555555555555555,2.067,0,2.067,21.749999999999996,0.18480433279856134,0,16.237090833966057,0,57.931156597173086,0.15,1,0.2,0.15,2.632176519935827,0,0,0,0.13160882599679136,0,0,,,
,0.23680555555555555,0.8888888888888888,0.05555555555555555,2.007,0,2.007,21.749999999999996,0.18503536424667483,0,16.24530443532744,0,57.92506638798081,0.15,1,0.2,0.15,2.6322042437096007,0,0,0,0.13161021218548002,0,0,,,
,0.2375,0.8888888888888888,0.05555555555555555,2.057,0,2.057,21.749999999999996,0.1852855652659182,0,16.252922689819385,0,57.91898006059044,0.15,1,0.2,0.15,2.63223426783191,0,0,0,0.1316117133915955,0,0,,,
,0.23819444444444443,0.8888888888888888,0.05555555555555555,2.237,0,2.237,19.234576257667864,0.18554219664590246,0,16.260415783628837,0,57.912897549022,0.15,1,0.2,0.15,2.3304142145176527,0,0,0,0.11652071072588263,0,0,,,
,0.2388888888888889,0.8888888888888888,0.05555555555555555,2.337,0,2.337,0,0.1858088883971536,0,16.26726502675266,0,57.90681888865306,0.15,1,0.15,0.15,0.022297066607658435,0,0,0,0.0011148533303829218,0,0,,,
,0.23958333333333334,0.8888888888888888,0.05555555555555555,2.126,0,2.126,21.749999999999996,0.18608417383564466,0,16.270704612187426,0,57.900744017555795,0.15,1,0.2,0.15,2.632330100860277,0,0,0,0.13161650504301386,0,0,,,
,0.24027777777777778,0.8888888888888888,0.05555555555555555,2.186,0,2.186,19.6853226746166,0.1863667719346043,0,16.274235004640534,0,57.894672392354515,0.15,1,0.2,0.15,2.384602733586145,0,0,0,0.11923013667930724,0,0,,,
,0.24097222222222223,0.8888888888888888,0.05555555555555555,2.286,0,2.286,0,0.18664963182014593,0,16.277737021542997,0,57.88860402955559,0.15,1,0.15,0.15,0.02239795581841752,0,0,0,0.001119897790920876,0,0,,,
,0.24166666666666667,0.8888888888888888,0.05555555555555555,2.078,0,2.078,43.49999999999999,0.18692801466891712,0,16.277612398913444,0,57.882538898152326,0.2,1,0.25,0.15,5.24243136176027,0,0,0,0.26212156808801346,0,0,,,
,0.2423611111111111,0.8888888888888888,0.05555555555555555,2.181,0,2.181,26.385697640593985,3.477211103723625,0,16.284597731248386,1,57.87647640277372,0.2,1,0.25,0.15,3.5835490493181137,0,0,0.05,0.1791774524659057,0,0,,,
,0.24305555555555555,0.8888888888888888,0.05555555555555555,2.221,0,2.221,21.749999999999996,21.874892948341902,0,16.294357101260637,10.26,57.80145775470629,0.25,1,0.2,0.15,5.234987153801029,0,0,0.513,0.2617493576900515,0,0,,,
,0.24375,0.8888888888888888,0.05555555555555555,2.389,0,2.389,18.354160857118973,21.875181906345762,0,16.306659284586395,9.26,57.75036385007657,0.25,1,0.2,0.15,4.827521131615768,0,0,0.46299999999999997,0.2413760565807884,0,0,,,
,0.24444444444444444,0.8888888888888888,0.05555555555555555,2.389,0,2.389,0,21.875440933899306,0,16.319646858554485,9.26,57.70261883079138,0.25,1,0.15,0.15,2.6250529120679165,0,0,0.46299999999999997,0.13125264560339583,0,0,,,
,0.24513888888888888,0.8888888888888888,0.05555555555555555,2.389,0,2.389,21.749999999999996,21.87570324181538,0,16.329489060543303,0.22000000000000025,57.81666664889983,0.25,1,0.2,0.15,5.235084389017846,0,0,0.011000000000000013,0.2617542194508923,0,0,,,
,0.24583333333333332,0.8888888888888888,0.05555555555555555,5.013,0,5.013,21.749999999999996,6.417939282203249,0,16.341693226769515,0,57.846228500068705,0.25,1,0.2,0.15,3.38015271386439,0,0,0,0.1690076356932195,0,0,,,
,0.2465277777777778,0.8888888888888888,0.05555555555555555,5.013,0,5.013,21.749999999999996,0.18877897295419313,0,16.353049282992217,0,57.84019217386731,0.25,1,0.2,0.15,2.6326534767545033,0,0,0,0.13163267383772517,0,0,,,
,0.24722222222222223,0.8888888888888888,0.05555555555555555,4.953,0,4.953,19.171644921775954,0.18898028512883716,0,16.36343676900368,0,57.834159979572476,0.25,1,0.2,0.15,2.3232750248285754,0,0,0,0.11616375124142878,0,0,,,
,0.24791666666666667,0.8888888888888888,0.05555555555555555,6.981,0,6.981,0,0.18918997395515788,0,16.37947581668019,0,57.82813179830183,0.25,1,0.15,0.15,0.02270279687461895,0,0,0,0.0011351398437309476,0,0,,,
,0.24861111111111112,0.8888888888888888,0.05555555555555555,6.952,0,6.952,21.749999999999996,0.18920242004033178,0,16.392318907496154,0,57.82210747110521,0.25,1,0.2,0.15,2.6327042904048397,0,0,0,0.131635214520242,0,0,,,
,0.24930555555555556,0.8888888888888888,0.05555555555555555,6.932,0,6.932,19.444569103283907,0.18919820243596444,0,16.404704703053557,0,57.8160863542225,0.25,1,0.2,0.15,2.356052076686385,0,0,0,0.11780260383431924,0,0,,,
,0.25,0.8888888888888888,0.1111111111111111,4.892,0,4.892,21.749999999999996,0.18920409023464538,0,16.41044423629991,0,57.810068426455075,0.2,1,0.2,0.15,2.632704490828157,0,0,0,0.13163522454140786,0,0,,,
,0.25069444444444444,0.8888888888888888,0.1111111111111111,4.892,0,4.892,3.13564746375732,0.18940253881048696,0,16.418152602862257,0,57.804053648244256,0.2,1,0.2,0.15,0.39900600030813693,0,0,0,0.019950300015406847,0,0,,,
,0.2513888888888889,0.8888888888888888,0.1111111111111111,4.982,0,4.982,21.749999999999996,0.18960049746173893,0,16.424042303874614,0,57.79804235376482,0.2,1,0.2,0.15,2.6327520596954086,0,0,0,0.13163760298477042,0,0,,,
,0.2520833333333333,0.8888888888888888,0.1111111111111111,4.932,0,4.932,26.508166187868234,0.1897994011499848,0,16.431656060559597,0,57.792034236048565,0.25,1,0.25,0.15,3.203755870682187,0,0,0,0.16018779353410934,0,0,,,
,0.25277777777777777,0.8888888888888888,0.1111111111111111,5.205,0,5.205,21.749999999999996,0.19000472822880646,0,16.443520878346828,3.54,57.71925747684158,0.25,1,0.2,0.15,2.6328005673874566,0,0,0.177,0.13164002836937283,0,0,,,
,0.2534722222222222,0.8888888888888888,0.1111111111111111,5.085,0,5.085,21.749999999999996,21.878646209543778,0,16.455942252205954,9.72,57.6546849972172,0.25,1,0.2,0.15,5.2354375451452535,0,0,0.48600000000000004,0.2617718772572627,0,0,,,
,0.25416666666666665,0.8888888888888888,0.1111111111111111,5.185,0,5.185,21.749999999999996,21.878832165451144,0,16.469583748114285,8.74,57.61183900483694,0.25,1,0.2,0.15,5.235459859854137,0,0,0.437,0.26177299299270684,0,0,,,
,0.2548611111111111,0.8888888888888888,0.1111111111111111,4.982,0,4.982,21.749999999999996,15.415686496747673,0,16.483390627456018,0,57.6928756839172,0.25,1,0.2,0.15,4.459882379609721,0,0,0,0.22299411898048604,0,0,,,
,0.25555555555555554,0.8888888888888888,0.1111111111111111,5.042,0,5.042,21.43956444829971,13.076256610422723,0,16.49812973289059,3.54,57.68690066710993,0.25,1,0.2,0.15,4.141898527046692,0,0,0.177,0.2070949263523346,0,0,,,
,0.25625,0.8888888888888888,0.1111111111111111,7.433,0,7.433,0,1.8652217682856602,0,16.518681685664525,0.4600000000000001,57.68093014505429,0.25,1,0.15,0.15,0.22382661219427924,0,0,0.023000000000000003,0.011191330609713963,0,0,,,
,0.2569444444444444,0.8888888888888888,0.19444444444444445,5.147,0,5.147,0,0.19083062336088386,0,16.533795456029804,9.26,57.4973002123647,0.25,1,0.15,0.15,0.022899674803306066,0,0,0.46299999999999997,0.0011449837401653032,0,0,,,
,0.25763888888888886,0.8888888888888888,0.19444444444444445,5.237,0,5.237,21.749999999999996,0.19093658038705266,0,16.545824524518768,9.26,57.32689385586586,0.25,1,0.2,0.15,2.6329123896464464,0,0,0.46299999999999997,0.1316456194823223,0,0,,,
,0.25833333333333336,0.8888888888888888,0.19444444444444445,5.247,0,5.247,19.281170422471227,21.941049506537567,0,16.556856984773354,10.020000000000001,57.27416914834756,0.25,1,0.25,0.2,4.946666391481055,0,0,0.5010000000000001,0.24733331957405275,0,0,,,
,0.2590277777777778,0.8888888888888888,0.19444444444444445,4.999,0,4.999,0,21.941169496276395,0,16.56543700653417,0.4600000000000001,57.38441717669358,0.25,1,0.2,0.2,2.6329403395531674,0,0,0.023000000000000003,0.13164701697765838,0,0,,,
,0.25972222222222224,0.8888888888888888,0.19444444444444445,4.986,0,4.986,21.749999999999996,21.941327535227586,0,16.570830140149017,0,57.50279865172284,0.25,1,0.25,0.2,5.242959304227311,0,0,0,0.2621479652113655,0,0,,,
,0.2604166666666667,0.8888888888888888,0.19444444444444445,5.026,0,5.026,3.3451959348901226,5.371490090946496,0,16.577926936359624,0,57.52647597192627,0.25,1,0.25,0.2,1.0460023231003945,0,0,0,0.05230011615501973,0,0,,,
,0.2611111111111111,0.8888888888888888,0.19444444444444445,4.649,0,4.649,0,0.2552190810119524,0,16.581107069504448,0,57.52091461541168,0.25,1,0.2,0.2,0.030626289721434295,0,0,0,0.0015313144860717148,0,0,,,
,0.26180555555555557,0.8888888888888888,0.19444444444444445,5.054,0,5.054,0,6.835424652612863,0,16.58399395528791,2,57.515355932133026,0.25,1,0.2,0.2,0.8202509583135437,0,0,0.1,0.04101254791567718,0,0,,,
,0.2625,0.8888888888888888,0.19444444444444445,5.044,0,5.044,21.749999999999996,0.255630488527127,0,16.584082086755906,0,57.509799872871426,0.25,1,0.25,0.2,2.640675658623255,0,0,0,0.13203378293116275,0,0,,,
,0.26319444444444445,0.8888888888888888,0.19444444444444445,4.958,0,4.958,36.33053961325863,11.902436813051443,0,16.585538838100803,3.54,57.504245960182665,0.3,1,0.25,0.2,5.787957171157211,0,0,0.177,0.28939785855786054,0,0,,,
,0.2638888888888889,0.8888888888888888,0.16666666666666666,4.958,0,4.958,21.688097454492997,5.059448154301263,0,16.589287547337054,1.4600000000000004,57.49869445698632,0.3,1,0.2,0.2,3.2097054730553114,0,0,0.07300000000000002,0.16048527365276558,0,0,,,
,0.26458333333333334,0.8888888888888888,0.16666666666666666,4.958,0,4.958,21.688120631120565,0.2561866974945711,0,16.5925200009643,0,57.49314533978751,0.3,1,0.2,0.2,2.633316879433816,0,0,0,0.13166584397169082,0,0,,,
,0.2652777777777778,0.8888888888888888,0.16666666666666666,5.245,0,5.245,21.68821212439392,0.2562576490249018,0,16.597104687469304,4,57.410638713584355,0.3,1,0.2,0.2,2.633336372810259,0,0,0.2,0.13166681864051294,0,0,,,
,0.2659722222222222,0.8888888888888888,0.16666666666666666,5.345,0,5.345,21.688367533472405,0.2562562958213703,0,16.60193322462096,1,57.386947030749255,0.3,1,0.2,0.2,2.633354859515254,0,0,0.05,0.1316677429757627,0,0,,,
,0.26666666666666666,0.8888888888888888,0.16666666666666666,5.325,0,5.325,43.4385826795085,0.25617418970158223,0,16.606223219500063,3,57.3285572188213,0.3,1,0.25,0.2,5.24337082430521,0,0,0.15,0.2621685412152605,0,0,,,
,0.2673611111111111,0.8888888888888888,0.16666666666666666,2.934,0,2.934,40.86193465951496,0.256040819505454,0,16.607286782281424,3.54,57.25928613279105,0.3,1,0.25,0.2,4.93415705748245,0,0,0.177,0.2467078528741225,0,0,,,
,0.26805555555555555,0.8888888888888888,0.16666666666666666,5.925,0,5.925,4.687044320647785,0.25600877195913624,0,16.610980798388844,0.4600000000000001,57.245731510142626,0.3,1,0.2,0.2,0.5931663711128305,0,0,0.023000000000000003,0.02965831855564153,0,0,,,
,0.26875,0.8888888888888888,0.16666666666666666,6.297,0,6.297,0,0.2559655127413279,0,16.61384406357856,0,57.24022821295057,0.3,1,0.2,0.2,0.030715861528959353,0,0,0,0.0015357930764479677,0,0,,,
,0.26944444444444443,0.8888888888888888,0.16666666666666666,6.322,0,6.322,0,0.2559105162586393,0,16.614202980982178,0,57.234726035760715,0.3,1,0.2,0.2,0.030709261951036723,0,0,0,0.0015354630975518361,0,0,,,
,0.2701388888888889,0.8888888888888888,0.16666666666666666,6.527,0,6.527,0,0.2558674466495315,0,16.61304193789052,0,57.229224617217916,0.3,1,0.2,0.2,0.03070409359794378,0,0,0,0.001535204679897189,0,0,,,
,0.2708333333333333,0.9166666666666666,0.2222222222222222,9.201,0,9.201,21.749999999999996,0.25583608139143604,0,16.619029986598918,0,57.22372376350942,0.3,1,0.25,0.2,2.640700329766972,0,0,0,0.13203501648834862,0,0,,,
,0.27152777777777776,0.9166666666666666,0.2222222222222222,9.6,0,9.6,14.925611919161057,0.2557855363214159,0,16.628433911982093,0,57.21822459049805,0.3,1,0.25,0.2,1.821767694657897,0,0,0,0.09108838473289485,0,0,,,
,0.2722222222222222,0.9166666666666666,0.2222222222222222,10.757,0,10.757,0,0.2557420962665193,0,16.64159597368579,0,57.212727724074696,0.3,1,0.2,0.2,0.030689051551982316,0,0,0,0.0015344525775991158,0,0,,,
,0.27291666666666664,0.9166666666666666,0.2222222222222222,8.233,0,8.233,21.749999999999996,0.25561216277939014,0,16.644344804024886,0,57.20723331384765,0.35,1,0.25,0.2,2.6406734595335264,0,0,0,0.13203367297667631,0,0,,,
,0.27361111111111114,0.9166666666666666,0.2222222222222222,8.243,0,8.243,43.49999999999999,0.2555002021990397,0,16.6469483012218,1,57.18456980170036,0.35,1,0.3,0.2,5.250660024263884,0,0,0.05,0.26253300121319423,0,0,,,
,0.2743055555555556,0.9166666666666666,0.2222222222222222,8.283,0,8.283,43.49999999999999,0.2554041745806787,0,16.653547325340362,0,57.17907994758362,0.35,1,0.3,0.2,5.250648500949681,0,0,0,0.26253242504748403,0,0,,,
,0.275,0.9166666666666666,0.2222222222222222,8.203,0,8.203,43.49999999999999,0.2553232345849478,0,16.663420827760767,0,57.173591703331695,0.35,1,0.3,0.2,5.250638788150194,0,0,0,0.26253193940750974,0,0,,,
,0.27569444444444446,0.9166666666666666,0.2222222222222222,10.329,0,10.329,86.94281447863806,21.94146131561204,0,16.67947161318179,9.26,57.117938881556526,0.35,1,0.35,0.2,13.066113095310014,0,0,0.46299999999999997,0.6533056547655007,0,0,,,
,0.2763888888888889,0.9166666666666666,0.2222222222222222,10.442,0,10.442,84.29883661401283,21.941389335118142,0,16.70394714705488,9.26,57.06601429678405,0.35,1,0.35,0.2,12.74882711389572,0,0,0.46299999999999997,0.637441355694786,0,0,,,
,0.27708333333333335,0.9166666666666666,0.2222222222222222,10.258,0,10.258,46.97330297840095,21.94126388768992,0,16.73361002695534,9.26,57.01754250940786,0.35,1,0.3,0.2,8.269748023930907,0,0,0.46299999999999997,0.41348740119654537,0,0,,,
,0.2777777777777778,0.8888888888888888,0.3055555555555556,10.367,0,10.367,21.749999999999996,21.941083561165787,0,16.765721058708646,0.22000000000000025,57.132124012848934,0.35,1,0.25,0.2,5.242930027339895,0,0,0.011000000000000013,0.26214650136699474,0,0,,,
,0.27847222222222223,0.8888888888888888,0.3055555555555556,10.287,0,10.287,21.749999999999996,10.955011265967016,0,16.794906301175338,2,57.146204122433744,0.35,1,0.25,0.2,3.9246013519160416,0,0,0.1,0.19623006759580208,0,0,,,
,0.2791666666666667,0.8888888888888888,0.3055555555555556,11.195,0,11.195,65.24999999999999,3.5446000654251826,0,16.823424887901876,3,57.10633478101816,0.4,1,0.35,0.2,8.255352007851021,0,0,0.15,0.41276760039255106,0,0,,,
,0.2798611111111111,0.8888888888888888,0.3055555555555556,11.185,0,11.185,56.92529014831774,0.2544660373913833,0,16.85622124837585,0,57.10088323096444,0.4,1,0.35,0.2,6.861570742285096,0,0,0,0.3430785371142548,0,0,,,
,0.28055555555555556,0.8888888888888888,0.3055555555555556,10.998,0,10.998,65.24999999999999,0.2543564723192347,0,16.890188167927924,0,57.09543761160925,0.45,1,0.35,0.2,7.860522776678309,0,0,0,0.39302613883391546,0,0,,,
,0.28125,0.8888888888888888,0.3055555555555556,10.16,0,10.16,65.24999999999999,0.2542640760229229,0,16.926928380020385,0,57.089998220710456,0.45,1,0.35,0.2,7.86051168912275,0,0,0,0.3930255844561375,0,0,,,
,0.28194444444444444,0.8888888888888888,0.3055555555555556,7.055,0,7.055,65.24999999999999,0.2541761958507494,0,16.966082654887217,0,57.084565558428345,0.45,1,0.35,0.2,7.8605011435020895,0,0,0,0.3930250571751045,0,0,,,
,0.2826388888888889,0.8888888888888888,0.3055555555555556,7.268,0,7.268,43.5949789774151,0.2541039050003469,0,17.01005873843831,9.26,56.91944801349384,0.45,1,0.35,0.2,5.2618899458898545,0,0,0.46299999999999997,0.26309449729449275,0,0,,,
,0.2833333333333333,0.8888888888888888,0.3055555555555556,7.308,0,7.308,17.331090176526427,11.900624177731931,0,17.054123635623522,14.8,56.72834010316541,0.45,1,0.25,0.2,3.5078057225110038,0,0,0.74,0.1753902861255502,0,0,,,
,0.28402777777777777,0.8888888888888888,0.3055555555555556,7.236,0,7.236,21.749999999999996,1.7673564007193399,0,17.094308616885648,3.9400000000000017,56.67155293011888,0.45,1,0.25,0.2,2.8220827680863207,0,0,0.1970000000000001,0.14110413840431604,0,0,,,
,0.2847222222222222,0.8611111111111112,0.3611111111111111,7.043,0,7.043,57.51619054959154,0.2538899060586135,0,17.13212344560259,0,56.66621905912835,0.45,1,0.3,0.2,6.932409654678018,0,0,0,0.3466204827339009,0,0,,,
,0.28541666666666665,0.8611111111111112,0.3611111111111111,9.309,0,9.309,38.84278546838975,3.8938294603351142,0,17.17784538095689,4.54,56.59314727196795,0.45,1,0.25,0.2,5.1283937914469835,0,0,0.227,0.2564196895723492,0,0,,,
,0.2861111111111111,0.8611111111111112,0.3611111111111111,9.142,0,9.142,0,0.2537241936233468,0,17.22140018412318,0.4600000000000001,56.57928794853999,0.45,1,0.2,0.2,0.030446903234801623,0,0,0.023000000000000003,0.0015223451617400812,0,0,,,
,0.28680555555555554,0.8611111111111112,0.3611111111111111,8.543,0,8.543,0,0.25358879785388594,0,17.256856313414836,0,56.573989960910964,0.45,1,0.2,0.2,0.03043065574246632,0,0,0,0.0015215327871233159,0,0,,,
,0.2875,0.8611111111111112,0.3611111111111111,6.289,0,6.289,0,0.253483483010403,0,17.280572889352168,0,56.56869835790288,0.45,1,0.2,0.2,0.030418017961248364,0,0,0,0.0015209008980624182,0,0,,,
,0.2881944444444444,0.8611111111111112,0.3611111111111111,8.709,0,8.709,0,0.2533962916914553,0,17.31481735723458,3.54,56.5037881497866,0.45,1,0.2,0.2,0.03040755500297464,0,0,0.177,0.001520377750148732,0,0,,,
,0.28888888888888886,0.8611111111111112,0.3611111111111111,8.625,0,8.625,0,22.002930384425753,0,17.342588185064848,0.4600000000000001,56.615273914561065,0.45,1,0.25,0.25,2.6403516461310907,0,0,0.023000000000000003,0.13201758230655453,0,0,,,
,0.28958333333333336,0.8611111111111112,0.3611111111111111,8.695,0,8.695,0,22.002521982779864,0,17.3660064251362,0,56.73427015119476,0.45,1,0.25,0.25,2.640302637933584,0,0,0,0.13201513189667918,0,0,,,
,0.2902777777777778,0.8611111111111112,0.3611111111111111,8.69,0,8.69,53.97622264796255,11.525929322222334,0,17.375403519381884,0,56.793383759254404,0.45,1,0.35,0.25,7.8602582364221885,0,0,0,0.3930129118211094,0,0,,,
,0.29097222222222224,0.8611111111111112,0.3611111111111111,8.781,0,8.781,46.3284431535418,0.30928925764056847,0,17.389818846820983,0,56.788393758399806,0.45,1,0.35,0.25,5.596527889341884,0,0,0,0.2798263944670942,0,0,,,
,0.2916666666666667,0.8611111111111112,0.5277777777777778,8.875,0,8.875,0,22.00745526094458,0,17.407867671806578,20.52,56.54963944927132,0.45,1,0.25,0.25,2.64089463131335,0,0,1.026,0.13204473156566748,0,0,,,
,0.2923611111111111,0.8611111111111112,0.5277777777777778,8.875,0,8.875,0,29.28742219298418,0,17.42182612393735,20.52,56.36252550826417,0.45,1,0.25,0.25,3.5144906631581017,0,0,1.026,0.1757245331579051,0,0,,,
,0.29305555555555557,0.8611111111111112,0.5277777777777778,7.87,0,7.87,21.749999999999996,34.89300846152777,0,17.42894248479694,20.28,56.22105056219815,0.5,1,0.3,0.25,6.797161015383333,0,0,1.014,0.33985805076916664,0,0,,,
,0.29375,0.8611111111111112,0.5277777777777778,7.871,0,7.871,46.42098541586698,24.400832238565744,0,17.437178349613006,14.260000000000002,56.13857957471497,0.5,1,0.35,0.25,8.498618118531928,0,0,0.7130000000000001,0.4249309059265964,0,0,,,
,0.29444444444444445,0.8611111111111112,0.5277777777777778,5.546,0,5.546,62.491114043443545,22.059011046875884,0,17.44461636752229,10.72,56.12280746584055,0.5,1,0.4,0.3,10.146015010838333,0,0,0.536,0.5073007505419167,0,0,,,
,0.2951388888888889,0.8611111111111112,0.5277777777777778,5.546,0,5.546,41.83690331828847,22.05907870994043,0,17.457013112480944,9.26,56.1332808666141,0.5,1,0.35,0.3,7.66751784338747,0,0,0.46299999999999997,0.3833758921693735,0,0,,,
,0.29583333333333334,0.8611111111111112,0.5277777777777778,7.971,0,7.971,21.749999999999996,29.33909615388526,0,17.47848529721087,12.920000000000009,56.1229021804926,0.5,1,0.35,0.3,6.130691538466232,0,0,0.6460000000000005,0.3065345769233116,0,0,,,
,0.2965277777777778,0.8611111111111112,0.5277777777777778,8.251,0,8.251,20.922820880320565,22.058869041703073,0,17.500791528193748,3,56.186837135813924,0.5,1,0.35,0.3,5.157802790642837,0,0,0.15,0.25789013953214185,0,0,,,
,0.2972222222222222,0.8611111111111112,0.5277777777777778,8.526,0,8.526,0,31.92868073152094,0,17.523753173095933,6,56.25171766778776,0.5,1,0.3,0.3,3.831441687782513,0,0,0.3,0.19157208438912565,0,0,,,
,0.29791666666666666,0.8611111111111112,0.5277777777777778,6.295,0,6.295,0,15.80994332385276,0,17.535488039544912,7.08,56.21812903879605,0.5,1,0.3,0.3,1.8971931988623314,0,0,0.354,0.09485965994311657,0,0,,,
,0.2986111111111111,0.8333333333333334,0.5277777777777778,6.495,0,6.495,43.49999999999999,5.1563697254289265,0,17.543771528659597,3.9200000000000004,56.17925761300894,0.5,1,0.4,0.3,5.838764367051471,0,0,0.196,0.29193821835257355,0,0,,,
,0.29930555555555555,0.8333333333333334,0.5277777777777778,8.729,0,8.729,46.541850069885164,0.3530425694013835,0,17.565206953311954,0,56.17465177293392,0.55,1,0.45,0.3,5.627387116714386,0,0,0,0.2813693558357193,0,0,,,
,0.3,0.8333333333333334,0.5277777777777778,8.729,0,8.729,21.749999999999996,0.35311127513906765,0,17.589141196519392,2,56.1427544201111,0.55,1,0.35,0.3,2.652373353016688,0,0,0.1,0.1326186676508344,0,0,,,
,0.30069444444444443,0.8333333333333334,0.5277777777777778,9.78,0,9.78,21.749999999999996,22.10319890906815,0,17.617476969752122,1,56.24387680819149,0.55,1,0.4,0.35,5.262383869088179,0,0,0.05,0.26311919345440893,0,0,,,
,0.3013888888888889,0.8333333333333334,0.5277777777777778,9.62,0,9.62,21.235228874402573,22.103305630976735,0,17.64444346553416,0,56.36355974325333,0.5,1,0.4,0.35,5.200624140645518,0,0,0,0.2600312070322759,0,0,,,
,0.3020833333333333,0.8333333333333334,0.5277777777777778,9.88,0,9.88,21.749999999999996,4.482347256182629,0,17.671747970478997,3.54,56.31870871620539,0.55,1,0.4,0.35,3.1478816707419153,0,0,0.177,0.15739408353709577,0,0,,,
,0.30277777777777776,0.8333333333333334,0.5277777777777778,10.605,0,10.605,43.49999999999999,0.397862992809121,0,17.705001276830064,1.4600000000000004,56.288782195558305,0.55,1,0.45,0.35,5.267743559137094,0,0,0.07300000000000002,0.26338717795685473,0,0,,,
,0.3034722222222222,0.8333333333333334,0.5277777777777778,10.695,0,10.695,80.94075720596494,3.6876577983558803,0,17.73774848912011,3,56.24733990050847,0.55,1,0.5,0.35,10.1554098005185,0,0,0.15,0.507770490025925,0,0,,,
,0.30416666666666664,0.8333333333333334,0.5277777777777778,9.001,0,9.001,57.74658742362351,0.3975029946261504,0,17.77243511788017,0,56.24300970195011,0.55,1,0.45,0.35,6.977290850189959,0,0,0,0.34886454250949794,0,0,,,
,0.30486111111111114,0.8333333333333334,0.5277777777777778,7.113,0,7.113,21.749999999999996,0.3974260457296274,0,17.795129526552792,0,56.23868575228272,0.5,1,0.4,0.35,2.6576911254875557,0,0,0,0.13288455627437779,0,0,,,
,0.3055555555555556,0.8055555555555556,0.5,7.06,0,7.06,21.749999999999996,0.3977149195690961,0,17.814990140221703,5,56.14475164500921,0.5,1,0.4,0.35,2.6577257903482914,0,0,0.25,0.13288628951741457,0,0,,,
,0.30625,0.8055555555555556,0.5,9.606,0,9.606,21.749999999999996,3.1280109700584444,0,17.840481663923168,3,56.104425464284326,0.5,1,0.4,0.35,2.985361316407013,0,0,0.15,0.14926806582035065,0,0,,,
,0.30694444444444446,0.8055555555555556,0.5,9.527,0,9.527,9.84281166336005,0.3981006378303671,0,17.862856865565046,0,56.100140791849014,0.5,1,0.4,0.35,1.2289094761428505,0,0,0,0.06144547380714253,0,0,,,
,0.3076388888888889,0.8055555555555556,0.5,9.667,0,9.667,0,0.39820703281423053,0,17.882237488825368,0,56.09586129764915,0.5,1,0.35,0.35,0.047784843937707655,0,0,0,0.0023892421968853828,0,0,,,
,0.30833333333333335,0.8055555555555556,0.5,7.113,0,7.113,43.45584280010537,0.3983154491462305,0,17.88938003169326,2,56.05614934146813,0.55,1,0.4,0.35,5.262498989910194,0,0,0.1,0.2631249494955097,0,0,,,
,0.3090277777777778,0.8055555555555556,0.5,7.323,0,7.323,25.705403152587948,0.39867299454584143,0,17.903082859188064,5,55.96370289283037,0.55,1,0.4,0.35,3.1324891376560555,0,0,0.25,0.15662445688280277,0,0,,,
,0.30972222222222223,0.8055555555555556,0.5,7.443,0,7.443,21.70600074969436,0.39891303744668305,0,17.91844505820256,2,55.92492438210337,0.55,1,0.35,0.35,2.652589654456926,0,0,0.1,0.1326294827228463,0,0,,,
,0.3104166666666667,0.8055555555555556,0.5,7.743,0,7.743,20.378882875565576,0.39903533137110564,0,17.93603909247044,0,55.92068918754141,0.55,1,0.35,0.35,2.493350184832402,0,0,0,0.1246675092416201,0,0,,,
,0.3111111111111111,0.8055555555555556,0.5,8.038,0,8.038,0,0.39898062505125764,0,17.954346545844054,0,55.91645742252541,0.55,1,0.35,0.35,0.04787767500615092,0,0,0,0.002393883750307546,0,0,,,
,0.31180555555555556,0.8055555555555556,0.5,7.698,0,7.698,43.49999999999999,0.3988660287377149,0,17.96694205649081,0,55.91222886653933,0.55,1,0.45,0.35,5.267863923448525,0,0,0,0.26339319617242624,0,0,,,
,0.3125,0.7777777777777778,0.5277777777777778,7.7,0,7.7,33.271347718228036,7.74879524251865,0,17.9812133745777,3,55.90800279018627,0.55,1,0.45,0.35,4.922417155289603,0,0,0.15,0.24612085776448014,0,0,,,
,0.31319444444444444,0.7777777777777778,0.5277777777777778,7.798,0,7.798,0,0.3987944438086833,0,17.996931666856156,0,55.9037798802511,0.55,1,0.35,0.35,0.047855333257042006,0,0,0,0.0023927666628521,0,0,,,
,0.3138888888888889,0.7777777777777778,0.5277777777777778,17.323,0,17.323,21.749999999999996,0.39882609531520324,0,18.014308021311933,0,55.89956056967346,0.55,1,0.4,0.35,2.6578591314378235,0,0,0,0.13289295657189118,0,0,,,
,0.3145833333333333,0.7777777777777778,0.5277777777777778,17.135,0,17.135,21.749999999999996,31.757472910496837,0,18.028558864811245,12.26,55.84524922872514,0.55,1,0.4,0.35,6.42089674925962,0,0,0.613,0.32104483746298096,0,0,,,
,0.31527777777777777,0.7777777777777778,0.5277777777777778,17.215,0,17.215,4.551418339378333,37.03395686991772,0,18.04129466725501,14.8,55.7759217499147,0.55,1,0.4,0.35,4.990245025115528,0,0,0.74,0.24951225125577642,0,0,,,
,0.3159722222222222,0.7777777777777778,0.5277777777777778,7.758,0,7.758,0,30.190672179205343,0,18.04440639695674,7.940000000000001,55.79692836497587,0.55,1,0.35,0.35,3.622880661504642,0,0,0.3970000000000001,0.1811440330752321,0,0,,,
,0.31666666666666665,0.7777777777777778,0.5277777777777778,8.091,0,8.091,21.749999999999996,12.866626968984715,0,18.046227043616238,0,55.86398008674697,0.55,1,0.4,0.35,4.153995236278166,0,0,0,0.2076997618139083,0,0,,,
,0.3173611111111111,0.7777777777777778,0.5277777777777778,9.95,0,9.95,26.048010033729632,0.39897730136713205,0,18.06280245754798,0,55.859776913661676,0.55,1,0.4,0.35,3.173638480211612,0,0,0,0.15868192401058062,0,0,,,
,0.31805555555555554,0.7777777777777778,0.5277777777777778,8.188,0,8.188,3.4049674468580284,0.398741123502939,0,18.071464740091493,0,55.85557595303207,0.55,1,0.35,0.35,0.4564450284433161,0,0,0,0.022822251422165804,0,0,,,
,0.31875,0.7777777777777778,0.5277777777777778,8.177,0,8.177,0,0.39844036691551993,0,18.076735741589804,0,55.851375478920794,0.55,1,0.35,0.35,0.04781284402986239,0,0,0,0.0023906422014931196,0,0,,,
,0.3194444444444444,0.75,0.5,6.619,0,6.619,21.681026648567375,13.283766190167603,0,18.06468193593887,3.54,55.84717506176679,0.6,1,0.35,0.35,4.195775140648197,0,0,0.177,0.20978875703240987,0,0,,,
,0.32013888888888886,0.75,0.5,6.619,0,6.619,21.68098472136175,12.64275179292277,0,18.054649068472372,3.46,55.84297435890477,0.6,1,0.35,0.35,4.118848381714144,0,0,0.173,0.20594241908570718,0,0,,,
,0.32083333333333336,0.75,0.5,6.881,0,6.881,65.18106902677934,0.39842049703638327,0,18.046928757498158,2,55.804877002593514,0.55,1,0.45,0.35,7.869538742857888,0,0,0.1,0.3934769371428944,0,0,,,
,0.3215277777777778,0.75,0.5,6.816,0,6.816,55.456611021812,6.97837758381384,0,18.046474744058536,11.26,55.64093317222282,0.55,1,0.45,0.35,7.492198632675103,0,0,0.563,0.3746099316337551,0,0,,,
,0.32222222222222224,0.75,0.5,6.671,0,6.671,21.681570858516373,0.3982462545865516,0,18.05180432094365,9.26,55.48887061012091,0.55,1,0.35,0.35,2.6495780535723514,0,0,0.46299999999999997,0.13247890267861756,0,0,,,
,0.3229166666666667,0.75,0.5,9.717,0,9.717,39.902994027259055,0.39805842769197297,0,18.058044193144404,19.52,55.174060286381085,0.55,1,0.4,0.35,4.836126294594125,0,0,0.976,0.24180631472970626,0,0,,,
,0.3236111111111111,0.75,0.5,9.908,0,9.908,21.749999999999996,0.39776380779490556,0,18.066632048267035,18.52,54.8977909696707,0.55,1,0.4,0.35,2.657731656935389,0,0,0.9259999999999999,0.13288658284676944,0,0,,,
,0.32430555555555557,0.75,0.5,9.74,0,9.74,5.054638230170815,22.147379167967724,0,18.072109359727527,19.52,54.74952221560788,0.55,1,0.45,0.4,3.264242087776625,0,0,0.976,0.16321210438883124,0,0,,,
,0.325,0.75,0.5,9.822,0,9.822,21.749999999999996,22.14706666879317,0,18.07439537255191,18.52,54.62730002525942,0.55,1,0.45,0.4,5.26764800025518,0,0,0.9259999999999999,0.26338240001275903,0,0,,,
,0.32569444444444445,0.75,0.5,9.242,0,9.242,24.932363063512106,31.81100535144617,0,18.075258167234097,22.060000000000002,54.513884512654705,0.55,1,0.45,0.4,6.809204209794994,0,0,1.1030000000000002,0.3404602104897497,0,0,,,
,0.3263888888888889,0.7777777777777778,0.5277777777777778,8.931,0,8.931,3.844754225531007,55.02246878252078,0,18.0769701554282,19.900000000000006,54.55382678863966,0.55,1,0.45,0.45,7.064066760966215,0,0,0.9950000000000003,0.3532033380483107,0,0,,,
,0.32708333333333334,0.7777777777777778,0.5277777777777778,11.042,0,11.042,0,52.086457232782124,0,18.08119859249401,12.26,54.66659495605874,0.55,1,0.45,0.45,6.250374867933855,0,0,0.613,0.3125187433966928,0,0,,,
,0.3277777777777778,0.7777777777777778,0.5277777777777778,11.101,0,11.101,21.749999999999996,43.89607286640153,0,18.08146182957459,5.180000000000005,54.8377435979402,0.6,1,0.5,0.45,7.877528743968185,0,0,0.25900000000000023,0.39387643719840926,0,0,,,
,0.3284722222222222,0.7777777777777778,0.5277777777777778,11.12,0,11.12,21.749999999999996,29.62447830605688,0,18.08040068091264,0,55.00072525424309,0.6,1,0.5,0.45,6.164937396726826,0,0,0,0.3082468698363413,0,0,,,
,0.32916666666666666,0.7777777777777778,0.5277777777777778,9.035,0,9.035,21.749999999999996,22.174875690899796,0,18.07235675711484,2,55.08320496625968,0.6,1,0.5,0.45,5.270985082907975,0,0,0.1,0.26354925414539876,0,0,,,
,0.3298611111111111,0.7777777777777778,0.5277777777777778,9.129,0,9.129,86.90646958102546,24.310995328353638,0,18.063657609084988,3,55.15938022272869,0.6,1,0.55,0.45,13.346095789125494,0,0,0.15,0.6673047894562747,0,0,,,
,0.33055555555555555,0.7777777777777778,0.5277777777777778,9.369,0,9.369,68.69564623674074,0.48106275354811906,0,18.06564259605006,2,55.120602910211154,0.6,1,0.55,0.45,8.301205078834663,0,0,0.1,0.4150602539417331,0,0,,,
,0.33125,0.7777777777777778,0.5277777777777778,9.399,0,9.399,21.749999999999996,0.48085397276929476,0,18.07329515610159,0,55.1169983682874,0.6,1,0.5,0.45,2.667702476732315,0,0,0,0.13338512383661577,0,0,,,
,0.33194444444444443,0.7777777777777778,0.5277777777777778,9.283,0,9.283,43.49999999999999,17.587153161525755,0,18.077854940698646,5.54,55.113394037231174,0.6,1,0.55,0.45,7.3304583793830895,0,0,0.277,0.36652291896915445,0,0,,,
,0.3326388888888889,0.7777777777777778,0.5277777777777778,9.283,0,9.283,42.59730793235532,1.9937659596785184,0,18.08286058624831,0.4600000000000001,55.10979003601278,0.6,1,0.55,0.45,5.35092886704406,0,0,0.023000000000000003,0.267546443352203,0,0,,,
,0.3333333333333333,0.7777777777777778,0.6944444444444444,8.86,0,8.86,21.749999999999996,0.4802465180814606,0,18.088503894012412,3,55.05430809872634,0.6,1,0.5,0.45,2.667629582169775,0,0,0.15,0.13338147910848874,0,0,,,
,0.33402777777777776,0.7777777777777778,0.6944444444444444,8.9,0,8.9,43.463926917272666,5.940234440189512,0,18.09231192299879,2,55.050715300520906,0.6,1,0.5,0.45,5.928499362895461,0,0,0.1,0.29642496814477304,0,0,,,
,0.3347222222222222,0.7777777777777778,0.6944444444444444,11.047,0,11.047,46.49052595839453,0.4802787952496412,0,18.105679115397077,0,55.047124024486166,0.6,1,0.55,0.45,5.6364965704373,0,0,0,0.281824828521865,0,0,,,
,0.33541666666666664,0.7777777777777778,0.6944444444444444,11.202,0,11.202,21.749999999999996,4.120241292273152,0,18.122340617610405,2,55.02523653795845,0.55,1,0.5,0.45,3.1044289550727786,0,0,0.1,0.15522144775363894,0,0,,,
,0.33611111111111114,0.7777777777777778,0.6944444444444444,11.248,0,11.248,21.749999999999996,0.48023501131164137,0,18.137194932904674,0,55.021654527293876,0.55,1,0.5,0.45,2.667628201357397,0,0,0,0.13338141006786985,0,0,,,
,0.3368055555555556,0.7777777777777778,0.6944444444444444,6.243,0,6.243,21.749999999999996,0.48028755863587064,0,18.142471524404144,1,54.999570009305515,0.55,1,0.5,0.45,2.667634507036304,0,0,0.05,0.1333817253518152,0,0,,,
,0.3375,0.7777777777777778,0.6944444444444444,5.83,0,5.83,20.519296725769383,2.720386301678687,0,18.143821524771013,2,54.976978315230284,0.55,1,0.5,0.45,2.7887619632937684,0,0,0.1,0.1394380981646884,0,0,,,
,0.33819444444444446,0.7777777777777778,0.6944444444444444,6.04,0,6.04,21.68876152822985,0.48053690643974084,0,18.14440019725778,4,54.90751129807474,0.55,1,0.45,0.45,2.6603158121603516,0,0,0.2,0.13301579060801758,0,0,,,
,0.3388888888888889,0.7777777777777778,0.6944444444444444,7.72,0,7.72,57.86584938556129,0.48072205083074365,0,18.144500142678357,3.54,54.84749102074052,0.55,1,0.5,0.45,7.001588572367044,0,0,0.177,0.35007942861835223,0,0,,,
,0.33958333333333335,0.7777777777777778,0.6944444444444444,8.26,0,8.26,54.217949129186266,0.48086645677861733,0,18.151856404126786,0.4600000000000001,54.83681860100074,0.6,1,0.55,0.45,6.563857870315787,0,0,0.023000000000000003,0.32819289351578934,0,0,,,
,0.3402777777777778,0.75,0.7222222222222222,8.434,0,8.434,43.49999999999999,0.4808208020587138,0,18.165011717384992,0,54.833277297778736,0.6,1,0.55,0.45,5.277698496247045,0,0,0,0.26388492481235226,0,0,,,
,0.34097222222222223,0.75,0.7222222222222222,11.38,0,11.38,41.42254946613251,0.4807853703943645,0,18.18285806874173,0,54.82973865436721,0.6,1,0.55,0.45,5.028400180383224,0,0,0,0.25142000901916123,0,0,,,
,0.3416666666666667,0.75,0.7222222222222222,11.17,0,11.17,21.749999999999996,0.4807506347682752,0,18.201843413470662,12.26,54.59811330685483,0.6,1,0.5,0.45,2.667690076172193,0,0,0.613,0.13338450380860964,0,0,,,
,0.3423611111111111,0.75,0.7222222222222222,13.048,0,13.048,21.749999999999996,0.4807954475643535,0,18.22559843340292,11.26,54.40301020898903,0.6,1,0.5,0.45,2.667695453707722,0,0,0.563,0.13338477268538612,0,0,,,
,0.34305555555555556,0.75,0.7222222222222222,13.113,0,13.113,21.749999999999996,0.4807375026727903,0,18.248853996786046,9.26,54.255726315279944,0.6,1,0.5,0.45,2.6676885003207342,0,0,0.46299999999999997,0.1333844250160367,0,0,,,
,0.34375,0.75,0.7222222222222222,24.418,0,24.418,21.749999999999996,13.434955038080838,0,18.28326600680137,23.060000000000002,53.97631348740525,0.6,1,0.5,0.45,4.222194604569701,0,0,1.153,0.21110973022848506,0,0,,,
,0.34444444444444444,0.75,0.7222222222222222,22.293,0,22.293,43.49999999999999,26.216427646861103,0,18.309892939212553,19.98,53.84172224779577,0.6,1,0.6,0.5,8.36597131762333,0,0,0.999,0.41829856588116654,0,0,,,
,0.3451388888888889,0.75,0.7222222222222222,22.305,0,22.305,37.64248090159292,22.230745491702315,0,18.336445822322514,18.52,53.716913786455336,0.6,1,0.6,0.5,7.184787167195429,0,0,0.9259999999999999,0.35923935835977144,0,0,,,
,0.3458333333333333,0.75,0.7222222222222222,12.839,0,12.839,21.749999999999996,43.98098052786748,0,18.363804748271328,18.52,53.725448115838915,0.6,1,0.6,0.55,7.887717663344098,0,0,0.9259999999999999,0.3943858831672049,0,0,,,
,0.34652777777777777,0.75,0.7222222222222222,12.698,0,12.698,21.749999999999996,53.011041497083674,0,18.385411333377736,21.52,53.73313781480637,0.6,1,0.6,0.55,8.97132497965004,0,0,1.076,0.448566248982502,0,0,,,
,0.3472222222222222,0.6944444444444444,0.7777777777777778,12.791,0,12.791,30.495579687351064,53.6453586668037,0,18.402579236620998,23.720000000000006,53.70445881360632,0.55,1,0.6,0.55,10.096912602498575,0,0,1.1860000000000004,0.5048456301249288,0,0,,,
,0.34791666666666665,0.6944444444444444,0.7777777777777778,11.012,0,11.012,58.70800403167397,56.71716344193314,0,18.405603414078396,16.72,53.79373465031642,0.55,1,0.6,0.55,13.851020096832855,0,0,0.836,0.6925510048416428,0,0,,,
,0.3486111111111111,0.6944444444444444,0.7777777777777778,10.882,0,10.882,32.065160378352004,43.9818835366452,0,18.412680390674332,0.17999999999999797,54.03673491704171,0.5,1,0.6,0.55,9.125645269799666,0,0,0.008999999999999899,0.4562822634899833,0,0,,,
,0.34930555555555554,0.6944444444444444,0.7777777777777778,10.954,0,10.954,0,34.44042569800645,0,18.419283267603184,2,54.20110998559441,0.5,1,0.55,0.55,4.132851083760775,0,0,0.1,0.20664255418803873,0,0,,,
,0.35,0.6944444444444444,0.7777777777777778,12.882,0,12.882,0,9.211567746587587,0,18.43247255336129,0,54.24761348813754,0.5,1,0.55,0.55,1.1053881295905108,0,0,0,0.05526940647952554,0,0,,,
,0.3506944444444444,0.6944444444444444,0.7777777777777778,12.936,0,12.936,0,3.15616151823652,0,18.44105803914685,4,54.18778498769346,0.5,1,0.55,0.55,0.3787393821883825,0,0,0.2,0.018936969109419124,0,0,,,
,0.35138888888888886,0.6944444444444444,0.7777777777777778,13.415,0,13.415,0,0.5661155109318492,0,18.44679254356416,1,54.16658994079004,0.5,1,0.55,0.55,0.0679338613118219,0,0,0.05,0.003396693065591095,0,0,,,
,0.35208333333333336,0.6944444444444444,0.7777777777777778,11.826,0,11.826,21.707735845236463,0.5661352679447917,0,18.4368528046897,0,54.163701605624475,0.5,1,0.55,0.55,2.6728645335817514,0,0,0,0.13364322667908757,0,0,,,
,0.3527777777777778,0.6944444444444444,0.7777777777777778,12.152,0,12.152,21.70799992357347,0.566226901254163,0,18.429557197613825,0,54.16081258526579,0.5,1,0.55,0.55,2.6729072189793164,0,0,0,0.1336453609489658,0,0,,,
,0.35347222222222224,0.6944444444444444,0.7777777777777778,10.529,0,10.529,8.388743491496088,0.5662089103217423,0,18.423433819088764,3,54.10239668945384,0.5,1,0.55,0.55,1.0745942882181398,0,0,0.15,0.053729714410906994,0,0,,,
,0.3541666666666667,0.6944444444444444,0.7777777777777778,10.73,0,10.73,0,8.495754738184223,0,18.41586959462483,3.54,54.0995154657514,0.5,1,0.55,0.55,1.0194905685821067,0,0,0.177,0.05097452842910534,0,0,,,
,0.3548611111111111,0.6944444444444444,0.7777777777777778,7.412,0,7.412,0,3.8365198726667367,0,18.400767269923936,1.4600000000000004,54.09663324001731,0.5,1,0.55,0.55,0.4603823847200084,0,0,0.07300000000000002,0.02301911923600042,0,0,,,
,0.35555555555555557,0.6944444444444444,0.7777777777777778,7.438,9.542440337964254e-101,7.438,0,0.5662834827663441,5.144333903980018e-103,18.381575894580024,0,54.09374985432396,0.5,1,0.55,0.55,0.06795401793196129,0,9.542440337964254e-101,0,0.0033977008965980645,0,0,,,
,0.35625,0.6944444444444444,0.7777777777777778,7.618,2.5778596780893685e-23,7.618,21.691175546484107,12.21311416570121,5.880614992019727e-25,18.36026401777636,3.54,54.090864991163436,0.5,1,0.55,0.55,4.068514765462237,0,2.5778596780893685e-23,0.177,0.20342573827311186,0,0,,,
,0.35694444444444445,0.6944444444444444,0.7777777777777778,7.478,4.770270237599298e-13,7.477999999999523,58.02198265987303,2.0802028426728443,1.9055060132951385e-14,18.339649504816254,0.4600000000000001,54.08797861866898,0.5,1,0.6,0.55,7.212262260305504,0,4.770270237599298e-13,0.023000000000000003,0.3606131130152752,0,0,,,
,0.3576388888888889,0.6944444444444444,0.7777777777777778,7.61,5.449315709936786e-09,7.609999994550685,31.689620082684144,8.33704498585136,3.095093844602035e-10,18.325839221501784,3,54.08509059074004,0.5,1,0.6,0.55,4.803199808224262,0,5.449315709936786e-09,0.15,0.2401599904112131,0,0,,,
,0.35833333333333334,0.6944444444444444,0.7777777777777778,8.029,8.141452156811911e-07,8.028999185854785,0,3.157148565650513,5.973830023095095e-08,18.315072566863243,4.54,54.01435866428172,0.5,1,0.55,0.55,0.37885782787806155,0,8.141452156811911e-07,0.227,0.018942891393903077,0,0,,,
,0.3590277777777778,0.6944444444444444,0.7777777777777778,8.158,1.847053579118424e-05,8.157981529464209,0,0.5672255788697089,1.6565205550090254e-06,18.30048214872962,3.46,53.94705671608161,0.5,1,0.55,0.55,0.06806706946436508,0,1.847053579118424e-05,0.173,0.003403353473218254,0,0,,,
,0.3597222222222222,0.6944444444444444,0.7777777777777778,8.206,0.00015598608897757712,8.205844013911022,0,31.942896694869383,1.6492531540064456e-05,18.282898697886456,15.8,53.8868047129836,0.5,1,0.55,0.55,3.833147603384326,0,0.00015598608897757712,0.79,0.1916573801692163,0,0,,,
,0.36041666666666666,0.6944444444444444,0.7777777777777778,10.854,0.0007357569215422328,10.853264243078458,0,26.264867334737396,8.940927449750335e-05,18.262929832735544,19.98,53.70817278120425,0.5,1,0.55,0.55,3.151784080168488,0,0.0007357569215422328,0.999,0.1575892040084244,0,0,,,
,0.3611111111111111,0.6111111111111112,0.7777777777777778,11.102,0.0023920965211398936,11.09960790347886,1.4538412172630233,20.825589869391496,0.00032785620557488634,18.238325508315413,16.28,53.54877065867205,0.5,1,0.55,0.55,2.6735317303985426,0,0.0023920965211398936,0.8140000000000001,0.13367658651992714,0,0,,,
,0.36180555555555555,0.6111111111111112,0.7777777777777778,11.022,0.0060437513586207815,11.015956248641379,40.10841116309868,27.848350462519214,0.0009207662819817985,18.210903620752877,6.940000000000001,53.59239987139343,0.5,1,0.6,0.6,8.15481139507415,0,0.0060437513586207815,0.3470000000000001,0.4077405697537075,0,0,,,
,0.3625,0.6111111111111112,0.7777777777777778,11.489,0.012769961117346323,11.476230038882653,43.39832674916521,22.318811083809138,0.00213771022371979,18.190300757158816,0,53.71387053537224,0.5,1,0.6,0.6,7.886056539956924,0,0.012769961117346323,0,0.3943028269978462,0,0,,,
,0.36319444444444443,0.6111111111111112,0.7777777777777778,11.099,0.023660473672664863,11.075339526327335,30.58786422729968,30.509068082652213,0.004311346071107596,18.17275696234505,5,53.80202705836789,0.45,1,0.6,0.6,7.331631877194228,0,0.023660473672664863,0.25,0.3665815938597114,0,0,,,
,0.3638888888888889,0.6111111111111112,0.7777777777777778,11.036,0.03969260005502156,10.996307399944978,21.686917545834135,3.1915786584766312,0.007811598654840837,18.156305770624822,0,53.81415677582844,0.45,1,0.6,0.6,2.9854195445172924,0,0.03969260005502156,0,0.14927097722586463,0,0,,,
,0.3645833333333333,0.6111111111111112,0.7777777777777778,10.885,0.06165530238699571,10.823344697613004,21.687033352119958,0.625179700783147,0.013019242491647362,18.138167302778054,0,53.81161645680345,0.45,1,0.6,0.6,2.677465566348373,0,0.06165530238699571,0,0.13387327831741863,0,0,,,
,0.36527777777777776,0.6111111111111112,0.7777777777777778,10.527,0.05587299426176897,10.47112700573823,43.3789963445747,0.625322649589211,0.012588187812558226,18.117598588199538,3,53.75482110054536,0.45,1,0.6,0.6,5.280518279299671,0,0.05587299426176897,0.15,0.26402591396498354,0,0,,,
,0.3659722222222222,0.6111111111111112,0.7777777777777778,10.507,0.08027546163836437,10.426724538361636,35.748742059544675,3.635541450321646,0.019203638043667932,18.100298576386084,1,53.75228638497365,0.45,1,0.6,0.6,4.72611402118396,0,0.08027546163836437,0.05,0.23630570105919801,0,0,,,
,0.36666666666666664,0.6111111111111112,0.7777777777777778,10.217,0.08890552563904122,10.128094474360958,43.40968944765219,9.655650278072484,0.0224869978144733,18.083618481244958,3,53.74974976008117,0.45,1,0.6,0.6,6.367840767086964,0,0.08890552563904122,0.15,0.3183920383543482,0,0,,,
,0.36736111111111114,0.6111111111111112,0.7777777777777778,10.204,0.12154880344261564,10.082451196557384,36.28582265877045,0.6257152264018535,0.032384635657420634,18.07006274957017,0,53.747211081727094,0.45,1,0.6,0.6,4.4293845462206765,0,0.12154880344261564,0,0.22146922731103383,0,0,,,
,0.3680555555555556,0.5277777777777778,0.7777777777777778,11.45,0.13386731513719644,11.316132684862804,21.688259409705122,0.625678057364036,0.03744688810495393,18.06328792509334,0,53.74467030234081,0.45,1,0.6,0.6,2.677672496048299,0,0.13386731513719644,0,0.13388362480241495,0,0,,,
,0.36875,0.5277777777777778,0.7777777777777778,14.707,0.1713289396931264,14.535671060306873,21.68859825083076,0.6254596663025773,0.05017025467965385,18.05769059498308,2,53.70750053790438,0.45,1,0.6,0.6,2.6776869500560014,0,0.1713289396931264,0.1,0.13388434750280007,0,0,,,
,0.36944444444444446,0.5277777777777778,0.7777777777777778,16.994,0.27131733145873216,16.722682668541268,11.818970996627623,10.495225377947094,0.08295067562603911,18.05435146310253,3,53.70496185835957,0.45,1,0.6,0.6,2.677703564948966,0,0.27131733145873216,0.15,0.1338851782474483,0,0,,,
,0.3701388888888889,0.5277777777777778,0.7777777777777778,15.03,0.3023145173336552,14.727685482666345,21.68938350451724,0.6250505656840669,0.09627035340704058,18.036814499741745,0,53.70242204266715,0.45,1,0.6,0.6,2.677732088424157,0,0.3023145173336552,0,0.13388660442120787,0,0,,,
,0.37083333333333335,0.5277777777777778,0.7777777777777778,14.8,0.40900295333135805,14.390997046668643,14.735063287990357,0.625287865634868,0.1353667622364124,18.018345807555367,0,53.69988101203485,0.45,1,0.6,0.6,1.843242138435027,0,0.40900295333135805,0,0.09216210692175135,0,0,,,
,0.3715277777777778,0.5277777777777778,0.7777777777777778,14.651,0.4455866895033091,14.205413310496692,0,0.6255516051067432,0.1529728894606129,17.997502680692016,0,53.69733875802898,0.45,1,0.6,0.6,0.07506619261280918,0,0.4455866895033091,0,0.003753309630640459,0,0,,,
,0.37222222222222223,0.5277777777777778,0.7777777777777778,14.561,0.6255546315211078,13.935445368478891,0,10.290049257645926,0.22236271807137892,17.973479258544007,3.54,53.694795067602264,0.45,1,0.6,0.6,1.2348059109175114,0,0.6255546315211078,0.177,0.06174029554587557,0,0,,,
,0.3729166666666667,0.5277777777777778,0.7777777777777778,14.873,0.6892100823625008,14.1837899176375,0,4.612026970501499,0.2532473574285796,17.948352365391933,1.4600000000000004,53.692249853294996,0.45,1,0.6,0.6,0.5534432364601798,0,0.6892100823625008,0.07300000000000002,0.027672161823008988,0,0,,,
,0.3736111111111111,0.5277777777777778,0.7777777777777778,14.921,0.7243550434327246,14.196644956567276,0,8.816626088842774,0.2747136575085999,17.921217284095885,3,53.689703048519036,0.45,1,0.6,0.6,1.0579951306611333,0,0.7243550434327246,0.15,0.05289975653305666,0,0,,,
,0.37430555555555556,0.5277777777777778,0.7777777777777778,12.025,0.814035880847114,11.210964119152885,21.69197514404022,9.937123951692028,0.3181977284915306,17.89036992301721,3,53.68715487354052,0.45,1,0.6,0.6,3.795491891487871,0,0.814035880847114,0.15,0.18977459457439355,0,0,,,
,0.375,0.5277777777777778,0.8055555555555556,12.22,0.8968918372352301,11.32310816276477,13.810058126416525,3.357731363697528,0.3608715213142043,17.863425229755528,1,53.68460531819869,0.45,1,0.6,0.6,2.060134738813687,0,0.8968918372352301,0.05,0.10300673694068434,0,0,,,
,0.37569444444444444,0.5277777777777778,0.8055555555555556,15.13,0.9819402745248789,14.148059725475122,21.721276550953906,0.6282267992839581,0.406191764888422,17.83947326685087,0,53.68205441189373,0.45,1,0.6,0.6,2.681940402028544,0,0.9819402745248789,0,0.13409702010142718,0,0,,,
,0.3763888888888889,0.5277777777777778,0.8055555555555556,15.119,1.0148063080484189,14.104193691951581,0,6.928629414956302,0.4310953740469553,17.817689156755215,2,53.679502137497195,0.4,1,0.6,0.6,0.8314355297947563,0,1.0148063080484189,0.1,0.04157177648973782,0,0,,,
,0.3770833333333333,0.5277777777777778,0.8055555555555556,15.053,1.4067335805483636,13.646266419451637,0,0.6289635802309582,0.6130409875281742,17.794136495775785,0,53.676948475730384,0.4,1,0.6,0.6,0.075475629627715,0,1.3543868644386907,0,0.0037737814813857498,0,0,,,
,0.37777777777777777,0.5277777777777778,0.8055555555555556,15.244,1.2793986779486446,13.964601322051356,0,0.6293327147349017,0.5714047286837899,17.769105103173715,3,53.62539935152313,0.35,1,0.6,0.6,0.07551992576818821,0,1.2474888762563479,0.15,0.0037759962884094103,0,0,,,
,0.3784722222222222,0.5277777777777778,0.8055555555555556,15.136,1.3562337985479467,13.779766201452054,0,4.269744554275972,0.6202009216910469,17.741529971052643,1,53.622851098533566,0.35,1,0.6,0.6,0.5123693465131167,0,1.3127987287657548,0.05,0.025618467325655835,0,0,,,
,0.37916666666666665,0.5277777777777778,0.8055555555555556,17.765,1.468106131702079,16.29689386829792,0,0.630219160314907,0.6868141963073315,17.714705559009182,0,53.62030126725638,0.35,1,0.6,0.6,0.07562629923778885,0,1.3900795987765593,0,0.0037813149618894427,0,0,,,
,0.3798611111111111,0.5277777777777778,0.8055555555555556,18.193,1.6605250505842273,16.53247494941577,0,7.9107161983879015,0.7940677580825244,17.688984822536778,3,53.599046413117755,0.35,1,0.6,0.6,0.9492859438065483,0,1.545420040467382,0.15,0.047464297190327416,0,0,,,
,0.38055555555555554,0.5277777777777778,0.8055555555555556,15.888,2.0501944821810034,13.837805517818996,0,0.6312091979607701,1.0013923740283803,17.65879224686251,0,53.59649731226199,0.35,1,0.6,0.6,0.07574510375529242,0,1.857155585744803,0,0.003787255187764621,0,0,,,
,0.38125,0.5277777777777778,0.8055555555555556,15.738,2.170350787150747,13.567649212849254,0,0.6317229951880161,1.0819862641137314,17.626860849419412,0,53.593946408509,0.35,1,0.6,0.6,0.07580675942256193,0,1.9532806297205974,0,0.0037903379711280967,0,0,,,
,0.3819444444444444,0.5277777777777778,0.8611111111111112,15.409,2.291147493475879,13.117852506524121,0,22.382277047504946,1.1650114682161326,17.59291048747219,0,53.71567934839889,0.35,1,0.65,0.65,2.685873245700594,0,2.049917994780703,0,0.1342936622850297,0,0,,,
,0.38263888888888886,0.5277777777777778,0.8611111111111112,12.285,2.4124345765498103,9.87256542345019,0,22.382823793311953,1.2503646050174062,17.556782138266257,2,53.80030173534775,0.35,1,0.65,0.65,2.685938855197435,0,2.1469476612398477,0.1,0.13429694275987175,0,0,,,
,0.38333333333333336,0.5277777777777778,0.8611111111111112,12.092,2.534075394016215,9.557924605983786,21.69202582921203,6.520989262437017,1.3379440476093696,17.519407598194995,2,53.80015135634503,0.35,1,0.65,0.65,3.385561810997886,0,2.2432603152129715,0.1,0.1692780905498943,0,0,,,
,0.3840277777777778,0.5277777777777778,0.8611111111111112,13.988,2.655945639627274,11.332054360372727,13.784526592403818,0.6898621438670265,1.4276501831354593,17.488458762268746,0,53.797873869665736,0.35,1,0.65,0.65,1.7369266483525017,0,2.34075651170182,0,0.08684633241762509,0,0,,,
,0.38472222222222224,0.5277777777777778,0.8611111111111112,14.038,2.777932354080618,11.260067645919381,21.749999999999996,0.6904794609071718,1.5193856121158786,17.459557465335887,0,53.79559499542394,0.4,1,0.7,0.65,2.6928575353088613,0,2.4383458832644935,0,0.13464287676544306,0,0,,,
,0.3854166666666667,0.5277777777777778,0.8611111111111112,13.992,2.8999329962437064,11.092067003756293,21.749999999999996,0.6910412365243995,1.6130552971591192,17.434013066931787,3.54,53.726570288392246,0.4,1,0.7,0.65,2.6929249483829274,0,2.5359463969949654,0.177,0.13464624741914638,0,0,,,
,0.3861111111111111,0.5277777777777778,0.8611111111111112,17.418,3.021854575935612,14.396145424064388,21.749999999999996,0.6916461136625612,1.7085666693596129,17.41468870208851,1.4600000000000004,53.69755727519382,0.4,1,0.7,0.65,2.6929975336395082,0,2.6334836607484893,0.07300000000000002,0.13464987668197542,0,0,,,
,0.38680555555555557,0.5277777777777778,0.8611111111111112,19.599,3.143612847827647,16.455387152172353,15.755110817538784,0.6922560772488823,1.8058296994627658,17.410949770576757,5,53.61136089335582,0.4,1,0.7,0.65,1.97368402737452,0,2.7307096358707357,0.25,0.098684201368726,0,0,,,
,0.3875,0.5277777777777778,0.8611111111111112,19.564,3.2651315648956762,16.298868435104325,0,0.6928796827948456,1.904756939824915,17.4084040751192,0,53.60911442106503,0.35,1,0.65,0.65,0.08314556193538147,0,2.8218486736717576,0,0.004157278096769074,0,0,,,
,0.38819444444444445,0.5277777777777778,0.8611111111111112,19.386,3.386341789091702,15.999658210908297,0,3.8435197561970007,2.0052635422883114,17.40319811453211,1,53.60687155504114,0.35,1,0.65,0.65,0.4612223707436402,0,2.822439252364192,0.05,0.02306111853718201,0,0,,,
,0.3888888888888889,0.5277777777777778,0.8611111111111112,17.198,3.5071812564104135,13.690818743589587,21.706294909387374,0.6941968237544281,2.107267256311847,17.382675684966642,0,53.60463205001564,0.4,1,0.65,0.65,2.6880590079770172,0,2.697667816666769,0,0.13440295039885086,0,0,,,
,0.38958333333333334,0.5277777777777778,0.8611111111111112,14.322,3.5187659794400776,10.803234020559923,21.706087943334282,0.6948793142549289,2.1443677586994014,17.364454401751324,0,53.60239331072023,0.4,1,0.65,0.65,2.688116070910705,0,2.7051978866360504,0,0.13440580354553525,0,0,,,
,0.3902777777777778,0.5277777777777778,0.8611111111111112,14.265,3.710053492918121,10.55494650708188,21.706046201619,0.6954946909716557,2.2922953855009953,17.350607175813646,0,53.600155347998545,0.4,1,0.65,0.65,2.6881849071108785,0,2.821032095750872,0,0.13440924535554394,0,0,,,
,0.3909722222222222,0.5277777777777778,0.8611111111111112,13.998,3.8669406639197774,10.131059336080222,21.706149675474688,0.6959688015054668,2.4214770616564256,17.33938761778893,0,53.59791810432048,0.4,1,0.65,0.65,2.6882542172376183,0,2.911817365155877,0,0.13441271086188092,0,0,,,
,0.39166666666666666,0.5277777777777778,0.8611111111111112,13.905,3.985788502390615,9.919211497609385,21.706383494788522,8.886321353923568,2.52869778645047,17.330478339403946,3,53.59568133540235,0.4,1,0.65,0.65,3.671124581845451,0,2.9771836763148385,0.15,0.18355622909227257,0,0,,,
,0.3923611111111111,0.5277777777777778,0.8611111111111112,13.776,4.104035559242155,9.671964440757844,30.586398693375052,0.6965921018105149,2.6370423045643663,17.324178518687216,0,53.59344496975624,0.4,1,0.65,0.65,3.7539588954222682,0,2.9232195575831854,0,0.1876979447711134,0,0,,,
,0.39305555555555555,0.5277777777777778,0.8611111111111112,11.81,4.221648925496955,7.588351074503045,13.694199841363513,16.446766148089875,2.746443203697624,17.322142687576097,5,53.59120890206799,0.4,1,0.65,0.65,3.6169159187344073,0,3.0219893552981723,0.25,0.18084579593672037,0,0,,,
,0.39375,0.5277777777777778,0.8611111111111112,11.887,4.3385991770147,7.5484008229852995,0,8.886805461089116,2.856835349446175,17.31964339352954,3,53.588973093351726,0.4,1,0.65,0.65,1.0664166553306942,0,3.0921595062088203,0.15,0.05332083276653471,0,0,,,
,0.39444444444444443,0.5277777777777778,0.8611111111111112,13.99,4.454860061276024,9.535139938723976,21.749999999999996,0.6968619614727909,2.9681558189373662,17.316807818539424,0,53.5867375623259,0.4,1,0.7,0.65,2.693623435376735,0,3.1619160367656147,0,0.13468117176883676,0,0,,,
,0.3951388888888889,0.5277777777777778,0.8611111111111112,13.882,4.570408211537353,9.311591788462646,4.786800314651093,10.361178368517953,3.080343832954986,17.31474230632084,3.54,53.584502593618495,0.4,1,0.7,0.65,1.8177574419802855,0,3.0747245163455434,0.177,0.09088787209901428,0,0,,,
,0.3958333333333333,0.5,0.8888888888888888,14.192,4.685222886039284,9.506777113960716,0,1.9529937315239883,3.1933406872888406,17.311504567693756,0.4600000000000001,53.58226888460653,0.4,1,0.65,0.65,0.23435924778287864,0,3.2536114430196426,0.023000000000000003,0.011717962389143933,0,0,,,
,0.39652777777777776,0.5,0.8888888888888888,13.955,4.799285730123046,9.155714269876954,21.707941116548533,0.6974603419022557,3.3070896839116717,17.304189084887604,0,53.58003652696307,0.4,1,0.65,0.65,2.688648175014096,0,3.320607151567675,0,0.13443240875070478,0,0,,,
,0.3972222222222222,0.5,0.8888888888888888,15.975,4.912580559275719,11.06241944072428,21.707863476008463,0.6977641997676995,3.421536062475186,17.299866270376867,2,53.54226163735965,0.4,1,0.65,0.65,2.6886753210931396,0,3.3829193076016457,0.1,0.13443376605465698,0,0,,,
,0.39791666666666664,0.5,0.8888888888888888,15.836,5.025093161283045,10.810906838716955,21.707922703553987,0.6979928992118765,3.5366269325230237,17.296647112772725,0,53.54003718614938,0.4,1,0.65,0.65,2.688709872331904,0,3.4448012387056752,0,0.13443549361659518,0,0,,,
,0.39861111111111114,0.5,0.8888888888888888,13.748,5.136811115817764,8.611188884182235,11.860382302993205,3.7081539062940045,3.6523112067396304,17.293427305827414,1,53.53781348445848,0.4,1,0.65,0.65,1.8682243451144651,0,3.5182461136997705,0.05,0.09341121725572325,0,0,,,
,0.3993055555555556,0.5,0.8888888888888888,15.6,5.247723629931295,10.352276370068704,21.70344147059603,6.998240832485116,3.76853953548729,17.29030734089005,2,53.535590108727774,0.4,1,0.65,0.65,3.4442018763697373,0,3.5912479964622124,0.1,0.17221009381848687,0,0,,,
,0.4,0.5,0.8888888888888888,13.184,5.357821388046779,7.826178611953221,43.41276189468708,13.583916287233373,3.8852642428279425,17.285666020752707,5.54,53.498413117068516,0.4,1,0.65,0.65,6.839601381830455,0,3.5669106940233903,0.277,0.3419800690915228,0,0,,,
,0.40069444444444446,0.5,0.8888888888888888,13.139,5.467096415172181,7.671903584827819,43.41278382162961,6.012795880269335,4.002439264179452,17.285575982685224,1.4600000000000004,53.49619605116783,0.4,1,0.65,0.65,5.931069564227873,0,3.6215482075860903,0.07300000000000002,0.29655347821139366,0,0,,,
,0.4013888888888889,0.5,0.8888888888888888,12.99,5.575541952163634,7.414458047836367,52.574133515523634,0.6983228886566301,4.120020085716986,17.290113833614914,0,53.493978932805554,0.4,1,0.65,0.65,6.392694768501632,0,3.6847709760818157,0,0.3196347384250816,0,0,,,
,0.40208333333333335,0.5,0.8888888888888888,13.043,5.683152341972049,7.3598476580279515,35.23987318418073,15.258104597211046,4.23796368559757,17.30036861416448,4,53.491761725058325,0.4,1,0.65,0.65,6.059757333767013,0,3.7385761709860237,0.2,0.30298786668835065,0,0,,,
,0.4027777777777778,0.4722222222222222,0.8888888888888888,13.153,5.789922925900009,7.363077074099992,43.037433215842874,0.6976827878447711,4.3562284770587905,17.312103581398894,0,53.489544245027005,0.35,1,0.7,0.65,5.2482139204425176,0,3.7919614629500042,0,0.26241069602212586,0,0,,,
,0.40347222222222223,0.4722222222222222,0.8888888888888888,13.406,5.895849948982522,7.510150051017479,3.5824969381534513,0.6971959237901534,4.474774253420208,17.327999873746386,0,53.48732637476346,0.35,1,0.7,0.65,0.5135631434332325,0,3.844924974491261,0,0.025678157171661626,0,0,,,
,0.4041666666666667,0.4722222222222222,0.8888888888888888,13.566,6.000930473684324,7.565069526315676,0,0.6967115728056872,4.593562134997821,17.34144943571064,0,53.48510884206504,0.4,1,0.65,0.65,0.08360538873668247,0,3.8974652368421605,0,0.004180269436834123,0,0,,,
,0.4048611111111111,0.4722222222222222,0.8888888888888888,13.446,6.10516230117836,7.34083769882164,0,0.6963141471864461,4.712554517926551,17.350682923676104,1,53.46598361205422,0.4,1,0.65,0.65,0.08355769766237355,0,3.9495811505891805,0.05,0.004177884883118677,0,0,,,
,0.40555555555555556,0.4722222222222222,0.8888888888888888,13.388,6.208543899536239,7.179456100463761,0,0.6960292936445011,4.831715024873866,17.356476190755536,0,53.46376972789989,0.35,1,0.65,0.65,0.08352351523734013,0,3.991271949768121,0,0.004176175761867006,0,0,,,
,0.40625,0.4722222222222222,0.8888888888888888,17.586,6.311074338221228,11.274925661778772,21.710838706291277,4.125835070814167,4.951008457617501,17.36481456299966,1,53.461556106555314,0.35,1,0.65,0.65,3.100400853252654,0,4.042537169110616,0.05,0.1550200426626327,0,0,,,
,0.40694444444444444,0.4722222222222222,0.8888888888888888,17.595,6.412753228329182,11.182246771670817,4.628628075213959,0.6955584223258165,5.070400751452615,17.37461206933593,0,53.45934271327542,0.35,1,0.65,0.65,0.6389023797047731,0,4.093376614164591,0,0.031945118985238656,0,0,,,
,0.4076388888888889,0.4722222222222222,0.8888888888888888,17.653,6.51358066807259,11.13941933192741,0,0.6952272672706232,5.189858931387598,17.383694496802477,0,53.457129486692295,0.35,1,0.65,0.65,0.0834272720724748,0,4.243790334036295,0,0.00417136360362374,0,0,,,
,0.4083333333333333,0.4722222222222222,0.8888888888888888,17.261,6.613557193048111,10.647442806951888,0,0.6949345552702637,5.309351070082919,17.387826577542047,0,53.454916523867,0.35,1,0.65,0.65,0.08339214663243162,0,4.171778596524056,0,0.004169607331621581,0,0,,,
,0.40902777777777777,0.4722222222222222,0.8888888888888888,15.198,6.712683730869192,8.485316269130807,43.39826583764576,0.6947800680547952,5.428846247484083,17.387208541513484,0,53.454941048983265,0.4,1,0.65,0.65,5.291165508684068,0.39152452567987406,4.339341865434596,0,0.2645582754342034,0,0,,,
,0.4097222222222222,0.4722222222222222,0.8888888888888888,15.186,6.810961559782755,8.375038440217246,43.39818292322633,7.9308550226352175,5.54831451209705,17.392195248784226,6,53.38641064922668,0.35,1,0.65,0.65,6.159484553503386,0.38061182693971124,4.388480779891378,0.3,0.3079742276751693,0,0,,,
,0.41041666666666665,0.4722222222222222,0.8888888888888888,15.441,6.908392270923195,8.532607729076805,50.848878774169876,0.6507592590881763,5.667726843853003,17.40351295451144,0,53.39076382935006,0.35,1,0.65,0.65,6.179956563990968,1.190873724513156,4.619615749007757,0,0.3089978281995484,0,0,,,
,0.4111111111111111,0.4722222222222222,0.8888888888888888,15.381,7.004977733887422,8.376022266112578,42.97223074771469,0.650511441040554,5.787055118508212,17.41772289800825,0,53.394953657480414,0.4,1,0.65,0.65,5.234729062650629,1.1623260080183953,4.6727377536380805,0,0.26173645313253147,0,0,,,
,0.41180555555555554,0.4722222222222222,0.8888888888888888,13.31,7.1007200653432125,6.209279934656787,21.687679074821816,0.6502291387321225,5.906272073524232,17.43125682072897,0,53.4049952809187,0.4,1,0.65,0.65,2.6805489856264733,2.1863718857491397,4.618324029404446,0,0.13402744928132365,0,0,,,
,0.4125,0.4722222222222222,0.8888888888888888,13.34,7.195621600408608,6.144378399591392,21.687914374409292,0.5938046366815164,6.025351275374094,17.443521827963536,0,53.42246907825937,0.35,1,0.65,0.65,2.6738062813308967,3.543322051746665,4.721029720183873,0,0.13369031406654483,0,0,,,
,0.4131944444444444,0.4722222222222222,0.8888888888888888,13.018,7.2896848665629665,5.728315133437033,20.056833412403265,6.650428870967641,6.1442670882199915,17.452981436885842,3,53.42827734858086,0.35,1,0.65,0.65,3.204871474004509,3.685794629408952,4.6018739466251875,0.15,0.16024357370022543,0,0,,,
,0.41388888888888886,0.4722222222222222,0.8888888888888888,15.772,7.3829125598720005,8.389087440128,0,0.4670964963231333,6.262994643909191,17.47188040800999,0,53.44881942935361,0.35,1,0.65,0.65,0.056051579558776016,4.207026516256382,5.0783106519424,0,0.0028025789779388007,0,0,,,
,0.41458333333333336,0.4722222222222222,0.8888888888888888,15.689,7.475307523327649,8.213692476672351,0,0.4080447960501155,6.3815098132355175,17.486983013044266,0,53.47120783107275,0.35,1,0.65,0.65,0.04896537552601388,4.589233675439509,5.036888385497442,0,0.002448268776300694,0,0,,,
,0.4152777777777778,0.4722222222222222,0.8888888888888888,15.836,7.566872727121777,8.269127272878224,0,15.162815555688114,6.49978917841516,17.4988676919968,4.54,53.492298998029284,0.35,1,0.65,0.65,1.8195378666825741,5.0596614161770495,5.21643636356089,0.227,0.0909768933341287,0,0,,,
,0.41597222222222224,0.4722222222222222,0.8888888888888888,18.297,7.657611250687878,10.639388749312122,0,4.971173717563654,6.61781000672661,17.513581794151996,1.4600000000000004,53.515452448334955,0.35,1,0.65,0.65,0.5965408461076386,5.1727153429479396,5.261805625343939,0.07300000000000002,0.02982704230538193,0,0,,,
,0.4166666666666667,0.3888888888888889,0.9166666666666666,18.133,7.747526266359945,10.385473733640055,0,0.27912476511065476,6.735550225266142,17.527005721096337,0,53.541004846331724,0.35,1,0.65,0.65,0.03349497181327858,5.272601003949757,5.083386819861975,0,0.001674748590663929,0,0,,,
,0.4173611111111111,0.3888888888888889,0.9166666666666666,20.062,7.8366210245105465,12.225378975489454,0,22.029344865236656,6.852988396771641,17.540181639385146,9.26,53.49835257138263,0.35,1,0.65,0.65,2.643521383828399,5.364354249830201,5.1094794610297445,0.46299999999999997,0.13217606919141994,0,0,,,
,0.41805555555555557,0.3888888888888889,0.9166666666666666,20.05,7.924898840042129,12.125101159957872,21.71432363325705,22.02958856346499,6.970103696469159,17.55091718107726,9.26,53.46218575474923,0.4,1,0.65,0.65,5.2492694636066455,5.629304775255503,5.149204478018956,0.46299999999999997,0.26246347318033225,0,0,,,
,0.41875,0.3888888888888889,0.9166666666666666,20.071,8.01236308011652,12.05863691988348,65.17587218507107,22.029855361671622,7.086875889898174,17.563780612731147,9.26,53.43150804205826,0.4,1,0.65,0.65,10.464687305609123,5.797949180999,5.184945232046608,0.46299999999999997,0.5232343652804562,0,0,,,
,0.41944444444444445,0.3888888888888889,0.9166666666666666,19.811,8.099017153017463,11.711982846982536,62.91109068666002,22.03003488998947,7.203285311673053,17.58520582463225,0.22000000000000025,53.58080638892867,0.4,1,0.65,0.65,10.19293506919794,5.9190627710073755,5.0596068612069836,0.011000000000000013,0.509646753459897,0,0,,,
,0.4201388888888889,0.3888888888888889,0.9166666666666666,19.993,8.184864498050052,11.808135501949948,52.82757962578115,9.947654508237834,7.319312845139925,17.61562921645345,0,53.663338977382445,0.4,1,0.65,0.65,7.533028096082278,5.575416488100672,5.093945799220022,0,0.3766514048041139,0,0,,,
,0.42083333333333334,0.3888888888888889,0.9166666666666666,16.195,8.269908576389257,7.925091423610742,35.4902012175919,21.974363416469092,7.43493990288964,17.646725168996394,9.26,53.65431797323244,0.4,1,0.65,0.65,6.895747756087319,5.400992150106835,5.288468001736239,0.46299999999999997,0.34478738780436596,0,0,,,
,0.4215277777777778,0.3888888888888889,0.9166666666666666,15.948,8.354152862797017,7.593847137202983,0,21.973992723703507,7.550148408089208,17.677943744345114,9.26,53.65076239359521,0.4,1,0.65,0.65,2.636879126844421,5.898946767492923,5.337953501978956,0.46299999999999997,0.13184395634222107,0,0,,,
,0.4222222222222222,0.3888888888888889,0.9166666666666666,15.948,8.437600838134529,7.510399161865471,0,21.97362206927576,7.6649207765954745,17.70498609131243,9.26,53.65015202753417,0.4,1,0.65,0.65,2.636834648313091,5.99000394869312,5.3671602933470846,0.46299999999999997,0.13184173241565456,0,0,,,
,0.42291666666666666,0.3888888888888889,0.9166666666666666,16.165,8.520255982602302,7.644744017397698,0,21.973332992081094,7.779239899816392,17.728942151582316,6.220000000000002,53.70218906131021,0.35,1,0.65,0.65,2.6367999590497315,6.078237561648144,5.61007679478069,0.3110000000000001,0.13183999795248658,0,0,,,
,0.4236111111111111,0.3611111111111111,0.8888888888888888,13.47,8.602121769646402,4.867878230353598,21.749999999999996,13.637358187318645,7.893089128286808,17.745306515556614,0,53.80917638394779,0.4,1,0.65,0.65,4.246482982478238,6.1646206815490805,5.2735304424116,0,0.2123241491239119,0,0,,,
,0.42430555555555555,0.3611111111111111,0.8888888888888888,13.684,8.683201660474532,5.000798339525467,21.749999999999996,0.2784667564550016,8.00645225592694,17.764437838781525,0,53.84029746917953,0.35,1,0.65,0.65,2.6434160107746,6.249639255150492,5.330800415118634,0,0.13217080053873,0,0,,,
,0.425,0.3611111111111111,0.8888888888888888,13.684,8.763499099130184,4.920500900869817,21.749999999999996,0.27840203324547724,8.119313504953176,17.78548901856863,1,53.85648938504902,0.35,1,0.65,0.65,2.643408243989457,6.3335391744065275,5.350874774782546,0.05,0.13217041219947284,0,0,,,
,0.42569444444444443,0.3611111111111111,0.8888888888888888,13.993,8.843017508077613,5.149982491922387,21.749999999999996,0.2783906990848527,8.23165751141221,17.808350446010326,0,53.888561963118015,0.35,1,0.65,0.65,2.643406883890182,6.416440473982986,5.370754377019404,0,0.1321703441945091,0,0,,,
,0.4263888888888889,0.3611111111111111,0.8888888888888888,14.281,7.494278638773578,6.786721361226422,21.749999999999996,0.27842787787052514,7.008514221501076,17.827359704002273,0,53.92110154489544,0.35,1,0.65,0.65,2.6434113453444628,6.498405278692111,4.9837114555094315,0,0.13217056726722315,0,0,,,
,0.4270833333333333,0.3611111111111111,0.8888888888888888,14.281,7.199784636440595,7.081215363559405,21.749999999999996,0.27857256883948034,6.763787461851694,17.846148522658346,1,53.93102567202989,0.35,1,0.65,0.65,2.6434287082607373,5.8260417611585,4.865913854576237,0.05,0.13217143541303686,0,0,,,
,0.42777777777777776,0.3611111111111111,0.8888888888888888,12.105,7.35231522592258,4.75268477407742,21.749999999999996,0.2787699073695681,6.938005068352671,17.85691195539987,0,53.957185453013004,0.35,1,0.65,0.65,2.643452388884348,5.3817380791582385,4.726310329072904,0,0.1321726194442174,0,0,,,
,0.4284722222222222,0.3611111111111111,0.8888888888888888,12.196,7.322694665133877,4.8733053348661235,86.9676315027063,6.298996455257319,6.940454044456862,17.869782211143594,2,53.982267948216986,0.35,1,0.7,0.65,11.191995354955635,5.193448410365707,4.843808399540163,0.1,0.5595997677477818,0,0,,,
,0.42916666666666664,0.3611111111111111,0.8888888888888888,11.464,7.290943116906424,4.173056883093576,67.83757377744719,0.27922786335617117,6.940235663025389,17.890712215206626,0,54.00671827435766,0.35,1,0.7,0.65,8.174016196896405,5.082953783373559,4.669282935071927,0,0.40870080984482027,0,0,,,
,0.42986111111111114,0.3611111111111111,0.8888888888888888,9.339,7.164046403112044,2.1749535968879563,21.749999999999996,0.279368541758176,6.848416835812075,17.91089996763234,0,54.03075261799127,0.3,1,0.7,0.65,2.6435242250109807,5.010121775900148,4.531011600778012,0,0.13217621125054904,0,0,,,
,0.4305555555555556,0.3611111111111111,0.8888888888888888,7.679,7.127367290928209,0.5516327090717905,21.749999999999996,0.27947410102933756,6.841803437249606,17.920192234105226,0,54.054191079396105,0.3,1,0.7,0.65,2.6435368921235205,4.905852224324339,4.552841822732051,0,0.132176844606176,0,0,,,
,0.43125,0.3611111111111111,0.8888888888888888,7.923,5.576397110318363,2.346602889681637,21.749999999999996,0.27962117954100735,5.374942032442501,17.92155268849364,0,54.0772148309817,0.3,1,0.7,0.65,2.6435545415449204,4.833555313298703,4.075738988611428,0,0.132177727077246,0,0,,,
,0.43194444444444446,0.3611111111111111,0.8888888888888888,5.855,5.524022353238816,0.3309776467611837,21.749999999999996,2.488982338454995,5.345935708197547,17.917693378170565,3.54,54.03983603091295,0.3,1,0.7,0.65,2.9086778806145994,3.9779668951490392,4.057407823633586,0.177,0.14543389403072998,0,0,,,
,0.4326388888888889,0.3611111111111111,0.8888888888888888,5.815,5.469768872528058,0.3452311274719423,21.749999999999996,1.558280073645355,5.31441717935403,17.911742266997198,0.4600000000000001,54.052050768463324,0.3,1,0.7,0.65,2.7969936088374423,3.1774680622730247,3.997907549011223,0.023000000000000003,0.13984968044187213,0,0,,,
,0.43333333333333335,0.3611111111111111,0.8888888888888888,5.546,5.123643209810313,0.4223567901896877,21.749999999999996,0.2804065313277799,4.9975209265350005,17.90185364312898,0,54.06372812132322,0.3,1,0.7,0.65,2.6436487837593337,2.8473394741968185,3.8516394444146407,0,0.13218243918796668,0,0,,,
,0.4340277777777778,0.3611111111111111,0.8888888888888888,5.926,6.329489543265851,-0.40348954326585046,21.749999999999996,0.28074303123984234,6.197331897442612,17.897691716539754,0,54.07083060498551,0.3,1,0.7,0.65,2.643689163748781,2.047047844006781,4.25932134014305,0,0.13218445818743904,0,0,,,
,0.43472222222222223,0.3611111111111111,0.8888888888888888,5.986,6.374786139774356,-0.38878613977435633,21.749999999999996,0.28101488013327464,6.265183498312598,17.891952659982092,0,54.091235484350776,0.3,1,0.7,0.65,2.6437217856159925,4.37503317544146,4.355175148921026,0,0.1321860892807996,0,0,,,
,0.4354166666666667,0.3611111111111111,0.8888888888888888,8.1,6.222078709907733,1.8779212900922666,21.749999999999996,0.2813103768688452,6.137734177756843,17.89108171436549,0,54.110471178295754,0.3,1,0.7,0.65,2.6437572452242613,4.170914548236987,4.488727548467708,0,0.13218786226121307,0,0,,,
,0.4361111111111111,0.3611111111111111,0.8888888888888888,7.912,6.563393358591313,1.3486066414086872,21.749999999999996,0.28163485711565694,6.497977397610665,17.889391134899064,0,54.12865861061783,0.3,1,0.7,0.65,2.6437961828538787,3.9877474831654625,4.42018767550696,0,0.13218980914269393,0,0,,,
,0.43680555555555556,0.3611111111111111,0.8888888888888888,7.557,8.610342351448196,-1.0533423514481965,43.49999999999999,0.2819624075215187,8.555012400492867,17.89535857087688,0,54.147347772728054,0.3,1,0.7,0.65,5.253835488902583,4.075818986037662,4.85306847028964,0,0.26269177444512914,0,0,,,
,0.4375,0.3611111111111111,0.8888888888888888,5.456,8.6677593296421,-3.2117593296421,74.87674185919974,0.28224265769211754,8.64233845615406,17.89859520411013,0,54.17245623934493,0.35,1,0.7,0.65,9.019078142027025,5.199298676317802,4.86455186592842,0,0.45095390710135125,0,0,,,
,0.43819444444444444,0.3611111111111111,0.8888888888888888,5.239,8.826001958679573,-3.5870019586795734,47.46375417065827,0.28254049685831556,8.830531540792379,17.91099612425848,0,54.200929052930384,0.35,1,0.65,0.65,5.729555360101992,5.788417711653587,4.803900293801936,0,0.2864777680050996,0,0,,,
,0.4388888888888889,0.3611111111111111,0.8888888888888888,5.053,8.882829073229392,-3.8298290732293916,21.749999999999996,0.2827226623515197,8.917583273003302,17.925925350968246,0,54.23154778480838,0.35,1,0.65,0.65,2.6439267194821823,6.164253404156649,4.751282907322939,0,0.13219633597410912,0,0,,,
,0.4395833333333333,0.3611111111111111,0.8888888888888888,5.053,9.1445257627631,-4.0915257627631,21.749999999999996,0.28284382812610354,9.210965800993542,17.939634657371755,0,54.2633983566875,0.35,1,0.65,0.65,2.6439412593751324,6.380174923734776,4.77745257627631,0,0.1321970629687566,0,0,,,
,0.44027777777777777,0.3611111111111111,0.8888888888888888,5.051,9.304768273332568,-4.253768273332569,65.18698063315455,0.2829839472495577,9.403145348053762,17.95185131545088,0,54.29664272313605,0.4,1,0.7,0.65,7.856395749648493,6.624493092226881,4.791476827333256,0,0.39281978748242463,0,0,,,
,0.4409722222222222,0.3611111111111111,0.8888888888888888,5.051,10.401800924531429,-5.35080092453143,65.1869066215126,0.28314444092934166,10.54570526315385,17.974148300507743,0,54.331054945130234,0.4,1,0.7,0.65,7.856406127493035,6.829338150280206,4.901180092453144,0,0.3928203063746517,0,0,,,
,0.44166666666666665,0.3611111111111111,0.8888888888888888,5.051,10.464258992686668,-5.413258992686668,65.18690330014743,0.2832131057908373,10.6426889911629,18.000777051586333,0,54.36934867915812,0.4,1,0.7,0.65,7.856413968712593,7.508897548430293,4.9074258992686675,0,0.3928206984356296,0,0,,,
,0.4423611111111111,0.3611111111111111,0.8888888888888888,5.053,10.526007986393223,-5.473007986393222,45.78232764594896,0.2832463277457522,10.73888190902205,18.030955505939023,0,54.409753461457726,0.4,1,0.7,0.65,5.527868876843364,7.878647723512484,4.915600798639322,0,0.2763934438421682,0,0,,,
,0.44305555555555554,0.3611111111111111,0.8888888888888888,5.053,10.587050224781523,-5.534050224781522,21.687073221651232,0.28324520847521517,10.834275658030274,18.062298138325446,0,54.451384800139294,0.4,1,0.65,0.65,2.636438211615174,8.093602999463892,4.921705022478152,0,0.1318219105807587,0,0,,,
,0.44375,0.3611111111111111,0.8888888888888888,4.692,10.647387979429261,-5.95538797942926,43.39588171370857,0.28321178393164076,10.928862066293213,18.089106560986252,0,54.49379949031116,0.45,1,0.65,0.65,5.241491219716825,8.231031596000342,4.566738797942926,0,0.26207456098584125,0,0,,,
,0.4444444444444444,0.3611111111111111,0.8611111111111112,4.772,10.70702347482831,-5.935023474828309,43.395893991339136,0.2831884625168036,11.022633143799942,18.119271901549567,0,54.5367737099384,0.45,1,0.65,0.65,5.241489894462714,8.32944076012999,4.502702347482831,0,0.2620744947231357,0,0,,,
,0.44513888888888886,0.3611111111111111,0.8611111111111112,4.94,10.765958888883832,-5.825958888883831,43.39611766708932,0.28294320873621226,11.11558107768148,18.152720730262395,0,54.580193358490774,0.45,1,0.65,0.65,5.2414873050990645,8.408020342180901,4.676595888888383,0,0.2620743652549532,0,0,,,
,0.44583333333333336,0.3611111111111111,0.8611111111111112,4.82,10.824196353441753,-6.0041963534417535,65.14652682902758,0.28249852190966873,11.207698227643451,18.187703961095593,0,54.62399911132496,0.45,1,0.65,0.65,7.85148304211247,8.476332402919267,4.587209817672087,0,0.3925741521056235,0,0,,,
,0.4465277777777778,0.3611111111111111,0.8611111111111112,4.653,10.88173795484097,-6.22873795484097,84.5427550315005,0.2819024204867447,11.298977121566123,18.228723557302605,0,54.66815885607188,0.45,1,0.65,0.65,10.17895889423847,8.539141764731559,4.423086897742048,0,0.5089479447119235,0,0,,,
,0.44722222222222224,0.3611111111111111,0.8611111111111112,4.653,10.938585734486889,-6.285585734486889,42.82975084737941,0.2811696464964334,11.389410451264766,18.279537004200836,0,54.71265491286342,0.45,1,0.65,0.65,5.173310459265101,8.59882335098767,4.425929286724344,0,0.25866552296325507,0,0,,,
,0.4479166666666667,0.3611111111111111,0.8611111111111112,4.653,10.99474168944347,-6.34174168944347,21.68912343478379,0.28020617943242854,11.478991068404042,18.329136387211364,0,54.7574764683395,0.45,1,0.65,0.65,2.6363195537059467,8.65655956613901,4.428737084472173,0,0.13181597768529735,0,0,,,
,0.4486111111111111,0.3611111111111111,0.8611111111111112,4.584,11.050207773040833,-6.466207773040833,15.545385037717312,0.27922482621797184,11.567711980560233,18.372996507521343,0,54.802615411247565,0.45,1,0.65,0.65,1.8989531836722342,8.712940385126547,4.422510388652042,0,0.09494765918361171,0,0,,,
,0.44930555555555557,0.3611111111111111,0.8611111111111112,4.584,11.104985895496025,-6.520985895496025,21.749999999999996,0.2783116229853523,11.655566347425397,18.411457174567097,0,54.84806504354655,0.45,1,0.65,0.65,2.6433973947582423,8.768262596450803,4.425249294774802,0,0.13216986973791212,0,0,,,
,0.45,0.3611111111111111,0.8611111111111112,4.675,11.159077924544475,-6.484077924544476,42.53668611565189,1.1035168566920035,11.742547477147825,18.446101070285337,3.54,54.830175706480475,0.45,1,0.7,0.65,5.236824356681268,8.822675979072384,4.518953896227224,0.177,0.2618412178340634,0,0,,,
,0.45069444444444445,0.3611111111111111,0.8611111111111112,4.478,11.212485686080328,-6.734485686080328,21.749999999999996,1.1726812590509577,11.828648822803412,18.480800450522715,4,54.80106132631845,0.5,1,0.65,0.65,2.7507217510861146,9.036638781532487,4.324624284304016,0.2,0.13753608755430574,0,0,,,
,0.4513888888888889,0.3611111111111111,0.8611111111111112,6.455,11.265210964803265,-4.810210964803264,21.749999999999996,0.27610084632180665,11.913863978992877,18.516098420986427,0.4600000000000001,54.83983347147408,0.5,1,0.65,0.65,2.6431321015586167,9.204004126253015,4.832521096480327,0.023000000000000003,0.13215660507793084,0,0,,,
,0.45208333333333334,0.3611111111111111,0.8611111111111112,6.52,11.317255504870522,-4.797255504870522,21.749999999999996,0.2755602152298429,11.99818667855974,18.547940390225605,0,54.8874577861856,0.5,1,0.65,0.65,2.643067225827581,9.14840691080032,4.837725550487053,0,0.13215336129137906,0,0,,,
,0.4527777777777778,0.3611111111111111,0.8611111111111112,6.681,11.368621010552207,-4.687621010552208,21.642477916435194,0.27511500189664667,12.081610789424595,18.577595826040913,1,54.918117648672194,0.5,1,0.65,0.65,2.6301111501998213,9.123459358056028,5.003862101055221,0.05,0.13150555750999107,0,0,,,
,0.4534722222222222,0.3611111111111111,0.8611111111111112,6.784,11.419309146888514,-4.635309146888514,0,0.2747475719061049,12.164130311531016,18.60453975175976,0,54.965905802142196,0.5,1,0.65,0.65,0.03296970862873259,9.178394940025278,5.111930914688851,0,0.0016484854314366294,0,0,,,
,0.45416666666666666,0.3611111111111111,0.8611111111111112,6.507,11.469321540347542,-4.962321540347542,43.421650923161934,0.27444099702209496,12.245739373898795,18.625619885990712,0,55.01374836957662,0.55,1,0.65,0.65,5.2435310304220835,9.188849285509015,4.920466077017377,0,0.2621765515211042,0,0,,,
,0.4548611111111111,0.3611111111111111,0.8611111111111112,6.676,11.51865977948255,-4.842659779482548,43.421624598518015,0.27421777718929785,12.326432231780574,18.652540031810982,0,55.06175308183116,0.55,1,0.65,0.65,5.243501085084879,9.218250721865164,5.091932988974127,0,0.2621750542542439,0,0,,,
,0.45555555555555555,0.3611111111111111,0.8611111111111112,6.853,11.56732541558737,-4.7143254155873695,72.56748339987413,0.27375683868220274,12.406203263917668,18.684103094348327,0,55.10997138796877,0.55,1,0.65,0.65,8.740948828626761,9.256723126899617,5.271366270779368,0,0.43704744143133806,0,0,,,
,0.45625,0.3611111111111111,0.8611111111111112,6.778,11.615319963349245,-4.837319963349246,41.13112887873712,0.2730856872446964,12.485046969891618,18.725454195460618,0,55.15842655625024,0.55,1,0.65,0.65,4.96850574791782,9.299344810823566,5.198765998167462,0,0.24842528739589098,0,0,,,
,0.45694444444444443,0.3611111111111111,0.8611111111111112,6.721,11.662644901497892,-4.941644901497892,8.312133356759555,0.272204839670684,12.562957967567643,18.76978096062307,0,55.20712872479076,0.55,1,0.65,0.65,1.0301205835716287,9.343663825744578,5.1441322450748945,0,0.051506029178581436,0,0,,,
,0.4576388888888889,0.3611111111111111,0.8611111111111112,6.822,11.709301673450307,-4.887301673450307,21.749999999999996,0.27133050575972106,12.639930990626606,18.809105298994098,0,55.256081107109694,0.55,1,0.65,0.65,2.642559660691166,9.388456832977091,5.309395251017545,0,0.1321279830345583,0,0,,,
,0.4583333333333333,0.3055555555555556,0.8611111111111112,5.774,11.755291687950228,-5.981291687950228,20.900868617092218,0.2705597892816428,12.715960886182295,18.839250987580545,0,55.30528262360004,0.55,1,0.65,0.65,2.540571408764863,9.433114870772663,5.012529168795023,0,0.12702857043824317,0,0,,,
,0.45902777777777776,0.3055555555555556,0.8611111111111112,5.713,11.800616319701959,-6.08761631970196,0,0.2699332747634687,12.791042612480759,18.86601706024331,0,55.35472999345063,0.55,1,0.65,0.65,0.03239199297161624,9.477337398171654,4.997030815985099,0,0.001619599648580812,0,0,,,
,0.4597222222222222,0.3055555555555556,0.8611111111111112,5.873,11.84527690999763,-5.972276909997628,0,0.26940614463571777,12.865171236678641,18.88804477379186,0,55.404419831159,0.55,1,0.65,0.65,0.03232873735628614,9.520976842322868,5.159263845499882,0,0.0016164368678143071,0,0,,,
,0.46041666666666664,0.3055555555555556,0.8611111111111112,6.33,11.889274767337552,-5.559274767337553,0,0.26896817685143654,12.938341932697798,18.90660794069125,0,55.454348034733115,0.55,1,0.65,0.65,0.032276181222172386,9.563958700341884,5.370927476733755,0,0.0016138090611086194,0,0,,,
,0.46111111111111114,0.3055555555555556,0.8611111111111112,8.764,11.932611168043188,-3.1686111680431877,21.749999999999996,0.26862454953677417,13.010549979153172,18.927275929847895,0,55.504510548021116,0.55,1,0.65,0.65,2.6422349459444123,9.606247478682798,5.375261116804318,0,0.1321117472972206,0,0,,,
,0.4618055555555556,0.3055555555555556,0.8611111111111112,8.888,11.975287356862271,-3.0872873568622707,21.19525777786358,0.26814237649105294,13.081790757351522,18.946175224627954,0,55.554902839225505,0.55,1,0.65,0.65,2.5756080185225567,9.6478256228216,5.503528735686226,0,0.12878040092612783,0,0,,,
,0.4625,0.3055555555555556,0.8611111111111112,8.945,12.01730454756565,-3.072304547565651,0,0.2677409569849585,13.15205974935829,18.962912303584147,1,55.58516301726972,0.55,1,0.65,0.65,0.03212891483819502,9.688686347382463,5.564730454756565,0.05,0.001606445741909751,0,0,,,
,0.46319444444444446,0.3055555555555556,0.8611111111111112,6.27,12.058663923535676,-5.788663923535676,0,0.26739648564091884,13.221352536130206,18.967325550856504,3,55.58141102276136,0.55,1,0.65,0.65,0.032087578276910264,9.780127592804638,5.504866392353568,0.15,0.0016043789138455132,0,0,,,
,0.4638888888888889,0.3055555555555556,0.8611111111111112,6.27,12.099366638345705,-5.8293666383457055,21.71322971394467,0.2673320267879076,13.289664795711383,18.968096653377735,0,55.633422933730024,0.55,1,0.65,0.65,2.6376674088879093,9.933174956886837,5.50893666383457,0,0.13188337044439546,0,0,,,
,0.46458333333333335,0.3055555555555556,0.8611111111111112,9.195,12.13941381633052,-2.9444138163305213,3.468662251834133,0.26731685317262194,13.35699230149053,18.97746559050255,0,55.68519654718474,0.55,1,0.65,0.65,0.4483174926008106,9.89302528981445,6.003941381633052,0,0.02241587463004053,0,0,,,
,0.4652777777777778,0.2777777777777778,0.8888888888888888,8.843,10.839137832301262,-1.9961378323012613,21.72240778163617,0.26699556801288726,11.946764519260332,18.96895970704812,3,55.68513603050404,0.5,1,0.65,0.65,2.6387284019578874,9.891719209544735,5.8978275664602515,0.15,0.13193642009789436,0,0,,,
,0.46597222222222223,0.2777777777777778,0.8888888888888888,8.189,11.117966783858634,-2.928966783858634,14.537930831313002,0.26703338053969894,12.274695716806425,18.962287201524326,0,55.733698636995406,0.5,1,0.65,0.65,1.7765957054223245,9.332908045153308,5.515796678385863,0,0.08882978527111622,0,0,,,
,0.4666666666666667,0.2777777777777778,0.8888888888888888,8.323,10.907513321780131,-2.5845133217801304,21.749999999999996,0.26699105293791253,12.062192628348395,18.9538863298332,0,55.78076070928823,0.5,1,0.65,0.65,2.64203892635255,9.072013941370253,5.6287513321780125,0,0.1321019463176275,0,0,,,
,0.4673611111111111,0.2777777777777778,0.8888888888888888,8.323,10.94083110252308,-2.6178311025230814,43.3207154489332,0.2669293129821743,12.118572413854816,18.944896034967375,0,55.82642339136432,0.55,1,0.65,0.65,5.230517371429845,8.828846281717006,5.632083110252308,0,0.26152586857149224,0,0,,,
,0.46805555555555556,0.2777777777777778,0.8888888888888888,8.264,10.973570085627568,-2.709570085627567,21.749999999999996,0.2669231359767138,12.174058182198305,18.938430526053818,0,55.87147328496091,0.55,1,0.65,0.65,2.6420307763172057,8.723254064119102,5.5763570085627565,0,0.1321015388158603,0,0,,,
,0.46875,0.2777777777777778,0.8888888888888888,8.088,11.129391026095167,-3.041391026095167,21.749999999999996,0.26697001397484255,12.36604717525083,18.931279687919396,0,55.91630086019958,0.55,1,0.65,0.65,2.642036401676981,8.685846935556413,5.415939102609516,0,0.13210182008384905,0,0,,,
,0.46944444444444444,0.2777777777777778,0.8888888888888888,7.962,11.037315055059722,-3.075315055059722,21.749999999999996,0.2670560945446405,12.282334613579671,18.93395779412237,0,55.961471416537584,0.55,1,0.65,0.65,2.642046731345357,8.747341899776782,5.037731505505971,0,0.13210233656726783,0,0,,,
,0.4701388888888889,0.2777777777777778,0.8888888888888888,7.782,8.456695982612297,-0.6746959826122966,43.49999999999999,0.26682656535386595,9.424585255208578,18.92080234669637,0,56.00651821320234,0.55,1,0.65,0.65,5.252019187842464,8.727188259650383,4.590504397391846,0,0.2626009593921232,0,0,,,
,0.4708333333333333,0.2777777777777778,0.8888888888888888,8.215,7.607011715410409,0.6079882845895909,41.97612532757736,0.26679640973496704,8.48996393545332,18.905510703694585,0,56.0437021525377,0.6,1,0.65,0.65,5.06915060847748,7.352964449946844,4.419402343082082,0,0.253457530423874,0,0,,,
,0.47152777777777777,0.2777777777777778,0.8888888888888888,8.281,5.876907548252002,2.404092451747998,12.270856254679297,0.26685470795484884,6.5683632751025005,18.88414574527595,0,56.07439733612487,0.6,1,0.65,0.65,1.5045253155160976,6.218948163266836,3.966917641888201,0,0.07522626577580488,0,0,,,
,0.4722222222222222,0.3055555555555556,0.8888888888888888,10.447,5.767002185297066,4.679997814702933,0,0.2674091815005541,6.454482161622201,18.86277829012763,0,56.096635223818,0.6,1,0.65,0.65,0.03208910178006649,4.739928712521886,4.080800874118827,0,0.0016044550890033245,0,0,,,
,0.47291666666666665,0.3055555555555556,0.8888888888888888,10.343,9.92968364244363,0.41331635755637036,0,0.2679781494942241,11.128490087612683,18.861263417971827,0,56.114323791615064,0.6,1,0.65,0.65,0.03215737793930689,3.9445369230018024,5.049452546366544,0,0.0016078688969653446,0,0,,,
,0.4736111111111111,0.3055555555555556,0.8888888888888888,8.526,9.954659641754299,-1.4286596417542987,0,0.26833983171660697,11.17129358017188,18.84282850446377,0,56.14229754680282,0.6,1,0.65,0.65,0.032200779805992834,5.7446591373507525,4.8699319283508595,0,0.0016100389902996416,0,0,,,
,0.47430555555555554,0.3055555555555556,0.8888888888888888,7.959,12.631807608836088,-4.672807608836087,0,0.2687212445143458,14.194024823388087,18.83631686206342,0,56.17545445480986,0.6,1,0.65,0.65,0.032246549341721505,6.65272172798745,5.293180760883608,0,0.0016123274670860753,0,0,,,
,0.475,0.3055555555555556,0.8888888888888888,7.587,12.662138405970724,-5.075138405970724,21.722525600146447,0.268980528421168,14.246133965007775,18.827524949002417,0,56.219253882076615,0.6,1,0.6,0.6,2.638980735428114,8.516093371042485,5.1012138405970715,0,0.1319490367714057,0,0,,,
,0.4756944444444444,0.3055555555555556,0.8888888888888888,7.437,12.691828107105332,-5.2548281071053315,36.0581343125983,0.2692722000539106,14.297202478880756,18.8182735884999,3,56.21338179315255,0.6,1,0.6,0.6,4.3592887815182655,9.457170984818628,4.954182810710534,0.15,0.21796443907591329,0,0,,,
,0.47638888888888886,0.3055555555555556,0.8888888888888888,7.559,12.720877417331176,-5.161877417331175,20.73554164717441,0.26947496518522707,14.347227542748739,18.81227527410798,0,56.266095598186894,0.6,1,0.55,0.55,2.5206019934831567,10.077294161962465,5.079087741733118,0,0.12603009967415785,0,0,,,
,0.47708333333333336,0.3055555555555556,0.8888888888888888,7.644,11.474358318974822,-3.8303583189748225,0,0.2696255006820863,12.956585766050592,18.800853011927266,1,56.29965156181866,0.6,1,0.55,0.55,0.03235506008185036,10.262802291128475,5.039435831897483,0.05,0.001617753004092518,0,0,,,
,0.4777777777777778,0.3055555555555556,0.8888888888888888,7.628,11.754892975919645,-4.126892975919645,0,0.2698408389009748,13.288605480990736,18.788601882505777,0,56.35045326604511,0.6,1,0.55,0.55,0.03238090066811698,9.745421357222686,5.0514892975919645,0,0.0016190450334058492,0,0,,,
,0.47847222222222224,0.3055555555555556,0.8888888888888888,7.65,11.907896463689694,-4.257896463689694,0,0.2700855115153535,13.476643849464748,18.774950971796894,0,56.40032255475622,0.6,1,0.55,0.55,0.03241026138184242,9.583895554435122,5.088789646368969,0,0.001620513069092121,0,0,,,
,0.4791666666666667,0.3333333333333333,0.9166666666666666,7.503,11.162695198271178,-3.659695198271178,43.49999999999999,0.2703499644780437,12.647050249464812,18.75632351722947,0,56.45017102387609,0.55,1,0.6,0.55,5.252441995737366,9.581893278988147,4.867269519827118,0,0.2626220997868683,0,0,,,
,0.4798611111111111,0.3333333333333333,0.9166666666666666,7.779,11.699452635936312,-3.9204526359363117,40.5565973620824,0.2706805197282069,13.26926268773994,18.744134605715068,3,56.445342605982525,0.55,1,0.55,0.5,4.8992733458172735,9.185156959743258,5.019945263593631,0.15,0.24496366729086366,0,0,,,
,0.48055555555555557,0.3333333333333333,0.9166666666666666,7.764,12.495309139290107,-4.731309139290108,0,0.27100295802750457,14.186556943720309,18.738411506782434,0,56.49414746879643,0.55,1,0.5,0.5,0.032520354963300545,9.4008842744142,5.08453091392901,0,0.0016260177481650273,0,0,,,
,0.48125,0.3333333333333333,0.9166666666666666,8.082,12.519156228579961,-4.437156228579961,0,0.27130385198168905,14.227925367727632,18.730553739517717,0,56.5452063181987,0.55,1,0.5,0.5,0.03255646223780269,9.796666872272938,5.086915622857996,0,0.0016278231118901343,0,0,,,
,0.48194444444444445,0.3333333333333333,0.9166666666666666,7.844,12.542386918777,-4.6983869187769995,0,0.27162502866961585,14.268262201844555,18.71927956002701,0,56.5974388561272,0.5,1,0.5,0.5,0.032595003440353904,10.003508686181261,4.8512386918776995,0,0.0016297501720176951,0,0,,,
,0.4826388888888889,0.3333333333333333,0.9166666666666666,8.375,12.435465625755675,-4.060465625755676,0,0.27196374876747015,14.160064637894891,18.705880535564336,2,56.608872380689,0.5,1,0.5,0.5,0.032635649852096424,10.116032200095695,5.194546562575568,0.1,0.001631782492604821,0,0,,,
,0.48333333333333334,0.3333333333333333,0.9166666666666666,7.419,12.067949555630985,-4.648949555630985,0,0.272319255884865,13.754251897521204,18.687525830040638,0,56.66231571956856,0.5,1,0.5,0.5,0.03267831070618381,10.217354803392022,5.284794955563099,0,0.0016339155353091903,0,0,,,
,0.4840277777777778,0.3333333333333333,0.9166666666666666,7.468,11.95846888413436,-4.490468884134359,0,0.27272008069405607,13.64166717704248,18.667218189539447,0,56.71432987073524,0.5,1,0.45,0.45,0.03272640968328673,9.9690000701594,5.004846888413437,0,0.0016363204841643366,0,0,,,
,0.4847222222222222,0.3333333333333333,0.9166666666666666,9.704,13.019748203685737,-3.3157482036857364,0,0.2731445441737479,14.865208132558031,18.6535174062229,2,56.71956725622721,0.5,1,0.45,0.45,0.03277734530084975,9.785186279400847,5.414974820368573,0.1,0.0016388672650424873,0,0,,,
,0.48541666666666666,0.3333333333333333,0.9166666666666666,11.791,13.040527688517894,-1.2495276885178936,0,10.928918392995133,14.90144330714881,18.649859977942683,3.54,56.773842552619456,0.5,1,0.45,0.45,1.311470207159416,10.366639971146588,5.417052768851788,0.177,0.0655735103579708,0,0,,,
,0.4861111111111111,0.3333333333333333,0.9166666666666666,12.734,13.060674645250412,-0.3266746452504121,43.49999999999999,1.6585040515703144,14.93660274864772,18.646350898680218,0.4600000000000001,56.82916556356275,0.55,1,0.55,0.45,5.419020486188438,10.551342340746734,6.053067464525042,0.023000000000000003,0.27095102430942186,0,0,,,
,0.48680555555555555,0.3333333333333333,0.9166666666666666,12.931,13.080189504833532,-0.14918950483353183,65.24999999999999,0.27426651014288533,14.970684638748452,18.649742048713044,0,56.885050737076185,0.6,1,0.6,0.45,7.862911981217145,10.651123294656147,6.252018950483352,0,0.3931455990608573,0,0,,,
,0.4875,0.3333333333333333,0.9166666666666666,10.261,13.09907268228923,-2.8380726822892286,43.49999999999999,0.2746391380902922,15.003687220910805,18.65022127433312,0,56.94125570422243,0.55,1,0.55,0.45,5.252956696570834,10.70828937315023,5.670907268228923,0,0.2626478348285417,0,0,,,
,0.48819444444444443,0.3333333333333333,0.9166666666666666,10.261,13.117324576953898,-2.856324576953897,65.24999999999999,0.2750202023216293,15.035608799849006,18.65775518787568,0,56.99765678977859,0.55,1,0.55,0.45,7.863002424278594,10.74390080290529,5.67273245769539,0,0.3931501212139297,0,0,,,
,0.4888888888888889,0.3333333333333333,0.9166666666666666,12.247,7.092870609264536,5.154129390735464,82.50546426663524,0.27540862841223007,8.135881780162176,18.644857297897396,3.54,56.98502294668539,0.55,1,0.6,0.45,9.933704747405697,10.768445196811596,4.546861182779361,0.177,0.49668523737028486,0,0,,,
,0.4895833333333333,0.3333333333333333,0.9166666666666666,11.68,8.022680983315421,3.657319016684579,30.227216379149187,0.2761328396833376,9.208683506857778,18.64789911799867,1.4600000000000004,56.996670190239605,0.55,1,0.55,0.45,3.660401906259904,7.772436264711247,4.494670245828855,0.07300000000000002,0.18302009531299518,0,0,,,
,0.49027777777777776,0.3333333333333333,0.9166666666666666,11.68,7.637611869736651,4.042388130263349,0,0.27680109623690635,8.77242545440794,18.648958499996667,0,57.02979824982414,0.55,1,0.45,0.45,0.03321613154842877,6.671072463223778,4.398402967434164,0,0.0016608065774214385,0,0,,,
,0.4909722222222222,0.3333333333333333,0.9166666666666666,10.695,7.7785757991911115,2.9164242008088888,0,0.27748452601144624,8.939947443840635,18.643118209053604,0,57.05823175005948,0.55,1,0.45,0.45,0.03329814312137355,5.8498032076671285,4.3607151598382226,0,0.0016649071560686777,0,0,,,
,0.49166666666666664,0.3333333333333333,0.9166666666666666,11.227,5.543633640695619,5.683366359304381,21.70645443252251,6.298151920066857,6.375157546326824,18.6226962397693,2,57.084744967013094,0.55,1,0.4,0.4,3.360552762310725,5.514114453048161,3.9004534562782465,0.1,0.16802763811553625,0,0,,,
,0.49236111111111114,0.3333333333333333,0.9166666666666666,11.033,5.813983757967055,5.219016242032946,21.70625042053047,0.2789280261031022,6.689913942114637,18.605174813289995,0,57.10355164836678,0.5,1,0.4,0.4,2.6382214135960287,4.1661026726088455,3.824593503186822,0,0.13191107067980143,0,0,,,
,0.4930555555555556,0.2777777777777778,0.9166666666666666,10.642,4.100507105513863,6.541492894486137,21.706178970386024,0.2795520581697548,4.720885221310793,18.578811168129747,0,57.11648646140926,0.5,1,0.4,0.4,2.6382877234266937,3.1389915293164723,2.9872789080326254,0,0.1319143861713347,0,0,,,
,0.49375,0.2777777777777778,0.9166666666666666,10.702,4.237010072090115,6.464989927909885,21.706236460901064,0.2801022608336202,4.880602151996083,18.557211254041842,3,57.051680672158376,0.5,1,0.4,0.4,2.638360646608162,0.5586612092123014,2.980505036045057,0.15,0.1319180323304081,0,0,,,
,0.49444444444444446,0.2777777777777778,0.9166666666666666,10.897,4.241037541086488,6.655962458913512,21.706432222319325,0.28049866756892505,4.887682517446018,18.53797760646955,0,57.05385560505816,0.5,1,0.4,0.4,2.6384317067865903,1.2549486724364398,3.002518770543244,0,0.13192158533932952,0,0,,,
,0.4951388888888889,0.2777777777777778,0.9166666666666666,10.795,4.510168017560245,6.284831982439755,21.706749718137182,0.28076478940297067,5.200313370105963,18.52177049219511,0,57.061742002588325,0.5,1,0.4,0.4,2.638501740904819,2.2548311183355128,3.1970840087801227,0,0.13192508704524095,0,0,,,
,0.49583333333333335,0.2777777777777778,0.9166666666666666,10.735,4.5140201737937975,6.220979826206202,5.3786133620905305,0.2808987941643562,5.207091515603219,18.50699100501246,1,57.04195575619018,0.5,1,0.4,0.4,0.6791414587505865,1.4044391668386438,3.118309078207209,0.05,0.03395707293752932,0,0,,,
,0.4965277777777778,0.2777777777777778,0.9166666666666666,12.256,4.650531254836713,7.605468745163287,43.49999999999999,0.2809279418352772,5.366834914083771,18.492873899624968,3,56.98513260715693,0.5,1,0.5,0.4,5.253711353020233,2.1411180030644084,3.2812656274183554,0.15,0.26268556765101164,0,0,,,
,0.49722222222222223,0.2777777777777778,0.9166666666666666,12.417,4.255138229302709,8.161861770697291,47.98738812877435,0.2809968094351673,4.912497718500085,18.48071249163815,0,56.98919530371463,0.5,1,0.5,0.4,5.792206192585143,1.584742849388544,3.0203260261164897,0,0.28961030962925716,0,0,,,
,0.4979166666666667,0.2777777777777778,0.9166666666666666,12.541,4.391229002524752,8.149770997475247,63.397788654024595,0.28114863441209703,5.071505391363908,18.47167193165631,0,56.99325168588388,0.5,1,0.5,0.4,7.641472474612404,1.5839727295715904,3.1551759513886135,0,0.3820736237306202,0,0,,,
,0.4986111111111111,0.2777777777777778,0.9166666666666666,12.466,4.260984033194683,8.205015966805316,43.49999999999999,0.28134567911337915,4.922797302928298,18.467861131646444,0,56.99842398010237,0.5,1,0.5,0.4,5.253761481493605,1.7794532017474332,3.0355412182570762,0,0.26268807407468026,0,0,,,
,0.49930555555555556,0.2777777777777778,0.9166666666666666,12.346,4.263606013752726,8.082393986247274,30.053910537337046,0.28159795762697337,4.927419151799507,18.46692150340268,0,56.99499791980181,0.5,1,0.5,0.4,3.6402610193956835,0.2747583752292082,3.036983307564,0,0.18201305096978418,0,0,,,
,0.5,0.2777777777777778,0.9166666666666666,10.966,3.999400734759577,6.966599265240424,21.749999999999996,10.937292439611054,4.623458182592747,18.465558084932372,3.54,57.004936063355174,0.5,1,0.45,0.4,3.9224750927533263,2.6131249747176213,3.0236404408557465,0.177,0.19612375463766632,0,0,,,
,0.5006944444444444,0.2777777777777778,0.9166666666666666,10.866,3.7347173419814705,7.13128265801853,7.377238022790285,4.6768662631972795,4.318655093536406,18.460489974463687,1.4600000000000004,57.004873541189305,0.5,1,0.45,0.4,1.446492514318508,0.8629736971312827,2.824830405188883,0.07300000000000002,0.07232462571592539,0,0,,,
,0.5013888888888889,0.2777777777777778,0.9166666666666666,10.946,4.1368229761959885,6.809177023804012,0,0.28268562135249964,4.784821168099115,18.454858977754235,0,57.00141548142968,0.5,1,0.4,0.4,0.033922274562299966,0.2684854277149466,3.0692526369077933,0,0.0016961137281149984,0,0,,,
,0.5020833333333333,0.2777777777777778,0.9166666666666666,9.239,3.87158061408164,5.36741938591836,0,0.28310990019164617,4.47903350916182,18.43761129828201,0,57.00918858870649,0.5,1,0.4,0.4,0.03397318802299755,2.233580568361131,2.6797903070408196,0,0.0016986594011498776,0,0,,,
,0.5027777777777778,0.2777777777777778,0.9166666666666666,12.414,3.739495069531348,8.674504930468652,0,9.31356396676841,4.327085313941407,18.419312875332693,3,57.0086234144611,0.5,1,0.4,0.4,1.1176276760122092,0.7746778590008987,2.613747534765674,0.15,0.05588138380061046,0,0,,,
,0.5034722222222222,0.2777777777777778,0.9166666666666666,12.454,3.8743347523217584,8.579665247678241,21.710127555777632,0.2840399719552152,4.4838945989269465,18.399118672655028,0,57.0051838978553,0.5,1,0.4,0.4,2.639300103327942,0.2717239381999855,2.6374506385447916,0,0.13196500516639711,0,0,,,
,0.5041666666666667,0.2777777777777778,0.9166666666666666,12.712,4.14271119127946,8.56928880872054,21.710151997312497,0.28452723961476883,4.795213587576235,18.382492913556444,2,56.969639066946016,0.5,1,0.4,0.4,2.639361508431272,0.8559041089214174,2.758220036075757,0.1,0.13196807542156358,0,0,,,
,0.5048611111111111,0.2777777777777778,0.9166666666666666,12.961,4.277365775431127,8.683634224568873,30.283551990060023,0.2848538608640993,4.951696650774533,18.36910320926434,0,56.97535376503815,0.5,1,0.45,0.4,3.6682087021108947,1.8728326898619836,2.9446828877155635,0,0.18341043510554472,0,0,,,
,0.5055555555555555,0.2777777777777778,0.9166666666666666,12.823,4.545570755211996,8.277429244788005,0,0.2850469683249494,5.262713309029276,18.35952711997955,0,56.981499673030804,0.5,1,0.4,0.4,0.03420563619899394,1.948674447063644,2.919785377605998,0,0.0017102818099496968,0,0,,,
,0.50625,0.2777777777777778,0.9166666666666666,13.066,4.679940175723768,8.386059824276233,21.749999999999996,0.2852104357037839,5.41869309563107,18.347888434884233,0,56.985677994967276,0.5,1,0.4,0.4,2.644225252284454,1.6046550797710346,3.1749670966480728,0,0.1322112626142227,0,0,,,
,0.5069444444444444,0.3333333333333333,0.9166666666666666,15.241,4.546671681343603,10.694328318656398,19.097319472491545,0.2854148419093506,5.264657586233702,18.340977998370047,0,56.99057253652741,0.5,1,0.4,0.4,2.325928117728108,1.730263617913863,3.1776694247389816,0,0.1162964058864054,0,0,,,
,0.5076388888888889,0.3333333333333333,0.9166666666666666,14.607,4.814367892985695,9.792632107014304,0,0.28543907206172664,5.574775924191419,18.332904366667165,0,56.99507282419869,0.5,1,0.4,0.4,0.034252688647407194,1.6615991065580888,3.3411839464928477,0,0.0017126344323703598,0,0,,,
,0.5083333333333333,0.3333333333333333,0.9166666666666666,12.278,4.680654577797266,7.597345422202734,21.749999999999996,0.2855069080287057,5.4199548180113695,18.313517039700923,0,57.00199548000951,0.5,1,0.45,0.4,2.6442608289634446,2.0858229125926147,3.136327288898633,0,0.13221304144817222,0,0,,,
,0.5090277777777777,0.3333333333333333,0.9166666666666666,15.593,7.889909348481233,7.703090651518767,21.209246760137546,0.285836898371625,9.135900171364607,18.313920528349925,0,57.008202233448536,0.5,1,0.45,0.4,2.5794100390211008,1.9609993066670806,4.3109818696962465,0,0.12897050195105503,0,0,,,
,0.5097222222222222,0.3333333333333333,0.9166666666666666,15.8,7.755487912052271,8.044512087947728,0,0.2860151076451358,8.979828441194684,18.312144436504187,0,57.031315874862784,0.5,1,0.4,0.4,0.0343218129174163,4.919700591000412,4.436097582410454,0,0.0017160906458708151,0,0,,,
,0.5104166666666666,0.3333333333333333,0.9166666666666666,16.509,6.818551228483788,9.690448771516213,0,0.286235348810682,7.894414491949938,18.30397727320758,3,56.992857477387574,0.45,1,0.4,0.4,0.034348241857281844,5.038741957214184,4.128565368545135,0.15,0.0017174120928640923,0,0,,,
,0.5111111111111111,0.3333333333333333,0.9166666666666666,16.348,6.549957350399399,9.7980426496006,0,0.28653823971972475,7.582711062614523,18.290362985886247,0,57.01505756155782,0.45,1,0.4,0.4,0.03438458876636698,4.759142896195366,4.0374850726397895,0,0.001719229438318349,0,0,,,
,0.5118055555555555,0.3333333333333333,0.9166666666666666,16.599,7.7512276817246875,8.847772318275313,21.71692841348983,0.28687889712297293,8.972305559380143,18.28215996645211,3,56.970288819347935,0.45,1,0.4,0.4,2.6404568772735364,4.323591849487002,4.643245536344938,0.15,0.13202284386367683,0,0,,,
,0.5125,0.3333333333333333,0.9166666666666666,16.062,11.356412683034021,4.705587316965979,43.466819743495215,0.28713220999293326,13.143515822690986,18.294107363891495,0,56.9933105566101,0.45,1,0.45,0.4,5.250474234418578,4.902315676472654,5.242461902455103,0,0.2625237117209289,0,0,,,
,0.5131944444444444,0.3333333333333333,0.9166666666666666,16.062,11.219173879729873,4.842826120270127,65.17872674307928,0.2870863406302821,12.982471487412088,18.30748115514516,2,56.9869146369585,0.5,1,0.45,0.4,7.85589757004515,6.932961292466406,5.221876081959482,0.1,0.3927948785022575,0,0,,,
,0.5138888888888888,0.3333333333333333,0.9166666666666666,17.925,11.215014037353855,6.7099859626461456,65.17888940245105,0.28696788964296077,12.9751296715191,18.32911194431942,0,57.02748090818918,0.5,1,0.45,0.4,7.855902875051282,7.972512580180443,5.34300280747077,0,0.3927951437525641,0,0,,,
,0.5145833333333333,0.3333333333333333,0.9166666666666666,18.034,7.607008434714953,10.426991565285046,35.735701996398646,0.2866088723135926,8.798941486321251,18.337941221816113,5,56.961835830291434,0.5,1,0.45,0.4,4.322677304245469,8.384205112904466,4.568102530414486,0.25,0.21613386521227346,0,0,,,
,0.5152777777777777,0.3333333333333333,0.9166666666666666,20.079,13.339424208042805,6.739575791957195,43.43692532260346,0.28623491410580243,15.425793205453221,18.38277800241097,0,56.99659898953464,0.5,1,0.45,0.4,5.246779228405112,6.956034791710535,6.144856052010701,0,0.2623389614202556,0,0,,,
,0.5159722222222223,0.3333333333333333,0.9166666666666666,21.348,13.332593191373668,8.015406808626333,65.18687864654258,0.2854622699603127,15.413744748277262,18.427204976503635,0,57.04305003066729,0.5,1,0.45,0.4,7.856680909980348,9.001884557867207,6.290777957412099,0,0.3928340454990174,0,0,,,
,0.5166666666666667,0.3333333333333333,0.9166666666666666,18.382,13.325135648700206,5.056864351299793,64.24851056750437,0.28473362104365685,15.40059467173811,18.4701235268802,3,57.02785426975006,0.45,1,0.4,0.35,7.743989302625766,10.013454289635071,6.278540694610063,0.15,0.38719946513128833,0,0,,,
,0.5173611111111112,0.3333333333333333,0.9166666666666666,18.332,13.317051433271418,5.014948566728583,43.43697241060892,0.2840365349565675,15.386343624460526,18.513440825960423,0,57.08389437212755,0.45,1,0.4,0.35,5.24652107346786,10.679713303390777,6.286115429981426,0,0.262326053673393,0,0,,,
,0.5180555555555556,0.3333333333333333,0.9166666666666666,20.255,13.308340385622616,6.946659614377384,43.437103507408104,0.2833681267740828,15.37099231028758,18.55733220419727,0,57.14083078241276,0.45,1,0.4,0.35,5.246456596101863,10.837617279522656,6.223502115686785,0,0.26232282980509314,0,0,,,
,0.51875,0.3333333333333333,0.9166666666666666,20.255,13.299002333479509,6.955997666520492,43.43728536753728,0.2827256144470133,15.35454148846873,18.5996139501198,0,57.198167278503185,0.45,1,0.4,0.35,5.246401317838115,10.908666158723031,6.220700700043851,0,0.2623200658919057,0,0,,,
,0.5194444444444445,0.3333333333333333,0.9166666666666666,20.356,13.289037091654714,7.066962908345285,43.43751425296289,0.282106500320878,15.336991973863515,18.640753167538442,0,57.25565471658096,0.45,1,0.4,0.35,5.246354490394053,10.936151763141938,6.318711127496414,0,0.26231772451970264,0,0,,,
,0.5201388888888889,0.3333333333333333,0.9166666666666666,22.252,13.278444461936642,8.973555538063358,43.43778664884471,0.281508540202816,15.318344637160767,18.692055363761632,0,57.31316722770364,0.45,1,0.4,0.35,5.2463154226857025,10.94162795273611,6.737455561677826,0,0.2623157711342851,0,0,,,
,0.5208333333333334,0.3888888888888889,0.9166666666666666,22.28,13.267224232970655,9.012775767029344,64.86115863829164,0.2809156685857246,15.298600405113572,18.742939179875783,0,57.370642112867884,0.5,1,0.4,0.35,7.817048916825285,10.93582259107531,6.761528481539729,0,0.3908524458412642,0,0,,,
,0.5215277777777778,0.3888888888888889,0.9166666666666666,22.117,13.255376180132476,8.861623819867523,43.381598729243606,0.2802983040174661,15.277760260790366,18.793804852252983,0,57.42804517984138,0.5,1,0.35,0.35,5.23942764399133,10.92406950433381,6.757381663046366,0,0.2619713821995665,0,0,,,
,0.5222222222222223,0.3888888888888889,0.9166666666666666,20.204,13.242900065393867,6.961099934606133,43.382080280855035,0.2796348843276646,15.255825243842228,18.831293906637644,0,57.48535738263671,0.5,1,0.35,0.35,5.239405819821924,10.909027814682439,6.312870019618159,0,0.2619702909910962,0,0,,,
,0.5229166666666667,0.3888888888888889,0.9166666666666666,16.96,13.229795637180436,3.7302043628195642,43.41364499826943,10.934328807990822,15.23279645078667,18.865951038115462,3.54,57.542564969985655,0.45,1,0.35,0.35,6.521756856751231,10.89202088235365,6.07444890929511,0.177,0.32608784283756154,0,0,,,
,0.5236111111111111,0.3888888888888889,0.9166666666666666,17.921,13.216062630221565,4.704937369778436,36.31647396124853,1.6627856535133767,15.208675035308222,18.90865127052706,0.4600000000000001,57.59965982840383,0.5,1,0.35,0.35,4.55751115377143,10.873712987625188,6.07101565755539,0.023000000000000003,0.2278755576885715,0,0,,,
,0.5243055555555556,0.3888888888888889,0.9166666666666666,17.976,13.201700765392381,4.774299234607619,21.693809859203643,8.206944817501512,15.183462208576112,18.95073725628678,3.54,57.65663722721988,0.5,1,0.35,0.35,3.588090561204619,10.854430232042667,6.1224251913480945,0.177,0.17940452806023094,0,0,,,
,0.525,0.3888888888888889,0.9166666666666666,18.099,13.186709749547774,4.912290250452227,21.69410288278261,3.5468670944189116,15.157159239579267,18.98939830566942,1.4600000000000004,57.71349220583856,0.5,1,0.35,0.35,3.0289163972641826,10.834331162978199,6.241677437386943,0.07300000000000002,0.15144581986320912,0,0,,,
,0.5256944444444445,0.3888888888888889,0.9166666666666666,17.769,13.171089275348267,4.597910724651732,43.44443846418717,0.27562897517621576,15.12976745547899,19.022259531952066,0,57.770220227116035,0.5,1,0.35,0.35,5.246408092723607,10.813497565387909,6.217772318837066,0,0.26232040463618034,0,0,,,
,0.5263888888888889,0.3888888888888889,0.9166666666666666,17.391,13.154839021077859,4.236160978922142,41.736105663603055,0.27482658947715166,15.101288241979747,19.060975204127153,0,57.826816559127984,0.5,1,0.35,0.3,5.041311870369624,10.791970333467127,5.635967804215572,0,0.2520655935184812,0,0,,,
,0.5270833333333333,0.3888888888888889,0.9166666666666666,17.114,13.137958650453594,3.9760413495464055,21.69522432018361,0.274057564702562,15.071723043718192,19.096386032478687,4,57.79817971962408,0.5,1,0.3,0.3,2.636313826186341,10.769770982391401,5.464591730090721,0.2,0.13181569130931706,0,0,,,
,0.5277777777777778,0.3611111111111111,0.9166666666666666,17.069,13.12044781242694,3.948552187573059,21.695668590026376,0.27335039212615275,15.041073364671107,19.127096556009967,0,57.85574343976534,0.5,1,0.3,0.3,2.6362822778583035,10.96135444320878,5.649089562485389,0,0.13181411389291517,0,0,,,
,0.5284722222222222,0.3611111111111111,0.9166666666666666,15.086,13.1023061409768,1.9836938590232003,21.69614338616799,0.27269760090571277,15.009340768582298,19.153624287890445,0,57.912574674072324,0.45,1,0.3,0.3,2.6362609184488446,10.834627809329827,5.1363459211465194,0,0.13181304592244222,0,0,,,
,0.5291666666666667,0.3611111111111111,0.9166666666666666,15.02,13.083533254894096,1.936466745105903,21.696646143143695,0.2720696043988331,14.976526879409253,19.17698985977143,0,57.968965783385975,0.45,1,0.3,0.3,2.6362458897051035,10.75914303707679,5.133529988234113,0,0.13181229448525517,0,0,,,
,0.5298611111111111,0.3611111111111111,0.9166666666666666,13.296,13.064128757557981,0.23187124244201915,21.697174452528806,0.27148217935122276,14.942633381789683,19.197017126941684,0,58.025060193232335,0.45,1,0.3,0.3,2.6362387958256033,10.708798821468134,4.9074128757557975,0,0.13181193979128017,0,0,,,
,0.5305555555555556,0.3611111111111111,0.9166666666666666,13.326,13.044092236703397,0.28190776329660183,41.060192603756164,0.2709560792720818,14.907662021528495,19.21478868085483,0,58.08092727953458,0.5,1,0.35,0.3,4.959737841963389,10.670625315611295,4.91540922367034,0,0.24798689209816946,0,0,,,
,0.53125,0.3611111111111111,0.9166666666666666,13.366,12.24201786832931,1.123982131670691,21.749999999999996,0.27044744373604046,13.979317729739453,19.23036375540053,0,58.13659949860538,0.5,1,0.35,0.3,2.6424536932483247,10.638175051613945,4.87520178683293,0,0.13212268466241622,0,0,,,
,0.5319444444444444,0.3611111111111111,0.9166666666666666,13.585,12.352015325917787,1.2329846740822141,43.472232363712116,0.2700053502526963,14.092768354945933,19.24831066097455,0,58.189734556030565,0.5,1,0.35,0.3,5.24906852567578,10.195816771450307,5.105201532591779,0,0.262453426283789,0,0,,,
,0.5326388888888889,0.3611111111111111,0.9166666666666666,11.602,12.201375000357714,-0.5993750003577152,30.62328321993695,0.26959292794699463,13.908521202194217,19.267256826903104,1,58.22188515027909,0.5,1,0.35,0.3,3.707145137746074,10.031335829591395,5.090137500035771,0.05,0.1853572568873037,0,0,,,
,0.5333333333333333,0.3611111111111111,0.9166666666666666,11.652,12.957617111511896,-1.305617111511896,0,0.2691383417051954,14.757035040068738,19.292236634333587,0,58.27341870935494,0.45,1,0.3,0.3,0.03229660100462345,9.917873346268768,5.215761711151189,0,0.0016148300502311723,0,0,,,
,0.5340277777777778,0.3611111111111111,0.9166666666666666,11.652,12.934413724182306,-1.2824137241823064,0,0.268647999461426,14.716702731298204,19.31207659900475,3,58.261943032884446,0.45,1,0.3,0.3,0.03223775993537112,10.208581485442386,5.21344137241823,0.15,0.001611887996768556,0,0,,,
,0.5347222222222222,0.4166666666666667,0.9444444444444444,11.616,12.910575497105823,-1.2945754971058232,0,0.26824113352333906,14.675304349203273,19.32796578393357,0,58.31680391413296,0.45,1,0.3,0.3,0.03218893602280069,10.500909077983296,5.175057549710583,0,0.0016094468011400346,0,0,,,
,0.5354166666666667,0.4166666666666667,0.9444444444444444,11.456,12.88610190126699,-1.4301019012669896,21.749999999999996,3.277871261183967,14.632842083220687,19.339024743825984,2,58.35046253002575,0.45,1,0.35,0.3,3.003344551342076,10.471343104055899,5.012610190126699,0.1,0.1501672275671038,0,0,,,
,0.5361111111111111,0.4166666666666667,0.9444444444444444,11.456,12.860992389829978,-1.4049923898299785,19.523197969626814,0.2675878624543214,14.58931818864939,19.34847713246134,0,58.40526877570346,0.45,1,0.35,0.3,2.3748942998497364,10.493848264728964,5.010099238982997,0,0.11874471499248682,0,0,,,
,0.5368055555555555,0.4166666666666667,0.9444444444444444,11.53,12.83524639782582,-1.3052463978258202,0,0.2673703834527696,14.544734987346175,19.356556486184978,3,58.39260074319691,0.45,1,0.3,0.3,0.03208444601433236,9.674017817159223,5.0815246397825815,0.15,0.0016042223007166178,0,0,,,
,0.5375,0.4166666666666667,0.9444444444444444,11.305,12.808863341830158,-1.503863341830158,16.2421607612649,5.72720860203882,14.499094868447541,19.359900378594524,2,58.44337416332752,0.45,1,0.3,0.3,2.6363243235964466,9.78922124852789,4.913886334183016,0.1,0.13181621617982234,0,0,,,
,0.5381944444444444,0.4166666666666667,0.9444444444444444,8.792,12.781842619631716,-3.989842619631716,21.702428005215797,0.26710422341867956,14.452400289118883,19.357623042464876,3.54,58.41826291082913,0.45,1,0.3,0.3,2.6363438674361377,9.676222482762967,4.897184261963171,0.177,0.1318171933718069,0,0,,,
,0.5388888888888889,0.4166666666666667,0.9444444444444444,11.915,12.62664177379218,-0.7116417737921802,18.972717441770754,6.287004484790243,14.260607237578062,19.356733955364056,2.46,58.45954294106356,0.45,1,0.3,0.3,3.0311666311873204,9.793828245004958,4.948664177379218,0.123,0.15155833155936602,0,0,,,
,0.5395833333333333,0.4166666666666667,0.9444444444444444,11.737,6.235683979177161,5.501316020822839,21.703042134195595,0.2669003089236009,7.034370382107173,19.318416993486686,0,58.50929362644727,0.45,1,0.3,0.3,2.6363930931743034,9.612553902800894,3.927136795835433,0,0.13181965465871517,0,0,,,
,0.5402777777777777,0.4166666666666667,0.9444444444444444,12.136,5.967565627995653,6.168434372004347,36.654578733961955,0.26713462908965613,6.723827236663927,19.28164312532322,0,58.540574396054105,0.45,1,0.35,0.3,4.430605603566194,6.382726351093453,4.272513125599131,0,0.22153028017830972,0,0,,,
,0.5409722222222222,0.4166666666666667,0.9444444444444444,13.314,5.826990359927799,7.487009640072201,4.557042246192026,0.2673295677490055,6.557359310625344,19.249617488191213,0,58.561916108443555,0.45,1,0.35,0.3,0.578924617672924,4.645238038527912,4.270097107978339,0,0.0289462308836462,0,0,,,
,0.5416666666666666,0.4166666666666667,0.9722222222222222,13.445,5.939461242283849,7.505538757716151,21.749999999999996,0.2675068256869839,6.675504634111494,19.21759929509461,0,58.59116655759234,0.5,1,0.35,0.3,2.6421008190824384,6.030690733957833,4.273811434799347,0,0.13210504095412193,0,0,,,
,0.5423611111111111,0.4166666666666667,0.9722222222222222,13.664,3.0255098681309183,10.638490131869082,21.749999999999996,0.26770446328177355,3.3960565245459993,19.17101827490256,3,58.53398934520847,0.5,1,0.35,0.3,2.6421245355938128,3.051066448199514,2.7321324010981884,0.15,0.13210622677969064,0,0,,,
,0.5430555555555555,0.4166666666666667,0.9722222222222222,15.501,9.431091163133436,6.0699088368665635,21.749999999999996,8.458072316990568,10.572175801679158,19.169224761957185,5,58.48977611893672,0.5,1,0.35,0.3,3.624968678038868,0.4102219733976111,5.118218232626687,0.25,0.1812484339019434,0,0,,,
,0.54375,0.4166666666666667,0.9722222222222222,15.502,9.156128743675776,6.345871256324224,21.749999999999996,0.26786794855111895,10.250076752597739,19.16333914873035,3,58.45209319880526,0.5,1,0.35,0.3,2.642144153826134,4.994229554564315,5.177032185918944,0.15,0.1321072076913067,0,0,,,
,0.5444444444444444,0.4166666666666667,0.9722222222222222,14.521,10.258078657009861,4.262921342990139,21.749999999999996,0.2677782630100618,11.467813580753965,19.155892536207567,0,58.479254473842275,0.45,1,0.35,0.3,2.6421333915612077,5.664107489970292,5.423615731401971,0,0.1321066695780604,0,0,,,
,0.5451388888888888,0.4166666666666667,0.9722222222222222,12.4,10.230662042848078,2.169337957151922,43.49999999999999,0.26767468073029427,11.421001027829146,19.13893196974331,0,58.51051269508538,0.45,1,0.4,0.3,5.252120961687635,6.382214894940405,5.418132408569615,0,0.26260604808438176,0,0,,,
,0.5458333333333333,0.4166666666666667,0.9722222222222222,12.385,9.705022544212948,2.6799774557870513,25.412975118276453,0.26761897839731785,10.818552308425856,19.12221277497172,0,58.543716482475624,0.45,1,0.4,0.3,3.081671291600853,6.724191236654241,5.31300450884259,0,0.15408356458004263,0,0,,,
,0.5465277777777777,0.4166666666666667,0.9722222222222222,12.247,9.553859371099156,2.693140628900845,0,0.26763296368359163,10.634322410367936,19.104707426557795,0,58.57640959534832,0.45,1,0.3,0.3,0.032115955642031006,6.636306900268187,5.1384648427747885,0,0.0016057977821015504,0,0,,,
,0.5472222222222223,0.4166666666666667,0.9722222222222222,11.928,8.660564624265914,3.267435375734085,0,0.2676918740108928,9.625463303506786,19.078637284476965,0,58.60841382098785,0.45,1,0.3,0.3,0.03212302488130714,6.517198677967763,4.647112924853182,0,0.001606151244065357,0,0,,,
,0.5479166666666667,0.4166666666666667,0.9722222222222222,12.128,6.291468376862688,5.836531623137312,43.456142791429855,0.26787259186088785,6.981646516457484,19.039477322861686,0,58.63757393647084,0.45,1,0.35,0.3,5.246881845994891,6.021040913757071,4.1700139319019405,0,0.26234409229974454,0,0,,,
,0.5486111111111112,0.3888888888888889,0.9722222222222222,11.853,8.855669246986764,2.997330753013235,65.2062416437001,0.268202789332854,9.811681378318267,19.01684611915732,3,58.5937012929769,0.45,1,0.4,0.3,7.856933331963956,4.618567909965267,4.611133849397354,0.15,0.3928466665981978,0,0,,,
,0.5493055555555556,0.3888888888888889,0.9722222222222222,11.853,7.7251977010863095,4.127802298913691,46.69076458166398,0.2683863952061727,8.545422285472169,18.99526075871698,0,58.61892527392122,0.45,1,0.4,0.3,5.635098117224419,5.333115925263603,4.356559310325894,0,0.28175490586122093,0,0,,,
,0.55,0.3888888888888889,0.9722222222222222,11.84,9.779396303103969,2.0606036968960306,41.95314967112633,0.2685945003359827,10.799990450425206,18.98803592586888,0,58.642102040525195,0.45,1,0.35,0.3,5.066609300575479,4.976049590816228,4.782879260620794,0,0.25333046502877393,0,0,,,
,0.5506944444444445,0.3888888888888889,0.9722222222222222,12.102,9.748496023816877,2.353503976183123,21.749999999999996,0.26865614717496167,10.747852967366752,18.983317534408805,0,58.66997092096402,0.45,1,0.35,0.3,2.6422387376609953,5.798019913059602,4.896699204763375,0,0.13211193688304976,0,0,,,
,0.5513888888888889,0.3888888888888889,0.9722222222222222,12.027,9.717073192513201,2.3099268074867996,36.478435010658394,0.2686838156814763,10.694920584986894,18.97771727864303,0,58.70007516829527,0.45,1,0.35,0.3,4.409654259160786,6.190159068883257,4.830414638502639,0,0.22048271295803928,0,0,,,
,0.5520833333333334,0.3888888888888889,0.9722222222222222,11.992,8.837678350135935,3.154321649864065,21.706211776077552,0.2687503431221093,9.710091827500994,18.971630625689023,0,58.73119086260797,0.45,1,0.3,0.3,2.63699545430396,6.36816689828852,4.619535670027186,0,0.131849772715198,0,0,,,
,0.5527777777777778,0.3888888888888889,0.9722222222222222,9.036,9.893972862144077,-0.8579728621440772,21.706199091021134,0.2687335657673047,10.851351177572019,18.9713650387559,0,58.7603478347459,0.45,1,0.3,0.3,2.636991918814613,6.02652336547923,4.830794572428816,0,0.13184959594073065,0,0,,,
,0.5534722222222223,0.3888888888888889,0.9722222222222222,9.036,9.980398051512598,-0.9443980515125986,43.456344807922086,21.96018580379947,10.926313608151485,18.973382455803577,10.26,58.721168434124614,0.45,1,0.35,0.3,7.849983673406587,6.36971744605878,4.848079610302519,0.513,0.3924991836703294,0,0,,,
,0.5541666666666667,0.3888888888888889,0.9722222222222222,8.882,9.825792480455672,-0.9437924804556714,42.96745640053408,21.959826425706957,10.737190260470857,18.97755402811291,9.26,58.70735975200457,0.45,1,0.35,0.3,7.791273939148926,6.631527457674012,4.75686887206835,0.46299999999999997,0.3895636969574463,0,0,,,
,0.5548611111111111,0.3888888888888889,0.9722222222222222,8.934,8.596881186035318,0.33711881396468196,43.45701108144213,21.959386602117306,9.376605432017602,18.979285252371177,9.48,58.69102851586865,0.45,1,0.35,0.3,7.849967722027133,6.634893613455627,4.46722029650883,0.47400000000000003,0.3924983861013566,0,0,,,
,0.5555555555555556,0.4166666666666667,0.9444444444444444,8.633,9.041637739457695,-0.4086377394576939,24.487986968594797,21.9589267929855,9.842777990316307,18.985652255198055,0,58.844480702308736,0.45,1,0.35,0.3,5.573629651389636,6.086558131936227,4.488409434864424,0,0.2786814825694818,0,0,,,
,0.55625,0.4166666666666667,0.9444444444444444,8.633,9.12681733774945,-0.4938173377494513,0,0.5265739099742225,9.916076000044653,18.991159610721397,0,58.87482624703807,0.45,1,0.3,0.3,0.06318886919690671,5.979661271075088,4.509704334437363,0,0.0031594434598453355,0,0,,,
,0.5569444444444445,0.4166666666666667,0.9444444444444444,6.416,11.099956901585136,-4.683956901585136,0,0.26667960942594876,12.035815579154734,18.993773340585456,0,58.9036067523444,0.45,1,0.3,0.3,0.03200155313111386,5.966418818268062,4.659995690158514,0,0.001600077656555693,0,0,,,
,0.5576388888888889,0.4166666666666667,0.9444444444444444,5.23,9.410604990188272,-4.1806049901882725,43.45799922114161,0.26654218970017496,10.183314817246576,18.981472897551505,2,58.89237123306443,0.45,1,0.35,0.3,5.246944969301014,6.9195583700093515,4.331060499018828,0.1,0.2623472484650507,0,0,,,
,0.5583333333333333,0.4166666666666667,0.9444444444444444,5.19,6.913255698877097,-1.7232556988770966,25.640649466931333,0.26656619269676024,7.465434537851843,18.959211977457777,0,58.925240827457785,0.45,1,0.35,0.3,3.108865879155372,6.682939776204501,3.912313924719275,0,0.1554432939577686,0,0,,,
,0.5590277777777778,0.4166666666666667,0.9444444444444444,5.393,7.352630666829008,-1.959630666829007,21.70807101591068,0.2667175827113387,7.923176237216419,18.940404342097782,0,58.94982679902803,0.45,1,0.3,0.3,2.6369746318346428,5.234808307581566,4.066526133365801,0,0.13184873159173213,0,0,,,
,0.5597222222222222,0.4166666666666667,0.9444444444444444,5.393,7.090416861068898,-1.6974168610688984,38.60631458954422,0.2668353940798856,7.62422083183325,18.919239401060796,3,58.907612254148376,0.45,1,0.35,0.3,4.664777998034892,4.727671356735551,4.00912505832067,0.15,0.2332388999017446,0,0,,,
,0.5604166666666667,0.4166666666666667,0.9444444444444444,5.483,7.52424186388916,-2.0412418638891605,21.749999999999996,0.2669613740319515,8.073026972432421,18.902088731443126,0,58.92804021733,0.45,1,0.35,0.3,2.642035364883834,4.507583368346105,4.100848372777831,0,0.1321017682441917,0,0,,,
,0.5611111111111111,0.4166666666666667,0.9444444444444444,5.615,7.146869208862158,-1.5318692088621584,25.779334785774466,0.2670720726567101,7.651067866210168,18.88266146940254,0,58.94813819706519,0.45,1,0.4,0.3,3.1255688230117418,4.450852925575167,4.026060762658648,0,0.1562784411505871,0,0,,,
,0.5618055555555556,0.4166666666666667,0.9444444444444444,7.469,6.312893264292137,1.1561067357078627,43.49999999999999,0.2672589389916657,6.7429448863628085,18.872356455352154,0,58.995279682930075,0.45,1,0.4,0.3,5.252071072679,9.184465389192438,3.9725126425022466,0,0.26260355363395,0,0,,,
,0.5625,0.4444444444444444,0.9166666666666666,7.383,6.171170341190136,1.2118296588098647,21.749999999999996,0.2671888340807639,6.576363188649611,18.86733544851746,0,59.01120951956028,0.4,1,0.35,0.3,2.6420626600896915,3.7242202730365936,3.9779096194165473,0,0.13210313300448456,0,0,,,
,0.5631944444444444,0.4444444444444444,0.9166666666666666,7.988,5.802536848776797,2.185463151223203,43.46083758345061,0.26710618156330257,6.169005610906623,18.86424247997847,1,59.004330387292214,0.4,1,0.35,0.3,5.247353251801671,3.3989170343559003,3.9421415819495587,0.05,0.26236766259008354,0,0,,,
,0.5638888888888889,0.4444444444444444,0.9166666666666666,5.936,6.229451887377709,-0.2934518873777088,43.46093766276424,0.26710323195961644,6.6070525914326454,18.858522131622173,0,59.00851325744112,0.4,1,0.35,0.3,5.247364907366863,1.6691016813177144,3.8148355662133127,0,0.26236824536834313,0,0,,,
,0.5645833333333333,0.4444444444444444,0.9166666666666666,6.006,6.313636192689972,-0.3076361926899726,73.20968682235942,0.26731810120710964,6.680047756336642,18.85895170612763,0,59.02495240696369,0.45,1,0.45,0.3,8.817240590827984,3.8140327990164016,3.930090857806992,0,0.4408620295413992,0,0,,,
,0.5652777777777778,0.4444444444444444,0.9166666666666666,6.02,5.835306927417294,0.184693072582706,51.74424267200321,0.26741543367523,6.15867043201442,18.86542140025052,0,59.03966157122271,0.45,1,0.45,0.3,6.241398972681415,3.5116683326797715,3.7541227709669176,0,0.3120699486340707,0,0,,,
,0.5659722222222222,0.4444444444444444,0.9166666666666666,5.554,5.80759694476994,-0.25359694476993994,21.749999999999996,0.26754337544136036,6.113977983125729,18.87275850663666,0,59.05074766081002,0.45,1,0.35,0.3,2.642105205052963,2.8777495074653965,3.639658930669479,0,0.13210526025264815,0,0,,,
,0.5666666666666667,0.4444444444444444,0.9166666666666666,7.446,6.112965805107722,1.3330341948922777,43.49999999999999,0.2677338356375761,6.4189521206156455,18.882546134709507,0,59.050422303402385,0.45,1,0.4,0.3,5.252128060276509,0.880668292652919,3.6985380317877024,0,0.26260640301382543,0,0,,,
,0.5673611111111111,0.4444444444444444,0.9166666666666666,10.2,5.1981178108742885,5.001882189125711,25.142541994180778,0.2679629317334457,5.44406626671106,18.896181939468736,0,59.06831395089464,0.45,1,0.4,0.3,3.0492605911097073,4.068111664469222,3.4332471243497165,0,0.15246302955548535,0,0,,,
,0.5680555555555555,0.4444444444444444,0.9166666666666666,10.24,5.1721052922230575,5.067894707776943,43.026523080771504,0.268276392234403,5.402438345185413,18.90875804296649,1,59.05134230770811,0.45,1,0.35,0.3,5.19537593676071,1.8829049594096263,3.3254473815003758,0.05,0.2597687968380355,0,0,,,
,0.56875,0.4444444444444444,0.9166666666666666,9.286,5.583706453346616,3.7022935466533844,21.708903180939277,0.26863804339708863,5.816610544243546,18.92163455031283,0,59.056843292077716,0.45,1,0.3,0.3,2.6373049469203638,1.898311749224789,3.4394825813386456,0,0.13186524734601818,0,0,,,
,0.5694444444444444,0.4166666666666667,0.9444444444444444,9.307,5.1191070965998895,4.18789290340011,43.45891152616567,0.2689521784750219,5.317971892005925,18.9265992019729,0,59.07018234355771,0.45,1,0.35,0.3,5.247343644556884,3.269438092778795,3.1317321289799667,0,0.2623671822278442,0,0,,,
,0.5701388888888889,0.4166666666666667,0.9444444444444444,9.281,9.209152414036302,0.0718475859636983,39.34422238411049,0.2693178403356904,9.540146774083576,18.95173403046313,0,59.07108603462473,0.5,1,0.35,0.3,4.753624826933542,1.0931355906381819,4.23783048280726,0,0.23768124134667712,0,0,,,
,0.5708333333333333,0.4166666666666667,0.9444444444444444,9.689,9.806324878529217,-0.11732487852921804,0,0.26942270469322455,10.129875043754975,18.978180621283894,1,59.07595017462398,0.5,1,0.3,0.3,0.03233072456318695,5.320013230247503,4.757264975705844,0.05,0.0016165362281593473,0,0,,,
,0.5715277777777777,0.4166666666666667,0.9444444444444444,9.679,10.181499439337061,-0.5024994393370616,0,0.2694633397650096,10.486981074109915,19.000044649529706,0,59.10495014824501,0.45,1,0.3,0.3,0.03233560077180115,6.00846513051562,4.8222998878674135,0,0.0016167800385900575,0,0,,,
,0.5722222222222222,0.4166666666666667,0.9444444444444444,13.353,10.338119127758752,3.014880872241249,0,0.2695381159395499,10.616940597566122,19.019446366504727,0,59.13665588240703,0.45,1,0.3,0.3,0.032344573912746,6.482112527374401,5.3145297819396875,0,0.0016172286956373,0,0,,,
,0.5729166666666666,0.4166666666666667,0.9444444444444444,13.536,10.2797106403264,3.2562893596736013,21.749999999999996,0.26965253380690807,10.525329365306302,19.033894817007887,0,59.17013131458346,0.5,1,0.35,0.3,2.642358304056829,6.792064382544504,5.572927660081599,0,0.13211791520284144,0,0,,,
,0.5736111111111111,0.4166666666666667,0.9444444444444444,13.621,10.220619183829198,3.4003808161708022,43.49999999999999,0.26978617523279197,10.432933646230754,19.04617778427938,0,59.204311194374476,0.5,1,0.4,0.3,5.252374341027935,6.915779883122547,5.765154795957299,0,0.2626187170513968,0,0,,,
,0.5743055555555555,0.4166666666666667,0.9444444444444444,13.771,10.056091608591716,3.714908391408284,21.749999999999996,0.26995113064771586,10.233165858232308,19.061435602320916,3,59.178203684244394,0.5,1,0.35,0.3,2.6423941356777254,6.946567990886907,5.884022902147929,0.15,0.13211970678388626,0,0,,,
,0.575,0.4166666666666667,0.9444444444444444,13.594,9.996250922141403,3.5977490778585963,43.49999999999999,0.27016165426455824,10.140193494748523,19.07311815302941,0,59.21305406815401,0.5,1,0.4,0.3,5.252419398511746,7.0321585723750974,5.69206273053535,0,0.2626209699255873,0,0,,,
,0.5756944444444444,0.4166666666666667,0.9444444444444444,13.662,9.935727652042365,3.7262723479576345,58.21413008203356,0.2704145083416097,10.046468714860794,19.08649410076068,0,59.247115935867825,0.45,1,0.45,0.3,7.018145350845021,6.894610419030052,5.67693191301059,0,0.35090726754225104,0,0,,,
,0.5763888888888888,0.4444444444444444,0.9444444444444444,13.732,9.874519487564237,3.8574805124357625,24.811373210279314,0.2706984552967626,9.951999883057947,19.10453703963698,0,59.280605677518714,0.45,1,0.4,0.3,3.0098485998691293,6.794824988660078,5.57462987189106,0,0.15049242999345647,0,0,,,
,0.5770833333333333,0.4444444444444444,0.9444444444444444,13.892,9.097120232734467,4.794879767265533,4.326764408858363,0.2710333914263364,9.138070881455885,19.117016401652215,0,59.31363008964087,0.45,1,0.35,0.3,0.5517357360341639,6.7135207890879895,5.46813606982034,0,0.027586786801708195,0,0,,,
,0.5777777777777777,0.4444444444444444,0.9444444444444444,13.974,8.937535748806626,5.036464251193374,0,0.27142784609107684,8.947459120976523,19.12610230989464,0,59.34424743190921,0.45,1,0.3,0.3,0.03257134153092923,6.292505461510155,5.721383937201657,0,0.0016285670765464615,0,0,,,
,0.5784722222222223,0.4444444444444444,0.9444444444444444,11.34,8.576820359853265,2.7631796401467343,21.709746020059104,0.27180762477813486,8.556857615184708,19.12167472114728,0,59.373213588009854,0.45,1,0.3,0.3,2.637786437380469,6.0038140464933685,5.4753640719706524,0,0.13188932186902344,0,0,,,
,0.5791666666666667,0.4444444444444444,0.9444444444444444,11.316,8.41994127681352,2.896058723186481,43.42667215911577,0.2722248462241357,8.37100094436731,19.114970347385743,0,59.400342998641904,0.45,1,0.3,0.3,5.243867640640788,5.682968180391938,5.459985319203381,0,0.2621933820320394,0,0,,,
,0.5798611111111112,0.4444444444444444,0.9444444444444444,11.202,8.462919714632296,2.739080285367703,43.42657112399796,0.2726005881974583,8.383834726374207,19.110516956941055,0,59.42611206209731,0.45,1,0.3,0.3,5.243900605463451,5.445546696035586,5.498729928658074,0,0.26219503027317254,0,0,,,
,0.5805555555555556,0.4444444444444444,0.9444444444444444,11.142,9.492752400509785,1.649247599490216,39.713245571938195,0.2728146879706936,9.370055326120642,19.113200032636698,0,59.451314176154064,0.45,1,0.3,0.3,4.7983272311890675,5.347023125115011,5.756188100127447,0,0.23991636155945337,0,0,,,
,0.58125,0.4444444444444444,0.9444444444444444,11.319,9.426681322132694,1.8923186778673062,21.717023343645362,0.2728243976924319,9.270629323506157,19.117186025074126,0,59.479091533092195,0.45,1,0.3,0.3,2.6387817289605353,5.798356490787471,5.916670330533173,0,0.13193908644802677,0,0,,,
,0.5819444444444445,0.4444444444444444,0.9444444444444444,11.219,8.579913068234745,2.639086931765254,10.799436321781998,0.272707396639261,8.406322508120233,19.116495613584835,0,59.507952965398054,0.45,1,0.3,0.3,1.3286572462105513,5.988900422125816,5.671982613646949,0,0.06643286231052756,0,0,,,
,0.5826388888888889,0.4444444444444444,0.9444444444444444,10.01,7.453296166068671,2.5567038339313295,0,0.2725624453903828,7.274718264098954,19.10742364740351,0,59.534982871183146,0.45,1,0.3,0.3,0.03270749344684594,5.669414787555447,5.102653658124035,0,0.001635374672342297,0,0,,,
,0.5833333333333334,0.4444444444444444,0.9444444444444444,9.803,7.782941215206432,2.0200587847935676,43.49999999999999,0.27248045688647937,7.567066244183653,19.09472226231139,0,59.55795364860618,0.5,1,0.4,0.3,5.2526976548263775,4.960232368858371,5.057882364561929,0,0.26263488274131885,0,0,,,
,0.5840277777777778,0.4444444444444444,0.9444444444444444,9.626,7.820167996756049,1.8058320032439514,36.516223852752056,0.27248055642240065,7.573326154032214,19.085101339792324,2,59.539648710971946,0.5,1,0.4,0.3,4.414644529100935,4.767054478909808,4.979041999189012,0.1,0.22073222645504673,0,0,,,
,0.5847222222222223,0.4444444444444444,0.9444444444444444,9.761,5.299988361530994,4.461011638469006,43.49999999999999,0.2725351165044567,5.112137606313635,19.06643968689541,3.54,59.48606139473635,0.5,1,0.4,0.3,5.252704213980535,4.78912967075565,4.2749965084592985,0.177,0.26263521069902673,0,0,,,
,0.5854166666666667,0.4444444444444444,0.9444444444444444,9.848,5.165044738843651,4.682955261156349,42.27814731320106,0.2727516012469606,4.96167627884616,19.047937971396138,0.4600000000000001,59.492069702456135,0.5,1,0.4,0.3,5.106107869733763,3.6624604153614007,3.993270132479644,0.023000000000000003,0.2553053934866881,0,0,,,
,0.5861111111111111,0.4444444444444444,0.9444444444444444,6.481,5.497008560410839,0.983991439589161,8.379961531718138,0.27303962058857556,5.2586777180556,19.031436929900952,0,59.49181506316186,0.5,1,0.35,0.3,1.0383601382768057,0.895722454848046,4.037102568123252,0,0.051918006913840284,0,0,,,
,0.5868055555555556,0.4444444444444444,0.9444444444444444,6.622,5.268043444692796,1.3539565553072044,0,0.2733586498928983,5.01838263319568,19.01153944139491,0,59.50547409068705,0.5,1,0.3,0.3,0.0328030379871478,3.330782511012539,4.044619550111758,0,0.00164015189935739,0,0,,,
,0.5875,0.4444444444444444,0.9444444444444444,6.026,5.224985210309296,0.8010147896907037,0,0.273745019356525,4.956003679531615,18.986122516247562,2,59.459908995873285,0.5,1,0.3,0.3,0.03284940232278301,1.1141514885588406,3.9679940841237187,0.1,0.0016424701161391504,0,0,,,
,0.5881944444444445,0.4444444444444444,0.9444444444444444,6.075,5.272396132072301,0.802603867927699,0,0.2741582325352026,4.97913521861671,18.957658353695074,0,59.47098977648299,0.5,1,0.3,0.3,0.03289898790422432,2.8791919685509315,4.003958452828921,0,0.001644949395211216,0,0,,,
,0.5888888888888889,0.4444444444444444,0.9444444444444444,6.348,5.407962325206542,0.9400376747934579,21.71009890280205,0.2745923951456642,5.084466768217061,18.92772063715939,0,59.47694623162787,0.5,1,0.3,0.3,2.6381629557537263,1.983187197893527,3.8713886975619634,0,0.1319081477876863,0,0,,,
,0.5895833333333333,0.4444444444444444,0.9444444444444444,6.554,5.182552053634679,1.3714479463653206,21.710017245020303,0.2750230281744844,4.850507076778921,18.898083445450858,3.54,59.40288128989723,0.45,1,0.3,0.3,2.6382048327833747,2.123507796662842,3.8511484241356047,0.177,0.13191024163916873,0,0,,,
,0.5902777777777778,0.4444444444444444,0.9444444444444444,7.963,7.79400769717497,0.1689923028250305,43.42933933667817,0.2754104275717182,7.261078791959111,18.880196676901637,0.4600000000000001,59.39900987657131,0.45,1,0.3,0.3,5.2445699717099865,2.047792840316944,4.687501924293743,0.023000000000000003,0.26222849858549935,0,0,,,
,0.5909722222222222,0.4444444444444444,0.9444444444444444,7.983,7.373053161307994,0.6099468386920062,32.200746341317455,0.2756411705908209,6.836737978448647,18.86320867493601,0,59.42055287000852,0.45,1,0.3,0.3,3.897166501428993,4.709947076911214,4.582263290326998,0,0.19485832507144965,0,0,,,
,0.5916666666666667,0.4444444444444444,0.9444444444444444,12.874,5.392315532080805,7.4816844679191945,21.749999999999996,3.565734701075077,4.976245105510726,18.845354585626332,1,59.44059857485736,0.45,1,0.35,0.3,3.037888164129009,4.448983973320084,3.969157766040402,0.05,0.15189440820645045,0,0,,,
,0.5923611111111111,0.4444444444444444,0.9444444444444444,14.874,4.6528236756817085,10.221176324318291,13.403980611235209,0.2758159405246602,4.2729796029820974,18.834290581333274,0,59.452962606253074,0.45,1,0.35,0.3,1.6415755862111845,3.1057468734033837,3.539335389193111,0,0.08207877931055922,0,0,,,
,0.5930555555555556,0.4444444444444444,0.9444444444444444,14.279,4.523344291497152,9.755655708502848,0,0.27597499298206923,4.133554646947214,18.819895897291406,0,59.44927314297074,0.45,1,0.3,0.3,0.03311699915784832,0.2969290933585313,3.052672145748576,0,0.001655849957892416,0,0,,,
,0.59375,0.4444444444444444,0.9444444444444444,12.756,4.310568373246897,8.445431626753104,21.749999999999996,0.2762251414714076,3.9193099521604,18.796942179299613,0,59.454895276684375,0.45,1,0.35,0.3,2.6431470169765685,1.926529575786009,3.0062841866234487,0,0.13215735084882843,0,0,,,
,0.5944444444444444,0.4444444444444444,0.9444444444444444,12.897,4.268080658410816,8.628919341589183,43.399918108066096,0.2765109908027204,3.8608157967354395,18.774331018780398,0,59.4558542501047,0.45,1,0.4,0.3,5.241171491864259,1.1110479506726476,2.9350403292054073,0,0.26205857459321297,0,0,,,
,0.5951388888888889,0.4444444444444444,0.9444444444444444,13.037,4.225187135058469,8.81181286494153,21.532415409151525,0.27683412058756507,3.8020976703374907,18.754518359302033,0,59.45504621811608,0.45,1,0.35,0.3,2.617109943568691,0.8022059783452014,2.963593567529236,0,0.13085549717843453,0,0,,,
,0.5958333333333333,0.4444444444444444,0.9444444444444444,12.987,6.067834628530456,6.919165371469544,43.49999999999999,0.27717098882873736,5.43125829106819,18.742559610879933,0,59.457705301137366,0.5,1,0.4,0.3,5.253260518659448,1.4091843756599611,3.79174211998566,0,0.2626630259329724,0,0,,,
,0.5965277777777778,0.4444444444444444,0.9444444444444444,13.395,6.734677878035414,6.660322121964587,43.49999999999999,0.2774559253017777,5.9955708370125,18.73761732737318,3,59.41021425745356,0.5,1,0.4,0.3,5.2532947110362125,3.5551065930798296,4.1168711512141645,0.15,0.26266473555181064,0,0,,,
,0.5972222222222222,0.3888888888888889,0.9444444444444444,11.075,6.983974429441909,4.091025570558092,43.49999999999999,0.2777573977608996,6.183294658575515,18.729775561787612,0,59.426069453030514,0.5,1,0.4,0.3,5.253330887731308,3.717079736108443,3.8071923288325715,0,0.2626665443865654,0,0,,,
,0.5979166666666667,0.3888888888888889,0.9444444444444444,13.338,5.478761687641416,7.859238312358584,38.998856450490436,0.2780772582671114,4.8234622556069695,18.719282418253133,0,59.44219230224304,0.5,1,0.4,0.3,4.713232045050907,3.764310170660593,3.3465665906744952,0,0.23566160225254534,0,0,,,
,0.5986111111111111,0.3888888888888889,0.9444444444444444,13.288,5.496469203095088,7.791530796904913,0,0.27848278192472914,4.811427736467619,18.711663398027856,0,59.44464241121342,0.45,1,0.3,0.3,0.03341793383096749,1.371973584412627,3.2409407609285257,0,0.0016708966915483746,0,0,,,
,0.5993055555555555,0.3888888888888889,0.9444444444444444,13.198,6.365780568931005,6.832219431068995,43.43058073271388,0.2789041934169247,5.539989645702112,18.70322782339988,0,59.45386164296116,0.45,1,0.3,0.3,5.2451381911356965,2.5564507328331527,3.5084451422327514,0,0.2622569095567848,0,0,,,
,0.6,0.3888888888888889,0.9444444444444444,13.238,6.292167931472122,6.945832068527879,35.74052938341906,0.27930592042427227,5.443484674661775,18.6972867521355,0,59.47031678899365,0.45,1,0.3,0.3,4.3223802364612,3.8228636498479047,3.5100419828680303,0,0.21611901182305998,0,0,,,
,0.6006944444444444,0.3888888888888889,0.9444444444444444,13.78,6.217880478789738,7.562119521210262,21.710033021165735,0.27953782074506317,5.3467464962268085,18.692757023288348,0,59.48479262637858,0.45,1,0.3,0.3,2.6387485010292964,3.476924622722119,3.7073641436369216,0,0.13193742505146483,0,0,,,
,0.6013888888888889,0.3888888888888889,0.9444444444444444,13.722,6.142915597547069,7.5790844024529305,38.83813047809483,0.2796535103799745,5.249793117733501,18.686103795244158,0,59.4952609926798,0.45,1,0.35,0.3,4.694134078616978,2.776071660426703,3.5468746792641204,0,0.2347067039308489,0,0,,,
,0.6020833333333333,0.3888888888888889,0.9444444444444444,13.973,6.067270748372741,7.9057292516272595,21.749999999999996,0.2797478646309293,5.1526430840440405,18.682721206185278,0,59.504883901097244,0.45,1,0.35,0.3,2.643569743755711,2.6285358243437877,3.517181224511823,0,0.13217848718778555,0,0,,,
,0.6027777777777777,0.3888888888888889,0.9444444444444444,14.035,6.28318462435989,7.75181537564011,21.749999999999996,0.2798238763285645,5.30191625409566,18.6817387658416,0,59.516575504615204,0.45,1,0.35,0.3,2.643578865159428,2.9908716201647136,3.609955387307967,0,0.1321789432579714,0,0,,,
,0.6034722222222222,0.3888888888888889,0.9444444444444444,16.518,6.274537014502451,10.243462985497548,43.49999999999999,0.27993253696480525,5.26013675222926,18.689333427472256,0,59.55724910474455,0.45,1,0.4,0.3,5.253591904435776,8.062992587832015,3.7270879550758567,0,0.2626795952217888,0,0,,,
,0.6041666666666666,0.3888888888888889,0.9722222222222222,15.716,6.12092665824228,9.59507334175772,41.83801291676606,0.2800794152482107,5.097290269491375,18.698538082664378,0,59.56799116521404,0.45,1,0.4,0.3,5.054171079841715,2.8258186372301823,3.5482779974726837,0,0.25270855399208575,0,0,,,
,0.6048611111111111,0.3888888888888889,0.9722222222222222,17.981,6.038714700530801,11.9422852994692,12.810190308182458,0.2802857288675996,4.994782761497407,18.716650400387163,0,59.579044392745445,0.45,1,0.35,0.3,1.5708571244460072,2.8801126816037472,3.7175501451857804,0,0.07854285622230037,0,0,,,
,0.6055555555555555,0.3888888888888889,0.9722222222222222,12.15,5.54025859311965,6.60974140688035,21.749999999999996,0.28051501775049953,4.55086092778557,18.721258345883644,0,59.59150606513898,0.4,1,0.35,0.3,2.6436618021300595,3.1261494708900903,3.3760775779358947,0,0.13218309010650298,0,0,,,
,0.60625,0.3888888888888889,0.9722222222222222,9.943,4.165104587683146,5.777895412316854,26.325717722202324,0.28080465318132186,3.397197669518625,18.711386238901017,0,59.59109024326774,0.45,1,0.35,0.3,3.1927826850460383,0.8725339509298508,2.8360418350732584,0,0.15963913425230192,0,0,,,
,0.6069444444444444,0.3888888888888889,0.9722222222222222,8.303,5.653124873413417,2.649875126586583,21.68509887796416,0.2811718886385553,4.577761394905607,18.70070591884142,0,59.599955510949655,0.45,1,0.3,0.3,2.635952491992326,2.4966410758283475,3.249937462024025,0,0.1317976245996163,0,0,,,
,0.6076388888888888,0.3888888888888889,0.9722222222222222,8.774,5.569983188251201,3.204016811748799,21.68509168344034,0.2814360189299469,4.477387603528374,18.69022460936326,0,59.60382629156796,0.45,1,0.3,0.3,2.635983324284435,1.6229280770366346,3.29949411588792,0,0.13179916621422175,0,0,,,
,0.6083333333333333,0.3888888888888889,0.9722222222222222,7.343,5.486127681125073,1.8568723188749263,21.685153208814686,0.28163396139375585,4.377011912476837,18.67707020680524,0,59.609689936498796,0.45,1,0.3,0.3,2.636014460425013,1.9719119519676798,3.30145107245003,0,0.13180072302125065,0,0,,,
,0.6090277777777777,0.3888888888888889,0.9722222222222222,10.091,5.337253262801186,4.7537467371988145,21.685270022120893,0.28180102519136657,4.225747529349009,18.677532102403184,0,59.62185151485115,0.45,1,0.3,0.3,2.6360485256774715,3.0744537783615846,3.451763968260534,0,0.13180242628387356,0,0,,,
,0.6097222222222223,0.3888888888888889,0.9722222222222222,10.237,5.252983237085081,4.984016762914919,43.3956052131468,0.2819412797810155,4.126640426074363,18.676041387049857,0,59.62481943387888,0.45,1,0.3,0.3,5.241305579151338,1.4657741324455444,3.3938424566882865,0,0.2620652789575669,0,0,,,
,0.6104166666666667,0.3888888888888889,0.9722222222222222,10.177,5.168006412360312,5.008993587639687,65.1002634397387,0.28205326622001015,4.027610532867309,18.67406370399221,0,59.63200020677139,0.5,1,0.3,0.3,7.845878004715047,2.2030453313749128,3.347202564944124,0,0.39229390023575234,0,0,,,
,0.6111111111111112,0.4166666666666667,0.9444444444444444,7.807,5.082323037654393,2.7246769623456064,65.10034015470491,0.28208717185940807,3.9286859628757185,18.663058236564243,0,59.63571994357409,0.5,1,0.3,0.3,7.84589127918772,1.597604863696122,3.3770453669444773,0,0.392294563959386,0,0,,,
,0.6118055555555556,0.4166666666666667,0.9444444444444444,5.821,5.0561257768784325,0.7648742231215674,60.422998167801126,0.2818644940917912,3.8760390860637104,18.657580529713222,0,59.647262884973784,0.5,1,0.3,0.3,7.2845835194271515,2.9673301020625638,3.4252565995952935,0,0.36422917597135757,0,0,,,
,0.6125,0.4166666666666667,0.9444444444444444,5.591,4.967982539243329,0.6230174607566705,108.64112482832648,0.2814117740072352,3.7762250142192295,18.6559584556736,0,59.645103765599984,0.55,1,0.45,0.3,13.070704392280046,0.5704328062382417,3.3055921426594987,0,0.6535352196140023,0,0,,,
,0.6131944444444445,0.4166666666666667,0.9444444444444444,5.712,4.356364176257041,1.3556358237429587,106.03315554782672,0.2807862718100512,3.2826863549213985,18.664993998481577,1,59.63672102116541,0.55,1,0.45,0.3,12.757673018356412,3.037835687325673,3.208182088128521,0.05,0.6378836509178206,0,0,,,
,0.6138888888888889,0.4166666666666667,0.9444444444444444,5.626,4.447452421215158,1.1785475787848418,94.18577667282003,0.2800502834861735,3.3217067600196755,18.685743838500198,0,59.63282111958157,0.55,1,0.45,0.3,11.335899234756743,0.26661875002163576,3.1437262106075785,0,0.5667949617378372,0,0,,,
,0.6145833333333334,0.4166666666666667,0.9444444444444444,5.716,4.419574470778382,1.2964255292216176,62.27684493187702,0.2792044152463286,3.2710706437609307,18.715466029649964,0,59.63836504700224,0.5,1,0.4,0.3,7.5067259216548035,1.9193952018046907,3.16874468246703,0,0.37533629608274016,0,0,,,
,0.6152777777777778,0.4166666666666667,0.9444444444444444,5.66,3.0722148912004257,2.587785108799574,33.628919951889635,0.27825383134199666,2.2528511631576933,18.74101216415333,0,59.64086811464991,0.5,1,0.35,0.3,4.068860853987796,1.387469977518707,2.360328934720255,0,0.2034430426993898,0,0,,,
,0.6159722222222223,0.4166666666666667,0.9444444444444444,5.697,4.731731330582705,0.9652686694172953,21.749999999999996,0.2773038696645372,3.437015506800624,18.768668175622896,0,59.63544130431362,0.5,1,0.35,0.3,2.643276464359744,0,3.248865665291353,0,0.1321638232179872,0,0,,,
,0.6166666666666667,0.4166666666666667,0.9444444444444444,5.552,4.792981671993129,0.7590183280068713,21.749999999999996,0.276405322430407,3.447892450149496,18.79041902110302,0,59.636243401956904,0.45,1,0.35,0.3,2.643168638691649,1.0899649590058698,3.319490835996565,0,0.13215843193458246,0,0,,,
,0.6173611111111111,0.4166666666666667,0.9444444444444444,7.601,4.846867470324657,2.754132529675343,4.951935859874077,0.27563670471741797,3.452219920479025,18.81421754304094,0,59.64040473547327,0.45,1,0.35,0.3,0.6273087077509794,1.6779713920710098,3.3440903616460953,0,0.03136543538754897,0,0,,,
,0.6180555555555556,0.4166666666666667,0.9444444444444444,8.704,4.741984144074948,3.9620158559250522,0,0.2749906802367253,3.343384078591603,18.83078412262251,2,59.601909693450104,0.5,1,0.3,0.3,0.03299888162840704,1.748759840249543,3.1909920720374743,0.1,0.0016499440814203522,0,0,,,
,0.61875,0.4166666666666667,0.9444444444444444,8.179,4.5870290777372436,3.5919709222627563,0,0.27450834412738606,3.20068188389255,18.83875727466265,0,59.60466038809178,0.5,1,0.3,0.3,0.03294100129528633,1.4299969852925445,3.053514538868622,0,0.0016470500647643165,0,0,,,
,0.6194444444444445,0.4166666666666667,0.9444444444444444,6.301,4.481791046830921,1.819208953169079,0,0.27413068398152574,3.09413856432249,18.83451734401104,0,59.610463845104505,0.5,1,0.3,0.3,0.032895682077783095,1.9644513866489364,3.1608955234154603,0,0.0016447841038891547,0,0,,,
,0.6201388888888889,0.4166666666666667,0.9444444444444444,8.508,3.9053162910843664,4.602683708915634,21.710135834823415,0.2738556920355023,2.66691949332753,18.83590612222854,0,59.609786622731804,0.5,1,0.3,0.3,2.63807898322307,0.8309087877715878,2.81318977465062,0,0.1319039491611535,0,0,,,
,0.6208333333333333,0.4166666666666667,0.9444444444444444,8.724,3.810128060579436,4.913871939420564,21.710048065115423,0.27335491147717916,2.5730197188241855,18.83474190562105,0,59.607394713849736,0.5,1,0.3,0.3,2.638008357191112,0.531277449177398,2.7560768363476615,0,0.13190041785955559,0,0,,,
,0.6215277777777778,0.4166666666666667,0.9444444444444444,8.634,3.7143282467712746,4.919671753228725,21.710014964183316,0.2728842527099699,2.479782943748075,18.830061239150545,9.26,59.39805684101333,0.5,1,0.3,0.3,2.637947906027194,0.5404474750714612,2.698596948062765,0.46299999999999997,0.13189739530135972,0,0,,,
,0.6222222222222222,0.4166666666666667,0.9444444444444444,6.864,3.6179337055367244,3.2460662944632754,103.96931808508631,0.27243853046693567,2.3872575976386936,18.81153936227403,9.26,59.20952589534337,0.5,1,0.4,0.3,12.509010793866391,1.4873599540296665,2.6607602233220344,0.46299999999999997,0.6254505396933195,0,0,,,
,0.6229166666666667,0.4166666666666667,0.9444444444444444,7.27,3.478542189467634,3.791457810532366,107.83612646629119,0.2723535616555929,2.2678372702347853,18.808213660626528,7.480000000000001,59.058988549246706,0.5,1,0.45,0.3,12.973017603353613,1.1259189310116335,2.672052423153962,0.37400000000000005,0.6486508801676807,0,0,,,
,0.6236111111111111,0.4166666666666667,0.9444444444444444,7.245,3.3821925414422265,3.862807458557773,60.54721813644033,0.2720306733084851,2.177982763484311,18.81866737207762,0,59.061355538664806,0.5,1,0.4,0.3,7.298309857169859,1.3497157215163604,2.6094251519374474,0,0.36491549285849295,0,0,,,
,0.6243055555555556,0.4166666666666667,0.9444444444444444,7.243,3.2853188544282896,3.9576811455717102,62.783898398868466,0.27158022457980563,2.0889850271546715,18.83220832839645,0,59.05829642600327,0.5,1,0.4,0.3,7.566657434813794,0.40035570465142123,2.459191312656974,0,0.3783328717406897,0,0,,,
,0.625,0.3611111111111111,0.9444444444444444,6.998,3.187947595111325,3.8100524048886752,23.60371679052977,0.2711322584196836,2.000899009233213,18.84506278285818,0,59.05443402048054,0.5,1,0.4,0.3,2.864981885873934,0.25972941802715616,2.4007685570667947,0,0.1432490942936967,0,0,,,
,0.6256944444444444,0.3611111111111111,0.9444444444444444,7.018,3.0901083180725917,3.927891681927408,0,0.2707748653575543,1.9137815690507618,18.8539951337374,2,59.004845548613716,0.5,1,0.3,0.3,0.032492983842906525,0.25535058229761387,2.342064990843556,0.1,0.0016246491921453263,0,0,,,
,0.6263888888888889,0.3611111111111111,0.9444444444444444,6.899,3.1012913092984373,3.7977086907015627,21.717807265476246,0.27051905542557253,1.8945582906528207,18.856306050822088,0,59.00113286843223,0.55,1,0.3,0.3,2.6385991585082187,0.28428742526299294,2.3487747855790615,0,0.13192995792541093,0,0,,,
,0.6270833333333333,0.3611111111111111,0.9444444444444444,7.006,2.999008577884145,4.006991422115855,21.717652588548923,0.27035307931836994,1.8064466539957962,18.85748798333034,0,58.99725994680854,0.55,1,0.3,0.3,2.6385606801440753,0.25623044106231946,2.3933555756246947,0,0.13192803400720376,0,0,,,
,0.6277777777777778,0.3611111111111111,0.9444444444444444,6.986,2.8963551123378872,4.0896448876621125,21.717623333553753,0.2701585349292823,1.719528236708841,18.856874018237388,0,58.99192260610012,0.55,1,0.3,0.3,2.638533824217965,0,2.3066308230196264,0,0.13192669121089823,0,0,,,
,0.6284722222222222,0.3611111111111111,0.9444444444444444,7.083,2.8591043403961587,4.2238956596038415,35.431885928514134,0.2699288326575362,1.672314387360321,18.85508750973496,0,58.9865847625288,0.55,1,0.35,0.3,4.284217771340601,0,2.292417821257503,0,0.21421088856703005,0,0,,,
,0.6291666666666667,0.3611111111111111,0.9444444444444444,7.092,1.2026457440466647,5.889354255953335,21.749999999999996,0.26966489425924195,0.6927366952346138,18.851105241751718,0,58.98124601953837,0.55,1,0.35,0.3,2.642359787311109,0,1.1793811696419982,0,0.13211798936555547,0,0,,,
,0.6298611111111111,0.3611111111111111,0.9444444444444444,8.866,1.0955287836725727,7.770471216327428,21.749999999999996,0.2694305594575644,0.6211552910265051,18.857076538105883,0,58.97590617003052,0.55,1,0.35,0.3,2.6423316671349077,0,1.0829759053053154,0,0.1321165833567454,0,0,,,
,0.6305555555555555,0.3611111111111111,0.9444444444444444,8.752,1.0808575484414926,7.671142451558508,36.71267181320404,0.2692896851769395,0.6029548200164146,18.861540023096765,0,58.97056745458034,0.55,1,0.35,0.3,4.437835379805718,0,1.0697717935973432,0,0.2218917689902859,0,0,,,
,0.63125,0.3611111111111111,0.9444444444444444,8.314,1.007727602019038,7.306272397980962,21.709964016614805,0.2692415636985663,0.552819476512895,18.86413508267078,0,58.9652301445275,0.55,1,0.3,0.3,2.6375046696376048,0,1.003341221918086,0,0.13187523348188024,0,0,,,
,0.6319444444444444,0.3333333333333333,0.9722222222222222,6.816,0.9905814200303623,5.825418579969638,86.92143228844279,0.2692048845322888,0.5341059517986235,18.85436114291604,0,58.95989398471422,0.55,1,0.4,0.3,10.462876460757009,0,0.9870523490288441,0,0.5231438230378505,0,0,,,
,0.6326388888888889,0.3333333333333333,0.9722222222222222,6.788,0.9454790028010235,5.842520997198976,103.37826694338582,0.2692137597066132,0.5007809629087304,18.855416555314978,0,58.954557114853955,0.55,1,0.45,0.3,12.437697684371093,0,0.9442050526609723,0,0.6218848842185547,0,0,,,
,0.6333333333333333,0.3333333333333333,0.9722222222222222,6.806,0.9004538812485586,5.905546118751442,20.694540364660316,0.2690672465844616,0.46823649505537146,18.86950209768636,3,58.88305371217412,0.55,1,0.4,0.3,2.5156329133493736,0,0.9004538812485586,0.15,0.1257816456674687,0,0,,,
,0.6340277777777777,0.3333333333333333,0.9722222222222222,6.825,0.878674297443349,5.946325702556651,0,0.26879933475069623,0.4483068144463894,18.8812185063923,3.54,58.8259085726398,0.55,1,0.3,0.3,0.03225592017008355,0,0.878674297443349,0.177,0.0016127960085041775,0,0,,,
,0.6347222222222222,0.3333333333333333,0.9722222222222222,6.741,0.8108209610125575,5.9301790389874425,21.749999999999996,0.26856262428021604,0.4056367558760201,18.885493708625525,0.4600000000000001,58.81405318566717,0.55,1,0.35,0.3,2.6422275149136256,0,0.8108209610125575,0.023000000000000003,0.13211137574568127,0,0,,,
,0.6354166666666666,0.3333333333333333,0.9722222222222222,6.947,0.7870287950203577,6.159971204979643,21.749999999999996,0.2684263896651372,0.385810003144803,18.88876359972614,0,58.808742154840616,0.55,1,0.35,0.3,2.6422111667598163,0,0.7870287950203577,0,0.13211055833799082,0,0,,,
,0.6361111111111111,0.3333333333333333,0.9722222222222222,6.84,0.6635521232674477,6.176447876732552,21.749999999999996,0.26837907031512265,0.31850558582279315,18.889413304703744,0,58.80343232463298,0.55,1,0.35,0.3,2.6422054884378148,0,0.6635521232674477,0,0.13211027442189074,0,0,,,
,0.6368055555555555,0.3333333333333333,0.9722222222222222,6.975,0.5865829641783498,6.38841703582165,43.46904487773005,0.2684154432925813,0.2754867791008162,18.88850827763742,0,58.798123723905505,0.55,1,0.35,0.3,5.248495238522716,0,0.5865829641783498,0,0.26242476192613584,0,0,,,
,0.6375,0.3333333333333333,0.9722222222222222,6.94,0.5318564295798581,6.408143570420142,31.361096229396615,0.2685272047693332,0.24419967613302923,18.889814435735794,1,58.772700664833465,0.6,1,0.35,0.3,3.7955548120999136,0,0.5318564295798581,0.05,0.1897777406049957,0,0,,,
,0.6381944444444444,0.3333333333333333,0.9722222222222222,6.66,0.4958815565047713,6.164118443495228,21.749999999999996,0.2685679803390009,0.2224006618084033,18.88954880558099,0,58.76739827279614,0.6,1,0.35,0.3,2.64222815764068,0,0.4958815565047713,0,0.132111407882034,0,0,,,
,0.6388888888888888,0.3611111111111111,0.9722222222222222,6.835,0.5495085776350775,6.285491422364922,4.723025321871988,0.26862716078787413,0.24051607679858733,18.88974494096367,0,58.76209708237769,0.6,1,0.35,0.3,0.5989982979191835,0,0.5495085776350775,0,0.029949914895959173,0,0,,,
,0.6395833333333333,0.3611111111111111,0.9722222222222222,6.866,0.4254866284203387,6.440513371579661,0,0.26870484158930524,0.18157027819170507,18.8849258140823,0,58.756797278248236,0.6,1,0.3,0.3,0.032244580990716636,0,0.4254866284203387,0,0.0016122290495358318,0,0,,,
,0.6402777777777777,0.3611111111111111,0.9722222222222222,6.783,0.4038485800700027,6.379151419929998,21.749999999999996,0.26885337388707214,0.167847651927741,18.87393112753175,0,58.75149840527661,0.65,1,0.35,0.3,2.6422624048664485,0,0.4038485800700027,0,0.13211312024332242,0,0,,,
,0.6409722222222223,0.3611111111111111,0.9722222222222222,8.903,0.36925412791076945,8.53374587208923,65.21001371996701,0.2690637317311456,0.14930575157189946,18.86773750644839,0,58.74619975792458,0.65,1,0.4,0.3,7.857489294203781,0,0.36925412791076945,0,0.39287446471018905,0,0,,,
,0.6416666666666667,0.3611111111111111,0.9722222222222222,8.758,0.32504414349951316,8.432955856500486,84.20063104522204,0.26930385253993827,0.1277112274232478,18.86270057214574,0,58.74090232926742,0.65,1,0.45,0.3,10.136392187731436,0,0.32504414349951316,0,0.5068196093865718,0,0,,,
,0.6423611111111112,0.3611111111111111,0.9722222222222222,8.631,0.3217062510405925,8.309293748959407,47.600588315158035,0.2695326601160466,0.12266576846090967,18.862600891335415,0,58.735606252738286,0.65,1,0.4,0.3,5.744414517032889,0,0.3217062510405925,0,0.2872207258516445,0,0,,,
,0.6430555555555556,0.3611111111111111,0.9722222222222222,6.968,0.28807303975611764,6.679926960243883,39.034942438501815,0.2697498924128848,0.10644889878256344,18.85773678117421,0,58.730312308347266,0.65,1,0.35,0.3,4.716563079709765,0,0.28807303975611764,0,0.23582815398548823,0,0,,,
,0.64375,0.3611111111111111,0.9722222222222222,9.206,0.3159005750495624,8.890099424950437,21.749999999999996,0.26993906689071295,0.11295664290284789,18.852406887636366,0,58.72501951863912,0.65,1,0.35,0.3,2.6423926880268853,0,0.3159005750495624,0,0.13211963440134428,0,0,,,
,0.6444444444444445,0.3611111111111111,0.9722222222222222,9.054,0.3107650950013578,8.743234904998642,21.749999999999996,0.27013030152756756,0.1073516989977591,18.84276122981401,0,58.71972781533968,0.65,1,0.35,0.3,2.6424156361833075,0,0.3107650950013578,0,0.13212078180916537,0,0,,,
,0.6451388888888889,0.3611111111111111,0.9722222222222222,10.974,0.19545139312286214,10.778548606877138,43.49999999999999,0.2704149025424975,0.06511190798979355,18.84117649967858,0,58.71443699193956,0.65,1,0.4,0.3,5.2524497883051,0,0.19545139312286214,0,0.262622489415255,0,0,,,
,0.6458333333333334,0.3888888888888889,1,8.731,0.16779846202495627,8.563201537975043,59.11248193610556,0.270397211809425,0.053803770403157924,18.829213288899467,0,58.7091467027798,0.65,1,0.4,0.3,7.1259454977498,0,0.16779846202495627,0,0.35629727488749,0,0,,,
,0.6465277777777778,0.3888888888888889,1,8.868,0.14199134986454262,8.726008650135457,57.93067274000996,0.27079892251183646,0.043728647973073284,18.82300655185124,0,58.70385756518034,0.65,1,0.4,0.3,6.984176599502616,0,0.14199134986454262,0,0.3492088299751308,0,0,,,
,0.6472222222222223,0.3888888888888889,1,9.118,0.13554489229704073,8.98245510770296,25.482285910158964,0.2711075094582492,0.039998986720401065,18.821790924254707,3,58.64348058595438,0.65,1,0.4,0.3,3.0904072103540656,0,0.13554489229704073,0.15,0.1545203605177033,0,0,,,
,0.6479166666666667,0.3888888888888889,1,11.026,0.09361777259894435,10.932382227401055,21.749999999999996,0.27137866059880095,0.026403349751152223,18.829427314064716,0,58.638204745787206,0.65,1,0.35,0.3,2.6425654392718565,0,0.09361777259894435,0,0.13212827196359284,0,0,,,
,0.6486111111111111,0.3888888888888889,1,10.972,0.07243875265142048,10.89956124734858,21.749999999999996,0.2716979386805815,0.01946939830525294,18.83293959754048,0,58.63293294359137,0.65,1,0.35,0.3,2.64260375264167,0,0.07243875265142048,0,0.1321301876320835,0,0,,,
,0.6493055555555556,0.3888888888888889,1,11.113,0.05099853266345505,11.062001467336545,9.981565588549145,0.2720595333747257,0.013020156831091317,18.83330161855944,0,58.62766471349421,0.65,1,0.35,0.3,1.2304350146308647,0,0.05099853266345505,0,0.061521750731543236,0,0,,,
,0.65,0.3888888888888889,1,9.026,0.04101769988943234,8.984982300110568,21.749999999999996,0.2724411791742132,0.009911169442776875,18.81774181758874,0,58.622399629416066,0.65,1,0.35,0.3,2.642692941500905,0,0.04101769988943234,0,0.13213464707504524,0,0,,,
,0.6506944444444445,0.3888888888888889,1,11.112,0.02873554863240002,11.0832644513676,40.92732457673797,0.27285876669427617,0.0065444396084819514,18.8075119301383,0,58.61713516674372,0.65,1,0.4,0.3,4.944022001211871,0,0.02873554863240002,0,0.24720110006059354,0,0,,,
,0.6513888888888889,0.3888888888888889,1,10.917,0.019182216392063797,10.897817783607936,25.271961216273905,0.27329992058725067,0.00409822363075693,18.798931759357814,0,58.611872373735096,0.65,1,0.35,0.3,3.065431336423339,0,0.019182216392063797,0,0.15327156682116697,0,0,,,
,0.6520833333333333,0.3888888888888889,1,11.393,0.012924687402255908,11.380075312597745,21.710003901008967,0.2737712248998512,0.0025762341650211315,18.79145863116064,0,58.60661170520062,0.65,1,0.3,0.3,2.6380530151090587,0,0.012924687402255908,0,0.13190265075545293,0,0,,,
,0.6527777777777778,0.4166666666666667,1,9.593,0.00781954536775261,9.585180454632248,43.45997843299635,0.27421102282884247,0.0014449052526923525,18.77718909611301,9.26,58.402899316017475,0.7,1,0.35,0.3,5.2481027346990246,0,0.00781954536775261,0.46299999999999997,0.26240513673495125,0,0,,,
,0.6534722222222222,0.4166666666666667,1,9.485,0.00415929898027085,9.48084070101973,60.68628196088807,0.27462939628415767,0.0007071062033964771,18.764890674736517,9.26,58.21395283267891,0.65,1,0.4,0.3,7.315309362860667,0,0.00415929898027085,0.46299999999999997,0.36576546814303335,0,0,,,
,0.6541666666666667,0.4166666666666667,1,9.833,0.0016020773370147101,9.831397922662985,36.19711749373328,0.2750135326077586,0.00024831601326606555,18.759262134904514,9.26,58.03867592274921,0.6,1,0.4,0.3,4.376655723160926,0,0.0016020773370147101,0.46299999999999997,0.2188327861580463,0,0,,,
,0.6548611111111111,0.4166666666666667,1,9.41,0.0006570747372099459,9.40934292526279,65.2201667302253,0.2753789509812224,9.182399972916355e-05,18.75388295140237,0.22000000000000025,58.02977492112815,0.65,1,0.4,0.3,7.859465481744785,0,0.0006570747372099459,0.011000000000000013,0.39297327408723925,0,0,,,
,0.6555555555555556,0.4166666666666667,1,8.284,0.00021267570275295184,8.283787324297247,57.57895321181229,0.27580444255269615,2.642538797634954e-05,18.752993918924407,0,58.02461793646222,0.65,1,0.4,0.3,6.942570918523797,0,0.00021267570275295184,0,0.34712854592618986,0,0,,,
,0.65625,0.4166666666666667,1,8.344,4.868609689928944e-05,8.343951313903101,65.24999999999999,0.2761323081998963,5.282781900667741e-06,18.75567204369097,3.54,57.969486006270834,0.65,1,0.45,0.3,7.863135876983987,0,4.868609689928944e-05,0.177,0.3931567938491994,0,0,,,
,0.6569444444444444,0.4166666666666667,1,7.996,6.8052016678821915e-06,7.9959931947983325,26.933745211878836,0.27641654713581726,6.295218918049594e-07,18.759007241892082,0.4600000000000001,57.958033610802524,0.65,1,0.4,0.3,3.265219411081759,0,6.8052016678821915e-06,0.023000000000000003,0.16326097055408795,0,0,,,
,0.6576388888888889,0.4166666666666667,1,6.051,3.726103840656474e-07,6.050999627389616,21.749999999999996,0.27673005845058607,2.84090419872638e-08,18.76087071359327,0,57.95289509233044,0.65,1,0.35,0.3,2.64320760701407,0,3.726103840656474e-07,0,0.1321603803507035,0,0,,,
,0.6583333333333333,0.4166666666666667,1,9.011,3.6965519560218925e-09,9.010999996303449,21.749999999999996,0.2771017516082449,2.207322330958974e-10,18.76825000467678,0,57.94775989816041,0.65,1,0.35,0.3,2.643252210192989,0,3.6965519560218925e-09,0,0.13216261050964945,0,0,,,
,0.6590277777777778,0.4166666666666667,1,8.828,1.133195694221348e-12,8.827999999998866,31.31487032006861,0.27750398440016755,4.86243544328814e-14,18.772220569217463,0,57.942629147803814,0.7,1,0.4,0.3,3.791084916536254,0,1.133195694221348e-12,0,0.1895542458268127,0,0,,,
,0.6597222222222222,0.4444444444444444,1,8.958,4.317651045173303e-21,8.958,65.24999999999999,0.27793469545431276,1.115040300202066e-22,18.775970915661496,0,57.93750241887865,0.65,1,0.45,0.3,7.863352163454517,0,4.317651045173303e-21,0,0.3931676081727259,0,0,,,
,0.6604166666666667,0.4444444444444444,1,6.29,1.7169671907151742e-64,6.29,46.093918045588914,0.2783589331113119,1.4516721001617475e-66,18.776802591467472,0,57.93237963595303,0.65,1,0.45,0.3,5.564673237444028,0,1.7169671907151742e-64,0,0.2782336618722014,0,0,,,
,0.6611111111111111,0.4444444444444444,1,6.323,0,6.323,21.749999999999996,0.2788093119739445,0,18.777778384838438,2,57.88002405486792,0.65,1,0.35,0.3,2.643457117436873,0,0,0.1,0.13217285587184363,0,0,,,
,0.6618055555555555,0.4444444444444444,1,10.184,0,10.184,65.20998834881976,0.27928242220764066,0,18.778456213341382,0,57.87491671230852,0.65,1,0.4,0.3,7.8587124925232885,0,0,0,0.39293562462616444,0,0,,,
,0.6625,0.4444444444444444,1,10.293,0,10.293,57.21036068543298,0.2797760528406866,0,18.78289051408729,0,57.86981318223921,0.65,1,0.4,0.3,6.89881640859284,0,0,0,0.34494082042964197,0,0,,,
,0.6631944444444444,0.4444444444444444,1,10.173,0,10.173,36.14641092259843,0.2802144642231497,0,18.78862491866539,0,57.86471379243453,0.65,1,0.35,0.3,4.37119504641859,0,0,0,0.2185597523209295,0,0,,,
,0.6638888888888889,0.4444444444444444,1,10.243,0,10.243,60.74686760517614,0.280611052259656,0,18.792980189494635,0,57.85961852606907,0.65,1,0.35,0.3,7.323297438892297,0,0,0,0.36616487194461483,0,0,,,
,0.6645833333333333,0.4444444444444444,1,10.205,0,10.205,28.742910843717944,0.2809679428739022,0,18.802415905006836,0,57.85452691917067,0.65,1,0.35,0.3,3.4828654543910216,0,0,0,0.17414327271955107,0,0,,,
,0.6652777777777777,0.4444444444444444,1,10.228,0,10.228,21.706484025296458,0.2811939152128209,0,18.81156872656449,1,57.829597163578896,0.65,1,0.3,0.3,2.6385213528611136,0,0,0.05,0.13192606764305567,0,0,,,
,0.6659722222222222,0.4444444444444444,1,10.909,0,10.909,21.706330722923973,0.2813795660166997,0,18.822687395902086,0,57.82451624193836,0.65,1,0.3,0.3,2.6385252346728807,0,0,0,0.13192626173364402,0,0,,,
,0.6666666666666666,0.3888888888888889,1,10.913,0,10.913,43.4563411647038,0.28144455794856277,0,18.83122971012495,0,57.819438468753034,0.65,1,0.35,0.3,5.248534286718285,0,0,0,0.26242671433591425,0,0,,,
,0.6673611111111111,0.3888888888888889,1,12.932,0,12.932,42.449628823151954,0.2814874084444519,0,18.848215382603634,2,57.78708112116557,0.65,1,0.35,0.3,5.12773394779157,0,0,0.1,0.2563866973895785,0,0,,,
,0.6680555555555555,0.3888888888888889,1,12.083,0,12.083,21.706619398514775,0.281429863501832,0,18.863541761443066,0,57.78201405768755,0.65,1,0.3,0.3,2.6385659114419933,0,0,0,0.13192829557209967,0,0,,,
,0.66875,0.3888888888888889,1,14.176,0,14.176,39.31644908725629,0.2812855205671998,0,18.885127768639325,3,57.71794325943315,0.65,1,0.35,0.3,4.751728152938819,0,0,0.15,0.23758640764694094,0,0,,,
,0.6694444444444444,0.3888888888888889,1,13.612,0,13.612,24.706964761722084,0.28106429841723446,0,18.901112232540903,2,57.67450454589755,0.65,1,0.4,0.3,2.9985634872167184,0,0,0.1,0.14992817436083591,0,0,,,
,0.6701388888888888,0.3888888888888889,1,13.938,0,13.938,64.483081526983,0.280817041954978,0,18.914840690897318,9.26,57.49459681148916,0.65,1,0.45,0.3,7.771667828272559,0,0,0.46299999999999997,0.38858339141362797,0,0,,,
,0.6708333333333333,0.3888888888888889,1,15.709,0,15.709,55.41926896331318,0.2806372996676609,0,18.94158064390744,12.8,57.25559628807074,0.65,1,0.45,0.3,6.683988751557702,0,0,0.64,0.33419943757788506,0,0,,,
,0.6715277777777777,0.3888888888888889,1,15.649,0,15.649,21.749999999999996,0.28054481018815214,0,18.971003377746644,10.72,57.071869421425774,0.65,1,0.35,0.3,2.6436653772225776,0,0,0.536,0.13218326886112888,0,0,,,
,0.6722222222222223,0.3888888888888889,1,15.712,0,15.712,65.20993443065292,0.2805315289014038,0,18.998609533532058,3.2199999999999993,57.01869422203204,0.65,1,0.4,0.3,7.8588559151465205,0,0,0.16099999999999998,0.39294279575732605,0,0,,,
,0.6729166666666667,0.3888888888888889,1,14.013,0,14.013,80.46009028279856,0.2805902783577821,0,19.020699686049518,0,57.013779866247475,0.65,1,0.4,0.3,9.688881667338762,0,0,0,0.4844440833669381,0,0,,,
,0.6736111111111112,0.3888888888888889,1,13.908,0,13.908,57.22655210639772,0.2806496002393064,0,19.04971035204236,0,57.008870478789376,0.65,1,0.35,0.3,6.900864204796443,0,0,0,0.34504321023982215,0,0,,,
,0.6743055555555556,0.3888888888888889,1,13.766,0,13.766,59.08206478308146,0.28058383520667945,0,19.079680003479467,4.54,56.9213646939737,0.7,1,0.4,0.3,7.123517834194578,0,0,0.227,0.3561758917097289,0,0,,,
,0.675,0.3888888888888889,1,16.049,0,16.049,21.749999999999996,0.2804495992385816,0,19.120357657188254,2.46,56.86976349258072,0.7,1,0.35,0.3,2.6436539519086297,0,0,0.123,0.1321826975954315,0,0,,,
,0.6756944444444445,0.3888888888888889,1,13.343,0,13.343,12.774260066138464,0.280302353711171,0,19.155682683747848,0,56.86489389360156,0.65,1,0.35,0.3,1.5665474903819563,0,0,0,0.07832737451909781,0,0,,,
,0.6763888888888889,0.3888888888888889,1,13.381,0,13.381,21.709940556632368,0.28023394999615675,0,19.185695489594075,0,56.86003079425128,0.6,1,0.3,0.3,2.6388209407954233,0,0,0,0.13194104703977116,0,0,,,
,0.6770833333333334,0.3888888888888889,1,11.262,0,11.262,21.710003979611443,0.28023573711027655,0,19.206097144549037,0,56.85517368383969,0.6,1,0.3,0.3,2.6388287660066068,0,0,0,0.13194143830033034,0,0,,,
,0.6777777777777778,0.3888888888888889,1,11.637,0,11.637,30.46171397367764,0.28013932267038777,0,19.225522494593093,0,56.850320352562505,0.6,1,0.3,0.3,3.689022395561764,0,0,0,0.1844511197780882,0,0,,,
,0.6784722222222223,0.3888888888888889,1,16.672,0,16.672,43.436839817950016,0.27996048008642366,0,19.25057045333157,0,56.84547016138735,0.6,1,0.35,0.3,5.246016035764373,0,0,0,0.26230080178821863,0,0,,,
,0.6791666666666667,0.3888888888888889,1,17.306,0,17.306,64.93251293706987,0.27974075328478015,0,19.274529996253204,0,56.84062384002758,0.6,1,0.4,0.3,7.82547044284256,0,0,0,0.391273522142128,0,0,,,
,0.6798611111111111,0.3888888888888889,1,17.233,0,17.233,42.57816115433895,0.27954753308132047,0,19.297720125814912,2,56.800162737516175,0.6,1,0.35,0.3,5.142925042490434,0,0,0.1,0.2571462521245217,0,0,,,
,0.6805555555555556,0.3888888888888889,1,14.816,0,14.816,43.43684666374326,22.02937564465426,0,19.322427204360523,0,56.91961589389507,0.6,1,0.4,0.35,7.855946677007703,0,0,0,0.3927973338503851,0,0,,,
,0.68125,0.3888888888888889,1,14.811,0,14.811,35.76694628806373,22.029222319205342,0,19.34533510745354,0,57.03905193194375,0.6,1,0.4,0.35,6.93554023287229,0,0,0,0.3467770116436145,0,0,,,
,0.6819444444444445,0.3888888888888889,1,15.046,0,15.046,43.40772954702795,2.3886639993286907,0,19.366761742426338,0,57.046239660484275,0.6,1,0.35,0.35,5.495567225562799,0,0,0,0.2747783612781399,0,0,,,
,0.6826388888888889,0.3888888888888889,1,13.367,0,13.367,78.8442105670185,0.3349791849286892,0,19.37473727359338,0,57.041694488183644,0.6,1,0.4,0.35,9.501502770233662,0,0,0,0.4750751385116831,0,0,,,
,0.6833333333333333,0.3888888888888889,1,13.447,0,13.447,108.60040423935764,0.33477697542138063,0,19.389324999634947,0,57.037150306806396,0.65,1,0.45,0.35,13.072221745773483,0,0,0,0.6536110872886741,0,0,,,
,0.6840277777777778,0.3888888888888889,1,13.712,0,13.712,77.43967572039652,0.3344582121341337,0,19.416175588298795,0,57.03260758368022,0.65,1,0.45,0.35,9.332896071903681,0,0,0,0.46664480359518407,0,0,,,
,0.6847222222222222,0.3888888888888889,1,13.918,0,13.918,60.81956442427214,0.3339754232726852,0,19.448205570146996,0,57.02806748347113,0.65,1,0.35,0.35,7.33842478170538,0,0,0,0.366921239085269,0,0,,,
,0.6854166666666667,0.3888888888888889,1,13.593,0,13.593,43.39191393049447,0.33333958362254623,0,19.478668114411327,0,57.02353001904955,0.65,1,0.35,0.35,5.247030421694043,0,0,0,0.26235152108470217,0,0,,,
,0.6861111111111111,0.3888888888888889,1,13.368,0,13.368,34.80764996000107,0.3326042090991737,0,19.506474908358904,0,57.01899435248932,0.65,1,0.35,0.35,4.216830500292029,0,0,0,0.21084152501460146,0,0,,,
,0.6868055555555556,0.3888888888888889,1,13.393,0,13.393,43.46164865174165,0.3318118072191538,0,19.53366851158229,0,57.014459702340176,0.65,1,0.4,0.35,5.255215255075298,0,0,0,0.2627607627537649,0,0,,,
,0.6875,0.4722222222222222,0.9722222222222222,13.471,0,13.471,29.62073193571815,0.3309336555371955,0,19.568281566484018,0,57.009925473310524,0.65,1,0.4,0.35,3.5941998709506415,0,0,0,0.1797099935475321,0,0,,,
,0.6881944444444444,0.4722222222222222,0.9722222222222222,14.426,0,14.426,0,0.32955772101456343,0,19.599883942616387,2,56.95886116479831,0.65,1,0.35,0.35,0.039546926521747613,0,0,0.1,0.0019773463260873807,0,0,,,
,0.6888888888888889,0.4722222222222222,0.9722222222222222,12.375,0,12.375,43.49999999999999,0.32829403521067413,0,19.6116498855119,0,56.95433273461856,0.6,1,0.45,0.35,5.259395284225281,0,0,0,0.26296976421126406,0,0,,,
,0.6895833333333333,0.4722222222222222,0.9722222222222222,12.42,0,12.42,34.40421217497859,0.32754272049183414,0,19.623251171769198,0,56.94980280453295,0.6,1,0.45,0.35,4.167810587456452,0,0,0,0.2083905293728226,0,0,,,
,0.6902777777777778,0.4722222222222222,0.9722222222222222,10.962,0,10.962,0,0.32692185357447356,0,19.62914798357413,0,56.94527209198776,0.65,1,0.35,0.35,0.03923062242893683,0,0,0,0.0019615311214468416,0,0,,,
,0.6909722222222222,0.4722222222222222,0.9722222222222222,11.062,0,11.062,0,0.3264360302295543,0,19.62865478433003,0,56.94074039088478,0.65,1,0.35,0.35,0.039172323627546524,0,0,0,0.001958616181377326,0,0,,,
,0.6916666666666667,0.4722222222222222,0.9722222222222222,11.006,0,11.006,0,3.3360653962219606,0,19.622009923844445,2,56.92166718845893,0.65,1,0.35,0.35,0.40032784754663536,0,0,0.1,0.020016392377331767,0,0,,,
,0.6923611111111111,0.4722222222222222,0.9722222222222222,11.107,0,11.107,0,0.3258002059228436,0,19.610587657569333,3,56.87386958156342,0.65,1,0.35,0.35,0.039096024710741244,0,0,0.15,0.001954801235537062,0,0,,,
,0.6930555555555555,0.4722222222222222,0.9722222222222222,11.025,0,11.025,65.10873473204231,0.32562239559700856,0,19.59389267354116,0,56.869342289779865,0.65,1,0.35,0.35,7.85212285531672,0,0,0,0.392606142765836,0,0,,,
,0.69375,0.4722222222222222,0.9722222222222222,11.155,0,11.155,48.00050867467414,0.3255363589819991,0,19.58154725629221,0,56.86481242046841,0.65,1,0.35,0.35,5.799125404038738,0,0,0,0.28995627020193687,0,0,,,
,0.6944444444444444,0.5277777777777778,0.9722222222222222,10.976,0,10.976,43.40186061723083,0.32526996287825544,0,19.56923986234461,0,56.86027968908529,0.65,1,0.35,0.35,5.24725566961309,0,0,0,0.2623627834806545,0,0,,,
,0.6951388888888889,0.5277777777777778,0.9722222222222222,10.761,0,10.761,36.466585258302864,0.32502719015098,0,19.55514684034084,2,56.81400771054033,0.65,1,0.35,0.35,4.414993493814461,0,0,0.1,0.22074967469072307,0,0,,,
,0.6958333333333333,0.5277777777777778,0.9722222222222222,10.756,0,10.756,21.749999999999996,0.3247518605627549,0,19.539711642381917,0,56.8094762021658,0.65,1,0.4,0.35,2.6489702232675305,0,0,0,0.13244851116337653,0,0,,,
,0.6965277777777777,0.5277777777777778,0.9722222222222222,10.729,0,10.729,43.44245725656135,0.3244675700196524,0,19.521547260115028,0,56.80494120006995,0.7,1,0.4,0.35,5.252030979189721,0,0,0,0.26260154895948606,0,0,,,
,0.6972222222222222,0.5277777777777778,0.9722222222222222,10.827,0,10.827,25.819170033164816,0.3242831726246507,0,19.504518154145106,2,56.75424353210258,0.75,1,0.4,0.35,3.1372143846947367,0,0,0.1,0.15686071923473682,0,0,,,
,0.6979166666666666,0.5277777777777778,0.9722222222222222,10.962,0,10.962,43.44233397504316,0.324117046943871,0,19.487240657342532,0,56.74970996230603,0.75,1,0.4,0.35,5.251974122638446,0,0,0,0.26259870613192227,0,0,,,
,0.6986111111111111,0.5277777777777778,0.9722222222222222,11.221,0,11.221,58.603894647036114,0.3239678590158735,0,19.47237023656334,0,56.74517335533384,0.75,1,0.45,0.35,7.07134350072624,0,0,0,0.35356717503631196,0,0,,,
,0.6993055555555555,0.5277777777777778,0.9722222222222222,10.881,0,10.881,35.30285637840964,0.3238445955576857,0,19.459345009487755,0,56.740634272488094,0.75,1,0.4,0.35,4.27520411687608,0,0,0,0.213760205843804,0,0,,,
,0.7,0.5277777777777778,0.9722222222222222,10.288,0,10.288,0,0.32373336605627945,0,19.441281224448286,0,56.73609309927762,0.75,1,0.35,0.35,0.03884800392675354,0,0,0,0.001942400196337677,0,0,,,
,0.7006944444444444,0.5277777777777778,0.9722222222222222,10.468,0,10.468,21.709596874176885,0.32365715263058603,0,19.420063780532427,0,56.73154917239983,0.75,1,0.35,0.35,2.6439904832168963,0,0,0,0.13219952416084482,0,0,,,
,0.7013888888888888,0.5833333333333334,0.9444444444444444,10.416,0,10.416,25.03970979235101,0.32366085766869207,0,19.399832736654695,0,56.72700240837647,0.8,1,0.35,0.35,3.0436044780023646,0,0,0,0.15218022390011823,0,0,,,
,0.7020833333333333,0.5833333333333334,0.9444444444444444,10.476,0,10.476,21.68877472260096,0.3235249635846368,0,19.380519983597456,0,56.72245217908179,0.8,1,0.35,0.35,2.641475962342272,0,0,0,0.1320737981171136,0,0,,,
,0.7027777777777777,0.5833333333333334,0.9444444444444444,10.937,0,10.937,21.6888591796288,0.3233281250081747,0,19.36360553953177,0,56.71789829427691,0.8,1,0.35,0.35,2.641462476556437,0,0,0,0.13207312382782185,0,0,,,
,0.7034722222222223,0.5833333333333334,0.9444444444444444,10.141,0,10.141,43.399080897157035,0.32309526993752036,0,19.34620546911353,0,56.7133409599186,0.8,1,0.35,0.35,5.246661140051348,0,0,0,0.26233305700256737,0,0,,,
,0.7041666666666667,0.5833333333333334,0.9444444444444444,10.333,0,10.333,43.39933414368538,0.3228297472939461,0,19.33151134609451,1,56.687552213725326,0.8,1,0.35,0.35,5.24665966691752,0,0,0.05,0.26233298334587596,0,0,,,
,0.7048611111111112,0.5833333333333334,0.9444444444444444,10.751,0,10.751,43.39974286620272,10.612464770530337,0,19.320483141547992,3,56.68299097683676,0.8,1,0.35,0.35,6.481464916407967,0,0,0.15,0.32407324582039837,0,0,,,
,0.7055555555555556,0.5833333333333334,0.9444444444444444,10.933,0,10.933,48.76584023015101,0.3220094180478759,0,19.311999483353716,1,56.65737434301714,0.8,1,0.4,0.35,5.890541957783866,0,0,0.05,0.2945270978891933,0,0,,,
,0.70625,0.5833333333333334,0.9444444444444444,7.589,0,7.589,20.836782194603742,0.32145809868051145,0,19.30127609384403,7.54,56.50463502851362,0.8,1,0.4,0.35,2.5389888351941106,0,0,0.377,0.12694944175970552,0,0,,,
,0.7069444444444445,0.5833333333333334,0.9444444444444444,7.828,0,7.828,21.749999999999996,0.3209252448395694,0,19.289857469146206,0.4600000000000001,56.4898953943557,0.8,1,0.4,0.35,2.648511029380748,0,0,0.023000000000000003,0.1324255514690374,0,0,,,
,0.7076388888888889,0.5833333333333334,0.9444444444444444,7.986,0,7.986,36.1189260804657,0.32047237540492424,0,19.27833670897092,1,56.46319294166295,0.8,1,0.4,0.35,4.372727814704475,0,0,0.05,0.21863639073522373,0,0,,,
,0.7083333333333334,0.6111111111111112,0.9166666666666666,8.027,0,8.027,43.37927193828282,0.32011215058703196,0,19.268024416865003,3.54,56.38049445901862,0.8,1,0.4,0.35,5.243926090664384,0,0,0.177,0.2621963045332192,0,0,,,
,0.7090277777777778,0.6111111111111112,0.9166666666666666,8.052,0,8.052,42.51751727811892,22.030344702270536,0,19.257812436576337,9.72,56.345697499595076,0.8,1,0.4,0.35,7.745743437646737,0,0,0.48600000000000004,0.38728717188233686,0,0,,,
,0.7097222222222223,0.6111111111111112,0.9166666666666666,8.282,0,8.282,25.90429332648641,22.030102726999402,0,19.251422168236136,9.26,56.322280781668965,0.85,1,0.35,0.35,5.752127526418298,0,0,0.46299999999999997,0.2876063763209149,0,0,,,
,0.7104166666666667,0.6111111111111112,0.9166666666666666,10.91,0,10.91,43.46693122717972,11.15026970337936,0,19.254052839341927,6.019999999999999,56.26450373650871,0.85,1,0.4,0.35,6.554064111667092,0,0,0.30099999999999993,0.3277032055833546,0,0,,,
,0.7111111111111111,0.6111111111111112,0.9166666666666666,12.959,0,12.959,65.21690831233487,0.318648891455636,0,19.265492235092015,1.4600000000000004,56.22811971067718,0.9,1,0.45,0.35,7.864266864454862,0,0,0.07300000000000002,0.3932133432227431,0,0,,,
,0.7118055555555556,0.6111111111111112,0.9166666666666666,12.789,0,12.789,58.89932114970348,0.31801953301411623,0,19.28222384323059,1,56.21070549758402,0.9,1,0.45,0.35,7.106080881926111,0,0,0.05,0.35530404409630556,0,0,,,
,0.7125,0.6111111111111112,0.9166666666666666,15.12,0,15.12,43.49999999999999,0.31739886488396835,0,19.308390663140408,0,56.206188608528315,0.9,1,0.45,0.35,5.258087863786075,0,0,0,0.26290439318930375,0,0,,,
,0.7131944444444445,0.6111111111111112,0.9166666666666666,14.96,0,14.96,36.38530663121585,0.3168081034599269,0,19.336374720322326,0,56.201673603757456,0.9,1,0.45,0.35,4.404253768161093,0,0,0,0.22021268840805464,0,0,,,
,0.7138888888888889,0.6111111111111112,0.9166666666666666,14.92,0,14.92,43.461267630332195,0.31651651381497,0,19.364320795883035,0,56.197162504027816,0.9,1,0.4,0.35,5.25333409729766,0,0,0,0.262666704864883,0,0,,,
,0.7145833333333333,0.6111111111111112,0.9166666666666666,15.04,0,15.04,65.21122039234467,0.31631330959733645,0,19.392103817607406,6.54,56.05421053112583,0.9,1,0.45,0.35,7.863304044233041,0,0,0.327,0.393165202211652,0,0,,,
,0.7152777777777778,0.6388888888888888,0.8888888888888888,12.64,0,12.64,46.38309791762789,0.3161382959456457,0,19.413446230390694,1.4600000000000004,56.02016671970857,0.9,1,0.45,0.35,5.603908345628826,0,0,0.07300000000000002,0.28019541728144126,0,0,,,
,0.7159722222222222,0.6388888888888888,0.8888888888888888,12.729,0,12.729,33.797082596874645,9.980171699002527,0,19.434180867485182,8.08,55.93030573351717,0.9,1,0.4,0.35,5.25327051550526,0,0,0.404,0.26266352577526303,0,0,,,
,0.7166666666666667,0.6388888888888888,0.8888888888888888,12.637,0,12.637,45.20724051139552,1.5716097951296033,0,19.452681558829845,0.9200000000000002,55.91759990971123,0.95,1,0.4,0.35,5.613462036783015,0,0,0.046000000000000006,0.28067310183915073,0,0,,,
,0.7173611111111111,0.6388888888888888,0.8888888888888888,12.857,0,12.857,42.41557886787822,0.3157226207485485,0,19.471449405911336,4,55.830901327682206,0.95,1,0.35,0.35,5.127756178635213,0,0,0.2,0.25638780893176066,0,0,,,
,0.7180555555555556,0.6388888888888888,0.8888888888888888,13.032,0,13.032,25.296600489088764,0.31561629522459367,0,19.49050538276975,0,55.826471800468326,0.95,1,0.4,0.35,3.073466014117603,0,0,0,0.15367330070588014,0,0,,,
,0.71875,0.6388888888888888,0.8888888888888888,12.965,0,12.965,42.44179512592169,0.3153937001034498,0,19.50534495401806,2,55.78630497568672,1,1,0.45,0.35,5.130862659123019,0,0,0.1,0.25654313295615094,0,0,,,
,0.7194444444444444,0.6388888888888888,0.8888888888888888,12.793,0,12.793,43.46856450092557,15.78523450814906,0,19.517784797043785,8.54,55.7074881402223,1,1,0.4,0.35,7.110455881088956,0,0,0.42699999999999994,0.3555227940544478,0,0,,,
,0.7201388888888889,0.6388888888888888,0.8888888888888888,12.525,0,12.525,34.99248927430738,0.31518201996479117,0,19.529694754198356,1.4600000000000004,55.67327399573594,1,1,0.4,0.35,4.23692055531266,0,0,0.07300000000000002,0.21184602776563302,0,0,,,
,0.7208333333333333,0.6388888888888888,0.8888888888888888,12.713,0,12.713,65.24999999999999,0.31507535454792723,0,19.541221274016223,1,55.64755897103779,1,1,0.5,0.35,7.867809042545751,0,0,0.05,0.39339045212728757,0,0,,,
,0.7215277777777778,0.6388888888888888,0.8888888888888888,14.861,0,14.861,59.232274842633906,0.3149488180722965,0,19.571811214051458,3,55.583685227237005,1,1,0.5,0.35,7.145666839284745,0,0,0.15,0.3572833419642373,0,0,,,
,0.7222222222222222,0.6666666666666666,0.9166666666666666,15.271,0,15.271,86.99999999999999,8.084913113333744,0,19.608568806288513,3,55.5793112666252,1,1,0.55,0.35,11.410189573600048,0,0,0.15,0.5705094786800025,0,0,,,
,0.7229166666666667,0.6666666666666666,0.9166666666666666,15.263,0,15.263,99.2409262637156,2.904925069290345,0,19.653809277555,1,55.574944425456536,1,1,0.6,0.35,12.257502159960714,0,0,0.05,0.6128751079980357,0,0,,,
,0.7236111111111111,0.6666666666666666,0.9166666666666666,10.668,0,10.668,65.24999999999999,0.3150070593478253,0,19.689408498543006,3,55.49982839429786,0.95,1,0.5,0.35,7.867800847121738,0,0,0.15,0.3933900423560869,0,0,,,
,0.7243055555555555,0.6666666666666666,0.9166666666666666,10.718,0,10.718,42.709817695111,5.495172744010148,0,19.728866952637738,2,55.4954904522815,0.95,1,0.5,0.35,5.784598852694539,0,0,0.1,0.28922994263472696,0,0,,,
,0.725,0.6666666666666666,0.9166666666666666,10.535,0,10.535,0,11.961987690408396,0,19.76617644926398,5.54,55.452484649532586,0.95,1,0.35,0.35,1.4354385228490076,0,0,0.277,0.07177192614245038,0,0,,,
,0.7256944444444444,0.6666666666666666,0.9166666666666666,20.138,0,20.138,86.87082557034954,5.119067864363361,0,19.79668076372443,1.4600000000000004,55.44817081306604,0.95,1,0.4,0.35,11.038787212165547,0,0,0.07300000000000002,0.5519393606082773,0,0,,,
,0.7263888888888889,0.6666666666666666,0.9166666666666666,20.504,0,20.504,58.41958929896371,0.31592109815283675,0,19.834504084839878,0,55.44386439247561,0.95,1,0.4,0.35,7.048261247653986,0,0,0,0.3524130623826993,0,0,,,
,0.7270833333333333,0.6666666666666666,0.9166666666666666,20.508,0,20.508,21.711731954772702,6.895955148273781,0,19.870730488563023,2,55.43956538869871,0.95,1,0.35,0.35,3.4329224523655784,0,0,0.1,0.1716461226182789,0,0,,,
,0.7277777777777777,0.6666666666666666,0.9166666666666666,13.643,0,13.643,61.794186657746046,0.3159051166931332,0,19.899494329746425,7.08,55.29661043221163,0.95,1,0.4,0.35,7.4532110129327025,0,0,0.354,0.3726605506466351,0,0,,,
,0.7284722222222222,0.6666666666666666,0.9166666666666666,13.588,0,13.588,64.14628547993235,0.31595707220305214,0,19.928698857009334,0.9200000000000002,55.274842192327675,0.95,1,0.4,0.35,7.735469106256249,0,0,0.046000000000000006,0.3867734553128125,0,0,,,
,0.7291666666666666,0.6944444444444444,0.8611111111111112,11.221,0,11.221,58.112179531301344,0.315856695346779,0,19.95330240153769,0,55.27058774887216,0.95,1,0.4,0.35,7.011364347197777,0,0,0,0.35056821735988886,0,0,,,
,0.7298611111111111,0.6944444444444444,0.8611111111111112,11.219,0,11.219,57.90929048478323,0.315544807771686,0,19.982045327480364,0,55.266336470285616,0.95,1,0.45,0.35,6.986980235106591,0,0,0,0.34934901175532956,0,0,,,
,0.7305555555555555,0.6944444444444444,0.8611111111111112,11.185,0,11.185,42.09382803576998,0.31511638914135015,0,20.01217725368827,2,55.236594562036984,0.95,1,0.4,0.35,5.089073330989361,0,0,0.1,0.25445366654946805,0,0,,,
,0.73125,0.6944444444444444,0.8611111111111112,11.245,0,11.245,13.93730260647484,8.0846406704166,0,20.041207775653433,3,55.23235403718651,0.9,1,0.35,0.35,2.642633193226973,0,0,0.15,0.13213165966134865,0,0,,,
,0.7319444444444444,0.6944444444444444,0.8611111111111112,11.205,0,11.205,38.327004423156964,0.31413292085410105,0,20.064384704367136,12.26,54.96381221370842,0.85,1,0.4,0.35,4.636936481281328,0,0,0.613,0.2318468240640664,0,0,,,
,0.7326388888888888,0.6944444444444444,0.8611111111111112,15.395,0,15.395,25.20425677959325,0.31366126548429196,0,20.090092395568696,12.26,54.71486192502363,0.85,1,0.45,0.35,3.0621501654093057,0,0,0.613,0.1531075082704653,0,0,,,
,0.7333333333333333,0.6944444444444444,0.8611111111111112,15.388,0,15.388,43.49999999999999,0.3131648628545697,0,20.113014792926954,9.26,54.5384418737671,0.85,1,0.45,0.35,5.257579783542549,0,0,0.46299999999999997,0.26287898917712743,0,0,,,
,0.7340277777777777,0.6944444444444444,0.8611111111111112,15.308,0,15.308,30.22058336266658,0.3128065071502667,0,20.134921614621444,3.2199999999999993,54.478867666448174,0.85,1,0.45,0.35,3.664006784378022,0,0,0.16099999999999998,0.1832003392189011,0,0,,,
,0.7347222222222223,0.6944444444444444,0.8611111111111112,15.308,0,15.308,21.696079094038602,22.06255741809638,0,20.152625080144638,1,54.576078943814125,0.85,1,0.4,0.4,5.251036381456199,0,0,0.05,0.26255181907280994,0,0,,,
,0.7354166666666667,0.6944444444444444,0.8611111111111112,14.972,0,14.972,19.51012262947139,22.06242192044341,0,20.163240517811143,0,54.69624876269717,0.85,1,0.4,0.4,4.988705345989777,0,0,0,0.24943526729948884,0,0,,,
,0.7361111111111112,0.6944444444444444,0.8611111111111112,14.915,0,14.915,0,1.1826086812279821,0,20.167559474205788,2,54.66201880243561,0.85,1,0.4,0.4,0.1419130417473579,0,0,0.1,0.007095652087367894,0,0,,,
,0.7368055555555556,0.6944444444444444,0.8611111111111112,14.925,0,14.925,21.71203560655221,0.3623348198902653,0,20.16484123644166,3,54.603484038423254,0.85,1,0.4,0.4,2.648924451173097,0,0,0.15,0.13244622255865485,0,0,,,
,0.7375,0.6944444444444444,0.8611111111111112,15.281,0,15.281,108.63188280445375,2.952448978675124,0,20.160088658686057,1,54.599651408106766,0.85,1,0.5,0.4,13.390119813975465,0,0,0.05,0.6695059906987733,0,0,,,
,0.7381944444444445,0.6944444444444444,0.8611111111111112,15.634,0,15.634,92.17799557115384,22.074549290581796,0,20.167820559378324,9.26,54.57543176472448,0.85,1,0.55,0.4,13.710305383408278,0,0,0.46299999999999997,0.6855152691704138,0,0,,,
,0.7388888888888889,0.6944444444444444,0.8611111111111112,15.859,0,15.859,43.27928402255764,22.07455419147549,0,20.18377249860345,9.26,54.55272794062647,0.8,1,0.5,0.4,7.842460585683977,0,0,0.46299999999999997,0.39212302928419884,0,0,,,
,0.7395833333333334,0.6944444444444444,0.8611111111111112,15.799,0,15.799,31.272641465595765,22.07449081857089,0,20.19853417995589,9.26,54.531428533320366,0.8,1,0.45,0.4,6.4016558741,0,0,0.46299999999999997,0.32008279370500003,0,0,,,
,0.7402777777777778,0.6944444444444444,0.8611111111111112,15.581,0,15.581,21.71206338596225,22.074522729787436,0,20.212250266717454,9.26,54.51142981680031,0.8,1,0.4,0.4,5.254390333889964,0,0,0.46299999999999997,0.26271951669449817,0,0,,,
,0.7409722222222223,0.6944444444444444,0.8611111111111112,15.653,0,15.653,7.166882652949769,34.21667202639684,0,20.22395586869328,16.34,54.448321141956434,0.8,1,0.4,0.4,4.966026561521595,0,0,0.817,0.24830132807607974,0,0,,,
,0.7416666666666667,0.6944444444444444,0.8611111111111112,12.405,0,12.405,0,30.512153702424868,0,20.2269428598619,15.719999999999999,54.375709753385934,0.8,1,0.4,0.4,3.6614584442909845,0,0,0.7859999999999999,0.18307292221454924,0,0,,,
,0.7423611111111111,0.6944444444444444,0.8611111111111112,13.048,0,13.048,0,43.824293872154165,0,20.22371985071478,10.72,54.46358952334909,0.8,1,0.45,0.45,5.2589152646585,0,0,0.536,0.26294576323292496,0,0,,,
,0.7430555555555556,0.6666666666666666,0.9166666666666666,13.155,0,13.155,0,43.82433154815716,0,20.214779675474684,9.26,54.5721763766153,0.8,1,0.45,0.45,5.25891978577886,0,0,0.46299999999999997,0.262945989288943,0,0,,,
,0.74375,0.6666666666666666,0.9166666666666666,12.695,0,12.695,21.696447278967153,35.63173586754473,0,20.20306520669162,3.919999999999995,54.708075174586476,0.8,1,0.45,0.45,6.879381977581426,0,0,0.19599999999999976,0.3439690988790713,0,0,,,
,0.7444444444444445,0.6666666666666666,0.9166666666666666,11.666,0,11.666,38.107775664751955,3.1679643533344657,0,20.185863710296562,0,54.720262683468185,0.8,1,0.45,0.45,4.95308880217037,0,0,0,0.2476544401085185,0,0,,,
,0.7451388888888889,0.6666666666666666,0.9166666666666666,11.782,0,11.782,21.712046660875764,0.40557103073719136,0,20.168141312178914,3,54.65831029406324,0.8,1,0.45,0.45,2.6541141229935543,0,0,0.15,0.13270570614967772,0,0,,,
,0.7458333333333333,0.6666666666666666,0.9166666666666666,11.696,0,11.696,21.712165474866563,0.4055810621575348,0,20.153167724384332,2,54.63050058249288,0.8,1,0.45,0.45,2.6541295844428925,0,0,0.1,0.13270647922214462,0,0,,,
,0.7465277777777778,0.6666666666666666,0.9166666666666666,11.843,0,11.843,65.1398539120173,0.4058090546197972,0,20.13637223762082,3.54,54.55951769897846,0.8,1,0.45,0.45,7.865479555996453,0,0,0.177,0.39327397779982265,0,0,,,
,0.7472222222222222,0.6666666666666666,0.9166666666666666,9.775,0,9.775,88.83083296205953,0.4060571432383297,0,20.121773638808172,3.4600000000000004,54.48346351323352,0.8,1,0.5,0.45,10.708426812635743,0,0,0.17300000000000001,0.5354213406317871,0,0,,,
,0.7479166666666667,0.6666666666666666,0.9166666666666666,8.217,0,8.217,25.81285530215969,0.40615738917098443,0,20.10444297470382,2,54.44687452985646,0.8,1,0.5,0.45,3.146281522959682,0,0,0.1,0.1573140761479841,0,0,,,
,0.7486111111111111,0.6666666666666666,0.9166666666666666,10.521,0,10.521,0,0.4060912525580807,0,20.098805520667174,0,54.44330777731875,0.8,1,0.45,0.45,0.04873095030696969,0,0,0,0.0024365475153484842,0,0,,,
,0.7493055555555556,0.6666666666666666,0.9166666666666666,10.603,0,10.603,0,0.40604910391176735,0,20.08785155982015,0,54.439740428954266,0.8,1,0.45,0.45,0.04872589246941209,0,0,0,0.0024362946234706044,0,0,,,
,0.75,0.7222222222222222,0.9444444444444444,10.785,0,10.785,0,0.4061075050110705,0,20.074177414970748,3.54,54.36902845382698,0.8,1,0.45,0.45,0.04873290060132846,0,0,0.177,0.002436645030066423,0,0,,,
,0.7506944444444444,0.7222222222222222,0.9444444444444444,9.053,0,9.053,0,0.4061656344191118,0,20.045348317167225,1.4600000000000004,54.338565830112415,0.8,1,0.45,0.45,0.04873987613029342,0,0,0.07300000000000002,0.002436993806514671,0,0,,,
,0.7513888888888889,0.7222222222222222,0.9444444444444444,9.429,0,9.429,0,3.836301141857787,0,20.014955400553223,2,54.3175376852996,0.8,1,0.45,0.45,0.46035613702293454,0,0,0.1,0.023017806851146728,0,0,,,
,0.7520833333333333,0.7222222222222222,0.9444444444444444,9.41,0,9.41,21.749999999999996,0.40649381215016495,0,19.98070186641712,2,54.28152022289506,0.85,1,0.5,0.45,2.65877925745802,0,0,0.1,0.132938962872901,0,0,,,
,0.7527777777777778,0.7222222222222222,0.9444444444444444,9.503,0,9.503,21.749999999999996,22.156774138096818,0,19.94751838488566,0,54.40225022053736,0.85,1,0.55,0.5,5.268812896571618,0,0,0,0.2634406448285809,0,0,,,
,0.7534722222222222,0.7222222222222222,0.9444444444444444,9.715,0,9.715,55.26360228191514,32.02712687521261,0,19.915823829259267,3,54.522955848652465,0.85,1,0.55,0.5,10.474887498855331,0,0,0.15,0.5237443749427666,0,0,,,
,0.7541666666666667,0.7222222222222222,0.9444444444444444,9.981,0,9.981,53.74564607284009,1.5439641404421311,0,19.8897501958113,0,54.52584584968024,0.85,1,0.55,0.5,6.634753225593867,0,0,0,0.33173766127969334,0,0,,,
,0.7548611111111111,0.7222222222222222,0.9444444444444444,12.79,0,12.79,21.686824346379783,21.782224296617933,0,19.877492033373695,7.08,54.52260208640596,0.85,1,0.5,0.5,5.216285837159727,0,0,0.354,0.2608142918579864,0,0,,,
,0.7555555555555555,0.7222222222222222,0.9444444444444444,12.247,0,12.247,86.86600838357195,6.390605846978206,0,19.861604349879208,1.92,54.519356672379615,0.85,1,0.55,0.5,11.190793707666021,0,0,0.096,0.559539685383301,0,0,,,
,0.75625,0.7222222222222222,0.9444444444444444,14.85,0,14.85,82.5590217151191,0.47144748488661053,0,19.863302310047608,0,54.516109329037945,0.85,1,0.55,0.5,9.963656304000686,0,0,0,0.4981828152000343,0,0,,,
,0.7569444444444444,0.8055555555555556,0.9166666666666666,13.185,0,13.185,69.09230980791155,0.4712602344392998,0,19.86697291885797,2,54.4763747868491,0.75,1,0.5,0.5,8.347628405082105,0,0,0.1,0.41738142025410524,0,0,,,
,0.7576388888888889,0.8055555555555556,0.9166666666666666,13.339,0,13.339,64.30400309498722,11.126382169913583,0,19.87302922723253,4.54,54.45494249119887,0.75,1,0.5,0.5,9.051646231788093,0,0,0.227,0.45258231158940465,0,0,,,
,0.7583333333333333,0.8055555555555556,0.9166666666666666,11.163,0,11.163,39.347679336189465,4.8651859830756905,0,19.873404212887195,1.4600000000000004,54.4517032259712,0.75,1,0.5,0.5,5.30554383831182,0,0,0.07300000000000002,0.265277191915591,0,0,,,
,0.7590277777777777,0.8055555555555556,0.9166666666666666,11.226,0,11.226,21.687651534650822,4.950107239641515,0,19.872315070556116,2,54.44846184465263,0.75,1,0.5,0.5,3.1965310529150806,0,0,0.1,0.15982655264575402,0,0,,,
,0.7597222222222222,0.8055555555555556,0.9166666666666666,11.686,0,11.686,21.6879481504963,7.18963502142997,0,19.86996637665863,3,54.445218133899516,0.75,1,0.5,0.5,3.4653099806311527,0,0,0.15,0.17326549903155763,0,0,,,
,0.7604166666666666,0.8055555555555556,0.9166666666666666,13.643,0,13.643,21.688286463371945,0.46920162495365764,0,19.865715152966764,0,54.441972100026575,0.75,1,0.5,0.5,2.6588985705990726,0,0,0,0.13294492852995363,0,0,,,
,0.7611111111111111,0.8055555555555556,0.9166666666666666,13.732,0,13.732,21.688666850409856,0.46882696186967465,0,19.85913335006295,0,54.43872375290348,0.75,1,0.5,0.5,2.658899257473544,0,0,0,0.1329449628736772,0,0,,,
,0.7618055555555555,0.8055555555555556,0.9166666666666666,13.84,0,13.84,18.395056957865602,0.46848688679044426,0,19.850375585628186,0,54.43547289104466,0.75,1,0.5,0.5,2.2636252613587255,0,0,0,0.11318126306793627,0,0,,,
,0.7625,0.8055555555555556,0.9166666666666666,15.74,0,15.74,0,10.338182230675718,0,19.850280530936164,5,54.40991533292515,0.75,1,0.5,0.5,1.2405818676810865,0,0,0.25,0.062029093384054323,0,0,,,
,0.7631944444444444,0.8055555555555556,0.9166666666666666,15.561,0,15.561,21.696793942451674,12.11418097881521,0,19.84440774358577,3.54,54.40666271540947,0.7,1,0.5,0.5,4.057316990552026,0,0,0.177,0.2028658495276013,0,0,,,
,0.7638888888888888,0.7777777777777778,0.9444444444444444,15.885,0,15.885,42.92716106463517,1.9805324205960744,0,19.837884378439963,0.4600000000000001,54.403407085532,0.7,1,0.55,0.5,5.38892321822775,0,0,0.023000000000000003,0.2694461609113875,0,0,,,
,0.7645833333333333,0.7777777777777778,0.9444444444444444,13.538,0,13.538,24.67655846473649,0.46666588197697517,0,19.820650389733224,0,54.40014822953638,0.7,1,0.55,0.5,3.0171869216056164,0,0,0,0.15085934608028082,0,0,,,
,0.7652777777777777,0.7777777777777778,0.9444444444444444,13.238,0,13.238,13.542102187902827,7.186603763249581,0,19.80243212625836,3,54.396886622839546,0.7,1,0.5,0.5,2.487444714138289,0,0,0.15,0.12437223570691444,0,0,,,
,0.7659722222222223,0.7777777777777778,0.9444444444444444,15.065,0,15.065,0,0.46652620051068733,0,19.79147795428705,0,54.39362200892875,0.7,1,0.5,0.5,0.05598314406128249,0,0,0,0.0027991572030641246,0,0,,,
,0.7666666666666667,0.7777777777777778,0.9444444444444444,16.334,0,16.334,0,0.46645615091787035,0,19.783668142812704,0,54.390355676524635,0.7,1,0.5,0.5,0.05597473811014444,0,0,0,0.0027987369055072217,0,0,,,
,0.7673611111111112,0.7777777777777778,0.9444444444444444,16.708,0,16.708,21.712261673637535,33.31796899759952,0,19.773086534724943,12.8,54.33700349579085,0.7,1,0.5,0.5,6.603627680548447,0,0,0.64,0.33018138402742236,0,0,,,
,0.7680555555555556,0.7777777777777778,0.9444444444444444,16.749,0,16.749,21.71219017726614,32.15599903100151,0,19.76078960706871,12.719999999999999,54.287369142903586,0.7,1,0.5,0.5,6.464182704992119,0,0,0.6359999999999999,0.32320913524960593,0,0,,,
,0.76875,0.7777777777777778,0.9444444444444444,14.578,0,14.578,21.712173960275724,22.167066292029606,0,19.735077535386356,8.48,54.255238565500214,0.7,1,0.5,0.5,5.26550883027664,0,0,0.42400000000000004,0.263275441513832,0,0,,,
,0.7694444444444445,0.7777777777777778,0.9444444444444444,14.617,0,14.617,39.15106023580738,22.167178901031257,0,19.708774069803688,1,54.35798321700912,0.7,1,0.5,0.5,7.358188696420636,0,0,0.05,0.3679094348210318,0,0,,,
,0.7701388888888889,0.7777777777777778,0.9444444444444444,14.457,0,14.457,21.692770201462544,0.6930504291483062,0,19.68251436820831,0,54.356003640750444,0.7,1,0.5,0.5,2.6862984756733033,0,0,0,0.13431492378366516,0,0,,,
,0.7708333333333334,0.7222222222222222,0.9444444444444444,14.578,0,14.578,21.692974852435224,0.4672648886367086,0,19.653138513440673,0,54.352729699095924,0.7,1,0.5,0.5,2.659228768928633,0,0,0,0.13296143844643166,0,0,,,
,0.7715277777777778,0.7222222222222222,0.9444444444444444,14.251,0,14.251,0,0.4675045595500419,0,19.621808844982134,0,54.34945265237582,0.7,1,0.5,0.5,0.05610054714600504,0,0,0,0.002805027357300252,0,0,,,
,0.7722222222222223,0.7222222222222222,0.9444444444444444,14.684,0,14.684,0,0.46777820454523494,0,19.589517018246198,0,54.34617236032052,0.7,1,0.5,0.5,0.0561333845454282,0,0,0,0.00280666922727141,0,0,,,
,0.7729166666666667,0.7222222222222222,0.9444444444444444,14.905,0,14.905,21.69697242120422,12.114714256942557,0,19.55605700985243,3.54,54.3428890151587,0.7,1,0.5,0.5,4.0574024013776135,0,0,0.177,0.20287012006888067,0,0,,,
,0.7736111111111111,0.7222222222222222,0.9444444444444444,15.106,0,15.106,64.44712571934257,11.851882874131013,0,19.523173518968242,3.46,54.33960260323853,0.7,1,0.5,0.5,9.15588103121683,0,0,0.173,0.4577940515608415,0,0,,,
,0.7743055555555556,0.7222222222222222,0.9444444444444444,16.24,0,16.24,34.892352955732996,5.648821835750239,0,19.503354833633573,2,54.33631305445696,0.7,1,0.5,0.5,4.864940974977989,0,0,0.1,0.24324704874889944,0,0,,,
,0.775,0.7222222222222222,0.9444444444444444,14.337,0,14.337,21.707954298873773,5.648882131767125,0,19.48623700249333,2,54.33302101665775,0.7,1,0.5,0.5,3.2828203716769084,0,0,0.1,0.16414101858384542,0,0,,,
,0.7756944444444445,0.7222222222222222,0.9444444444444444,13.16,0,13.16,7.850115559899183,0.46881074376747683,0,19.46366199483186,0,54.32972620079114,0.7,1,0.5,0.5,0.9982711564399994,0,0,0,0.04991355782199997,0,0,,,
,0.7763888888888889,0.7222222222222222,0.9444444444444444,13.852,0,13.852,0,0.4688871566282644,0,19.441010104110507,0,54.32642851639372,0.7,1,0.5,0.5,0.056266458795391744,0,0,0,0.0028133229397695873,0,0,,,
,0.7770833333333333,0.7222222222222222,0.9444444444444444,13.433,0,13.433,0,0.468860797675642,0,19.413469431242085,0,54.323127363509755,0.7,1,0.5,0.5,0.056263295721077036,0,0,0,0.0028131647860538517,0,0,,,
,0.7777777777777778,0.6944444444444444,0.9444444444444444,13.51,0,13.51,0,7.048936462502261,0,19.383147157706983,8,54.23067886130342,0.75,1,0.5,0.5,0.8458723755002714,0,0,0.4,0.04229361877501357,0,0,,,
,0.7784722222222222,0.6944444444444444,0.9444444444444444,12.64,0,12.64,43.462033694916165,0.4690709848994618,0,19.34554461827222,0,54.227385404353655,0.7,1,0.55,0.5,5.271732561577876,0,0,0,0.26358662807889377,0,0,,,
,0.7791666666666667,0.6944444444444444,0.9444444444444444,12.527,0,12.527,43.46198702598164,3.4793871805566687,0,19.311673472961782,1,54.22408787267922,0.7,1,0.55,0.5,5.632964904784599,0,0,0.05,0.28164824523922993,0,0,,,
,0.7798611111111111,0.6944444444444444,0.9444444444444444,14.169,0,14.169,43.46199376199419,0.46971027555412537,0,19.28544319044517,0,54.22078694607101,0.65,1,0.55,0.5,5.2718044845057985,0,0,0,0.26359022422528994,0,0,,,
,0.7805555555555556,0.6944444444444444,0.9444444444444444,12.948,0,12.948,39.30764720087107,0.46991396950726905,0,19.260351991255877,0,54.217483252681504,0.65,1,0.55,0.5,4.773307340445401,0,0,0,0.23866536702227004,0,0,,,
,0.78125,0.6944444444444444,0.9444444444444444,12.512,0,12.512,15.0456489366399,0.4702026603448594,0,19.235294184129337,0,54.21417747395295,0.65,1,0.55,0.5,1.8619021916381713,0,0,0,0.09309510958190856,0,0,,,
,0.7819444444444444,0.6944444444444444,0.9444444444444444,11.326,0,11.326,0,0.4705052012255959,0,19.207373779820834,9.26,54.04583854834419,0.65,1,0.5,0.5,0.056460624147071516,0,0,0.46299999999999997,0.002823031207353576,0,0,,,
,0.7826388888888889,0.6944444444444444,0.9444444444444444,11.301,0,11.301,21.72170578344133,22.220936773829333,0,19.17699087916927,9.26,54.014058938905066,0.65,1,0.55,0.55,5.27311710687248,0,0,0.46299999999999997,0.263655855343624,0,0,,,
,0.7833333333333333,0.6944444444444444,0.9444444444444444,11.406,0,11.406,56.38267870479435,22.221458607946175,0,19.14852297455019,9.26,53.984413209752425,0.65,1,0.55,0.55,9.432496477528863,0,0,0.46299999999999997,0.47162482387644317,0,0,,,
,0.7840277777777778,0.6944444444444444,0.9444444444444444,11.646,0,11.646,26.40032800970302,28.521885166108273,0,19.130360962079926,11.26,53.95674261681772,0.7,1,0.55,0.55,6.5906655810973565,0,0,0.563,0.32953327905486784,0,0,,,
,0.7847222222222222,0.7222222222222222,0.9444444444444444,9.245,0,9.245,21.70633981165543,22.22197640385552,0,19.104281988772595,12.8,53.874759198724995,0.7,1,0.55,0.55,5.271397945861314,0,0,0.64,0.2635698972930657,0,0,,,
,0.7854166666666667,0.7222222222222222,0.9444444444444444,9.169,0,9.169,21.706494663391886,22.22199401374408,0,19.080329766628026,9.72,53.84777139194354,0.7,1,0.55,0.55,5.271418641256317,0,0,0.48600000000000004,0.26357093206281584,0,0,,,
,0.7861111111111111,0.7222222222222222,0.9444444444444444,15.359,0,15.359,21.706779801606206,31.251947844404135,0,19.065360697962014,12.26,53.8295635635381,0.7,1,0.55,0.55,6.35504731752124,0,0,0.613,0.31775236587606204,0,0,,,
,0.7868055555555555,0.7222222222222222,0.9444444444444444,15.192,0,15.192,43.45718162482869,22.22162960910304,0,19.05089626258902,11.26,53.77806394793792,0.7,1,0.6,0.55,7.881457348071808,0,0,0.563,0.3940728674035904,0,0,,,
,0.7875,0.7222222222222222,0.9444444444444444,15.166,0,15.166,30.7556448487385,22.221288757777153,0,19.043157880752158,1.919999999999995,53.87067003507629,0.7,1,0.6,0.55,6.357232032781877,0,0,0.09599999999999975,0.3178616016390939,0,0,,,
,0.7881944444444444,0.7222222222222222,0.9444444444444444,13.231,0,13.231,21.749999999999996,32.09089483120442,0,19.03191935826666,3,53.991676146313864,0.7,1,0.6,0.55,6.460907379744531,0,0,0.15,0.3230453689872265,0,0,,,
,0.7888888888888889,0.7222222222222222,0.9444444444444444,13.093,0,13.093,43.49999999999999,25.510771858884883,0,19.02033905033749,4,54.046629012365045,0.7,1,0.65,0.55,8.281292623066186,0,0,0.2,0.41406463115330927,0,0,,,
,0.7895833333333333,0.7222222222222222,0.9444444444444444,13.302,0,13.302,59.132904840818995,40.58736799825685,0,19.014449741063753,8.54,54.13249766446042,0.7,1,0.65,0.55,11.966432740689102,0,0,0.42699999999999994,0.5983216370344551,0,0,,,
,0.7902777777777777,0.7222222222222222,0.9444444444444444,13.376,0,13.376,53.40003960962998,13.796691562393331,0,19.01368255037005,4,54.13433693275842,0.7,1,0.6,0.55,8.063607740642798,0,0,0.2,0.4031803870321399,0,0,,,
,0.7909722222222222,0.7222222222222222,0.9444444444444444,13.597,0,13.597,57.32281437089447,0.5269074122187529,0,19.015622909220873,1.4600000000000004,54.10635171229967,0.7,1,0.6,0.55,6.941966613973587,0,0,0.07300000000000002,0.34709833069867935,0,0,,,
,0.7916666666666666,0.7222222222222222,0.9722222222222222,13.587,0,13.587,82.42741646191766,0.5271574178921783,0,19.019506342015127,3,54.052635584526584,0.7,1,0.55,0.55,9.95454886557718,0,0,0.15,0.49772744327885904,0,0,,,
,0.7923611111111111,0.7222222222222222,0.9722222222222222,13.531,0,13.531,60.045014344758265,0.5273542840936986,0,19.02990786225004,3,53.99836816646315,0.7,1,0.6,0.55,7.268684235462237,0,0,0.15,0.36343421177311186,0,0,,,
,0.7930555555555555,0.7222222222222222,0.9722222222222222,13.274,0,13.274,43.444123284378094,0.5272475353208451,0,19.041688989299292,3.54,53.93552345880467,0.7,1,0.6,0.55,5.276564498363873,0,0,0.177,0.2638282249181937,0,0,,,
,0.79375,0.7222222222222222,0.9722222222222222,13.25,0,13.25,43.444261247192316,0.5270872404008442,0,19.05329688901072,0.4600000000000001,53.92499618976037,0.65,1,0.6,0.55,5.27656181851118,0,0,0.023000000000000003,0.263828090925559,0,0,,,
,0.7944444444444444,0.7222222222222222,0.9722222222222222,13.32,0,13.32,28.264577516427853,0.5269844318651812,0,19.065113168272642,0,53.92202952377661,0.65,1,0.6,0.55,3.454987433795164,0,0,0,0.17274937168975818,0,0,,,
,0.7951388888888888,0.7222222222222222,0.9722222222222222,15.627,0,15.627,43.46163584427914,0.5269278490270715,0,19.08343716340422,0,53.91906506868154,0.65,1,0.6,0.55,5.278627643196747,0,0,0,0.26393138215983736,0,0,,,
,0.7958333333333333,0.7222222222222222,0.9722222222222222,15.445,0,15.445,35.14067148891663,0.5267598646277548,0,19.10383360277815,0,53.916103303124224,0.65,1,0.6,0.55,4.280091762425328,0,0,0,0.21400458812126638,0,0,,,
,0.7965277777777777,0.7222222222222222,0.9722222222222222,15.022,0,15.022,7.382077816979293,0.5265603137145889,0,19.123055459114543,0,53.91314440153967,0.65,1,0.55,0.55,0.949036575683266,0,0,0,0.047451828784163305,0,0,,,
,0.7972222222222223,0.7222222222222222,0.9722222222222222,13.285,0,13.285,21.749999999999996,0.5263420045456481,0,19.13195430435253,0,53.91018805488981,0.65,1,0.6,0.55,2.6731610405454775,0,0,0,0.13365805202727388,0,0,,,
,0.7979166666666667,0.7222222222222222,0.9722222222222222,13.006,0,13.006,14.222068358204057,0.5263833273908767,0,19.136812254321153,0,53.907233976689085,0.6,1,0.6,0.55,1.769814202271392,0,0,0,0.0884907101135696,0,0,,,
,0.7986111111111112,0.75,0.9722222222222222,13.702,0,13.702,21.749999999999996,0.526541699843935,0,19.143782343338234,0,53.90428214267865,0.6,1,0.6,0.55,2.6731850039812715,0,0,0,0.13365925019906358,0,0,,,
,0.7993055555555556,0.75,0.9722222222222222,14.138,0,14.138,21.749999999999996,0.5268016969168469,0,19.152645917768144,0,53.901333495266854,0.6,1,0.6,0.55,2.6732162036300218,0,0,0,0.13366081018150108,0,0,,,
,0.8,0.75,0.9722222222222222,11.18,0,11.18,28.755775615449814,0.5271549937292512,0,19.158813289439195,0,53.89838889164631,0.6,1,0.6,0.55,3.513951673101488,0,0,0,0.1756975836550744,0,0,,,
,0.8006944444444445,0.75,0.9722222222222222,10.539,0,10.539,41.1969453174721,5.987614271960649,0,19.1616474748501,2,53.89544847452571,0.65,1,0.55,0.55,5.662147150731931,0,0,0.1,0.28310735753659655,0,0,,,
,0.8013888888888889,0.75,0.9722222222222222,12.144,0,12.144,65.12967475225292,0.528033930203628,0,19.16277799561947,0,53.89251144538407,0.65,1,0.55,0.55,7.878925041894787,0,0,0,0.3939462520947393,0,0,,,
,0.8020833333333334,0.75,0.9722222222222222,12.134,0,12.134,79.74756554568047,0.5283756798694833,0,19.16661534652654,0,53.88957706639193,0.65,1,0.55,0.55,9.633112947065994,0,0,0,0.4816556473532997,0,0,,,
,0.8027777777777778,0.75,0.9722222222222222,12.361,0,12.361,106.39897078974408,3.8185385266468246,0,19.175304922154403,1,53.88664477882079,0.65,1,0.6,0.55,13.226101117966907,0,0,0.05,0.6613050558983453,0,0,,,
,0.8034722222222223,0.75,0.9722222222222222,12.727,0,12.727,48.74902089264854,0.5284957204263934,0,19.192748339083828,0,53.8837142389621,0.65,1,0.6,0.55,5.913301993568993,0,0,0,0.29566509967844967,0,0,,,
,0.8041666666666667,0.75,0.9722222222222222,13.151,0,13.151,21.694255900625308,0.5282728276955679,0,19.21183317124835,0,53.88078591810895,0.65,1,0.55,0.55,2.666703447398506,0,0,0,0.1333351723699253,0,0,,,
,0.8048611111111111,0.75,0.9722222222222222,13.144,0,13.144,21.69428633886279,0.5280483982899714,0,19.22678395100874,2,53.84521280889086,0.65,1,0.55,0.55,2.666680168458331,0,0,0.1,0.13333400842291654,0,0,,,
,0.8055555555555556,0.75,0.9722222222222222,13.253,0,13.253,43.44438059897994,0.5278482528836849,0,19.237818017543255,0,53.84229449681741,0.6,1,0.6,0.55,5.276667462223635,0,0,0,0.26383337311118177,0,0,,,
,0.80625,0.75,0.9722222222222222,13.284,0,13.284,22.503527533837513,0.5276576058614256,0,19.249468654670824,1,53.82231554316415,0.6,1,0.6,0.55,2.763742216763873,0,0,0.05,0.13818711083819366,0,0,,,
,0.8069444444444445,0.75,0.9722222222222222,13.109,0,13.109,0,0.5274871464156798,0,19.257792417522705,0,53.81940298167707,0.6,1,0.55,0.55,0.06329845756988159,0,0,0,0.0031649228784940793,0,0,,,
,0.8076388888888889,0.75,0.9722222222222222,13.198,0,13.198,0,0.5273991474832764,0,19.260773128978492,0,53.816491843565984,0.6,1,0.55,0.55,0.06328789769799319,0,0,0,0.0031643948848996593,0,0,,,
,0.8083333333333333,0.75,0.9722222222222222,14.063,0,14.063,0,0.5274127640996871,0,19.259375306010487,9.26,53.61546328643351,0.55,1,0.55,0.55,0.06328953169196246,0,0,0.46299999999999997,0.0031644765845981228,0,0,,,
,0.8090277777777778,0.75,0.9722222222222222,14.267,0,14.267,0,0.5274615440920662,0,19.25295307192863,9.26,53.42917510070647,0.55,1,0.55,0.55,0.06329538529104796,0,0,0.46299999999999997,0.003164769264552398,0,0,,,
,0.8097222222222222,0.75,0.9722222222222222,14.28,0,14.28,0,22.277598538097642,0,19.24167505413393,9.26,53.38081822961463,0.55,1,0.6,0.6,2.673311824571718,0,0,0.46299999999999997,0.1336655912285859,0,0,,,
,0.8104166666666667,0.75,0.9722222222222222,13.245,0,13.245,0,22.27780371245306,0,19.224879539311434,9.26,53.335864967360905,0.55,1,0.6,0.6,2.6733364454943676,0,0,0.46299999999999997,0.13366682227471838,0,0,,,
,0.8111111111111111,0.75,0.9722222222222222,16.448,0,16.448,33.55023795707367,32.148154584087116,0,19.20778945437592,12.26,53.29406249313964,0.55,1,0.6,0.6,7.8838071049392955,0,0,0.613,0.3941903552469648,0,0,,,
,0.8118055555555556,0.75,0.9722222222222222,17.652,0,17.652,57.837222844975884,28.29858092347052,0,19.192772773697065,14.8,53.21453190681118,0.55,1,0.6,0.6,10.336296452213569,0,0,0.74,0.5168148226106785,0,0,,,
,0.8125,0.6666666666666666,0.9444444444444444,13.058,0,13.058,53.66721878033463,22.278870411461902,0,19.165951027414543,9.72,53.173222532145665,0.55,1,0.6,0.6,9.113530703015584,0,0,0.48600000000000004,0.4556765351507792,0,0,,,
,0.8131944444444444,0.6666666666666666,0.9444444444444444,16.224,0,16.224,21.7120901587267,22.279071392430627,0,19.14297779528341,7.180000000000004,53.174394713566855,0.55,1,0.6,0.6,5.278939386138879,0,0,0.3590000000000002,0.26394696930694395,0,0,,,
,0.8138888888888889,0.6666666666666666,0.9444444444444444,16.466,0,16.466,43.4082204115091,22.279203931112857,0,19.119353169673172,0,53.29587049313009,0.55,1,0.6,0.6,7.882490921114635,0,0,0,0.3941245460557318,0,0,,,
,0.8145833333333333,0.6666666666666666,0.9444444444444444,16.397,0,16.397,58.71005095040503,22.27933616679692,0,19.096786659483776,0,53.41732215397062,0.55,1,0.65,0.6,9.718726454064234,0,0,0,0.4859363227032117,0,0,,,
,0.8152777777777778,0.6666666666666666,0.9444444444444444,16.749,0,16.749,15.313623889851426,22.279417057348347,0,19.0809664041573,0,53.538749588213555,0.55,1,0.65,0.6,4.511164913663974,0,0,0,0.22555824568319868,0,0,,,
,0.8159722222222222,0.6666666666666666,0.9444444444444444,16.911,0,16.911,0,14.584373622731308,0,19.078319419736538,0,53.6161818175119,0.55,1,0.6,0.6,1.750124834727757,0,0,0,0.08750624173638785,0,0,,,
,0.8166666666666667,0.6666666666666666,0.9444444444444444,19.231,0,19.231,0,0.5955242114650909,0,19.083782841765117,1,53.59763961336093,0.55,1,0.6,0.6,0.07146290537581095,0,0,0.05,0.0035731452687905473,0,0,,,
,0.8173611111111111,0.6666666666666666,0.9444444444444444,19.149,0,19.149,0,33.99160947497226,0,19.0836426536552,3.54,53.71940872062849,0.55,1,0.65,0.65,4.0789931369966705,0,0,0.177,0.20394965684983352,0,0,,,
,0.8180555555555555,0.6666666666666666,0.9444444444444444,17.442,0,17.442,0,38.20802756903141,0,19.06469220799116,5.46,53.84115474684005,0.55,1,0.65,0.65,4.584963308283769,0,0,0.273,0.22924816541418847,0,0,,,
,0.81875,0.6666666666666666,0.9444444444444444,15.269,0,15.269,0,3.320588373094024,0,19.03036081181725,0,53.854167858251074,0.55,1,0.65,0.65,0.39847060477128293,0,0,0,0.019923530238564146,0,0,,,
,0.8194444444444444,0.7777777777777778,0.9444444444444444,15.583,0,15.583,0,0.6519052053199876,0,18.99763404985813,0,53.85192323535922,0.55,1,0.65,0.65,0.07822862463839853,0,0,0,0.003911431231919926,0,0,,,
,0.8201388888888889,0.7777777777777778,0.9444444444444444,15.747,0,15.747,0,0.6524900632682692,0,18.9640432921787,0,53.849676729003235,0.55,1,0.65,0.65,0.07829880759219231,0,0,0,0.003914940379609615,0,0,,,
,0.8208333333333333,0.7777777777777778,0.9444444444444444,15.954,0,15.954,62.87815645654993,24.604486046169328,0,18.929643290748878,10.26,53.834445397820765,0.5,1,0.65,0.65,10.497917100326312,0,0,0.513,0.5248958550163156,0,0,,,
,0.8215277777777777,0.7777777777777778,0.9444444444444444,15.501,0,15.501,36.082279674909294,22.364891705420916,0,18.90082922794026,9.26,53.820174879450725,0.45,1,0.65,0.65,7.013660565639627,0,0,0.46299999999999997,0.3506830282819814,0,0,,,
,0.8222222222222222,0.7777777777777778,0.9444444444444444,17.859,0,17.859,0,13.920373344124483,0,18.888877997035777,3.4800000000000018,53.84292578784738,0.45,1,0.65,0.65,1.6704448012949384,0,0,0.1740000000000001,0.08352224006474693,0,0,,,
,0.8229166666666666,0.7777777777777778,0.9444444444444444,16.938,0,16.938,21.697423058720695,0.6544970100365053,0,18.871585981605463,0,53.84067364828345,0.45,1,0.65,0.65,2.6822304082508643,0,0,0,0.1341115204125432,0,0,,,
,0.8236111111111111,0.7777777777777778,0.9444444444444444,16.943,0,16.943,42.784606758696725,0.6549416633469256,0,18.855045375295767,0,53.83842147133114,0.45,1,0.65,0.65,5.212745810645239,0,0,0,0.2606372905322619,0,0,,,
,0.8243055555555555,0.7777777777777778,0.9444444444444444,14.731,0,14.731,21.7115759216295,0.6553432697646793,0,18.827024402910205,0,53.83616913982763,0.45,1,0.65,0.65,2.6840303029673023,0,0,0,0.13420151514836512,0,0,,,
,0.825,0.7777777777777778,0.9444444444444444,17.273,0,17.273,43.415003836527454,0.6556551168789336,0,18.81463300433559,0,53.83391417282631,0.4,1,0.65,0.65,5.288479074408767,0,0,0,0.26442395372043836,0,0,,,
,0.8256944444444444,0.7777777777777778,0.9444444444444444,17.563,0,17.563,39.89790686817566,0.6558906454724963,0,18.805177348589147,3.54,53.752708795600405,0.4,1,0.65,0.65,4.866455701637778,0,0,0.177,0.24332278508188893,0,0,,,
,0.8263888888888888,0.75,0.9722222222222222,20.158,0,20.158,21.70339395117768,0.6560344614579513,0,18.79700733163872,1.4600000000000004,53.718831859006215,0.4,1,0.65,0.65,2.6831314095162764,0,0,0.07300000000000002,0.1341565704758138,0,0,,,
,0.8270833333333333,0.75,0.9722222222222222,19.323,0,19.323,21.703455697204188,0.6561491345117151,0,18.78607320172253,0,53.71659468414158,0.4,1,0.65,0.65,2.683152579805908,0,0,0,0.1341576289902954,0,0,,,
,0.8277777777777777,0.75,0.9722222222222222,18.401,0,18.401,21.70358153350002,10.105877099299772,0,18.774175521120142,3,53.71435446388345,0.4,1,0.65,0.65,3.8171350359359764,0,0,0.15,0.1908567517967988,0,0,,,
,0.8284722222222223,0.75,0.9722222222222222,18.236,0,18.236,21.703773870850572,0.655632611973804,0,18.761060909646694,0,53.712111190990264,0.4,1,0.65,0.65,2.6831287779389257,0,0,0,0.13415643889694628,0,0,,,
,0.8291666666666667,0.75,0.9722222222222222,16.41,0,16.41,28.62103357191479,12.302012336446117,0,18.738174733586444,3.54,53.70986479572173,0.45,1,0.65,0.65,4.910765509003309,0,0,0.177,0.24553827545016546,0,0,,,
,0.8298611111111112,0.75,0.9722222222222222,16.711,0,16.711,21.711021568518373,2.168909489780374,0,18.71916735882528,0.4600000000000001,53.70761541736696,0.45,1,0.65,0.65,2.86559172699585,0,0,0.023000000000000003,0.1432795863497925,0,0,,,
,0.8305555555555556,0.75,0.9722222222222222,18.733,0,18.733,36.21858117640891,0.6554931511656936,0,18.703224721568567,0,53.705363072849295,0.45,1,0.65,0.65,4.424888919308953,0,0,0,0.22124444596544762,0,0,,,
,0.83125,0.75,0.9722222222222222,18.483,0,18.483,21.23371285840942,0.6554334584814447,0,18.688879234295147,1,53.69203385582409,0.45,1,0.65,0.65,2.626697558026904,0,0,0.05,0.13133487790134518,0,0,,,
,0.8319444444444445,0.75,0.9722222222222222,18.948,0,18.948,21.69819685227689,5.835315925972077,0,18.67591983253389,2,53.68977797746595,0.45,1,0.65,0.65,3.304021533389876,0,0,0.1,0.1652010766694938,0,0,,,
,0.8326388888888889,0.75,0.9722222222222222,19.018,0,19.018,42.05855069510313,0.6551759069333162,0,18.662784548050503,0,53.687519464109286,0.45,1,0.7,0.65,5.125647192244375,0,0,0,0.25628235961221874,0,0,,,
,0.8333333333333334,0.75,0.9722222222222222,18.952,0,18.952,21.749999999999996,0.6550417005151703,0,18.654345770000557,0,53.685258319269494,0.4,1,0.7,0.65,2.6886050040618206,0,0,0,0.13443025020309102,0,0,,,
,0.8340277777777778,0.75,0.9722222222222222,18.87,0,18.87,21.749999999999996,0.6549520236463606,0,18.647005610270995,0,53.682995602967594,0.4,1,0.7,0.65,2.688594242837563,0,0,0,0.13442971214187815,0,0,,,
,0.8347222222222223,0.75,0.9722222222222222,18.77,0,18.77,21.749999999999996,0.6549543366760041,0,18.641036630467994,3.54,53.605049367490814,0.4,1,0.7,0.65,2.68859452040112,0,0,0.177,0.134429726020056,0,0,,,
,0.8354166666666667,0.75,0.9722222222222222,18.85,0,18.85,21.749999999999996,0.6550428421424438,0,18.636674023894276,0.4600000000000001,53.59324404321319,0.4,1,0.7,0.65,2.6886051410570935,0,0,0.023000000000000003,0.13443025705285466,0,0,,,
,0.8361111111111111,0.75,0.9722222222222222,19.046,0,19.046,14.51646266283993,0.6552056717183495,0,18.634256231968703,0,53.59099552076257,0.4,1,0.7,0.65,1.8206002001469934,0,0,0,0.09103001000734967,0,0,,,
,0.8368055555555556,0.75,0.9722222222222222,19.294,0,19.294,21.706393449258968,0.6554289698951874,0,18.63172473560734,0,53.58874824528389,0.4,1,0.65,0.65,2.6834186902984993,0,0,0,0.13417093451492496,0,0,,,
,0.8375,0.75,0.9722222222222222,19.494,0,19.494,21.18889246023616,0.6557064257219136,0,18.62833619023455,0,53.58650250654349,0.4,1,0.65,0.65,2.6213518663149693,0,0,0,0.13106759331574847,0,0,,,
,0.8381944444444445,0.75,0.9722222222222222,19.364,0,19.364,21.71259348015664,0.6559639677976157,0,18.622865881891464,2,53.545524858442604,0.4,1,0.65,0.65,2.6842268937545115,0,0,0.1,0.13421134468772558,0,0,,,
,0.8388888888888889,0.75,0.9722222222222222,16.683,0,16.683,3.6214499990995614,0.656201766526538,0,18.616100229409238,0,53.54328784128393,0.4,1,0.65,0.65,0.513318211875132,0,0,0,0.025665910593756603,0,0,,,
,0.8395833333333333,0.75,0.9722222222222222,16.705,0,16.705,0,0.6563801238805205,0,18.606465330090153,0,53.541051066972635,0.4,1,0.65,0.65,0.07876561486566247,0,0,0,0.003938280743283123,0,0,,,
,0.8402777777777778,0.7777777777777778,0.9722222222222222,16.041,0,16.041,0,0.6566011639684034,0,18.590370891371656,0,53.538814287497566,0.4,1,0.65,0.65,0.07879213967620839,0,0,0,0.003939606983810419,0,0,,,
,0.8409722222222222,0.7777777777777778,0.9722222222222222,13.685,0,13.685,21.69870476761742,9.825490485360113,0,18.570379240553425,3.54,53.536576785688865,0.45,1,0.65,0.65,3.782903430357305,0,0,0.177,0.18914517151786525,0,0,,,
,0.8416666666666667,0.7777777777777778,0.9722222222222222,21.913,0,21.913,19.811731774182373,4.438656124225488,0,18.564845981118644,1.4600000000000004,53.534338329676686,0.45,1,0.65,0.65,2.910046547808944,0,0,0.07300000000000002,0.1455023273904472,0,0,,,
,0.8423611111111111,0.7777777777777778,0.9722222222222222,22.44,0,22.44,0,4.087160222692517,0,18.559613407765575,1,53.53209876083232,0.45,1,0.65,0.65,0.49045922672310205,0,0,0.05,0.024522961336155103,0,0,,,
,0.8430555555555556,0.7777777777777778,0.9722222222222222,24.213,0,24.213,0,0.6570404153440085,0,18.563760714317915,0,53.529857994288044,0.45,1,0.65,0.65,0.078844849841281,0,0,0,0.0039422424920640495,0,0,,,
,0.84375,0.7777777777777778,0.9722222222222222,26.999,0,26.999,0,0.6569968411530692,0,18.56094707709692,0,53.52761807384665,0.45,1,0.65,0.65,0.07883962093836833,0,0,0,0.003941981046918416,0,0,,,
,0.8444444444444444,0.7777777777777778,0.9722222222222222,26.896,0,26.896,21.749999999999996,10.527304761929939,0,18.554886431571184,3,53.52537981460108,0.45,1,0.7,0.65,3.873276571431593,0,0,0.15,0.19366382857157965,0,0,,,
,0.8451388888888889,0.7777777777777778,0.9722222222222222,24.186,0,24.186,21.707983656566455,0.6576768548937307,0,18.534676174570258,0,53.52314302633481,0.45,1,0.65,0.65,2.6838792613752225,0,0,0,0.13419396306876114,0,0,,,
,0.8458333333333333,0.7777777777777778,0.9722222222222222,24.192,0,24.192,19.71239727202132,0.6581810093248116,0,18.518968171872395,0,53.52090603778495,0.45,1,0.65,0.65,2.4444693937615356,0,0,0,0.12222346968807678,0,0,,,
,0.8465277777777778,0.7777777777777778,0.9722222222222222,26.643,0,26.643,21.713501909700103,0.6582974499139237,0,18.50960566526586,0,53.51866740529315,0.4,1,0.65,0.65,2.6846159231536832,0,0,0,0.13423079615768416,0,0,,,
,0.8472222222222222,0.7777777777777778,0.9722222222222222,29.049,0,29.049,3.069514161692415,3.9481865038273467,0,18.513749671118156,1,53.51642691758816,0.4,1,0.65,0.65,0.8421240798623715,0,0,0.05,0.042106203993118575,0,0,,,
,0.8479166666666667,0.7777777777777778,0.9722222222222222,26.953,0,26.953,0,0.6576815865914616,0,18.502574466697833,3.54,53.475418136257005,0.4,1,0.65,0.65,0.0789217903909754,0,0,0.177,0.00394608951954877,0,0,,,
,0.8486111111111111,0.7777777777777778,0.9722222222222222,26.695,0,26.695,21.68347916690599,22.407602925381692,0,18.496403401476933,0.4600000000000001,53.59257209408061,0.45,1,0.7,0.7,5.290929851074522,0,0,0.023000000000000003,0.2645464925537261,0,0,,,
,0.8493055555555555,0.7777777777777778,0.9722222222222222,25.176,0,25.176,21.683476524637545,22.407759727127704,0,18.47986630261476,0,53.71459994931688,0.45,1,0.7,0.7,5.29094835021183,0,0,0,0.2645474175105915,0,0,,,
,0.85,0.7777777777777778,0.9722222222222222,24.913,0,24.913,43.382579036993164,5.37734727857657,0,18.4625348185783,0,53.73928740799789,0.4,1,0.7,0.7,5.85119115786837,0,0,0,0.2925595578934185,0,0,,,
,0.8506944444444444,0.7777777777777778,0.9722222222222222,26.024,0,26.024,41.198185801845234,0.6966326942517862,0,18.436406533422485,0,53.737220722949715,0.4,1,0.7,0.7,5.027378219531644,0,0,0,0.2513689109765822,0,0,,,
,0.8513888888888889,0.7777777777777778,0.9722222222222222,25.911,0,25.911,21.68383396091562,0.6969844946320572,0,18.41250059425063,0,53.735151923343686,0.4,1,0.7,0.7,2.685698214665722,0,0,0,0.1342849107332861,0,0,,,
,0.8520833333333333,0.7777777777777778,0.9722222222222222,25.793,0,25.793,21.68406016797454,0.6972447142626561,0,18.388124870087996,0,53.73308086719734,0.4,1,0.7,0.7,2.685756585868464,0,0,0,0.1342878292934232,0,0,,,
,0.8527777777777777,0.7777777777777778,0.9722222222222222,23.244,0,23.244,21.68433326804685,0.6975041115809416,0,18.361098272337685,0,53.73100746966402,0.4,1,0.7,0.7,2.6858204855553347,0,0,0,0.13429102427776674,0,0,,,
,0.8534722222222222,0.7777777777777778,0.9722222222222222,22.325,0,22.325,21.68464971477285,0.6978159747345812,0,18.33513204781091,0,53.72893157651438,0.4,1,0.7,0.7,2.6858958827408914,0,0,0,0.13429479413704457,0,0,,,
,0.8541666666666666,0.7777777777777778,0.9722222222222222,22.192,0,22.192,43.39420164755387,14.087710417134234,0,18.30913525993227,5.54,53.726853270407375,0.4,1,0.7,0.7,6.8978294477625735,0,0,0.277,0.3448914723881287,0,0,,,
,0.8548611111111111,0.7777777777777778,0.9722222222222222,22.11,0,22.11,42.943551012748564,14.67880336109694,0,18.285966750110983,4.460000000000001,53.724772537954706,0.4,1,0.7,0.7,6.914682524861462,0,0,0.22300000000000003,0.3457341262430731,0,0,,,
,0.8555555555555555,0.7777777777777778,0.9722222222222222,16.019,0,16.019,21.68581765108534,5.87864023528161,0,18.26137837483627,2,53.72268954402125,0.4,1,0.7,0.7,3.307734946364034,0,0,0.1,0.16538674731820172,0,0,,,
,0.85625,0.7777777777777778,0.9722222222222222,15.965,0,15.965,65.12225954760171,0.6988443428167757,0,18.23656508088478,0,53.720603858351204,0.45,1,0.75,0.7,7.898532466850219,0,0,0,0.39492662334251094,0,0,,,
,0.8569444444444444,0.7777777777777778,0.9722222222222222,18.297,0,18.297,65.12264941417686,0.6990467628294252,0,18.223083066380575,0,53.718515433205525,0.45,1,0.75,0.7,7.898603541240753,0,0,0,0.39493017706203765,0,0,,,
,0.8576388888888888,0.7777777777777778,0.9722222222222222,15.891,0,15.891,65.12314492197733,0.6990423184489535,0,18.214156821376537,0,53.71642502947664,0.45,1,0.75,0.7,7.898662468851155,0,0,0,0.39493312344255777,0,0,,,
,0.8583333333333333,0.7777777777777778,0.9722222222222222,15.931,0,15.931,65.12370473161846,0.6990220476799117,0,18.211384940789294,0,53.71433333805627,0.45,1,0.75,0.7,7.898727213515805,0,0,0,0.39493636067579024,0,0,,,
,0.8590277777777777,0.7777777777777778,0.9722222222222222,16.217,0,16.217,74.06955410007421,11.354328881472783,0,18.215162208999537,3.54,53.71224099765372,0.45,1,0.75,0.7,10.25086595778564,0,0,0.177,0.512543297889282,0,0,,,
,0.8597222222222223,0.7777777777777778,0.9722222222222222,16.538,0,16.538,48.99113378604705,5.093380898722058,0,18.22478289607323,1.4600000000000004,53.710148817854076,0.45,1,0.75,0.7,6.490141762172294,0,0,0.07300000000000002,0.32450708810861467,0,0,,,
,0.8604166666666667,0.7777777777777778,0.9722222222222222,16.756,0,16.756,40.80085362908417,3.288518633727609,0,18.23724142658959,1,53.70805714731737,0.5,1,0.7,0.7,5.290724671537414,0,0,0.05,0.2645362335768707,0,0,,,
,0.8611111111111112,0.7777777777777778,0.9444444444444444,23.698,0,23.698,43.39116967743512,0.6981921095651974,0,18.269738058982583,3,53.64420893170287,0.5,1,0.7,0.7,5.2907234144400395,0,0,0.15,0.264536170722002,0,0,,,
,0.8618055555555556,0.7777777777777778,0.9444444444444444,24.375,0,24.375,21.686981952456453,22.402294736397135,0,18.3074689420038,9.26,53.62910984947554,0.5,1,0.7,0.7,5.29071320266243,0,0,0.46299999999999997,0.2645356601331215,0,0,,,
,0.8625,0.7777777777777778,0.9444444444444444,24.475,0,24.475,21.687323062587332,22.401916001266166,0,18.341359824024998,9.26,53.614982275427735,0.5,1,0.7,0.7,5.290708687662421,0,0,0.46299999999999997,0.26453543438312105,0,0,,,
,0.8631944444444445,0.7777777777777778,0.9444444444444444,22.395,0,22.395,21.68769928763126,22.401547827514147,0,18.35694699865626,9.26,53.60175368363563,0.5,1,0.7,0.7,5.2907096538174505,0,0,0.46299999999999997,0.2645354826908725,0,0,,,
,0.8638888888888889,0.7777777777777778,0.9444444444444444,22.704,0,22.704,53.167310781729654,34.363425017260894,0,18.37241539171618,11.48,53.59318158782778,0.5,1,0.75,0.7,10.503688295878868,0,0,0.5740000000000001,0.5251844147939434,0,0,,,
,0.8645833333333334,0.7777777777777778,0.9444444444444444,21,0,21,65.14430144149699,29.526823194236822,0,18.393498078629083,11.26,53.55155381178798,0.5,1,0.75,0.7,11.360534956288058,0,0,0.563,0.5680267478144029,0,0,,,
,0.8652777777777778,0.7777777777777778,0.9444444444444444,21.474,0,21.474,52.788744412355285,22.386337710000124,0,18.423398178827348,9.26,53.51286421586858,0.5,1,0.75,0.7,9.021009854682651,0,0,0.46299999999999997,0.45105049273413256,0,0,,,
,0.8659722222222223,0.7777777777777778,0.9444444444444444,21.377,0,21.377,43.456435220589775,22.385682576127696,0,18.45686754737081,2.2199999999999998,53.5969187226698,0.5,1,0.75,0.7,7.9010541356060955,0,0,0.11099999999999999,0.3950527067803048,0,0,,,
,0.8666666666666667,0.7777777777777778,0.9444444444444444,21.207,0,21.207,100.69610997679088,6.426595844127714,0,18.50073526433974,0,53.62761811872048,0.5,1,0.8,0.7,12.854724698510228,0,0,0,0.6427362349255115,0,0,,,
,0.8673611111111111,0.7777777777777778,0.9444444444444444,21.52,0,21.52,79.59885497011103,0.6917472785962401,0,18.557205826693686,0,53.62554920896599,0.5,1,0.75,0.7,9.634872269844871,0,0,0,0.4817436134922436,0,0,,,
,0.8680555555555556,0.7777777777777778,0.9166666666666666,18.829,0,18.829,50.520523248894705,6.9907512084537515,0,18.612454376786566,2,53.6234846427202,0.5,1,0.7,0.7,6.901352934881817,0,0,0.1,0.34506764674409085,0,0,,,
,0.86875,0.7777777777777778,0.9166666666666666,17.33,0,17.33,65.11018966182749,0.6897572503594449,0,18.65421934294557,0,53.62142422181951,0.5,1,0.7,0.7,7.895993629462432,0,0,0,0.3947996814731216,0,0,,,
,0.8694444444444445,0.7777777777777778,0.9166666666666666,17.085,0,17.085,30.865123046218358,11.344070708085104,0,18.69621366669053,3.54,53.61936510502934,0.45,1,0.7,0.7,5.065103250516416,0,0,0.177,0.2532551625258208,0,0,,,
,0.8701388888888889,0.7777777777777778,0.9166666666666666,17.043,0,17.043,0,7.322138213034945,0,18.73504223666718,2.4600000000000004,53.617307068857244,0.45,1,0.7,0.7,0.8786565855641935,0,0,0.12300000000000003,0.04393282927820967,0,0,,,
,0.8708333333333333,0.7777777777777778,0.9166666666666666,19.26,0,19.26,0,0.686441091711476,0,18.773646727949917,0,53.61524977255294,0.45,1,0.7,0.7,0.08237293100537711,0,0,0,0.004118646550268856,0,0,,,
,0.8715277777777778,0.7777777777777778,0.9166666666666666,19.178,0,19.178,0,22.385584901591525,0,18.805223318008913,9.26,53.56310655432581,0.45,1,0.7,0.7,2.6862701881909836,0,0,0.46299999999999997,0.13431350940954917,0,0,,,
,0.8722222222222222,0.7777777777777778,0.9166666666666666,19.745,0,19.745,0,22.3847045948518,0,18.833686440002573,9.26,53.51468306212456,0.45,1,0.7,0.7,2.686164551382216,0,0,0.46299999999999997,0.13430822756911082,0,0,,,
,0.8729166666666667,0.7777777777777778,0.9166666666666666,17.892,0,17.892,21.692695480817612,22.383866091563252,0,18.84955139348631,9.26,53.469702828012785,0.45,1,0.7,0.7,5.289187388685703,0,0,0.46299999999999997,0.26445936943428516,0,0,,,
,0.8736111111111111,0.7777777777777778,0.9166666666666666,18.094,0,18.094,21.69285823415806,30.153361018639025,0,18.862364941214018,12.26,53.42790993666033,0.45,1,0.7,0.7,6.221546310335651,0,0,0.613,0.3110773155167826,0,0,,,
,0.8743055555555556,0.7777777777777778,0.9166666666666666,18.187,0,18.187,21.749999999999996,22.38290370005072,0,18.87267661601647,9.26,53.38906746559089,0.45,1,0.75,0.7,5.295948444006087,0,0,0.46299999999999997,0.26479742220030433,0,0,,,
,0.875,0.8333333333333334,0.9444444444444444,14.763,0,14.763,37.18867629038611,50.39375984585558,0,18.880408219226616,21.52,53.333380539620556,0.4,1,0.8,0.7,10.509892336349004,0,0,1.076,0.5254946168174502,0,0,,,
,0.8756944444444444,0.8333333333333334,0.9444444444444444,15.443,0,15.443,15.44257187444002,44.093453782294844,0,18.89420694244698,17.699999999999996,53.30945193381628,0.4,1,0.75,0.7,7.144323078808182,0,0,0.8849999999999998,0.3572161539404091,0,0,,,
,0.8763888888888889,0.8333333333333334,0.9444444444444444,15.585,0,15.585,43.46244310101945,44.09324017129525,0,18.90602496237024,9.26,53.427629120365076,0.4,1,0.75,0.7,10.506681992677766,0,0,0.46299999999999997,0.5253340996338883,0,0,,,
,0.8770833333333333,0.8333333333333334,0.9444444444444444,17.168,0,17.168,43.46249190935794,34.44693475446929,0,18.93528254940284,3.22,53.57711918506713,0.35,1,0.75,0.7,9.349131199659269,0,0,0.161,0.4674565599829634,0,0,,,
,0.8777777777777778,0.8333333333333334,0.9444444444444444,17.461,0,17.461,43.469997510210376,4.115181133071855,0,18.967534377247695,3,53.53462886221803,0.35,1,0.75,0.7,5.710221437193869,0,0,0.15,0.2855110718596935,0,0,,,
,0.8784722222222222,0.8333333333333334,0.9444444444444444,20.482,0,20.482,30.65930840796207,0.6811643166953036,0,19.00450871020302,0,53.532595442116005,0.35,1,0.75,0.7,3.7608567269588855,0,0,0,0.18804283634794428,0,0,,,
,0.8791666666666667,0.8333333333333334,0.9444444444444444,18.85,0,18.85,0,0.6809691379935848,0,19.029237358775056,0,53.53056759375049,0.35,1,0.7,0.7,0.0817162965592302,0,0,0,0.00408581482796151,0,0,,,
,0.8798611111111111,0.8333333333333334,0.9444444444444444,16.208,0,16.208,0,3.2707557328554127,0,19.042225607381344,1,53.52854311275511,0.35,1,0.7,0.7,0.3924906879426496,0,0,0.05,0.01962453439713248,0,0,,,
,0.8805555555555555,0.8333333333333334,0.9444444444444444,16.19,0,16.19,0,0.6808294960760887,0,19.049704119400747,0,53.52652162687461,0.35,1,0.7,0.7,0.08169953952913066,0,0,0,0.0040849769764565325,0,0,,,
,0.88125,0.8333333333333334,0.9444444444444444,16.369,0,16.369,0,0.6809891740037225,0,19.0528999102443,3.54,53.457643653642094,0.3,1,0.7,0.7,0.08171870088044672,0,0,0.177,0.004085935044022336,0,0,,,
,0.8819444444444444,0.8333333333333334,0.9444444444444444,16.715,0,16.715,21.68233803947743,0.6812265641136417,0,19.0536424715206,0.4600000000000001,53.44719779467641,0.35,1,0.7,0.7,2.6836277524309287,0,0,0.023000000000000003,0.13418138762154644,0,0,,,
,0.8826388888888889,0.8333333333333334,0.9444444444444444,16.523,0,16.523,43.432329479376456,0.6815600740691834,0,19.05268372085161,0,53.4451963856157,0.3,1,0.75,0.7,5.293666746413478,0,0,0,0.2646833373206739,0,0,,,
,0.8833333333333333,0.8333333333333334,0.9444444444444444,16.488,0,16.488,35.494319373208604,25.6651636748183,0,19.05546608267399,10.26,53.40788660444356,0.35,1,0.75,0.7,7.339137965763229,0,0,0.513,0.36695689828816147,0,0,,,
,0.8840277777777777,0.8333333333333334,0.9444444444444444,15.813,0,15.813,21.68267568140074,22.375430945702632,0,19.056098796469072,9.26,53.37320101205823,0.35,1,0.7,0.7,5.286972795252405,0,0,0.46299999999999997,0.26434863976262024,0,0,,,
,0.8847222222222222,0.8333333333333334,0.9444444444444444,15.851,0,15.851,43.433009262510794,24.615684638781772,0,19.055942061696076,13.8,53.27626325121851,0.4,1,0.75,0.7,8.16584326815511,0,0,0.6900000000000001,0.4082921634077555,0,0,,,
,0.8854166666666666,0.8333333333333334,0.9444444444444444,15.556,0,15.556,38.11551928318918,27.83586127885532,0,19.058420050511565,11.72,53.23810036307299,0.4,1,0.75,0.7,7.9141656674453404,0,0,0.5860000000000001,0.39570828337226704,0,0,,,
,0.8861111111111111,0.8333333333333334,0.9444444444444444,14.886,0,14.886,21.749999999999996,28.67602442147509,0,19.059904691153346,11.26,53.21018643053934,0.4,1,0.75,0.7,6.051122930577011,0,0,0.563,0.30255614652885054,0,0,,,
,0.8868055555555555,0.8333333333333334,0.9444444444444444,15.279,0,15.279,43.47171411483618,30.566282701281544,0,19.06255268245239,12.26,53.18420025984883,0.4,1,0.75,0.7,8.884559617934128,0,0,0.613,0.4442279808967064,0,0,,,
,0.8875,0.8333333333333334,0.9444444444444444,17.465,0,17.465,16.57752644410442,22.376610478283755,0,19.069141691658487,9.26,53.15999947814256,0.4,1,0.75,0.7,4.674496430686582,0,0,0.46299999999999997,0.2337248215343291,0,0,,,
,0.8881944444444444,0.8333333333333334,0.9444444444444444,20.411,0,20.411,0,22.376883274394466,0,19.083599585036016,2.1800000000000055,53.2479881264007,0.4,1,0.7,0.7,2.685225992927336,0,0,0.10900000000000028,0.1342612996463668,0,0,,,
,0.8888888888888888,0.8888888888888888,0.9166666666666666,20.54,0,20.54,0,31.31209799933177,0,19.094246016319172,3.54,53.35450564836121,0.4,1,0.7,0.7,3.757451759919813,0,0,0.177,0.18787258799599066,0,0,,,
,0.8895833333333333,0.8888888888888888,0.9166666666666666,28.987,0,28.987,0,2.197307739307326,0,19.101809320351872,0.4600000000000001,53.35254050522034,0.4,1,0.7,0.7,0.26367692871687914,0,0,0.023000000000000003,0.013183846435843957,0,0,,,
,0.8902777777777777,0.8888888888888888,0.9166666666666666,27.383,0,27.383,0,2.9241032516330208,0,19.09946625384101,1,53.350578112740834,0.4,1,0.7,0.7,0.3508923901959624,0,0,0.05,0.01754461950979812,0,0,,,
,0.8909722222222223,0.8888888888888888,0.9166666666666666,29.179,0,29.179,0,3.1345342542379453,0,19.097960936431956,1,53.348618117874956,0.4,1,0.7,0.7,0.3761441105085534,0,0,0.05,0.01880720552542767,0,0,,,
,0.8916666666666667,0.8888888888888888,0.9166666666666666,22.576,0,22.576,0,0.6848592288772951,0,19.090692736881433,0,53.346660057951716,0.4,1,0.7,0.7,0.08218310746527542,0,0,0,0.004109155373263771,0,0,,,
,0.8923611111111112,0.8888888888888888,0.9166666666666666,21.436,0,21.436,0,7.265257692126023,0,19.08071116397453,2,53.344703364651686,0.4,1,0.7,0.7,0.8718309230551229,0,0,0.1,0.04359154615275614,0,0,,,
,0.8930555555555556,0.8888888888888888,0.9166666666666666,18.471,0,18.471,43.437785197857416,0.685618543882367,0,19.05762350330525,0,53.342747357668046,0.4,1,0.75,0.7,5.294808449008776,0,0,0,0.2647404224504388,0,0,,,
,0.89375,0.8888888888888888,0.9166666666666666,18.611,0,18.611,37.15616982146847,0.6863268185534355,0,19.04223382769996,0,53.34079177539902,0.4,1,0.75,0.7,4.541099596802629,0,0,0,0.22705497984013143,0,0,,,
,0.8944444444444445,0.8888888888888888,0.9166666666666666,18.291,0,18.291,43.49999999999999,0.6869424511112638,0,19.02990885890482,0,53.33883740804291,0.4,1,0.8,0.7,5.3024330941333515,0,0,0,0.2651216547066676,0,0,,,
,0.8951388888888889,0.8888888888888888,0.9166666666666666,22.622,0,22.622,25.9566388657383,0.6875445992588447,0,19.047250720579832,2,53.29793112022158,0.4,1,0.8,0.7,3.1973020157996577,0,0,0.1,0.1598651007899829,0,0,,,
,0.8958333333333334,0.8888888888888888,0.8888888888888888,23.139,0,23.139,21.749999999999996,0.6881673446069104,0,19.06662031745745,0,53.29599195983654,0.4,1,0.75,0.7,2.69258008135283,0,0,0,0.1346290040676415,0,0,,,
,0.8965277777777778,0.8888888888888888,0.8888888888888888,22.99,0,22.99,43.472591960245616,0.6887841108141479,0,19.085520991422545,0,53.29405997675965,0.4,1,0.75,0.7,5.299365128527173,0,0,0,0.26496825642635863,0,0,,,
,0.8972222222222223,0.8888888888888888,0.8888888888888888,19.061,0,19.061,26.933091265431866,0.6894844895416963,0,19.085464760005916,3.54,53.22966648860104,0.4,1,0.75,0.7,3.3147090905968284,0,0,0.177,0.16573545452984143,0,0,,,
,0.8979166666666667,0.8888888888888888,0.8888888888888888,18.926,0,18.926,0,22.440082456014743,0,19.085915602794856,5.46,53.25843283555959,0.35,1,0.75,0.75,2.692809894721769,0,0,0.273,0.13464049473608847,0,0,,,
,0.8986111111111111,0.8888888888888888,0.8888888888888888,19.063,0,19.063,0,22.440663438771345,0,19.082319284623235,0,53.38080705225552,0.35,1,0.75,0.75,2.6928796126525616,0,0,0,0.13464398063262809,0,0,,,
,0.8993055555555556,0.8888888888888888,0.8888888888888888,19.118,0,19.118,0,22.441273527565027,0,19.073919317621474,0,53.50316316022429,0.35,1,0.75,0.75,2.6929528233078037,0,0,0,0.1346476411653902,0,0,,,
,0.9,0.8888888888888888,0.8888888888888888,18.958,0,18.958,0,5.743590077281985,0,19.06024538849303,0,53.530081518864314,0.35,1,0.75,0.75,0.6892308092738382,0,0,0,0.03446154046369191,0,0,,,
,0.9006944444444445,0.8888888888888888,0.8888888888888888,18.853,0,18.853,0,0.750337356261664,0,19.042405079818884,0,53.52846004613489,0.35,1,0.75,0.75,0.09004048275139968,0,0,0,0.004502024137569984,0,0,,,
,0.9013888888888889,0.8888888888888888,0.8888888888888888,16.49,0,16.49,21.690413971877096,0.751113323849937,0,19.020551084493793,0,53.52684022713409,0.35,1,0.75,0.75,2.6929832754872445,0,0,0,0.13464916377436223,0,0,,,
,0.9020833333333333,0.8888888888888888,0.8888888888888888,18.807,0,18.807,13.24048515749199,0.7519521181413483,0,19.002677981232793,0,53.5252217325276,0.35,1,0.75,0.75,1.6790924730760006,0,0,0,0.08395462365380003,0,0,,,
,0.9027777777777778,0.8888888888888888,0.8888888888888888,18.922,0,18.922,21.749999999999996,0.7526170852618271,0,18.984197660206224,0,53.52360425122887,0.3,1,0.8,0.75,2.7003140502314187,0,0,0,0.13501570251157094,0,0,,,
,0.9034722222222222,0.8888888888888888,0.8888888888888888,20.941,0,20.941,26.39813610208973,0.7532377736389485,0,18.96598589080745,0,53.52198742594835,0.35,1,0.8,0.75,3.2581648650874424,0,0,0,0.16290824325437211,0,0,,,
,0.9041666666666667,0.8888888888888888,0.8888888888888888,20.688,0,20.688,21.69208502815639,0.7539158624462688,0,18.9483969168234,0,53.52037163061343,0.35,1,0.75,0.75,2.6935201068723194,0,0,0,0.13467600534361596,0,0,,,
,0.9048611111111111,0.8888888888888888,0.8888888888888888,22.835,0,22.835,11.205042794941894,0.7545106840110106,0,18.94418005713212,0,53.51875649599971,0.35,1,0.75,0.75,1.4351464174743487,0,0,0,0.07175732087371743,0,0,,,
,0.9055555555555556,0.8888888888888888,0.8888888888888888,22.885,0,22.885,21.749999999999996,0.7550035108551876,0,18.938379362549675,0,53.51714373152936,0.35,1,0.8,0.75,2.7006004213026227,0,0,0,0.13503002106513112,0,0,,,
,0.90625,0.8888888888888888,0.8888888888888888,24.908,0,24.908,21.749999999999996,0.7554716725689381,0,18.94080555152322,0,53.51553292433793,0.3,1,0.8,0.75,2.700656600708273,0,0,0,0.13503283003541364,0,0,,,
,0.9069444444444444,0.8888888888888888,0.8888888888888888,22.969,0,22.969,8.370778243710243,10.205795095493116,0,18.93332576369918,3,53.51392465733399,0.3,1,0.8,0.75,2.229188800704403,0,0,0.15,0.11145944003522015,0,0,,,
,0.9076388888888889,0.8888888888888888,0.8888888888888888,23.556,0,23.556,0,0.7561557059992101,0,18.927442435803197,0,53.51231744441507,0.3,1,0.75,0.75,0.09073868471990523,0,0,0,0.004536934235995262,0,0,,,
,0.9083333333333333,0.8888888888888888,0.8888888888888888,21.698,0,21.698,0,0.7565379199355169,0,18.911597968244443,0,53.51071168252751,0.3,1,0.75,0.75,0.09078455039226203,0,0,0,0.0045392275196131015,0,0,,,
,0.9090277777777778,0.8888888888888888,0.8888888888888888,21.178,0,21.178,0,4.187151986694074,0,18.889690167441366,1,53.50910698867189,0.35,1,0.75,0.75,0.502458238403289,0,0,0.05,0.02512291192016445,0,0,,,
,0.9097222222222222,0.8611111111111112,0.8611111111111112,24.005,0,24.005,0,22.45550231655885,0,18.86943239818768,9.26,53.45740138759716,0.35,1,0.75,0.75,2.694660277987062,0,0,0.46299999999999997,0.1347330138993531,0,0,,,
,0.9104166666666667,0.8611111111111112,0.8611111111111112,22.96,0,22.96,0,22.456122924506932,0,18.841856120012512,8.74,53.41898380805135,0.35,1,0.75,0.75,2.694734750940832,0,0,0.437,0.1347367375470416,0,0,,,
,0.9111111111111111,0.8611111111111112,0.8611111111111112,20.845,0,20.845,21.749999999999996,15.966622856057285,0,18.80727223612413,0,53.50429414533944,0.35,1,0.8,0.75,4.525994742726874,0,0,0,0.2262997371363437,0,0,,,
,0.9118055555555555,0.8611111111111112,0.8611111111111112,20.626,0,20.626,3.785682026262237,0.760046080793425,0,18.773847484438292,0,53.50268920490239,0.35,1,0.8,0.75,0.5454873728466794,0,0,0,0.027274368642333967,0,0,,,
,0.9125,0.8611111111111112,0.8611111111111112,20.598,0,20.598,0,0.7609878447978192,0,18.738884576696954,0,53.501084191149154,0.35,1,0.75,0.75,0.09131854137573828,0,0,0,0.004565927068786914,0,0,,,
,0.9131944444444444,0.8611111111111112,0.8611111111111112,18.629,0,18.629,0,0.7619547018578324,0,18.700515386355026,0,53.4994789837973,0.35,1,0.75,0.75,0.09143456422293993,0,0,0,0.004571728211146996,0,0,,,
,0.9138888888888889,0.8611111111111112,0.8611111111111112,18.773,0,18.773,0,8.952990212374091,0,18.66112565809587,3,53.497873391251304,0.35,1,0.75,0.75,1.0743588254848913,0,0,0.15,0.05371794127424456,0,0,,,
,0.9145833333333333,0.8611111111111112,0.8611111111111112,19.067,0,19.067,0,10.634016318233106,0,18.621783700076207,3,53.496267184886946,0.35,1,0.75,0.75,1.2760819581879723,0,0,0.15,0.06380409790939862,0,0,,,
,0.9152777777777777,0.8611111111111112,0.8611111111111112,19.162,0,19.162,0,3.355008626342264,0,18.581718206713628,1,53.49466017986865,0.35,1,0.75,0.75,0.40260103516107176,0,0,0.05,0.020130051758053588,0,0,,,
,0.9159722222222222,0.8611111111111112,0.8611111111111112,19.034,0,19.034,0,0.7659797079085136,0,18.53955159458259,0,53.49305213100415,0.35,1,0.75,0.75,0.09191756494902163,0,0,0,0.004595878247451082,0,0,,,
,0.9166666666666666,0.8888888888888888,0.6666666666666666,14.051,0,14.051,0,0.7669617308903879,0,18.484918337469605,0,53.49144274080301,0.35,1,0.75,0.75,0.09203540770684657,0,0,0,0.004601770385342328,0,0,,,
,0.9173611111111111,0.8888888888888888,0.6666666666666666,13.926,0,13.926,0,0.7683145446009141,0,18.429813287237803,0,53.489831991160145,0.35,1,0.75,0.75,0.0921977453521097,0,0,0,0.004609887267605485,0,0,,,
,0.9180555555555555,0.8888888888888888,0.6666666666666666,13.915,0,13.915,0,0.7696641010302752,0,18.374461081110915,0,53.488219782816806,0.35,1,0.75,0.75,0.09235969212363301,0,0,0,0.00461798460618165,0,0,,,
,0.91875,0.8888888888888888,0.6666666666666666,14.33,0,14.33,0,22.463604163983135,0,18.320564162448537,13.26,53.382556868234985,0.35,1,0.75,0.75,2.695632499677976,0,0,0.663,0.1347816249838988,0,0,,,
,0.9194444444444444,0.8888888888888888,0.6666666666666666,14.39,0,14.39,21.749999999999996,22.464871218361147,0,18.266288883978504,9.26,53.34826101355109,0.35,1,0.8,0.75,5.305784546203337,0,0,0.46299999999999997,0.26528922731016685,0,0,,,
,0.9201388888888888,0.8888888888888888,0.6666666666666666,14.39,0,14.39,3.1705867661525517,22.46611460177011,0,18.21612057142668,9.26,53.31639068469059,0.35,1,0.8,0.75,3.07640416415072,0,0,0.46299999999999997,0.153820208207536,0,0,,,
,0.9208333333333333,0.8888888888888888,0.6666666666666666,14.698,0,14.698,0,18.601345490750056,0,18.166730135505496,0.22000000000000025,53.413055856325855,0.35,1,0.75,0.75,2.232161458890007,0,0,0.011000000000000013,0.11160807294450034,0,0,,,
,0.9215277777777777,0.8888888888888888,0.6666666666666666,14.97,0,14.97,0,0.7760568376478982,0,18.118552552548984,3.54,53.3542917939478,0.35,1,0.75,0.75,0.09312682051774779,0,0,0.177,0.004656341025887389,0,0,,,
,0.9222222222222223,0.8888888888888888,0.6666666666666666,14.94,0,14.94,0,22.527251539272758,0,18.070429121443524,1.4600000000000004,53.45407642843012,0.35,1,0.8,0.8,2.7032701847127316,0,0,0.07300000000000002,0.13516350923563658,0,0,,,
,0.9229166666666667,0.8888888888888888,0.6666666666666666,15.111,0,15.111,0,22.528453653454385,0,18.023264760932296,0,53.57674468119724,0.35,1,0.8,0.8,2.703414438414527,0,0,0,0.13517072192072635,0,0,,,
,0.9236111111111112,0.8888888888888888,0.6111111111111112,14.843,0,14.843,0,12.051923201155367,0,17.974063642049764,0,53.63951793150322,0.35,1,0.8,0.8,1.4462307841386441,0,0,0,0.0723115392069322,0,0,,,
,0.9243055555555556,0.8888888888888888,0.6111111111111112,13.113,0,13.113,0,0.8377084765507926,0,17.925423557154488,0,53.63819075920533,0.35,1,0.8,0.8,0.10052501718609508,0,0,0,0.0050262508593047536,0,0,,,
,0.925,0.8888888888888888,0.6111111111111112,13.053,0,13.053,0,0.8390229069249664,0,17.87627305596215,0,53.63686298715311,0.3,1,0.8,0.8,0.10068274883099596,0,0,0,0.005034137441549798,0,0,,,
,0.9256944444444445,0.8888888888888888,0.6111111111111112,13.586,0,13.586,0,7.56033251422174,0,17.82944004231149,3,53.63553450038903,0.3,1,0.8,0.8,0.907239901706609,0,0,0.15,0.045361995085330446,0,0,,,
,0.9263888888888889,0.8888888888888888,0.6111111111111112,13.134,0,13.134,0,0.8415742734680204,0,17.780207548258897,0,53.63420530861604,0.3,1,0.8,0.8,0.10098891281616247,0,0,0,0.005049445640808123,0,0,,,
,0.9270833333333334,0.8888888888888888,0.6111111111111112,15.256,0,15.256,0,0.8428613631224514,0,17.743093300298614,0,53.63287525964638,0.3,1,0.8,0.8,0.10114336357469418,0,0,0,0.005057168178734709,0,0,,,
,0.9277777777777778,0.8888888888888888,0.6111111111111112,15.348,0,15.348,0,0.8438083264710098,0,17.70594013363182,0,53.63154448746176,0.3,1,0.8,0.8,0.10125699917652119,0,0,0,0.00506284995882606,0,0,,,
,0.9284722222222223,0.8888888888888888,0.6111111111111112,15.094,0,15.094,21.749999999999996,0.8447657253628443,0,17.66650328657407,0,53.630213045146036,0.3,1,0.85,0.8,2.7113718870435415,0,0,0,0.13556859435217708,0,0,,,
,0.9291666666666667,0.8888888888888888,0.6111111111111112,13.03,0,13.03,25.92631040936996,0.8457352909242618,0,17.619696681524903,0,53.62888061084984,0.3,1,0.85,0.8,3.2126454840353063,0,0,0,0.16063227420176532,0,0,,,
,0.9298611111111111,0.8888888888888888,0.6111111111111112,13.07,0,13.07,0,0.8470302974560743,0,17.576488865460217,0,53.62754778101885,0.25,1,0.8,0.8,0.10164363569472894,0,0,0,0.005082181784736447,0,0,,,
,0.9305555555555556,0.8888888888888888,0.5555555555555556,12.369,0,12.369,0,6.3082242564980655,0,17.528523823595528,2,53.62621459524189,0.25,1,0.8,0.8,0.7569869107797677,0,0,0.1,0.03784934553898838,0,0,,,
,0.93125,0.8888888888888888,0.5555555555555556,12.251,0,12.251,0,0.8495507341244175,0,17.48036185190862,0,53.6248809953046,0.25,1,0.8,0.8,0.10194608809493011,0,0,0,0.005097304404746506,0,0,,,
,0.9319444444444445,0.8888888888888888,0.5555555555555556,12.151,0,12.151,0,0.8508698888999361,0,17.432054618045665,0,53.62354690567374,0.25,1,0.8,0.8,0.10210438666799236,0,0,0,0.005105219333399618,0,0,,,
,0.9326388888888889,0.8888888888888888,0.5555555555555556,11.944,0,11.944,0,0.8521770086484043,0,17.383010055399,3.54,53.55540580727144,0.25,1,0.8,0.8,0.10226124103780852,0,0,0.177,0.005113062051890426,0,0,,,
,0.9333333333333333,0.8888888888888888,0.5555555555555556,9.638,0,9.638,0,0.8534913284864807,0,17.33399824175762,2.46,53.508978596737755,0.25,1,0.8,0.8,0.1024189594183777,0,0,0.123,0.005120947970918885,0,0,,,
,0.9340277777777778,0.8888888888888888,0.5555555555555556,9.8,0,9.8,0,0.8547906567855834,0,17.2863728562654,0,53.50766168957282,0.25,1,0.8,0.8,0.10257487881427002,0,0,0,0.005128743940713501,0,0,,,
,0.9347222222222222,0.8888888888888888,0.5555555555555556,9.74,0,9.74,0,0.8560634642147134,0,17.238522082465302,0,53.506344116996914,0.25,1,0.8,0.8,0.10272761570576557,0,0,0,0.005136380785288278,0,0,,,
,0.9354166666666667,0.8888888888888888,0.5555555555555556,10.191,0,10.191,0,0.8573303690405353,0,17.193248223253644,0,53.50502580675693,0.25,1,0.8,0.8,0.10287964428486426,0,0,0,0.0051439822142432135,0,0,,,
,0.9361111111111111,0.8888888888888888,0.5555555555555556,10.181,0,10.181,0,0.8585087133218003,0,17.14832954886348,0,53.503706694675884,0.25,1,0.8,0.8,0.10302104559861604,0,0,0,0.005151052279930802,0,0,,,
,0.9368055555555556,0.8888888888888888,0.5555555555555556,10.117,0,10.117,0,0.8596661408067355,0,17.102792026344044,0,53.50238672225551,0.25,1,0.8,0.8,0.10315993689680827,0,0,0,0.0051579968448404135,0,0,,,
,0.9375,0.8888888888888888,0.4722222222222222,8.876,0,8.876,21.749999999999996,0.8608039310394529,0,17.052088254819758,0,53.50106567134215,0.25,1,0.85,0.8,2.7132964717247345,0,0,0,0.13566482358623672,0,0,,,
,0.9381944444444444,0.8888888888888888,0.4722222222222222,9.072,0,9.072,3.689505468320381,0.8621329809155032,0,17.007583650106355,0,53.49974374939025,0.25,1,0.85,0.8,0.5461966139083061,0,0,0,0.027309830695415305,0,0,,,
,0.9388888888888889,0.8888888888888888,0.4722222222222222,9.045,0,9.045,0,0.8633844206364542,0,16.964067293198905,0,53.49842157577687,0.25,1,0.8,0.8,0.10360613047637451,0,0,0,0.005180306523818725,0,0,,,
,0.9395833333333333,0.8888888888888888,0.4722222222222222,8.762,0,8.762,0,0.8646181814645482,0,16.918587191414105,0,53.497099218936796,0.25,1,0.8,0.8,0.10375418177574577,0,0,0,0.005187709088787289,0,0,,,
,0.9402777777777778,0.8888888888888888,0.4722222222222222,8.67,0,8.67,0,6.045833020517076,0,16.873126912562675,2,53.49577623413504,0.25,1,0.8,0.8,0.7254999624620493,0,0,0.1,0.03627499812310246,0,0,,,
,0.9409722222222222,0.8888888888888888,0.4722222222222222,8.512,0,8.512,0,0.8670392327447671,0,16.82619124200928,0,53.494452575581306,0.25,1,0.8,0.8,0.10404470792937204,0,0,0,0.005202235396468602,0,0,,,
,0.9416666666666667,0.8888888888888888,0.4722222222222222,8.369,0,8.369,0,0.868244582186651,0,16.7792414576839,0,53.493127985536624,0.25,1,0.8,0.8,0.10418934986239811,0,0,0,0.005209467493119906,0,0,,,
,0.9423611111111111,0.8888888888888888,0.4722222222222222,8.412,0,8.412,21.689945767075546,0.8694347342375722,0,16.73290068548872,0,53.49180237489892,0.25,1,0.8,0.8,2.707125660157575,0,0,0,0.13535628300787875,0,0,,,
,0.9430555555555555,0.8888888888888888,0.4722222222222222,10.839,0,10.839,21.689845675578454,0.8705986278715304,0,16.699856826611175,0,53.490475698197145,0.25,1,0.8,0.8,2.7072533164139982,0,0,0,0.13536266582069992,0,0,,,
,0.94375,0.8888888888888888,0.4722222222222222,10.499,0,10.499,21.689873241933732,0.8713809270064887,0,16.66954417323943,0,53.4891480545449,0.25,1,0.8,0.8,2.707350500272827,0,0,0,0.13536752501364135,0,0,,,
,0.9444444444444444,0.8888888888888888,0.4166666666666667,7.386,0,7.386,43.37664025085168,8.642073446036957,0,16.63110699583624,3,53.48781939928547,0.3,1,0.8,0.8,6.242245643626637,0,0,0.15,0.31211228218133186,0,0,,,
,0.9451388888888889,0.8888888888888888,0.4166666666666667,7.627,0,7.627,65.0936385304113,0.8730028742316839,0,16.60216510478306,0,53.48648969358335,0.3,1,0.8,0.8,7.915996968557159,0,0,0,0.3957998484278579,0,0,,,
,0.9458333333333333,0.8888888888888888,0.4166666666666667,7.304,0,7.304,55.28437763265399,0.873664091527091,0,16.58333402894766,0,53.485159032748264,0.3,1,0.8,0.8,6.738965006901731,0,0,0,0.3369482503450866,0,0,,,
,0.9465277777777777,0.8888888888888888,0.4166666666666667,7.304,0,7.304,65.15327572951271,0.8740259843880949,0,16.572990523194257,3,53.43005543802633,0.3,1,0.85,0.8,7.923276205668098,0,0,0.15,0.3961638102834049,0,0,,,
,0.9472222222222222,0.8888888888888888,0.4166666666666667,11.281,0,11.281,36.492380822537,0.8741265054711851,0,16.57819308964691,0,53.42873209264362,0.3,1,0.85,0.8,4.483980879360983,0,0,0,0.22419904396804916,0,0,,,
,0.9479166666666666,0.8888888888888888,0.4166666666666667,10.773,0,10.773,11.530208237502436,0.8738895243208653,0,16.58398127144344,0,53.427408511810654,0.3,1,0.8,0.8,1.4884917314187962,0,0,0,0.07442458657093981,0,0,,,
,0.9486111111111111,0.8888888888888888,0.4166666666666667,14,0,14,0,0.8736571220442406,0,16.589965120079267,0,53.42608482212398,0.3,1,0.8,0.8,0.10483885464530887,0,0,0,0.005241942732265444,0,0,,,
,0.9493055555555555,0.8888888888888888,0.4166666666666667,15.045,0,15.045,0,0.8733961815513946,0,16.596533514116622,0,53.42476089406964,0.3,1,0.8,0.8,0.10480754178616736,0,0,0,0.005240377089308368,0,0,,,
,0.95,0.8888888888888888,0.4166666666666667,15.125,0,15.125,0,0.8732338499333123,0,16.600088796829525,0,53.42343739137556,0.3,1,0.8,0.8,0.10478806199199746,0,0,0,0.005239403099599873,0,0,,,
,0.9506944444444444,0.8888888888888888,0.4166666666666667,15.158,0,15.158,0,0.8731573909232874,0,16.601568688412115,0,53.42211428813605,0.3,1,0.8,0.8,0.1047788869107945,0,0,0,0.005238944345539725,0,0,,,
,0.9513888888888888,0.9166666666666666,0.4166666666666667,14.203,0,14.203,0,0.8731251371608646,0,16.597390371076575,0,53.42079148110273,0.3,1,0.8,0.8,0.10477501645930376,0,0,0,0.005238750822965188,0,0,,,
,0.9520833333333333,0.9166666666666666,0.4166666666666667,14.102,0,14.102,0,0.8731226071048821,0,16.589988571654768,0,53.4194681700959,0.3,1,0.8,0.8,0.10477471285258584,0,0,0,0.005238735642629292,0,0,,,
,0.9527777777777777,0.9166666666666666,0.4166666666666667,16.107,0,16.107,21.693853140623993,10.041836260003747,0,16.581882869749563,3.54,53.41814446650763,0.3,1,0.8,0.8,3.8082827280753295,0,0,0.177,0.19041413640376648,0,0,,,
,0.9534722222222223,0.9166666666666666,0.4166666666666667,16.226,0,16.226,14.509331484339127,2.0647337035484257,0,16.576264248715553,0.4600000000000001,53.4168201571113,0.3,1,0.8,0.8,1.9888878225465063,0,0,0.023000000000000003,0.09944439112732531,0,0,,,
,0.9541666666666667,0.9166666666666666,0.4166666666666667,16.186,0,16.186,0,0.8733702661593193,0,16.570688086611753,0,53.41549532047649,0.3,1,0.8,0.8,0.10480443193911837,0,0,0,0.0052402215969559185,0,0,,,
,0.9548611111111112,0.9166666666666666,0.4166666666666667,16.246,0,16.246,21.688476001983297,0.873396629525249,0,16.56294114097878,0,53.41416990569085,0.3,1,0.8,0.8,2.7074247157810265,0,0,0,0.13537123578905133,0,0,,,
,0.9555555555555556,0.9166666666666666,0.4166666666666667,18.32,0,18.32,57.89804331228224,0.8734802542046314,0,16.568577676021462,0,53.41284386792663,0.3,1,0.9,0.8,7.052582827978425,0,0,0,0.3526291413989212,0,0,,,
,0.95625,0.9166666666666666,0.4166666666666667,18.517,0,18.517,46.95317505760684,6.8931403852053315,0,16.584286877789886,2,53.41151708163775,0.3,1,0.9,0.8,6.461557853137461,0,0,0.1,0.32307789265687303,0,0,,,
,0.9569444444444445,0.9166666666666666,0.4166666666666667,20.834,0,20.834,36.50195481010605,0.8727903109589754,0,16.613214843636907,0,53.410191215379726,0.3,1,0.85,0.8,4.484969414527804,0,0,0,0.22424847072639018,0,0,,,
,0.9576388888888889,0.9166666666666666,0.4166666666666667,18.624,0,18.624,21.749999999999996,0.8721793380067354,0,16.63271765706979,0,53.408867044218894,0.3,1,0.85,0.8,2.7146615205608082,0,0,0,0.1357330760280404,0,0,,,
,0.9583333333333334,0.9166666666666666,0.3055555555555556,12.21,0,12.21,43.44685125182364,0.8719630541956008,0,16.640297083294943,0,53.407545207490784,0.35,1,0.85,0.8,5.318257716722311,0,0,0,0.26591288583611555,0,0,,,
,0.9590277777777778,0.9166666666666666,0.3055555555555556,12.3,0,12.3,43.446723600303336,0.8722024094675039,0,16.65176252764092,0,53.406226264437876,0.35,1,0.85,0.8,5.318271121172503,0,0,0,0.26591355605862516,0,0,,,
,0.9597222222222223,0.9166666666666666,0.3055555555555556,11.988,0,11.988,31.51570692805903,0.8724263181131672,0,16.664186191021063,0,53.40491079247221,0.35,1,0.85,0.8,3.8865759895406633,0,0,0,0.19432879947703316,0,0,,,
,0.9604166666666667,0.9166666666666666,0.3055555555555556,11.773,0,11.773,21.696679809015208,3.8827087566961964,0,16.674900863308906,1,53.40359928972166,0.35,1,0.8,0.8,3.069526627885369,0,0,0.05,0.15347633139426844,0,0,,,
,0.9611111111111111,0.9166666666666666,0.3055555555555556,8.982,0,8.982,21.69674815218051,0.8730178915754372,0,16.683190883389138,3,53.35492257038138,0.35,1,0.8,0.8,2.7083719252507144,0,0,0.15,0.13541859626253572,0,0,,,
,0.9618055555555556,0.9166666666666666,0.3055555555555556,9.114,0,9.114,21.696871072664806,0.8733105470597543,0,16.689924775691537,0,53.35362633378968,0.35,1,0.8,0.8,2.7084217943669473,0,0,0,0.13542108971834738,0,0,,,
,0.9625,0.9166666666666666,0.3055555555555556,10.879,0,10.879,21.697044607225095,0.8735921813567353,0,16.704396080422995,0,53.35233308313034,0.35,1,0.8,0.8,2.70847641462982,0,0,0,0.135423820731491,0,0,,,
,0.9631944444444445,0.9166666666666666,0.3055555555555556,13.945,0,13.945,43.386974229002355,6.333893493883315,0,16.71903571238466,2,53.35104425675206,0.35,1,0.8,0.8,5.966504126746281,0,0,0.1,0.298325206337314,0,0,,,
,0.9638888888888889,0.9166666666666666,0.3055555555555556,13.628,0,13.628,35.13284562076621,0.8741652278939918,0,16.73407795272524,0,53.34975971373242,0.35,1,0.8,0.8,4.3208413018392235,0,0,0,0.21604206509196117,0,0,,,
,0.9645833333333333,0.9166666666666666,0.3055555555555556,11.771,0,11.771,43.44783286373258,0.8743415062128249,0,16.738687850835387,0,53.348478976894604,0.35,1,0.85,0.8,5.318660924393449,0,0,0,0.26593304621967245,0,0,,,
,0.9652777777777778,0.9444444444444444,0.25,11.701,0,11.701,46.90381420358035,0.8744279034442403,0,16.746115583518254,0,53.34719974357838,0.25,1,0.85,0.8,5.733389052842953,0,0,0,0.28666945264214766,0,0,,,
,0.9659722222222222,0.9444444444444444,0.25,11.428,0,11.428,34.93229846032487,0.8745524005940069,0,16.754434398858976,0,53.345922714297195,0.2,1,0.8,0.8,4.296822103310265,0,0,0,0.21484110516551325,0,0,,,
,0.9666666666666667,0.9444444444444444,0.25,11.494,0,11.494,21.698955555741424,0.8745948710205371,0,16.76347740489647,0,53.344647572706094,0.2,1,0.8,0.8,2.708826051211436,0,0,0,0.1354413025605718,0,0,,,
,0.9673611111111111,0.9444444444444444,0.25,9.499,0,9.499,19.812929434059313,6.334551544902352,0,16.767988985463774,2,53.343373952362484,0.2,1,0.8,0.8,3.1376977174754006,0,0,0.1,0.15688488587377003,0,0,,,
,0.9680555555555556,0.9444444444444444,0.25,9.605,0,9.605,0,0.8745922396770863,0,16.770377166294733,0,53.342101556309174,0.15,1,0.8,0.8,0.10495106876125039,0,0,0,0.00524755343806252,0,0,,,
,0.96875,0.9444444444444444,0.25,9.913,0,9.913,21.700552289254738,0.8746510252436084,0,16.770483720391315,0,53.34083012370085,0.2,1,0.8,0.8,2.7090243977398014,0,0,0,0.13545121988699008,0,0,,,
,0.9694444444444444,0.9444444444444444,0.25,9.736,0,9.736,21.70052236033696,0.8747658001193754,0,16.769314635252762,0,53.339559583175244,0.2,1,0.8,0.8,2.70903457925476,0,0,0,0.135451728962738,0,0,,,
,0.9701388888888889,0.9444444444444444,0.25,9.591,0,9.591,21.700565260961977,0.8748794331553542,0,16.766212294378345,0,53.33828970937363,0.2,1,0.8,0.8,2.7090533632940796,0,0,0,0.13545266816470397,0,0,,,
,0.9708333333333333,0.9444444444444444,0.25,9.409,0,9.409,21.700671729671846,0.8749934180047737,0,16.761533629576295,0,53.3370201727768,0.2,1,0.8,0.8,2.7090798177211943,0,0,0,0.13545399088605972,0,0,,,
,0.9715277777777778,0.9444444444444444,0.25,9.262,0,9.262,21.700841495016842,0.875117538869096,0,16.755770370199862,0,53.33575076102009,0.2,1,0.8,0.8,2.709115084066313,0,0,0,0.13545575420331565,0,0,,,
,0.9722222222222222,0.9444444444444444,0.25,9.222,0,9.222,21.70107037197144,0.8752536373299175,0,16.749165750516678,0,53.334481356594964,0.2,1,0.8,0.8,2.7091588811161635,0,0,0,0.1354579440558082,0,0,,,
,0.9729166666666667,0.9444444444444444,0.25,9.182,0,9.182,17.677904694166596,0.8753892080219619,0,16.74191350109477,0,53.33321181225119,0.2,1,0.8,0.8,2.226395268262627,0,0,0,0.11131976341313135,0,0,,,
,0.9736111111111111,0.9444444444444444,0.25,9.278,0,9.278,0,0.8755208834820606,0,16.734366010903546,0,53.33194199473204,0.2,1,0.8,0.8,0.1050625060178473,0,0,0,0.005253125300892366,0,0,,,
,0.9743055555555555,0.9444444444444444,0.25,9.247,0,9.247,21.702879380133513,4.30565854026675,0,16.723805550417563,1,53.330671887650624,0.2,1,0.8,0.8,3.121024550448032,0,0,0.05,0.15605122752240158,0,0,,,
,0.975,0.9444444444444444,0.25,9.31,0,9.31,43.42559883273432,0.8758665947802649,0,16.712900857373594,0,53.32940137682012,0.2,1,0.8,0.8,5.316175851301749,0,0,0,0.2658087925650875,0,0,,,
,0.9756944444444444,0.9444444444444444,0.25,9.417,0,9.417,36.14492047591335,0.876067071073735,0,16.70654406480719,0,53.32813035999436,0.2,1,0.8,0.8,4.442518505638451,0,0,0,0.22212592528192254,0,0,,,
,0.9763888888888889,0.9444444444444444,0.25,9.067,0,9.067,20.478426368219406,0.8761490941578854,0,16.700478542811602,0,53.32685894002466,0.2,1,0.8,0.8,2.5625490554852757,0,0,0,0.1281274527742638,0,0,,,
,0.9770833333333333,0.9444444444444444,0.25,6.221,0,6.221,0,0.8761711563824119,0,16.691098614728304,0,53.325586824278744,0.2,1,0.8,0.8,0.10514053876588947,0,0,0,0.005257026938294473,0,0,,,
,0.9777777777777777,0.9444444444444444,0.25,6.061,0,6.061,0,0.87620400372691,0,16.678460571072243,0,53.32431350632125,0.2,1,0.8,0.8,0.1051444804472292,0,0,0,0.0052572240223614595,0,0,,,
,0.9784722222222222,0.9444444444444444,0.25,6.002,0,6.002,0,0.8763194993183624,0,16.66438463543963,0,53.32303890009989,0.2,1,0.8,0.8,0.1051583399182035,0,0,0,0.005257916995910175,0,0,,,
,0.9791666666666666,0.9444444444444444,0.1388888888888889,5.033,0,5.033,0,0.876521085817098,0,16.64214665906469,0,53.32176325128777,0.2,1,0.8,0.8,0.10518253029805177,0,0,0,0.005259126514902589,0,0,,,
,0.9798611111111111,0.9444444444444444,0.1388888888888889,4.73,0,4.73,0,0.8769469847433952,0,16.61642228701652,0,53.320486442641915,0.2,1,0.8,0.8,0.10523363816920744,0,0,0,0.005261681908460372,0,0,,,
,0.9805555555555555,0.9444444444444444,0.1388888888888889,4.53,0,4.53,21.704214058562144,0.8774714064834865,0,16.588223631817876,0,53.31920843968086,0.15,1,0.8,0.8,2.709802255805476,0,0,0,0.13549011279027381,0,0,,,
,0.98125,0.9444444444444444,0.1388888888888889,4.792,0,4.792,21.70432289834359,0.8780690274750128,0,16.56291036915987,0,53.31792923672795,0.15,1,0.8,0.8,2.709887031098233,0,0,0,0.13549435155491166,0,0,,,
,0.9819444444444444,0.9444444444444444,0.1388888888888889,4.672,0,4.672,5.585638503723798,0.8786326172177737,0,16.537445492757954,0,53.31664913416332,0.15,1,0.8,0.8,0.7757125345129888,0,0,0,0.03878562672564944,0,0,,,
,0.9826388888888888,0.9444444444444444,0.1388888888888889,6.602,0,6.602,0,0.8791644966719265,0,16.52189318780706,0,53.315367924948625,0.15,1,0.8,0.8,0.10549973960063122,0,0,0,0.005274986980031561,0,0,,,
,0.9833333333333333,0.9444444444444444,0.1388888888888889,6.602,0,6.602,0,0.8793652556206122,0,16.504194201931234,3,53.262020837746114,0.15,1,0.8,0.8,0.10552383067447349,0,0,0.15,0.005276191533723674,0,0,,,
,0.9840277777777777,0.9444444444444444,0.1388888888888889,6.586,0,6.586,21.7058687875223,0.8796271273954889,0,16.484771236659558,0,53.260745936765105,0.15,1,0.8,0.8,2.7102595097901356,0,0,0,0.13551297548950678,0,0,,,
,0.9847222222222223,0.9444444444444444,0.1388888888888889,4.302,0,4.302,21.705941592577535,0.8799497681095058,0,16.45286471903724,9.26,53.10266950289442,0.15,1,0.8,0.8,2.7103069632824446,0,0,0.46299999999999997,0.13551534816412222,0,0,,,
,0.9854166666666667,0.9444444444444444,0.1388888888888889,4.342,0,4.342,21.706061877400018,0.8806182311804533,0,16.422397752279874,9.26,52.956258369491835,0.15,1,0.8,0.8,2.710401613029657,0,0,0.46299999999999997,0.13552008065148285,0,0,,,
,0.9861111111111112,0.9444444444444444,0.16666666666666666,4.862,0,4.862,20.391456191835566,22.63124767849844,0,16.395470350551005,8.48,52.95625169000614,0.15,1,0.85,0.85,5.162724464440081,0,0,0.42400000000000004,0.258136223222004,0,0,,,
,0.9868055555555556,0.9444444444444444,0.16666666666666666,5.065,0,5.065,0,22.631803038600555,0,16.36965396377564,0,53.07930871628281,0.15,1,0.85,0.85,2.7158163646320674,0,0,0,0.13579081823160338,0,0,,,
,0.9875,0.9444444444444444,0.16666666666666666,4.605,0,4.605,0,22.632310578673653,0,16.341029440673843,0,53.20234312163194,0.15,1,0.85,0.85,2.7158772694408384,0,0,0,0.13579386347204192,0,0,,,
,0.9881944444444445,0.9444444444444444,0.16666666666666666,4.585,0,4.585,0,16.16365721278226,0,16.311185952361612,0,53.28838779478824,0.15,1,0.85,0.85,1.9396388655338717,0,0,0,0.09698194327669359,0,0,,,
,0.9888888888888889,0.9444444444444444,0.16666666666666666,4.685,0,4.685,0,0.9416314815834657,0,16.280918788783996,0,53.28742959722431,0.15,1,0.85,0.85,0.11299577779001589,0,0,0,0.005649788889500794,0,0,,,
,0.9895833333333334,0.9444444444444444,0.16666666666666666,4.91,0,4.91,21.706138443806424,0.9422884077855324,0,16.250432276471976,0,53.2864701291302,0.15,1,0.85,0.85,2.717811222191035,0,0,0,0.13589056110955175,0,0,,,
,0.9902777777777778,0.9444444444444444,0.16666666666666666,4.91,0,4.91,21.201314804573318,0.9003362346576844,0,16.221461192059415,0,53.28526587255351,0.15,0.9,0.8,0.8,2.6521981247077204,0,0,0,0.13260990623538602,0,0,,,
,0.9909722222222223,0.9444444444444444,0.16666666666666666,4.891,0,4.891,0,0.8373731227550257,0,16.1937752103648,0,53.283697066738306,0.15,0.85,0.75,0.75,0.10048477473060308,0,0,0,0.005024238736530154,0,0,,,
,0.9916666666666667,0.9444444444444444,0.16666666666666666,4.432,0,4.432,0,0.8379444617964354,0,16.161989966343704,0,53.28212704848748,0.15,0.85,0.75,0.75,0.10055333541557229,0,0,0,0.005027666770778615,0,0,,,
,0.9923611111111111,0.9444444444444444,0.16666666666666666,4.731,0,4.731,0,0.7774080682964554,0,16.131580537297385,0,53.28020592823509,0.15,0.8,0.7,0.7,0.09328896819557465,0,0,0,0.0046644484097787325,0,0,,,
,0.9930555555555556,0.9444444444444444,0.1388888888888889,6.721,0,6.721,0,0.7780006111476978,0,16.11241658001738,0,53.27828331023178,0.15,0.8,0.7,0.7,0.09336007333772374,0,0,0,0.004668003666886187,0,0,,,
,0.99375,0.9444444444444444,0.1388888888888889,6.722,0,6.722,21.749999999999996,0.7786711473494609,0,16.09172849276098,0,53.27636156820573,0.15,0.8,0.75,0.7,2.7034405376819355,0,0,0,0.13517202688409677,0,0,,,
,0.9944444444444445,0.9444444444444444,0.1388888888888889,6.652,0,6.652,21.749999999999996,0.716093323996375,0,16.07198438993791,0,53.27407902152993,0.15,0.75,0.7,0.65,2.6959311988795647,0,0,0,0.13479655994397824,0,0,,,
,0.9951388888888889,0.9444444444444444,0.1388888888888889,6.812,0,6.812,21.749999999999996,0.6868302437011807,0,16.049896940520377,0,53.271626263842805,0.15,0.65,0.65,0.6,2.692419629244142,0,0,0,0.13462098146220708,0,0,,,
,0.9958333333333333,0.9444444444444444,0.1388888888888889,6.742,0,6.742,17.099787663963273,0.6442218596020763,0,16.028245505077134,0,53.26892666372795,0.15,0.6,0.6,0.55,2.129281142827842,0,0,0,0.10646405714139211,0,0,,,
,0.9965277777777778,0.9444444444444444,0.1388888888888889,7.05,0,7.05,0,0.5867378579389774,0,16.007232732983802,0,53.26589533471755,0.15,0.55,0.5,0.5,0.07040854295267732,0,0,0,0.0035204271476338657,0,0,,,
,0.9972222222222222,0.9444444444444444,0.1388888888888889,6.94,0,6.94,0,0.5248264587139727,0,15.984219390893823,0,53.262507143749914,0.15,0.5,0.45,0.45,0.06297917504567672,0,0,0,0.0031489587522838362,0,0,,,
,0.9979166666666667,0.9444444444444444,0.1388888888888889,9.038,0,9.038,21.707397467718987,0.5250113799000578,0,15.971567957147183,0,53.25911664516315,0.15,0.5,0.45,0.45,2.6678890617142854,0,0,0,0.13339445308571427,0,0,,,
,0.9986111111111111,0.9444444444444444,0.1388888888888889,9.028,0,9.028,20.087991751000207,0.4732522058128025,0,15.95964187963143,3.54,53.191797741644464,0.15,0.45,0.4,0.4,2.4673492748175607,0,0,0.177,0.12336746374087804,0,0,,,
,0.9993055555555556,0.9444444444444444,0.1388888888888889,8.915,0,8.915,0,0.4263841932159412,0,15.948051703781228,0.4600000000000001,53.17981857057779,0.15,0.4,0.35,0.35,0.051166103185912956,0,0,0.023000000000000003,0.0025583051592956477,0,0,,,
