,,,,,,,,,,,,,,,,,,,,,,,,,,,,,,,,,,,,,,,
,,,,,,,,,,,,,,,,,,,,,,,,,,,,,,,,,,,,,,,
"Simulation results - disaggregated. Individual dwelling simulations are listed below in sequential order (dwelling 1 first, then dwelling 2 etc.) ",,,,,,,,,,,,,,,,,,,,,,,,,,,,,,,,,,,,,,,
Dwelling index,Date,Time,Occupancy,Activity,Lighting demand,Appliance demand,"Casual thermal gains from occupants, lighting and appliances",Outdoor temperature,Outdoor global radiation (horizontal),Passive solar gains,Primary heating system thermal output,External building node temperature,Internal building node temperature,Hot water demand (litres),Hot water temperature in hot water tank,Space heating timer settings,Hot water heating timer settings,Heating system switched on,Hot water heating required,Emitter temperature,Radiation incident on PV array,PV output,Net dwelling electricity demand,Heat output from primary heating system to space,Heat output from primary heating system to hot water,Fuel flow rate (gas),Solar power incident on collector,Solar thermal collector control state,Solar thermal collector temperature,Heat gains to cylinder from solar thermal collector,Dwelling self-consumption,Space cooling timer settings,Cooling system switched on,Cooling output from cooling system to space,Cooler Emitter temperature,Heating Thermostat Set Point,Cooling Thermostat Set Point,Electricity used by cooling system,Electricity used by heating system
,,,,,Plight,Pa,θc,θo,Go,φs,φh,θb,θi,,θcyl,,,,,θem,Gi,Ppv,Pnet,"φh, space","φh, water",mfuel,,,θcollector,φcollector,Pself,,,"φh, space",θem,θem,θem,,
,,,,,W,W,W,°C,Wm-2,W,W,°C,°C,ltr.min-1,°C,,,,,°C,Wm-2,W,W,W,W,m3/h,W,,°C,W,kWh,,,W,°C,°C,°C,W,W
1,2015-01-01 00:00:00,00:00:00,1,0,0,60,129.60000000000002,3.83914638355391,0,0,0,17.85170594827686,19.79362470059789,0,60.293995355505785,1,1,0,0,19.85919876769185,0,0,60,0,0,0,0,0,3.83914638355391,0,0,0,0,0,19.85919876769185,17,22,0,0
1,2015-01-01 00:00:00,00:01:00,1,0,0,60,129.60000000000002,3.8317841717715817,0,0,0,17.842320022358475,19.731800506969176,0,60.28705243482209,1,1,0,0,19.856968357246476,0,0,60,0,0,0,0,0,3.83914638355391,0,0,0,0,0,19.79362470059789,17,22,0,0
1,2015-01-01 00:00:00,00:02:00,1,0,0,60,129.60000000000002,3.8246719599892534,0,0,0,17.832875345589837,19.67245439956218,0,60.28010010592017,1,0,0,0,19.852710947373097,0,0,60,0,0,0,0,0,3.8390657596115463,0,0,0,0,0,19.731800506969176,17,22,0,0
1,2015-01-01 00:00:00,00:03:00,1,0,0,60,129.60000000000002,3.817559748206925,0,0,0,17.823374900195173,19.615465193241583,0,60.27313879522765,1,0,0,0,19.846579772277487,0,0,60,0,0,0,0,0,3.838908123483044,0,0,0,0,0,19.67245439956218,17,22,0,0
1,2015-01-01 00:00:00,00:04:00,1,0,0,60,129.60000000000002,3.8111975364245967,0,0,0,17.81382214457223,19.56070234341068,0,60.26616890832445,0,0,0,0,19.838718732174225,0,0,60,0,0,0,0,0,3.8386743100552247,0,0,0,0,0,19.615465193241583,17,22,0,0
1,2015-01-01 00:00:00,00:05:00,1,0,0,60,129.60000000000002,3.8050853246422682,0,0,0,17.804219964475188,19.508042707775093,0,60.25919082834189,0,0,0,0,19.829262392420365,0,0,60,0,0,0,0,0,3.8383733618348326,0,0,0,0,0,19.56070234341068,17,22,0,0
1,2015-01-01 00:00:00,00:06:00,1,0,0,60,129.60000000000002,3.80847311285994,0,0,0,17.79457877169042,19.4573813563008,0,60.25220491723551,0,0,0,0,19.81833655280658,0,0,60,0,0,0,0,0,3.838008746822843,0,0,0,0,0,19.508042707775093,17,22,0,0
1,2015-01-01 00:00:00,00:07:00,1,0,0,60,129.60000000000002,3.8118609010776114,0,0,0,17.784900954421175,19.408608518496283,0,60.24521151891078,0,0,0,0,19.806059165170332,0,0,60,0,0,0,0,0,3.8376852429099957,0,0,0,0,0,19.4573813563008,17,22,0,0
1,2015-01-01 00:00:00,00:08:00,1,0,0,60,129.60000000000002,3.817248689295283,0,0,0,17.77519042847187,19.361623414006328,0,60.23821095839642,0,0,0,0,19.792540435691624,0,0,60,0,0,0,0,0,3.8374023972435873,0,0,0,0,0,19.408608518496283,17,22,0,0
1,2015-01-01 00:00:00,00:09:00,1,0,0,60,129.60000000000002,3.8203864775129546,0,0,0,17.765447459367245,19.316326186093196,0,60.231203543388816,0,0,0,0,19.777883394137703,0,0,60,0,0,0,0,0,3.8371816702719515,0,0,0,0,0,19.361623414006328,17,22,0,0
1,2015-01-01 00:00:00,00:10:00,1,0,0,60,129.60000000000002,3.8130242657306264,0,0,0,17.7556653521144,19.272613042994223,0,60.22418956441328,0,0,0,0,19.762184169374283,0,0,60,0,0,0,0,0,3.836997731325123,0,0,0,0,0,19.316326186093196,17,22,0,0
1,2015-01-01 00:00:00,00:11:00,1,0,0,60,129.60000000000002,3.805662053948298,0,0,0,17.74584601620457,19.23039839332427,0,60.21716929415246,0,0,0,0,19.74553209024571,0,0,60,0,0,0,0,0,3.83673516161954,0,0,0,0,0,19.272613042994223,17,22,0,0
1,2015-01-01 00:00:00,00:12:00,1,0,0,60,129.60000000000002,3.79829984216597,0,0,0,17.735991258362805,19.189601442620187,0,60.210142990569466,0,0,0,0,19.728010535928654,0,0,60,0,0,0,0,0,3.836394813539465,0,0,0,0,0,19.23039839332427,17,22,0,0
1,2015-01-01 00:00:00,00:13:00,1,0,0,60,129.60000000000002,3.7909376303836417,0,0,0,17.72610278829899,19.1501461049947,0,60.20311089773267,0,0,0,0,19.70969730146238,0,0,60,0,0,0,0,0,3.835977530424778,0,0,0,0,0,19.189601442620187,17,22,0,0
1,2015-01-01 00:00:00,00:14:00,1,0,0,60,129.60000000000002,3.7835754186013135,0,0,0,17.716182224345303,19.111960717860388,0,60.196073246625346,0,0,0,0,19.690664947841032,0,0,60,0,0,0,0,0,3.8354841466626444,0,0,0,0,0,19.1501461049947,17,22,0,0
1,2015-01-01 00:00:00,00:15:00,1,0,0,60,129.60000000000002,3.7762132068189853,0,0,0,17.706231098752585,19.074977777182795,0,60.18903025590613,0,0,0,0,19.670981130494752,0,0,60,0,0,0,0,0,3.8349154877783467,0,0,0,0,0,19.111960717860388,17,22,0,0
1,2015-01-01 00:00:00,00:16:00,1,0,0,60,129.60000000000002,3.768850995036657,0,0,0,17.69625086267007,19.03913368869224,0,60.181982132624064,0,0,0,0,19.650708907592985,0,0,60,0,0,0,0,0,3.8342723705252904,0,0,0,0,0,19.074977777182795,17,22,0,0
1,2015-01-01 00:00:00,00:17:00,1,0,0,60,129.60000000000002,3.761488783254329,0,0,0,17.68624289082751,19.004368534139566,0,60.17492907289082,0,0,0,0,19.62990702939908,0,0,60,0,0,0,0,0,3.833555602974186,0,0,0,0,0,19.03913368869224,17,22,0,0
1,2015-01-01 00:00:00,00:18:00,1,0,0,60,129.60000000000002,3.7541265714720007,0,0,0,17.676208485937742,18.970625851682065,0,60.16787126251275,0,0,0,0,19.60863020983243,0,0,60,0,0,0,0,0,3.832765984601413,0,0,0,0,0,19.004368534139566,17,22,0,0
1,2015-01-01 00:00:00,00:19:00,1,0,0,60,129.60000000000002,3.7467643596896725,0,0,0,17.66614888283653,18.93785242954214,0,60.160808877585175,0,0,0,0,19.586929381323916,0,0,60,0,0,0,0,0,3.831904306376573,0,0,0,0,0,18.970625851682065,17,22,0,0
1,2015-01-01 00:00:00,00:20:00,1,0,0,60,129.60000000000002,3.7394021479073443,0,0,0,17.6560652523756,18.905998112133403,0,60.15374208505123,0,0,0,0,19.5648519339844,0,0,60,0,0,0,0,0,3.8309713508492376,0,0,0,0,0,18.93785242954214,17,22,0,0
1,2015-01-01 00:00:00,00:21:00,1,0,0,60,129.60000000000002,3.732039936125016,0,0,0,17.645958705083753,18.875015617897798,0,60.1466710432273,0,0,0,0,19.54244194004389,0,0,60,0,0,0,0,0,3.82996789223489,0,0,0,0,0,18.905998112133403,17,22,0,0
1,2015-01-01 00:00:00,00:22:00,1,0,0,60,129.60000000000002,3.724677724342688,0,0,0,17.635830294610052,18.844860368143316,0,60.139595902297245,0,0,0,0,19.519740364460688,0,0,60,0,0,0,0,0,3.828894696500079,0,0,0,0,0,18.875015617897798,17,22,0,0
1,2015-01-01 00:00:00,00:23:00,1,0,0,60,129.60000000000002,3.7173155125603596,0,0,0,17.62568102096227,18.815490326215023,0,60.132516804777104,0,0,0,0,19.49678526254513,0,0,60,0,0,0,0,0,3.827752521446777,0,0,0,0,0,18.844860368143316,17,22,0,0
1,2015-01-01 00:00:00,00:24:00,1,0,0,60,129.60000000000002,3.7099533007780314,0,0,0,17.6155118335529,18.786865846372667,0,60.125433885952205,0,0,0,0,19.473611965391047,0,0,60,0,0,0,0,0,3.826542116795956,0,0,0,0,0,18.815490326215023,17,22,0,0
1,2015-01-01 00:00:00,00:25:00,1,0,0,60,129.60000000000002,3.702591088995703,0,0,0,17.6053236340644,18.758949531786154,0,60.118347274288276,0,0,0,0,19.45025325385981,0,0,60,0,0,0,0,0,3.825264224270383,0,0,0,0,0,18.786865846372667,17,22,0,0
1,2015-01-01 00:00:00,00:26:00,1,0,0,60,129.60000000000002,3.695228877213375,0,0,0,17.595117279144507,18.73170610109604,0,60.11125709181813,0,0,0,0,19.426739521816486,0,0,60,0,0,0,0,0,3.823919577676645,0,0,0,0,0,18.758949531786154,17,22,0,0
1,2015-01-01 00:00:00,00:27:00,1,0,0,60,129.60000000000002,3.687866665431047,0,0,0,17.584893582941906,18.705102263019658,0,60.10416345450544,0,0,0,0,19.403098929274975,0,0,60,0,0,0,0,0,3.8225089029864026,0,0,0,0,0,18.73170610109604,17,22,0,0
1,2015-01-01 00:00:00,00:28:00,1,0,0,60,129.60000000000002,3.6805044536487186,0,0,0,17.57465331949188,18.679106598515144,0,60.097066472586896,0,0,0,0,19.379357546069013,0,0,60,0,0,0,0,0,3.8210329184168836,0,0,0,0,0,18.705102263019658,17,22,0,0
1,2015-01-01 00:00:00,00:29:00,1,0,0,60,129.60000000000002,3.6731422418663904,0,0,0,17.56439722496094,18.65368945004519,0,60.0899662508942,0,0,0,0,19.355539486628405,0,0,60,0,0,0,0,0,3.819492334510618,0,0,0,0,0,18.679106598515144,17,22,0,0
1,2015-01-01 00:00:00,00:30:00,1,0,0,60,129.60000000000002,3.666780030084062,0,0,0,17.554126829397813,18.628824001074445,0,60.082862889156914,0,0,0,0,19.331667036404486,0,0,60,0,0,0,0,0,3.817887854214425,0,0,0,0,0,18.65368945004519,17,22,0,0
1,2015-01-01 00:00:00,00:31:00,1,0,0,60,129.60000000000002,3.671417818301734,0,0,0,17.543851925191696,18.604496785033113,0,60.075756482490384,0,0,0,0,19.30776081071299,0,0,60,0,0,0,0,0,3.8162311500891386,0,0,0,0,0,18.628824001074445,17,22,0,0
1,2015-01-01 00:00:00,00:32:00,1,0,0,60,129.60000000000002,3.6760556065194057,0,0,0,17.53357314368464,18.580682306939977,0,60.0686471236851,0,1,0,0,19.283840265621837,0,0,60,0,0,0,0,0,3.814643537386096,0,0,0,0,0,18.604496785033113,17,22,0,0
1,2015-01-01 00:00:00,00:33:00,1,0,0,60,129.60000000000002,3.6791933947370774,0,0,0,17.523289841025342,18.55735491571921,0,60.06153490114509,0,1,0,0,19.259923328251705,0,0,60,0,0,0,0,0,3.8131242508527916,0,0,0,0,0,18.580682306939977,17,22,0,0
1,2015-01-01 00:00:00,00:34:00,1,0,0,60,129.60000000000002,3.680081182954749,0,0,0,17.513000722750313,18.534489455265604,0,60.05441989886187,0,1,0,0,19.23602644347169,0,0,60,0,0,0,0,0,3.8116560730382547,0,0,0,0,0,18.55735491571921,17,22,0,0
1,2015-01-01 00:00:00,00:35:00,1,0,0,60,129.60000000000002,3.6804689711724206,0,0,0,17.502705919745484,18.512064151219796,0,60.04730219650011,0,1,0,0,19.212164641151755,0,0,60,0,0,0,0,0,3.8102137491402224,0,0,0,0,0,18.534489455265604,17,22,0,0
1,2015-01-01 00:00:00,00:36:00,1,0,0,60,129.60000000000002,3.6811067593900924,0,0,0,17.492406159687125,18.490059257338494,0,60.04018186997806,0,1,0,0,19.188351699317334,0,0,60,0,0,0,0,0,3.8087915078639183,0,0,0,0,0,18.512064151219796,17,22,0,0
1,2015-01-01 00:00:00,00:37:00,1,0,0,60,129.60000000000002,3.681494547607764,0,0,0,17.482101731153257,18.46845550827438,0,60.0330589918159,0,1,0,0,19.16460025571261,0,0,60,0,0,0,0,0,3.807391871486928,0,0,0,0,0,18.490059257338494,17,22,0,0
1,2015-01-01 00:00:00,00:38:00,1,0,0,60,129.60000000000002,3.6811323358254353,0,0,0,17.4717924850518,18.44723409308791,0,60.02593363121872,0,1,0,0,19.1409218629426,0,0,60,0,0,0,0,0,3.8060118480835174,0,0,0,0,0,18.46845550827438,17,22,0,0
1,2015-01-01 00:00:00,00:39:00,1,0,0,60,129.60000000000002,3.6800201240431067,0,0,0,17.46147825083466,18.42637719899419,0,60.01880585415504,0,1,0,0,19.1173270408387,0,0,60,0,0,0,0,0,3.8046429926267566,0,0,0,0,0,18.44723409308791,17,22,0,0
1,2015-01-01 00:00:00,00:40:00,1,0,0,60,129.60000000000002,3.6784079122607785,0,0,0,17.451159045104273,18.405868239780535,0,60.01167572352844,0,1,0,0,19.093825345537866,0,0,60,0,0,0,0,0,3.8032769531660557,0,0,0,0,0,18.42637719899419,17,22,0,0
1,2015-01-01 00:00:00,00:41:00,1,0,0,60,129.60000000000002,3.6710457004784502,0,0,0,17.440830509646577,18.385685280806683,0,60.00454329938837,0,1,0,0,19.070425443981495,0,0,60,0,0,0,0,0,3.801908212605353,0,0,0,0,0,18.405868239780535,17,22,0,0
1,2015-01-01 00:00:00,00:42:00,1,0,0,60,129.60000000000002,3.663683488696122,0,0,0,17.4304930399621,18.36581425050641,0,59.99740863801375,0,1,0,0,19.047134962240854,0,0,60,0,0,0,0,0,3.800473706012816,0,0,0,0,0,18.385685280806683,17,22,0,0
1,2015-01-01 00:00:00,00:43:00,1,0,0,60,129.60000000000002,3.656321276913794,0,0,0,17.42014701449419,18.346241713732113,0,59.990271793261606,0,1,0,0,19.023960788372335,0,0,60,0,0,0,0,0,3.7989741488056685,0,0,0,0,0,18.36581425050641,17,22,0,0
1,2015-01-01 00:00:00,00:44:00,1,0,0,60,129.60000000000002,3.6489590651314656,0,0,0,17.40979279539882,18.326954944541665,0,59.983132816676545,0,1,0,0,19.000909119166884,0,0,60,0,0,0,0,0,3.7974102487552455,0,0,0,0,0,18.346241713732113,17,22,0,0
1,2015-01-01 00:00:00,00:45:00,1,0,0,60,129.60000000000002,3.6415968533491374,0,0,0,17.399430729397025,18.30794188353972,0,59.97599175761275,0,1,0,0,18.977985507785075,0,0,60,0,0,0,0,0,3.795782706065706,0,0,0,0,0,18.326954944541665,17,22,0,0
1,2015-01-01 00:00:00,00:46:00,1,0,0,60,129.60000000000002,3.634234641566809,0,0,0,17.389061148576328,18.28919109956235,0,59.96884866334862,0,1,0,0,18.955194908320948,0,0,60,0,0,0,0,0,3.7940922134520023,0,0,0,0,0,18.30794188353972,17,22,0,0
1,2015-01-01 00:00:00,00:47:00,1,0,0,60,129.60000000000002,3.626872429784481,0,0,0,17.378684371146246,18.27069175361768,0,59.96170357919483,0,1,0,0,18.932541717546847,0,0,60,0,0,0,0,0,3.7923394562171104,0,0,0,0,0,18.28919109956235,17,22,0,0
1,2015-01-01 00:00:00,00:48:00,1,0,0,60,129.60000000000002,3.619510218002153,0,0,0,17.368300702150623,18.25243356497575,0,59.95455654859616,0,1,0,0,18.910029814011843,0,0,60,0,0,0,0,0,3.790525112328527,0,0,0,0,0,18.27069175361768,17,22,0,0
1,2015-01-01 00:00:00,00:49:00,1,0,0,60,129.60000000000002,3.6121480062198246,0,0,0,17.357910434139328,18.234406779277364,0,59.94740761322754,0,1,0,0,18.887662594656874,0,0,60,0,0,0,0,0,3.7886498524940415,0,0,0,0,0,18.25243356497575,17,22,0,0
1,2015-01-01 00:00:00,00:50:00,1,0,0,60,129.60000000000002,3.6047857944374964,0,0,0,17.34751384780173,18.21660213854005,0,59.940256813084574,0,1,0,0,18.865443009099746,0,0,60,0,0,0,0,0,3.786714340236783,0,0,0,0,0,18.234406779277364,17,22,0,0
1,2015-01-01 00:00:00,00:51:00,1,0,0,60,129.60000000000002,3.597423582655168,0,0,0,17.33711121256424,18.199010852946646,0,59.93310418656894,0,1,0,0,18.84337359173377,0,0,60,0,0,0,0,0,3.784719231969555,0,0,0,0,0,18.21660213854005,17,22,0,0
1,2015-01-01 00:00:00,00:52:00,1,0,0,60,129.60000000000002,3.59006137087284,0,0,0,17.326702787154048,18.181624574308977,0,59.92594977056889,0,1,0,0,18.821456491775024,0,0,60,0,0,0,0,0,3.782665177068455,0,0,0,0,0,18.199010852946646,17,22,0,0
1,2015-01-01 00:00:00,00:53:00,1,0,0,60,129.60000000000002,3.5886991590905115,0,0,0,17.31629379796419,18.16444247249119,0,59.918793600535246,0,1,0,0,18.799693501385022,0,0,60,0,0,0,0,0,3.7805528179457926,0,0,0,0,0,18.181624574308977,17,22,0,0
1,2015-01-01 00:00:00,00:54:00,1,0,0,60,129.60000000000002,3.5878369473081833,0,0,0,17.305884897034478,18.147457329058415,0,59.91163571177044,0,1,0,0,18.77808632353149,0,0,60,0,0,0,0,0,3.778448698661887,0,0,0,0,0,18.16444247249119,17,22,0,0
1,2015-01-01 00:00:00,00:55:00,1,0,0,60,129.60000000000002,3.5874747355258547,0,0,0,17.29547672676272,18.130662403133638,0,59.9044761383334,0,1,0,0,18.756636357733086,0,0,60,0,0,0,0,0,3.776358220636711,0,0,0,0,0,18.147457329058415,17,22,0,0
1,2015-01-01 00:00:00,00:56:00,1,0,0,60,129.60000000000002,3.5841125237435265,0,0,0,17.28506701674008,18.114047156922737,0,59.897314913121654,0,1,0,0,18.735344726624263,0,0,60,0,0,0,0,0,3.774286725639594,0,0,0,0,0,18.130662403133638,17,22,0,0
1,2015-01-01 00:00:00,00:57:00,1,0,0,60,129.60000000000002,3.578500311961198,0,0,0,17.274654111110465,18.097602426896,0,59.89015206722059,0,1,0,0,18.714212156226253,0,0,60,0,0,0,0,0,3.772201053644573,0,0,0,0,0,18.114047156922737,17,22,0,0
1,2015-01-01 00:00:00,00:58:00,1,0,0,60,129.60000000000002,3.57388810017887,0,0,0,17.264239043036294,18.081323255138486,0,59.88298763013939,0,1,0,0,18.693239036181005,0,0,60,0,0,0,0,0,3.7700766452816423,0,0,0,0,0,18.097602426896,17,22,0,0
1,2015-01-01 00:00:00,00:59:00,1,0,0,60,129.60000000000002,3.5685258883965414,0,0,0,17.253821386027024,18.065202819079367,0,59.87582163053224,0,1,0,0,18.672425574240783,0,0,60,0,0,0,0,0,3.7679249089637774,0,0,0,0,0,18.081323255138486,17,22,0,0
1,2015-01-01 00:00:00,01:00:00,1,0,0,60,129.60000000000002,3.563163676614213,0,0,0,17.24340132877896,18.049235519405308,0,59.86865409587885,0,1,0,0,18.65177173903121,0,0,60,0,0,0,0,0,3.7657379046900554,0,0,0,0,0,18.065202819079367,17,22,0,0
1,2015-01-01 00:00:00,01:01:00,1,0,0,60,129.60000000000002,3.5580514648318844,0,0,0,17.23297926054857,18.03341630171734,0,59.86148505269431,0,1,0,0,18.631277309792235,0,0,60,0,0,0,0,0,3.7635160181011496,0,0,0,0,0,18.049235519405308,17,22,0,0
1,2015-01-01 00:00:00,01:02:00,1,0,0,60,129.60000000000002,3.553439253049556,0,0,0,17.222555771384318,18.017740646210875,0,59.854314526622716,0,1,0,0,18.610941901354312,0,0,60,0,0,0,0,0,3.7612623773224474,0,0,0,0,0,18.03341630171734,17,22,0,0
1,2015-01-01 00:00:00,01:03:00,1,0,0,60,129.60000000000002,3.5515770412672274,0,0,0,17.212133311623745,18.002206914952648,0,59.84714254252893,0,1,0,0,18.59076498791406,0,0,60,0,0,0,0,0,3.758982823312251,0,0,0,0,0,18.017740646210875,17,22,0,0
1,2015-01-01 00:00:00,01:04:00,1,0,0,60,129.60000000000002,3.544714829484899,0,0,0,17.201707895142896,17.986804407111777,0,59.83996912499277,0,1,0,0,18.570746005840544,0,0,60,0,0,0,0,0,3.7567078546438584,0,0,0,0,0,18.002206914952648,17,22,0,0
1,2015-01-01 00:00:00,01:05:00,1,0,0,60,129.60000000000002,3.5413526177025707,0,0,0,17.191282583290537,17.971532980029078,0,59.83279429675542,0,1,0,0,18.55088404670011,0,0,60,0,0,0,0,0,3.754382484218832,0,0,0,0,0,17.986804407111777,17,22,0,0
1,2015-01-01 00:00:00,01:06:00,1,0,0,60,129.60000000000002,3.5367404059202423,0,0,0,17.180856490386095,17.956386807016898,0,59.82561808052969,0,1,0,0,18.531178228105855,0,0,60,0,0,0,0,0,3.7520457211157416,0,0,0,0,0,17.971532980029078,17,22,0,0
1,2015-01-01 00:00:00,01:07:00,1,0,0,60,129.60000000000002,3.531878194137914,0,0,0,17.170429555409093,17.941361564899232,0,59.818440498025666,0,1,0,0,18.511627499497386,0,0,60,0,0,0,0,0,3.7496839550138743,0,0,0,0,0,17.956386807016898,17,22,0,0
1,2015-01-01 00:00:00,01:08:00,1,0,0,60,129.60000000000002,3.5272659823555856,0,0,0,17.160002127280546,17.926453687270058,0,59.81126157020856,0,1,0,0,18.49223069900085,0,0,60,0,0,0,0,0,3.7472947125569287,0,0,0,0,0,17.941361564899232,17,22,0,0
1,2015-01-01 00:00:00,01:09:00,1,0,0,60,129.60000000000002,3.5224037705732574,0,0,0,17.149574135285057,17.91165916977979,0,59.804081317428626,0,1,0,0,18.472986582955585,0,0,60,0,0,0,0,0,3.7448810418912033,0,0,0,0,0,17.926453687270058,17,22,0,0
1,2015-01-01 00:00:00,01:10:00,1,0,0,60,129.60000000000002,3.518041558790929,0,0,0,17.139146126446363,17.896975073265114,0,59.796899759346175,0,1,0,0,18.453893813799944,0,0,60,0,0,0,0,0,3.742440463199991,0,0,0,0,0,17.91165916977979,17,22,0,0
1,2015-01-01 00:00:00,01:11:00,1,0,0,60,129.60000000000002,3.5164293470086005,0,0,0,17.128720509990526,17.882401246101324,0,59.789716915114276,0,1,0,0,18.43495099949604,0,0,60,0,0,0,0,0,3.739978766151961,0,0,0,0,0,17.896975073265114,17,22,0,0
1,2015-01-01 00:00:00,01:12:00,1,0,0,60,129.60000000000002,3.5148171352262723,0,0,0,17.118297408676717,17.867934312345113,0,59.78253280385673,0,1,0,0,18.416156790196897,0,0,60,0,0,0,0,0,3.737526404854512,0,0,0,0,0,17.882401246101324,17,22,0,0
1,2015-01-01 00:00:00,01:13:00,1,0,0,60,129.60000000000002,3.5152049234439438,0,0,0,17.107878600394237,17.853573459687837,0,59.77534744411533,0,1,0,0,18.397509767140715,0,0,60,0,0,0,0,0,3.7350832765836155,0,0,0,0,0,17.867934312345113,17,22,0,0
1,2015-01-01 00:00:00,01:14:00,1,0,0,60,129.60000000000002,3.516592711661615,0,0,0,17.097465028923335,17.839316735259303,0,59.768160854289434,0,1,0,0,18.37900853219334,0,0,60,0,0,0,0,0,3.7326712584388204,0,0,0,0,0,17.853573459687837,17,22,0,0
1,2015-01-01 00:00:00,01:15:00,1,0,0,60,129.60000000000002,3.5177304998792867,0,0,0,17.08705659686314,17.82516083200205,0,59.760973052440455,0,1,0,0,18.360651668352045,0,0,60,0,0,0,0,0,3.730300995735224,0,0,0,0,0,17.839316735259303,17,22,0,0
1,2015-01-01 00:00:00,01:16:00,1,0,0,60,129.60000000000002,3.518118288096958,0,0,0,17.076652788362665,17.81110200724842,0,59.75378405605981,0,1,0,0,18.342437694326534,0,0,60,0,0,0,0,0,3.727969280160626,0,0,0,0,0,17.82516083200205,17,22,0,0
1,2015-01-01 00:00:00,01:17:00,1,0,0,60,129.60000000000002,3.5185060763146296,0,0,0,17.06625370649669,17.797137553381166,0,59.74659388199429,0,1,0,0,18.324365051908913,0,0,60,0,0,0,0,0,3.7256674455165215,0,0,0,0,0,17.81110200724842,17,22,0,0
1,2015-01-01 00:00:00,01:18:00,1,0,0,60,129.60000000000002,3.5201438645323013,0,0,0,17.05586048805289,17.78326633876406,0,59.73940254662367,0,1,0,0,18.306432143795725,0,0,60,0,0,0,0,0,3.7233951621993855,0,0,0,0,0,17.797137553381166,17,22,0,0
1,2015-01-01 00:00:00,01:19:00,1,0,0,60,129.60000000000002,3.5230316527499728,0,0,0,17.045474266252718,17.76948728105289,0,59.7322100661309,0,1,0,0,18.288637388522538,0,0,60,0,0,0,0,0,3.721165837203717,0,0,0,0,0,17.78326633876406,17,22,0,0
1,2015-01-01 00:00:00,01:20:00,1,0,0,60,129.60000000000002,3.525169440967644,0,0,0,17.03509451153778,17.755797001369594,0,59.725016456510595,0,1,0,0,18.270979221601802,0,0,60,0,0,0,0,0,3.7189927277194856,0,0,0,0,0,17.76948728105289,17,22,0,0
1,2015-01-01 00:00:00,01:21:00,1,0,0,60,129.60000000000002,3.5238072291853157,0,0,0,17.024718409987333,17.742189023698646,0,59.71782173317543,0,1,0,0,18.253456016832,0,0,60,0,0,0,0,0,3.716866973252393,0,0,0,0,0,17.755797001369594,17,22,0,0
1,2015-01-01 00:00:00,01:22:00,1,0,0,60,129.60000000000002,3.5214450174029874,0,0,0,17.014345219877647,17.728660067186027,0,59.71062591042523,0,1,0,0,18.236065983051954,0,0,60,0,0,0,0,0,3.71474960592573,0,0,0,0,0,17.742189023698646,17,22,0,0
1,2015-01-01 00:00:00,01:23:00,1,0,0,60,129.60000000000002,3.519082805620659,0,0,0,17.003975026803072,17.715208093113283,0,59.70342900199496,0,1,0,0,18.218807278430663,0,0,60,0,0,0,0,0,3.712629549114477,0,0,0,0,0,17.728660067186027,17,22,0,0
1,2015-01-01 00:00:00,01:24:00,1,0,0,60,129.60000000000002,3.5162205938383306,0,0,0,16.993607499011055,17.701830529230264,0,59.69623102126773,0,1,0,0,18.201678054440276,0,0,60,0,0,0,0,0,3.710506832350779,0,0,0,0,0,17.715208093113283,17,22,0,0
1,2015-01-01 00:00:00,01:25:00,1,0,0,60,129.60000000000002,3.513358382056002,0,0,0,16.983242717252903,17.688525491352355,0,59.689031981183376,0,1,0,0,18.184676437936535,0,0,60,0,0,0,0,0,3.708375992536492,0,0,0,0,0,17.701830529230264,17,22,0,0
1,2015-01-01 00:00:00,01:26:00,1,0,0,60,129.60000000000002,3.5112461702736737,0,0,0,16.972881382169902,17.675292042020285,0,59.68183189435655,0,1,0,0,18.16780055539966,0,0,60,0,0,0,0,0,3.7062371188051686,0,0,0,0,0,17.688525491352355,17,22,0,0
1,2015-01-01 00:00:00,01:27:00,1,0,0,60,129.60000000000002,3.5103839584913454,0,0,0,16.962524606747266,17.662129867481838,0,59.674630773239,0,1,0,0,18.15104856514866,0,0,60,0,0,0,0,0,3.7040985379495734,0,0,0,0,0,17.675292042020285,17,22,0,0
1,2015-01-01 00:00:00,01:28:00,1,0,0,60,129.60000000000002,3.509521746709017,0,0,0,16.952172464348447,17.649037196692007,0,59.66742863022659,0,1,0,0,18.13441867747292,0,0,60,0,0,0,0,0,3.70197397758485,0,0,0,0,0,17.662129867481838,17,22,0,0
1,2015-01-01 00:00:00,01:29:00,1,0,0,60,129.60000000000002,3.5084095349266886,0,0,0,16.941824818733533,17.636012050261744,0,59.66022547740941,0,1,0,0,18.117909103296697,0,0,60,0,0,0,0,0,3.699863283418027,0,0,0,0,0,17.649037196692007,17,22,0,0
1,2015-01-01 00:00:00,01:30:00,1,0,0,60,129.60000000000002,3.5010473231443604,0,0,0,16.931476553811173,17.62304541830072,0,59.653021326536184,0,1,0,0,18.101518047071018,0,0,60,0,0,0,0,0,3.697763556826494,0,0,0,0,0,17.636012050261744,17,22,0,0
1,2015-01-01 00:00:00,01:31:00,1,0,0,60,129.60000000000002,3.493685111362032,0,0,0,16.921127738474762,17.610136023195036,0,59.64581618780906,0,1,0,0,18.085243467861144,0,0,60,0,0,0,0,0,3.6956060238292765,0,0,0,0,0,17.62304541830072,17,22,0,0
1,2015-01-01 00:00:00,01:32:00,1,0,0,60,129.60000000000002,3.486322899579704,0,0,0,16.910778440003497,17.597282507058218,0,59.63861007120941,0,1,0,0,18.06908335069563,0,0,60,0,0,0,0,0,3.693391314605036,0,0,0,0,0,17.610136023195036,17,22,0,0
1,2015-01-01 00:00:00,01:33:00,1,0,0,60,129.60000000000002,3.4789606877973758,0,0,0,16.900428723972762,17.584483556235394,0,59.63140298648413,0,1,0,0,18.05303570295286,0,0,60,0,0,0,0,0,3.691120052567862,0,0,0,0,0,17.597282507058218,17,22,0,0
1,2015-01-01 00:00:00,01:34:00,1,0,0,60,129.60000000000002,3.473848476015047,0,0,0,16.890080520996083,17.571740560528912,0,59.624194943153235,0,1,0,0,18.037098555105327,0,0,60,0,0,0,0,0,3.6887928544375703,0,0,0,0,0,17.584483556235394,17,22,0,0
1,2015-01-01 00:00:00,01:35:00,1,0,0,60,129.60000000000002,3.473986264232719,0,0,0,16.87973824837647,17.559058397289586,0,59.61698595097336,0,1,0,0,18.021270051888443,0,0,60,0,0,0,0,0,3.686435054428367,0,0,0,0,0,17.571740560528912,17,22,0,0
1,2015-01-01 00:00:00,01:36:00,1,0,0,60,129.60000000000002,3.4721240524503902,0,0,0,16.86940030540244,17.54643321078864,0,59.609776020535584,0,1,0,0,18.005548567038144,0,0,60,0,0,0,0,0,3.6841046761397065,0,0,0,0,0,17.559058397289586,17,22,0,0
1,2015-01-01 00:00:00,01:37:00,1,0,0,60,129.60000000000002,3.4655118406680616,0,0,0,16.85906280857608,17.533858132525047,0,59.6025651617682,0,1,0,0,17.98993239845823,0,0,60,0,0,0,0,0,3.6817794419792693,0,0,0,0,0,17.54643321078864,17,22,0,0
1,2015-01-01 00:00:00,01:38:00,1,0,0,60,129.60000000000002,3.4583996288857333,0,0,0,16.848725400134786,17.52133154012319,0,59.595353383420324,0,1,0,0,17.974419668324447,0,0,60,0,0,0,0,0,3.67940710184697,0,0,0,0,0,17.533858132525047,17,22,0,0
1,2015-01-01 00:00:00,01:39:00,1,0,0,60,129.60000000000002,3.452787417103405,0,0,0,16.83838938042814,17.508854139832792,0,59.58814069396147,0,1,0,0,17.959008507501274,0,0,60,0,0,0,0,0,3.6769826755012933,0,0,0,0,0,17.52133154012319,17,22,0,0
1,2015-01-01 00:00:00,01:40:00,1,0,0,60,129.60000000000002,3.4474252053210765,0,0,0,16.828055010991346,17.496425112695356,0,59.58092710198076,0,1,0,0,17.943697134451327,0,0,60,0,0,0,0,0,3.6745232165123487,0,0,0,0,0,17.508854139832792,17,22,0,0
1,2015-01-01 00:00:00,01:41:00,1,0,0,60,129.60000000000002,3.442312993538748,0,0,0,16.817722551893187,17.484043690336904,0,59.57371261592546,0,1,0,0,17.928483800377993,0,0,60,0,0,0,0,0,3.6720318557302503,0,0,0,0,0,17.496425112695356,17,22,0,0
1,2015-01-01 00:00:00,01:42:00,1,0,0,60,129.60000000000002,3.4372007817564194,0,0,0,16.807392054387737,17.471708832724712,0,59.56649724410964,0,1,0,0,17.913366789832377,0,0,60,0,0,0,0,0,3.6695116900318907,0,0,0,0,0,17.484043690336904,17,22,0,0
1,2015-01-01 00:00:00,01:43:00,1,0,0,60,129.60000000000002,3.431588569974091,0,0,0,16.797063153605194,17.459418943207293,0,59.55928099466769,0,1,0,0,17.898344410338918,0,0,60,0,0,0,0,0,3.6669630348114604,0,0,0,0,0,17.471708832724712,17,22,0,0
1,2015-01-01 00:00:00,01:44:00,1,0,0,60,129.60000000000002,3.4249763581917625,0,0,0,16.78673506873467,17.447171885009347,0,59.55206387545886,0,1,0,0,17.88341497268138,0,0,60,0,0,0,0,0,3.6643807061073175,0,0,0,0,0,17.459418943207293,17,22,0,0
1,2015-01-01 00:00:00,01:45:00,1,0,0,60,129.60000000000002,3.419614146409434,0,0,0,16.77640888473252,17.4349682468903,0,59.54484589397479,0,1,0,0,17.868576772420425,0,0,60,0,0,0,0,0,3.6617540798947137,0,0,0,0,0,17.447171885009347,17,22,0,0
1,2015-01-01 00:00:00,01:46:00,1,0,0,60,129.60000000000002,3.4145019346271055,0,0,0,16.76608485544233,17.422807382183088,0,59.537627057806716,0,1,0,0,17.85382818311668,0,0,60,0,0,0,0,0,3.6590973817922268,0,0,0,0,0,17.4349682468903,17,22,0,0
1,2015-01-01 00:00:00,01:47:00,1,0,0,60,129.60000000000002,3.409389722844777,0,0,0,16.755763026046075,17.41068838788024,0,59.53040737443375,0,1,0,0,17.839167611656354,0,0,60,0,0,0,0,0,3.6564136894651966,0,0,0,0,0,17.422807382183088,17,22,0,0
1,2015-01-01 00:00:00,01:48:00,1,0,0,60,129.60000000000002,3.4050275110624484,0,0,0,16.74544406282094,17.39861127834431,0,59.52318685117891,0,1,0,0,17.824593488398662,0,0,60,0,0,0,0,0,3.6537032986238547,0,0,0,0,0,17.41068838788024,17,22,0,0
1,2015-01-01 00:00:00,01:49:00,1,0,0,60,129.60000000000002,3.40091529928012,0,0,0,16.73512821591807,17.3865754662937,0,59.51596549536643,0,1,0,0,17.810104297580487,0,0,60,0,0,0,0,0,3.6509747474964347,0,0,0,0,0,17.39861127834431,17,22,0,0
1,2015-01-01 00:00:00,01:50:00,1,0,0,60,129.60000000000002,3.408053087497792,0,0,0,16.724824860340114,17.374593411777354,0,59.50874331421859,0,1,0,0,17.79569855501971,0,0,60,0,0,0,0,0,3.6482309838938978,0,0,0,0,0,17.3865754662937,17,22,0,0
1,2015-01-01 00:00:00,01:51:00,1,0,0,60,129.60000000000002,3.4149408757154633,0,0,0,16.714533826032422,17.36266348282132,0,59.50152031709246,0,1,0,0,17.781375250827796,0,0,60,0,0,0,0,0,3.6455958543104057,0,0,0,0,0,17.374593411777354,17,22,0,0
1,2015-01-01 00:00:00,01:52:00,1,0,0,60,129.60000000000002,3.422078663933135,0,0,0,16.70425535621036,17.350784915696973,0,59.49429651306372,0,1,0,0,17.76713335395683,0,0,60,0,0,0,0,0,3.6430653997692395,0,0,0,0,0,17.36266348282132,17,22,0,0
1,2015-01-01 00:00:00,01:53:00,1,0,0,60,129.60000000000002,3.429216452150807,0,0,0,16.693989485313423,17.33895666973165,0,59.4870719110756,0,1,0,0,17.75297184245139,0,0,60,0,0,0,0,0,3.6406412013114253,0,0,0,0,0,17.350784915696973,17,22,0,0
1,2015-01-01 00:00:00,01:54:00,1,0,0,60,129.60000000000002,3.4366042403684784,0,0,0,16.683736453919025,17.32717804269025,0,59.479846519891375,0,1,0,0,17.738889693719425,0,0,60,0,0,0,0,0,3.6383220749487877,0,0,0,0,0,17.33895666973165,17,22,0,0
1,2015-01-01 00:00:00,01:55:00,1,0,0,60,129.60000000000002,3.44374202858615,0,0,0,16.673496086495344,17.31544776480547,0,59.472620348152425,0,1,0,0,17.724885896065373,0,0,60,0,0,0,0,0,3.6361095967351247,0,0,0,0,0,17.32717804269025,17,22,0,0
1,2015-01-01 00:00:00,01:56:00,1,0,0,60,129.60000000000002,3.4503798168038218,0,0,0,16.663267998981144,17.303764321117384,0,59.465393404280995,0,1,0,0,17.710959429015716,0,0,60,0,0,0,0,0,3.633999832531269,0,0,0,0,0,17.31544776480547,17,22,0,0
1,2015-01-01 00:00:00,01:57:00,1,0,0,60,129.60000000000002,3.4570176050214934,0,0,0,16.653052221145533,17.29212683843039,0,59.458165696438165,0,1,0,0,17.697109255277677,0,0,60,0,0,0,0,0,3.631986147481142,0,0,0,0,0,17.303764321117384,17,22,0,0
1,2015-01-01 00:00:00,01:58:00,1,0,0,60,129.60000000000002,3.463405393239165,0,0,0,16.642848574279057,17.28053416786915,0,59.45093723263393,0,1,0,0,17.683334343140015,0,0,60,0,0,0,0,0,3.6300674730243583,0,0,0,0,0,17.29212683843039,17,22,0,0
1,2015-01-01 00:00:00,01:59:00,1,0,0,60,129.60000000000002,3.4702931814568365,0,0,0,16.632657500927813,17.268986088440524,0,59.44370802067997,0,1,0,0,17.66963365690631,0,0,60,0,0,0,0,0,3.628240007831781,0,0,0,0,0,17.28053416786915,17,22,0,0
1,2015-01-01 00:00:00,02:00:00,1,0,0,60,129.60000000000002,3.4774309696745083,0,0,0,16.622479235093746,17.257482082653333,0,59.43647806834873,0,1,0,0,17.656006188591146,0,0,60,0,0,0,0,0,3.6265082275590963,0,0,0,0,0,17.268986088440524,17,22,0,0
1,2015-01-01 00:00:00,02:01:00,1,0,0,60,129.60000000000002,3.48456875789218,0,0,0,16.612313802305955,17.24602136247217,0,59.42924738332261,0,1,0,0,17.64245094689258,0,0,60,0,0,0,0,0,3.624873812683976,0,0,0,0,0,17.257482082653333,17,22,0,0
1,2015-01-01 00:00:00,02:02:00,1,0,0,60,129.60000000000002,3.4882065461098515,0,0,0,16.6021583233956,17.23459902806455,0,59.42201597314761,0,1,0,0,17.628966947422498,0,0,60,0,0,0,0,0,3.6233356807375636,0,0,0,0,0,17.24602136247217,17,22,0,0
1,2015-01-01 00:00:00,02:03:00,1,0,0,60,129.60000000000002,3.492594334327523,0,0,0,16.59201344521104,17.223215392984624,0,59.41478384452845,0,1,0,0,17.615553072614404,0,0,60,0,0,0,0,0,3.6218543528704488,0,0,0,0,0,17.23459902806455,17,22,0,0
1,2015-01-01 00:00:00,02:04:00,1,0,0,60,129.60000000000002,3.4924821225451947,0,0,0,16.58187545807459,17.211864471405985,0,59.40755100422247,0,1,0,0,17.602208253579377,0,0,60,0,0,0,0,0,3.6204374309726814,0,0,0,0,0,17.223215392984624,17,22,0,0
1,2015-01-01 00:00:00,02:05:00,1,0,0,60,129.60000000000002,3.4871199107628663,0,0,0,16.571740030525085,17.200539628320374,0,59.4003174579597,0,1,0,0,17.588931254185724,0,0,60,0,0,0,0,0,3.619034825758303,0,0,0,0,0,17.211864471405985,17,22,0,0
1,2015-01-01 00:00:00,02:06:00,1,0,0,60,129.60000000000002,3.481757698980538,0,0,0,16.561607187635175,17.189240601030356,0,59.39308321033176,0,1,0,0,17.575720654666494,0,0,60,0,0,0,0,0,3.6175887705529477,0,0,0,0,0,17.200539628320374,17,22,0,0
1,2015-01-01 00:00:00,02:07:00,1,0,0,60,129.60000000000002,3.4751454871982093,0,0,0,16.551475917075383,17.177965546165503,0,59.38584826588445,0,1,0,0,17.562575074610844,0,0,60,0,0,0,0,0,3.616099739427748,0,0,0,0,0,17.189240601030356,17,22,0,0
1,2015-01-01 00:00:00,02:08:00,1,0,0,60,129.60000000000002,3.479283275415881,0,0,0,16.541355162061375,17.16672688357345,0,59.37861262884678,0,1,0,0,17.549493117861005,0,0,60,0,0,0,0,0,3.61455448241233,0,0,0,0,0,17.177965546165503,17,22,0,0
1,2015-01-01 00:00:00,02:09:00,1,0,0,60,129.60000000000002,3.4839210636335527,0,0,0,16.53124535861114,17.155524389932953,0,59.37137630557616,0,1,0,0,17.53647385819136,0,0,60,0,0,0,0,0,3.6130715954091572,0,0,0,0,0,17.16672688357345,17,22,0,0
1,2015-01-01 00:00:00,02:10:00,1,0,0,60,129.60000000000002,3.4885588518512245,0,0,0,16.521146526799065,17.144357459997842,0,59.364139302390626,0,1,0,0,17.523516393284613,0,0,60,0,0,0,0,0,3.6116558749295566,0,0,0,0,0,17.155524389932953,17,22,0,0
1,2015-01-01 00:00:00,02:11:00,1,0,0,60,129.60000000000002,3.4931966400688963,0,0,0,16.511058685959792,17.13322551319153,0,59.35690162550336,0,1,0,0,17.51061983092792,0,0,60,0,0,0,0,0,3.6103065774103955,0,0,0,0,0,17.144357459997842,17,22,0,0
1,2015-01-01 00:00:00,02:12:00,1,0,0,60,129.60000000000002,3.491834428286568,0,0,0,16.500976876885087,17.122120884885085,0,59.34966328102696,0,1,0,0,17.497783289508313,0,0,60,0,0,0,0,0,3.60902296766128,0,0,0,0,0,17.13322551319153,17,22,0,0
1,2015-01-01 00:00:00,02:13:00,1,0,0,60,129.60000000000002,3.4847222165042395,0,0,0,16.490896348762348,17.11103649495143,0,59.34242427375905,0,1,0,0,17.485005656698,0,0,60,0,0,0,0,0,3.6077384955648757,0,0,0,0,0,17.122120884885085,17,22,0,0
1,2015-01-01 00:00:00,02:14:00,1,0,0,60,129.60000000000002,3.4773600047219113,0,0,0,16.48081691504063,17.09997192035152,0,59.335184607282685,0,1,0,0,17.47228561718281,0,0,60,0,0,0,0,0,3.6063900839769367,0,0,0,0,0,17.11103649495143,17,22,0,0
1,2015-01-01 00:00:00,02:15:00,1,0,0,60,129.60000000000002,3.469997792939583,0,0,0,16.470738596460006,17.088926929790716,0,59.32794428510778,0,1,0,0,17.45962188599807,0,0,60,0,0,0,0,0,3.6049756852422616,0,0,0,0,0,17.09997192035152,17,22,0,0
1,2015-01-01 00:00:00,02:16:00,1,0,0,60,129.60000000000002,3.462635581157255,0,0,0,16.4606614134519,17.077901286003524,0,59.32070331070401,0,1,0,0,17.44701321401823,0,0,60,0,0,0,0,0,3.603496017140581,0,0,0,0,0,17.088926929790716,17,22,0,0
1,2015-01-01 00:00:00,02:17:00,1,0,0,60,129.60000000000002,3.4552733693749267,0,0,0,16.450585386132794,17.066894749477516,0,59.313461687499775,0,1,0,0,17.434458386534736,0,0,60,0,0,0,0,0,3.60195178978143,0,0,0,0,0,17.077901286003524,17,22,0,0
1,2015-01-01 00:00:00,02:18:00,1,0,0,60,129.60000000000002,3.4479111575925985,0,0,0,16.44051053430226,17.05590707887952,0,59.30621941888183,0,1,0,0,17.42195622200898,0,0,60,0,0,0,0,0,3.600343705683088,0,0,0,0,0,17.066894749477516,17,22,0,0
1,2015-01-01 00:00:00,02:19:00,1,0,0,60,129.60000000000002,3.44229894581027,0,0,0,16.430438329309478,17.04494010273607,0,59.298976508194976,0,1,0,0,17.40950557088213,0,0,60,0,0,0,0,0,3.5986724598507775,0,0,0,0,0,17.05590707887952,17,22,0,0
1,2015-01-01 00:00:00,02:20:00,1,0,0,60,129.60000000000002,3.4369367340279418,0,0,0,16.42036899723768,17.03399379395991,0,59.2917329590969,0,1,0,0,17.397105384890764,0,0,60,0,0,0,0,0,3.5969579515747214,0,0,0,0,0,17.04494010273607,17,22,0,0
1,2015-01-01 00:00:00,02:21:00,1,0,0,60,129.60000000000002,3.4315745222456133,0,0,0,16.41030255628006,17.023067855313332,0,59.284488775240014,0,1,0,0,17.38475465050536,0,0,60,0,0,0,0,0,3.595203397739485,0,0,0,0,0,17.03399379395991,17,22,0,0
1,2015-01-01 00:00:00,02:22:00,1,0,0,60,129.60000000000002,3.425962310463285,0,0,0,16.40023881684026,17.01216170088864,0,59.27724396022517,0,1,0,0,17.372452378560055,0,0,60,0,0,0,0,0,3.5934092356693887,0,0,0,0,0,17.023067855313332,17,22,0,0
1,2015-01-01 00:00:00,02:23:00,1,0,0,60,129.60000000000002,3.418600098680957,0,0,0,16.390176344562654,17.001272983627562,0,59.26999851755214,0,1,0,0,17.360197593605246,0,0,60,0,0,0,0,0,3.5915731529878534,0,0,0,0,0,17.01216170088864,17,22,0,0
1,2015-01-01 00:00:00,02:24:00,1,0,0,60,129.60000000000002,3.4142378868986283,0,0,0,16.38011764601077,16.99040505537696,0,59.262752450317755,0,1,0,0,17.347989273537976,0,0,60,0,0,0,0,0,3.5896763911352014,0,0,0,0,0,17.001272983627562,17,22,0,0
1,2015-01-01 00:00:00,02:25:00,1,0,0,60,129.60000000000002,3.4098756751162997,0,0,0,16.370062737729477,16.97955754655179,0,59.25550576219291,0,1,0,0,17.3358265450291,0,0,60,0,0,0,0,0,3.5877525558909706,0,0,0,0,0,16.99040505537696,17,22,0,0
1,2015-01-01 00:00:00,02:26:00,1,0,0,60,129.60000000000002,3.4057634633339715,0,0,0,16.360011843213123,16.968730448829326,0,59.24825845678451,0,1,0,0,17.323708551883612,0,0,60,0,0,0,0,0,3.585801943497051,0,0,0,0,0,16.97955754655179,17,22,0,0
1,2015-01-01 00:00:00,02:27:00,1,0,0,60,129.60000000000002,3.4016512515516433,0,0,0,16.349964978092867,16.957923450747067,0,59.241010537697434,0,1,0,0,17.311634466745712,0,0,60,0,0,0,0,0,3.5838275925184746,0,0,0,0,0,16.968730448829326,17,22,0,0
1,2015-01-01 00:00:00,02:28:00,1,0,0,60,129.60000000000002,3.397539039769315,0,0,0,16.339922157608658,16.947136251256236,0,59.23376200848253,0,1,0,0,17.299603479806983,0,0,60,0,0,0,0,0,3.581829762840946,0,0,0,0,0,16.957923450747067,17,22,0,0
1,2015-01-01 00:00:00,02:29:00,1,0,0,60,129.60000000000002,3.393426827986987,0,0,0,16.32988339662206,16.936368554583307,0,59.22651287263843,0,1,0,0,17.28761479856376,0,0,60,0,0,0,0,0,3.5798087115227175,0,0,0,0,0,16.947136251256236,17,22,0,0
1,2015-01-01 00:00:00,02:30:00,1,0,0,60,129.60000000000002,3.3898146162046583,0,0,0,16.31984912444253,16.925620662027587,0,59.21926313361248,0,1,0,0,17.27566764740796,0,0,60,0,0,0,0,0,3.577764692824962,0,0,0,0,0,16.936368554583307,17,22,0,0
1,2015-01-01 00:00:00,02:31:00,1,0,0,60,129.60000000000002,3.38595240442233,0,0,0,16.309819147646195,16.914891969780122,0,59.21201279490307,0,1,0,0,17.26376128736101,0,0,60,0,0,0,0,0,3.5757034500335476,0,0,0,0,0,16.925620662027587,17,22,0,0
1,2015-01-01 00:00:00,02:32:00,1,0,0,60,129.60000000000002,3.3820901926400015,0,0,0,16.29979347990481,16.904182197164314,0,59.20476185990447,0,1,0,0,17.251894984041932,0,0,60,0,0,0,0,0,3.5736224259423937,0,0,0,0,0,16.914891969780122,17,22,0,0
1,2015-01-01 00:00:00,02:33:00,1,0,0,60,129.60000000000002,3.3859779808576733,0,0,0,16.28977856423954,16.893500236425258,0,59.19751033196229,0,1,0,0,17.240068018501876,0,0,60,0,0,0,0,0,3.571521837260821,0,0,0,0,0,16.904182197164314,17,22,0,0
1,2015-01-01 00:00:00,02:34:00,1,0,0,60,129.60000000000002,3.387865769075345,0,0,0,16.27977275217951,16.882843094306285,0,59.19025821594592,0,1,0,0,17.228279998703353,0,0,60,0,0,0,0,0,3.569487022773427,0,0,0,0,0,16.893500236425258,17,22,0,0
1,2015-01-01 00:00:00,02:35:00,1,0,0,60,129.60000000000002,3.3890035572930164,0,0,0,16.269775432115,16.872209519668502,0,59.18300551621078,0,1,0,0,17.216530444132026,0,0,60,0,0,0,0,0,3.567495289326505,0,0,0,0,0,16.882843094306285,17,22,0,0
1,2015-01-01 00:00:00,02:36:00,1,0,0,60,129.60000000000002,3.386141345510688,0,0,0,16.2597832958779,16.861594420130224,0,59.17575223689708,0,1,0,0,17.204818848061837,0,0,60,0,0,0,0,0,3.5655379247482983,0,0,0,0,0,16.872209519668502,17,22,0,0
1,2015-01-01 00:00:00,02:37:00,1,0,0,60,129.60000000000002,3.3830291337283596,0,0,0,16.249796147127206,16.85099732052111,0,59.16849838127135,0,1,0,0,17.193144547792055,0,0,60,0,0,0,0,0,3.563570623182041,0,0,0,0,0,16.861594420130224,17,22,0,0
1,2015-01-01 00:00:00,02:38:00,1,0,0,60,129.60000000000002,3.379916921946031,0,0,0,16.239813996772103,16.84041797836736,0,59.16124395251808,0,1,0,0,17.181506887000527,0,0,60,0,0,0,0,0,3.5615907480605022,0,0,0,0,0,16.85099732052111,17,22,0,0
1,2015-01-01 00:00:00,02:39:00,1,0,0,60,129.60000000000002,3.372554710163703,0,0,0,16.229833329454586,16.829851121743186,0,59.15398895377965,0,1,0,0,17.169905223441575,0,0,60,0,0,0,0,0,3.559598437240797,0,0,0,0,0,16.84041797836736,17,22,0,0
1,2015-01-01 00:00:00,02:40:00,1,0,0,60,129.60000000000002,3.365192498381375,0,0,0,16.219854156667044,16.819296705843236,0,59.14673338729416,0,1,0,0,17.158338757397413,0,0,60,0,0,0,0,0,3.557547149302841,0,0,0,0,0,16.829851121743186,17,22,0,0
1,2015-01-01 00:00:00,02:41:00,1,0,0,60,129.60000000000002,3.3578302865990466,0,0,0,16.209876489827238,16.808754598672138,0,59.13947725529163,0,1,0,0,17.146806714827544,0,0,60,0,0,0,0,0,3.5554375269859086,0,0,0,0,0,16.819296705843236,17,22,0,0
1,2015-01-01 00:00:00,02:42:00,1,0,0,60,129.60000000000002,3.3504680748167184,0,0,0,16.199900340177617,16.79822466738491,0,59.13222055997907,0,1,0,0,17.13530834352974,0,0,60,0,0,0,0,0,3.553270206134309,0,0,0,0,0,16.808754598672138,17,22,0,0
1,2015-01-01 00:00:00,02:43:00,1,0,0,60,129.60000000000002,3.34460586303439,0,0,0,16.189926963242968,16.78770855258232,0,59.12496330354034,0,1,0,0,17.12384291236835,0,0,60,0,0,0,0,0,3.5510458157689433,0,0,0,0,0,16.79822466738491,17,22,0,0
1,2015-01-01 00:00:00,02:44:00,1,0,0,60,129.60000000000002,3.338743651252061,0,0,0,16.179956369493446,16.77720604998566,0,59.11770548844018,0,1,0,0,17.11240977087903,0,0,60,0,0,0,0,0,3.5487814585557667,0,0,0,0,0,16.78770855258232,17,22,0,0
1,2015-01-01 00:00:00,02:45:00,1,0,0,60,129.60000000000002,3.3328814394697326,0,0,0,16.1699885691422,16.766716986325235,0,59.110447117107874,0,1,0,0,17.10100828377381,0,0,60,0,0,0,0,0,3.5464775712946435,0,0,0,0,0,16.77720604998566,17,22,0,0
1,2015-01-01 00:00:00,02:46:00,1,0,0,60,129.60000000000002,3.327519227687404,0,0,0,16.160023987001154,16.756241780899014,0,59.1031881919426,0,1,0,0,17.089637831479642,0,0,60,0,0,0,0,0,3.544134586061916,0,0,0,0,0,16.766716986325235,17,22,0,0
1,2015-01-01 00:00:00,02:47:00,1,0,0,60,129.60000000000002,3.321907015905076,0,0,0,16.150062425294283,16.74577994406044,0,59.09592871541499,0,1,0,0,17.07829782975921,0,0,60,0,0,0,0,0,3.541758424579231,0,0,0,0,0,16.756241780899014,17,22,0,0
1,2015-01-01 00:00:00,02:48:00,1,0,0,60,129.60000000000002,3.3260448041227475,0,0,0,16.140111982460684,16.735342845370045,0,59.08866868991133,0,1,0,0,17.066987697592587,0,0,60,0,0,0,0,0,3.539346702531656,0,0,0,0,0,16.74577994406044,17,22,0,0
1,2015-01-01 00:00:00,02:49:00,1,0,0,60,129.60000000000002,3.324682592340419,0,0,0,16.130168102010714,16.724923360010038,0,59.08140811976655,0,1,0,0,17.055707260442162,0,0,60,0,0,0,0,0,3.537006950346099,0,0,0,0,0,16.735342845370045,17,22,0,0
1,2015-01-01 00:00:00,02:50:00,1,0,0,60,129.60000000000002,3.3233203805580906,0,0,0,16.120230791278768,16.714521333874067,0,59.07414700809345,0,1,0,0,17.04445610736624,0,0,60,0,0,0,0,0,3.5346779392994283,0,0,0,0,0,16.724923360010038,17,22,0,0
1,2015-01-01 00:00:00,02:51:00,1,0,0,60,129.60000000000002,3.322208168775762,0,0,0,16.110300264816196,16.704136804027993,0,59.06688535797787,0,1,0,0,17.033233836159024,0,0,60,0,0,0,0,0,3.532359551203112,0,0,0,0,0,16.714521333874067,17,22,0,0
1,2015-01-01 00:00:00,02:52:00,1,0,0,60,129.60000000000002,3.3210959569934335,0,0,0,16.100376529381393,16.693769509729893,0,59.05962317251148,0,1,0,0,17.022040059555927,0,0,60,0,0,0,0,0,3.530054416041692,0,0,0,0,0,16.704136804027993,17,22,0,0
1,2015-01-01 00:00:00,02:53:00,1,0,0,60,129.60000000000002,3.319983745211105,0,0,0,16.090459591417822,16.6834192028735,0,59.052360454740715,0,1,0,0,17.01087439459586,0,0,60,0,0,0,0,0,3.5277623879454385,0,0,0,0,0,16.693769509729893,17,22,0,0
1,2015-01-01 00:00:00,02:54:00,1,0,0,60,129.60000000000002,3.3266215334287765,0,0,0,16.080555886770384,16.673094815269675,0,59.04509720766897,0,1,0,0,16.99973646290462,0,0,60,0,0,0,0,0,3.5254833226556612,0,0,0,0,0,16.6834192028735,17,22,0,0
1,2015-01-01 00:00:00,02:55:00,1,0,0,60,129.60000000000002,3.333259321646448,0,0,0,16.070665419129636,16.662795762006006,0,59.03783343583027,0,1,0,0,16.988626202780985,0,0,60,0,0,0,0,0,3.5233022201425626,0,0,0,0,0,16.673094815269675,17,22,0,0
1,2015-01-01 00:00:00,02:56:00,1,0,0,60,129.60000000000002,3.33964710986412,0,0,0,16.060787984092734,16.652521335856587,0,59.030569143657615,0,1,0,0,16.977543534727413,0,0,60,0,0,0,0,0,3.5212179903735747,0,0,0,0,0,16.662795762006006,17,22,0,0
1,2015-01-01 00:00:00,02:57:00,1,0,0,60,129.60000000000002,3.3472848980817913,0,0,0,16.050924621303256,16.642272632029663,0,59.023304335461994,0,1,0,0,16.966488357895074,0,0,60,0,0,0,0,0,3.5192268101461175,0,0,0,0,0,16.652521335856587,17,22,0,0
1,2015-01-01 00:00:00,02:58:00,1,0,0,60,129.60000000000002,3.355672686299463,0,0,0,16.04107595478707,16.632050109242577,0,59.016039015741406,0,1,0,0,16.95546061211734,0,0,60,0,0,0,0,0,3.517341371068146,0,0,0,0,0,16.642272632029663,17,22,0,0
1,2015-01-01 00:00:00,02:59:00,1,0,0,60,129.60000000000002,3.3648104745171343,0,0,0,16.031242607861174,16.62185423517703,0,59.00877318907172,0,1,0,0,16.9444602548767,0,0,60,0,0,0,0,0,3.515568730085373,0,0,0,0,0,16.632050109242577,17,22,0,0
1,2015-01-01 00:00:00,03:00:00,1,0,0,60,129.60000000000002,3.3741982627348057,0,0,0,16.021424788326048,16.611684884496835,0,59.001506860108194,0,1,0,0,16.933487261009365,0,0,60,0,0,0,0,0,3.5139158631785676,0,0,0,0,0,16.62185423517703,17,22,0,0
1,2015-01-01 00:00:00,03:01:00,1,0,0,60,129.60000000000002,3.3838360509524774,0,0,0,16.011622703424543,16.60154195367434,0,58.994240033483806,0,1,0,0,16.922541601944314,0,0,60,0,0,0,0,0,3.512384178594614,0,0,0,0,0,16.611684884496835,17,22,0,0
1,2015-01-01 00:00:00,03:02:00,1,0,0,60,129.60000000000002,3.393473839170149,0,0,0,16.001836352458497,16.591425054538075,0,58.98697271381298,0,1,0,0,16.911623246560982,0,0,60,0,0,0,0,0,3.5109750683670837,0,0,0,0,0,16.60154195367434,17,22,0,0
1,2015-01-01 00:00:00,03:03:00,1,0,0,60,129.60000000000002,3.403111627387821,0,0,0,15.992065734282276,16.58133382108221,0,58.97970490564282,0,1,0,0,16.900732151594216,0,0,60,0,0,0,0,0,3.5096871657224193,0,0,0,0,0,16.591425054538075,17,22,0,0
1,2015-01-01 00:00:00,03:04:00,1,0,0,60,129.60000000000002,3.4067494156054923,0,0,0,15.982305869496155,16.5712608021592,0,58.97243661345689,0,1,0,0,16.88986826280129,0,0,60,0,0,0,0,0,3.508519119595712,0,0,0,0,0,16.58133382108221,17,22,0,0
1,2015-01-01 00:00:00,03:05:00,1,0,0,60,129.60000000000002,3.409887203823164,0,0,0,15.972556342987,16.561205343541282,0,58.96516784046067,0,1,0,0,16.879031274344076,0,0,60,0,0,0,0,0,3.5074037875496127,0,0,0,0,0,16.5712608021592,17,22,0,0
1,2015-01-01 00:00:00,03:06:00,1,0,0,60,129.60000000000002,3.4127749920408355,0,0,0,15.962816947119283,16.55116699502487,0,58.95789858974692,0,1,0,0,16.868220868534458,0,0,60,0,0,0,0,0,3.506335103595056,0,0,0,0,0,16.561205343541282,17,22,0,0
1,2015-01-01 00:00:00,03:07:00,1,0,0,60,129.60000000000002,3.415912780258507,0,0,0,15.953087888968671,16.54114590541978,0,58.95062886433068,0,1,0,0,16.85743672317699,0,0,60,0,0,0,0,0,3.50530981124142,0,0,0,0,0,16.55116699502487,17,22,0,0
1,2015-01-01 00:00:00,03:08:00,1,0,0,60,129.60000000000002,3.4185505684761788,0,0,0,15.943368753142519,16.531141323080103,0,58.943358667252014,0,1,0,0,16.84667853209681,0,0,60,0,0,0,0,0,3.504330173433687,0,0,0,0,0,16.54114590541978,17,22,0,0
1,2015-01-01 00:00:00,03:09:00,1,0,0,60,129.60000000000002,3.4219383566938504,0,0,0,15.933660161252545,16.521154007225665,0,58.93608800142158,0,1,0,0,16.83594597396699,0,0,60,0,0,0,0,0,3.5033902037538827,0,0,0,0,0,16.531141323080103,17,22,0,0
1,2015-01-01 00:00:00,03:10:00,1,0,0,60,129.60000000000002,3.420826144911522,0,0,0,15.92395837894989,16.511178462116685,0,58.92881686987972,0,1,0,0,16.825238764213882,0,0,60,0,0,0,0,0,3.5024976885588335,0,0,0,0,0,16.521154007225665,17,22,0,0
1,2015-01-01 00:00:00,03:11:00,1,0,0,60,129.60000000000002,3.4174639331291936,0,0,0,15.91426153963449,16.501212077954367,0,58.9215452747241,0,1,0,0,16.8145564410133,0,0,60,0,0,0,0,0,3.501602764438828,0,0,0,0,0,16.511178462116685,17,22,0,0
1,2015-01-01 00:00:00,03:12:00,1,0,0,60,129.60000000000002,3.4141017213468654,0,0,0,15.904569644082903,16.491254916609584,0,58.91427321760466,0,1,0,0,16.803898469480682,0,0,60,0,0,0,0,0,3.500680786465582,0,0,0,0,0,16.501212077954367,17,22,0,0
1,2015-01-01 00:00:00,03:13:00,1,0,0,60,129.60000000000002,3.410739509564537,0,0,0,15.894882693141694,16.48130698982466,0,58.907000700181634,0,1,0,0,16.793264335029285,0,0,60,0,0,0,0,0,3.499732050229319,0,0,0,0,0,16.491254916609584,17,22,0,0
1,2015-01-01 00:00:00,03:14:00,1,0,0,60,129.60000000000002,3.4071272977822087,0,0,0,15.88520048025961,16.4713680078832,0,58.899727724117,0,1,0,0,16.782653540974707,0,0,60,0,0,0,0,0,3.498756848113714,0,0,0,0,0,16.48130698982466,17,22,0,0
1,2015-01-01 00:00:00,03:15:00,1,0,0,60,129.60000000000002,3.40351508599988,0,0,0,15.875523006370303,16.4614379824964,0,58.89245429102279,0,1,0,0,16.772065597672274,0,0,60,0,0,0,0,0,3.4977527276966525,0,0,0,0,0,16.4713680078832,17,22,0,0
1,2015-01-01 00:00:00,03:16:00,1,0,0,60,129.60000000000002,3.400152874217552,0,0,0,15.865850479828833,16.451517210562507,0,58.88518040251275,0,1,0,0,16.761500032530236,0,0,60,0,0,0,0,0,3.496720004899585,0,0,0,0,0,16.4614379824964,17,22,0,0
1,2015-01-01 00:00:00,03:17:00,1,0,0,60,129.60000000000002,3.3980406624352235,0,0,0,15.856183938558639,16.441607156020304,0,58.87790606025128,0,1,0,0,16.750956399129972,0,0,60,0,0,0,0,0,3.4956617340811866,0,0,0,0,0,16.451517210562507,17,22,0,0
1,2015-01-01 00:00:00,03:18:00,1,0,0,60,129.60000000000002,3.396178450652895,0,0,0,15.846523590475826,16.431708043127692,0,58.87063126615341,0,1,0,0,16.740434316031003,0,0,60,0,0,0,0,0,3.4945919041445754,0,0,0,0,0,16.441607156020304,17,22,0,0
1,2015-01-01 00:00:00,03:19:00,1,0,0,60,129.60000000000002,3.3968162388705667,0,0,0,15.83687151003033,16.421822770572913,0,58.86335602217232,0,1,0,0,16.729933422394836,0,0,60,0,0,0,0,0,3.493513383615538,0,0,0,0,0,16.431708043127692,17,22,0,0
1,2015-01-01 00:00:00,03:20:00,1,0,0,60,129.60000000000002,3.3979540270882382,0,0,0,15.82722811162644,16.41195175976733,0,58.856080330757756,0,1,0,0,16.719453468251235,0,0,60,0,0,0,0,0,3.492453686875942,0,0,0,0,0,16.421822770572913,17,22,0,0
1,2015-01-01 00:00:00,03:21:00,1,0,0,60,129.60000000000002,3.3993418153059096,0,0,0,15.817593601923027,16.402095166041022,0,58.8488041944313,0,1,0,0,16.708994226466068,0,0,60,0,0,0,0,0,3.4914180905162318,0,0,0,0,0,16.41195175976733,17,22,0,0
1,2015-01-01 00:00:00,03:22:00,1,0,0,60,129.60000000000002,3.3994796035235813,0,0,0,15.807966942889879,16.392251370695824,0,58.84152761574072,0,1,0,0,16.698555482914195,0,0,60,0,0,0,0,0,3.490409071048122,0,0,0,0,0,16.402095166041022,17,22,0,0
1,2015-01-01 00:00:00,03:23:00,1,0,0,60,129.60000000000002,3.3991173917412527,0,0,0,15.79834771891565,16.3824197079476,0,58.83425059695586,0,1,0,0,16.688136975695883,0,0,60,0,0,0,0,0,3.489412628085245,0,0,0,0,0,16.392251370695824,17,22,0,0
1,2015-01-01 00:00:00,03:24:00,1,0,0,60,129.60000000000002,3.3970051799589243,0,0,0,15.788734477395952,16.372598031856743,0,58.826973140232035,0,1,0,0,16.677738429173832,0,0,60,0,0,0,0,0,3.4884231403404526,0,0,0,0,0,16.3824197079476,17,22,0,0
1,2015-01-01 00:00:00,03:25:00,1,0,0,60,129.60000000000002,3.3951429681765957,0,0,0,15.779127425407495,16.362786634142676,0,58.819695247356314,0,1,0,0,16.66735950409502,0,0,60,0,0,0,0,0,3.4874213403325056,0,0,0,0,0,16.372598031856743,17,22,0,0
1,2015-01-01 00:00:00,03:26:00,1,0,0,60,129.60000000000002,3.393030756394267,0,0,0,15.769526355133644,16.35298516672299,0,58.812416920165475,0,1,0,0,16.65699988266807,0,0,60,0,0,0,0,0,3.4864101045373808,0,0,0,0,0,16.362786634142676,17,22,0,0
1,2015-01-01 00:00:00,03:27:00,1,0,0,60,129.60000000000002,3.3909185446119388,0,0,0,15.759931266177695,16.343193592871547,0,58.805138160436314,0,1,0,0,16.646659246071298,0,0,60,0,0,0,0,0,3.485386794594488,0,0,0,0,0,16.35298516672299,17,22,0,0
1,2015-01-01 00:00:00,03:28:00,1,0,0,60,129.60000000000002,3.3888063328296103,0,0,0,15.75034215810126,16.333411869156865,0,58.797858969939014,0,1,0,0,16.63633728507811,0,0,60,0,0,0,0,0,3.4843515427079765,0,0,0,0,0,16.343193592871547,17,22,0,0
1,2015-01-01 00:00:00,03:29:00,1,0,0,60,129.60000000000002,3.386444121047282,0,0,0,15.740758823006887,16.32363965487796,0,58.790579350436026,0,1,0,0,16.626033699502557,0,0,60,0,0,0,0,0,3.483304479639035,0,0,0,0,0,16.333411869156865,17,22,0,0
1,2015-01-01 00:00:00,03:30:00,1,0,0,60,129.60000000000002,3.3840819092649537,0,0,0,15.73118126042575,16.313876915257648,0,58.783299303631075,0,1,0,0,16.615748187780632,0,0,60,0,0,0,0,0,3.4822429928574454,0,0,0,0,0,16.32363965487796,17,22,0,0
1,2015-01-01 00:00:00,03:31:00,1,0,0,60,129.60000000000002,3.381469697482625,0,0,0,15.721609262440026,16.30412331310775,0,58.77601883122164,0,1,0,0,16.605480457422708,0,0,60,0,0,0,0,0,3.4811672402533254,0,0,0,0,0,16.313876915257648,17,22,0,0
1,2015-01-01 00:00:00,03:32:00,1,0,0,60,129.60000000000002,3.3788574857002964,0,0,0,15.712042828564618,16.294378817165295,0,58.76873793484711,0,1,0,0,16.595230214418798,0,0,60,0,0,0,0,0,3.48007463600583,0,0,0,0,0,16.30412331310775,17,22,0,0
1,2015-01-01 00:00:00,03:33:00,1,0,0,60,129.60000000000002,3.376495273917968,0,0,0,15.702482165688957,16.284643685459024,0,58.761456616141224,0,1,0,0,16.58499717369589,0,0,60,0,0,0,0,0,3.478965364531725,0,0,0,0,0,16.294378817165295,17,22,0,0
1,2015-01-01 00:00:00,03:34:00,1,0,0,60,129.60000000000002,3.3738830621356395,0,0,0,15.69292706577054,16.274917571537173,0,58.754174876781676,0,1,0,0,16.57478106865382,0,0,60,0,0,0,0,0,3.4778423503609357,0,0,0,0,0,16.284643685459024,17,22,0,0
1,2015-01-01 00:00:00,03:35:00,1,0,0,60,129.60000000000002,3.368770850353311,0,0,0,15.683375454091985,16.265197481343833,0,58.74689271838649,0,1,0,0,16.564581629976384,0,0,60,0,0,0,0,0,3.4767030017789904,0,0,0,0,0,16.274917571537173,17,22,0,0
1,2015-01-01 00:00:00,03:36:00,1,0,0,60,129.60000000000002,3.3634086385709825,0,0,0,15.673827123281523,16.255483190899543,0,58.739610142060144,0,1,0,0,16.554398495669155,0,0,60,0,0,0,0,0,3.4755200745413832,0,0,0,0,0,16.265197481343833,17,22,0,0
1,2015-01-01 00:00:00,03:37:00,1,0,0,60,129.60000000000002,3.357296426788654,0,0,0,15.664281451300795,16.245773841021222,0,58.732327148868514,0,1,0,0,16.544231308432092,0,0,60,0,0,0,0,0,3.4742913013921783,0,0,0,0,0,16.255483190899543,17,22,0,0
1,2015-01-01 00:00:00,03:38:00,1,0,0,60,129.60000000000002,3.353184215006326,0,0,0,15.654740097860138,16.236071852050728,0,58.725043739730026,0,1,0,0,16.534079693894306,0,0,60,0,0,0,0,0,3.4730089540008118,0,0,0,0,0,16.245773841021222,17,22,0,0
1,2015-01-01 00:00:00,03:39:00,1,0,0,60,129.60000000000002,3.3490720032239976,0,0,0,15.64520306289478,16.22637716579276,0,58.71775991597785,0,1,0,0,16.523943372743165,0,0,60,0,0,0,0,0,3.471695559380461,0,0,0,0,0,16.236071852050728,17,22,0,0
1,2015-01-01 00:00:00,03:40:00,1,0,0,60,129.60000000000002,3.3449597914416693,0,0,0,15.635670346272779,16.2166897618441,0,58.71047567893496,0,1,0,0,16.51382207318703,0,0,60,0,0,0,0,0,3.4703514567700653,0,0,0,0,0,16.22637716579276,17,22,0,0
1,2015-01-01 00:00:00,03:41:00,1,0,0,60,129.60000000000002,3.340597579659341,0,0,0,15.626141740429151,16.20700932120274,0,58.7031910299206,0,1,0,0,16.503715531984888,0,0,60,0,0,0,0,0,3.4689769817322254,0,0,0,0,0,16.2166897618441,17,22,0,0
1,2015-01-01 00:00:00,03:42:00,1,0,0,60,129.60000000000002,3.349235367877012,0,0,0,15.616628030557086,16.197351216561025,0,58.69590597019911,0,1,0,0,16.4936234839991,0,0,60,0,0,0,0,0,3.4675697229389257,0,0,0,0,0,16.20700932120274,17,22,0,0
1,2015-01-01 00:00:00,03:43:00,1,0,0,60,129.60000000000002,3.3578731560946835,0,0,0,15.607129212901613,16.187714838129114,0,58.68862050366991,0,1,0,0,16.483546195991003,0,0,60,0,0,0,0,0,3.466272679911049,0,0,0,0,0,16.197351216561025,17,22,0,0
1,2015-01-01 00:00:00,03:44:00,1,0,0,60,129.60000000000002,3.367510944312355,0,0,0,15.597646112648944,16.178101037621193,0,58.681334634127246,0,1,0,0,16.473483904907265,0,0,60,0,0,0,0,0,3.465084625845182,0,0,0,0,0,16.187714838129114,17,22,0,0
1,2015-01-01 00:00:00,03:45:00,1,0,0,60,129.60000000000002,3.3766487325300267,0,0,0,15.588178309873076,16.16850885985016,0,58.6740483655107,0,1,0,0,16.46343686860502,0,0,60,0,0,0,0,0,3.4640153156647724,0,0,0,0,0,16.178101037621193,17,22,0,0
1,2015-01-01 00:00:00,03:46:00,1,0,0,60,129.60000000000002,3.386036520747698,0,0,0,15.578726006606582,16.158938298437842,0,58.66676170159544,0,1,0,0,16.453405303681386,0,0,60,0,0,0,0,0,3.4630579437146,0,0,0,0,0,16.16850885985016,17,22,0,0
1,2015-01-01 00:00:00,03:47:00,1,0,0,60,129.60000000000002,3.3954243089653695,0,0,0,15.56928919706371,16.149389046115964,0,58.6594746461549,0,1,0,0,16.44338941914929,0,0,60,0,0,0,0,0,3.462214005333011,0,0,0,0,0,16.158938298437842,17,22,0,0
1,2015-01-01 00:00:00,03:48:00,1,0,0,60,129.60000000000002,3.398312097183041,0,0,0,15.559862482462334,16.139853123624707,0,58.652187202909175,0,1,0,0,16.43338940646108,0,0,60,0,0,0,0,0,3.461482238172177,0,0,0,0,0,16.149389046115964,17,22,0,0
1,2015-01-01 00:00:00,03:49:00,1,0,0,60,129.60000000000002,3.4006998854007127,0,0,0,15.550445443348545,16.13032996263327,0,58.64489937420987,0,1,0,0,16.423405179153722,0,0,60,0,0,0,0,0,3.460790148060744,0,0,0,0,0,16.139853123624707,17,22,0,0
1,2015-01-01 00:00:00,03:50:00,1,0,0,60,129.60000000000002,3.402837673618384,0,0,0,15.541037867853994,16.12081918768075,0,58.63761116231074,0,1,0,0,16.413436634374115,0,0,60,0,0,0,0,0,3.4601318173168867,0,0,0,0,0,16.13032996263327,17,22,0,0
1,2015-01-01 00:00:00,03:51:00,1,0,0,60,129.60000000000002,3.4069754618360557,0,0,0,15.531641410784356,16.11132309252016,0,58.6303225694008,0,1,0,0,16.40348365999679,0,0,60,0,0,0,0,0,3.4595041341300483,0,0,0,0,0,16.12081918768075,17,22,0,0
1,2015-01-01 00:00:00,03:52:00,1,0,0,60,129.60000000000002,3.4111132500537273,0,0,0,15.522256067033558,16.10184151050019,0,58.62303359806191,0,1,0,0,16.39354622572888,0,0,60,0,0,0,0,0,3.458928680900474,0,0,0,0,0,16.11132309252016,17,22,0,0
1,2015-01-01 00:00:00,03:53:00,1,0,0,60,129.60000000000002,3.415001038271399,0,0,0,15.51288162390324,16.092374024307237,0,58.6157442508469,0,1,0,0,16.383624296639468,0,0,60,0,0,0,0,0,3.4584048812449617,0,0,0,0,0,16.10184151050019,17,22,0,0
1,2015-01-01 00:00:00,03:54:00,1,0,0,60,129.60000000000002,3.413388826489071,0,0,0,15.503513513030914,16.082914018648307,0,58.608454530236635,0,1,0,0,16.373717824791434,0,0,60,0,0,0,0,0,3.4579294257188056,0,0,0,0,0,16.092374024307237,17,22,0,0
1,2015-01-01 00:00:00,03:55:00,1,0,0,60,129.60000000000002,3.4130266147067423,0,0,0,15.494152767539473,16.073463115922404,0,58.60116443757751,0,1,0,0,16.3638265388682,0,0,60,0,0,0,0,0,3.4574415134434635,0,0,0,0,0,16.082914018648307,17,22,0,0
1,2015-01-01 00:00:00,03:56:00,1,0,0,60,129.60000000000002,3.414914402924414,0,0,0,15.484801250014963,16.06402395131592,0,58.593873974493796,0,1,0,0,16.353950231965282,0,0,60,0,0,0,0,0,3.4569549786245832,0,0,0,0,0,16.073463115922404,17,22,0,0
1,2015-01-01 00:00:00,03:57:00,1,0,0,60,129.60000000000002,3.4150521911420855,0,0,0,15.47545750383613,16.05459434808045,0,58.586583143061254,0,1,0,0,16.344088793847956,0,0,60,0,0,0,0,0,3.45649446168957,0,0,0,0,0,16.06402395131592,17,22,0,0
1,2015-01-01 00:00:00,03:58:00,1,0,0,60,129.60000000000002,3.408939979359757,0,0,0,15.466116339382626,16.04516692852776,0,58.57929194498212,0,1,0,0,16.334242043991917,0,0,60,0,0,0,0,0,3.4560405008387356,0,0,0,0,0,16.05459434808045,17,22,0,0
1,2015-01-01 00:00:00,03:59:00,1,0,0,60,129.60000000000002,3.4025777675774287,0,0,0,15.45677754664256,16.035741662576196,0,58.57200038069358,0,1,0,0,16.324409557071366,0,0,60,0,0,0,0,0,3.455524535708976,0,0,0,0,0,16.04516692852776,17,22,0,0
1,2015-01-01 00:00:00,04:00:00,1,0,0,60,129.60000000000002,3.4004655557951002,0,0,0,15.44744464936118,16.02632372227857,0,58.56470845062762,0,1,0,0,16.314590921204182,0,0,60,0,0,0,0,0,3.454944500274988,0,0,0,0,0,16.035741662576196,17,22,0,0
1,2015-01-01 00:00:00,04:01:00,1,0,0,60,129.60000000000002,3.3986033440127716,0,0,0,15.438117851710917,16.016913338826658,0,58.55741615610276,0,1,0,0,16.304785914438003,0,0,60,0,0,0,0,0,3.454347672386408,0,0,0,0,0,16.02632372227857,17,22,0,0
1,2015-01-01 00:00:00,04:02:00,1,0,0,60,129.60000000000002,3.3962411322304433,0,0,0,15.428796735496904,16.007509925594402,0,58.55012349847694,0,1,0,0,16.294994330233536,0,0,60,0,0,0,0,0,3.453736975741944,0,0,0,0,0,16.016913338826658,17,22,0,0
1,2015-01-01 00:00:00,04:03:00,1,0,0,60,129.60000000000002,3.393128920448115,0,0,0,15.419480675266751,15.998112623515672,0,58.54283047900731,0,1,0,0,16.285215949123362,0,0,60,0,0,0,0,0,3.4531070818202942,0,0,0,0,0,16.007509925594402,17,22,0,0
1,2015-01-01 00:00:00,04:04:00,1,0,0,60,129.60000000000002,3.3892667086657866,0,0,0,15.410169045816827,15.988720594089084,0,58.53553709880351,0,1,0,0,16.275450529885006,0,0,60,0,0,0,0,0,3.4524499798169974,0,0,0,0,0,15.998112623515672,17,22,0,0
1,2015-01-01 00:00:00,04:05:00,1,0,0,60,129.60000000000002,3.384904496883458,0,0,0,15.400861429625259,15.97933330955014,0,58.528243358831276,0,1,0,0,16.265697810980384,0,0,60,0,0,0,0,0,3.4517577457787767,0,0,0,0,0,15.988720594089084,17,22,0,0
1,2015-01-01 00:00:00,04:06:00,1,0,0,60,129.60000000000002,3.38404228510113,0,0,0,15.391560727944505,15.969954979082436,0,58.52094925996568,0,1,0,0,16.25595752181609,0,0,60,0,0,0,0,0,3.4510252819435703,0,0,0,0,0,15.97933330955014,17,22,0,0
1,2015-01-01 00:00:00,04:07:00,1,0,0,60,129.60000000000002,3.3829300733188012,0,0,0,15.38226672998676,15.960585199472762,0,58.51365480380325,0,1,0,0,16.24622954417209,0,0,60,0,0,0,0,0,3.450291395785547,0,0,0,0,0,15.969954979082436,17,22,0,0
1,2015-01-01 00:00:00,04:08:00,1,0,0,60,129.60000000000002,3.378317861536473,0,0,0,15.372976528590305,15.951219802402369,0,58.50635999187108,0,1,0,0,16.236513750134698,0,0,60,0,0,0,0,0,3.4495533623297963,0,0,0,0,0,15.960585199472762,17,22,0,0
1,2015-01-01 00:00:00,04:09:00,1,0,0,60,129.60000000000002,3.3737056497541444,0,0,0,15.363690121282964,15.94185891444741,0,58.49906482498145,0,1,0,0,16.22680987436149,0,0,60,0,0,0,0,0,3.448772857734291,0,0,0,0,0,15.951219802402369,17,22,0,0
1,2015-01-01 00:00:00,04:10:00,1,0,0,60,129.60000000000002,3.369093437971816,0,0,0,15.354407505743836,15.932502586929196,0,58.49176930396822,0,1,0,0,16.217117664840604,0,0,60,0,0,0,0,0,3.447950344990869,0,0,0,0,0,15.94185891444741,17,22,0,0
1,2015-01-01 00:00:00,04:11:00,1,0,0,60,129.60000000000002,3.3634812261894877,0,0,0,15.345127850077121,15.92314968343621,0,58.48447342967387,0,1,0,0,16.20743687987763,0,0,60,0,0,0,0,0,3.4470862821010644,0,0,0,0,0,15.932502586929196,17,22,0,0
1,2015-01-01 00:00:00,04:12:00,1,0,0,60,129.60000000000002,3.357619014407159,0,0,0,15.335850944954204,15.913799995592033,0,58.47717720274594,0,1,0,0,16.19776724734561,0,0,60,0,0,0,0,0,3.4461701570755685,0,0,0,0,0,15.92314968343621,17,22,0,0
1,2015-01-01 00:00:00,04:13:00,1,0,0,60,129.60000000000002,3.3515068026248307,0,0,0,15.326576581221241,15.904453300233333,0,58.46988062379614,0,1,0,0,16.188108497285963,0,0,60,0,0,0,0,0,3.445199795353455,0,0,0,0,0,15.913799995592033,17,22,0,0
1,2015-01-01 00:00:00,04:14:00,1,0,0,60,129.60000000000002,3.345644590842502,0,0,0,15.317304964701135,15.895109966457351,0,58.46258369339782,0,1,0,0,16.17846036133179,0,0,60,0,0,0,0,0,3.4441730457041735,0,0,0,0,0,15.904453300233333,17,22,0,0
1,2015-01-01 00:00:00,04:15:00,1,0,0,60,129.60000000000002,3.3395323790601736,0,0,0,15.308035886415407,15.885769749166549,0,58.45528641218748,0,1,0,0,16.168822592798648,0,0,60,0,0,0,0,0,3.4430932638674343,0,0,0,0,0,15.895109966457351,17,22,0,0
1,2015-01-01 00:00:00,04:16:00,1,0,0,60,129.60000000000002,3.334420167277845,0,0,0,15.298770174565758,15.87643389373816,0,58.44798878075954,0,1,0,0,16.15919494505606,0,0,60,0,0,0,0,0,3.4419582852510597,0,0,0,0,0,15.885769749166549,17,22,0,0
1,2015-01-01 00:00:00,04:17:00,1,0,0,60,129.60000000000002,3.3293079554955165,0,0,0,15.289507827510327,15.867102406208716,0,58.44069079992176,0,1,0,0,16.14957722222212,0,0,60,0,0,0,0,0,3.4407796803223745,0,0,0,0,0,15.87643389373816,17,22,0,0
1,2015-01-01 00:00:00,04:18:00,1,0,0,60,129.60000000000002,3.324195743713188,0,0,0,15.280248843617494,15.857775309178253,0,58.433392470482836,0,1,0,0,16.13996923528289,0,0,60,0,0,0,0,0,3.439557924875481,0,0,0,0,0,15.867102406208716,17,22,0,0
1,2015-01-01 00:00:00,04:19:00,1,0,0,60,129.60000000000002,3.3198335319308594,0,0,0,15.270993843514155,15.84845350941417,0,58.426093793255184,0,1,0,0,16.13037080242219,0,0,60,0,0,0,0,0,3.438293489575442,0,0,0,0,0,15.857775309178253,17,22,0,0
1,2015-01-01 00:00:00,04:20:00,1,0,0,60,129.60000000000002,3.3172213201485308,0,0,0,15.261744277282043,15.839139060313334,0,58.41879476920653,0,1,0,0,16.120781778850485,0,0,60,0,0,0,0,0,3.4369950685269908,0,0,0,0,0,15.84845350941417,17,22,0,0
1,2015-01-01 00:00:00,04:21:00,1,0,0,60,129.60000000000002,3.314609108366202,0,0,0,15.252500142629499,15.82983187813515,0,58.41149539965643,0,1,0,0,16.1112020945465,0,0,60,0,0,0,0,0,3.435682233351357,0,0,0,0,0,15.839139060313334,17,22,0,0
1,2015-01-01 00:00:00,04:22:00,1,0,0,60,129.60000000000002,3.312996896583874,0,0,0,15.243262266811435,15.820533098715158,0,58.40419568590988,0,1,0,0,16.101631679022304,0,0,60,0,0,0,0,0,3.4343551418923868,0,0,0,0,0,15.82983187813515,17,22,0,0
1,2015-01-01 00:00:00,04:23:00,1,0,0,60,129.60000000000002,3.3108846848015454,0,0,0,15.234030232294987,15.811242038027059,0,58.396895629466364,0,1,0,0,16.092070502821382,0,0,60,0,0,0,0,0,3.4330249221580225,0,0,0,0,0,15.820533098715158,17,22,0,0
1,2015-01-01 00:00:00,04:24:00,1,0,0,60,129.60000000000002,3.308522473019217,0,0,0,15.224803828995245,15.801958353423567,0,58.38959523170783,0,1,0,0,16.082518514222937,0,0,60,0,0,0,0,0,3.431686122511049,0,0,0,0,0,15.811242038027059,17,22,0,0
1,2015-01-01 00:00:00,04:25:00,1,0,0,60,129.60000000000002,3.3064102612368886,0,0,0,15.215583261667732,15.7926822970478,0,58.38229449395727,0,1,0,0,16.07297565161071,0,0,60,0,0,0,0,0,3.430336093959527,0,0,0,0,0,15.801958353423567,17,22,0,0
1,2015-01-01 00:00:00,04:26:00,1,0,0,60,129.60000000000002,3.30454804945456,0,0,0,15.206368734952893,15.7834141063622,0,58.374993417580654,0,1,0,0,16.063441864040545,0,0,60,0,0,0,0,0,3.4289777025938055,0,0,0,0,0,15.7926822970478,17,22,0,0
1,2015-01-01 00:00:00,04:27:00,1,0,0,60,129.60000000000002,3.3054358376722317,0,0,0,15.19716252745649,15.774156973263803,0,58.367692003984445,0,1,0,0,16.053917110378016,0,0,60,0,0,0,0,0,3.4276137831618363,0,0,0,0,0,15.7834141063622,17,22,0,0
1,2015-01-01 00:00:00,04:28:00,1,0,0,60,129.60000000000002,3.3045736258899034,0,0,0,15.187963183575102,15.764908646009758,0,58.360390255122034,0,1,0,0,16.044401459455763,0,0,60,0,0,0,0,0,3.426274569783523,0,0,0,0,0,15.774156973263803,17,22,0,0
1,2015-01-01 00:00:00,04:29:00,1,0,0,60,129.60000000000002,3.2972114141075752,0,0,0,15.178765307207756,15.755661391337505,0,58.353088172560476,0,1,0,0,16.034894901175285,0,0,60,0,0,0,0,0,3.4249405900191934,0,0,0,0,0,15.764908646009758,17,22,0,0
1,2015-01-01 00:00:00,04:30:00,1,0,0,60,129.60000000000002,3.289849202325247,0,0,0,15.169568896680264,15.746415431215459,0,58.345785756540835,0,1,0,0,16.025397162745428,0,0,60,0,0,0,0,0,3.423540466143603,0,0,0,0,0,15.755661391337505,17,22,0,0
1,2015-01-01 00:00:00,04:31:00,1,0,0,60,129.60000000000002,3.282486990542919,0,0,0,15.160373950578437,15.737170851377341,0,58.338483007342205,0,1,0,0,16.01590798820359,0,0,60,0,0,0,0,0,3.4220749176133958,0,0,0,0,0,15.746415431215459,17,22,0,0
1,2015-01-01 00:00:00,04:32:00,1,0,0,60,129.60000000000002,3.2751247787605906,0,0,0,15.151180467590033,15.727927732706043,0,58.331179925258326,0,1,0,0,16.0064271332095,0,0,60,0,0,0,0,0,3.4205446561977713,0,0,0,0,0,15.737170851377341,17,22,0,0
1,2015-01-01 00:00:00,04:33:00,1,0,0,60,129.60000000000002,3.2677625669782624,0,0,0,15.141988446498944,15.718686149568738,0,58.32387651059675,0,1,0,0,15.99695436448489,0,0,60,0,0,0,0,0,3.4189503860575865,0,0,0,0,0,15.727927732706043,17,22,0,0
1,2015-01-01 00:00:00,04:34:00,1,0,0,60,129.60000000000002,3.260400355195934,0,0,0,15.132797886177475,15.70944617027563,0,58.31657276367771,0,1,0,0,15.987489459215634,0,0,60,0,0,0,0,0,3.417292803823715,0,0,0,0,0,15.718686149568738,17,22,0,0
1,2015-01-01 00:00:00,04:35:00,1,0,0,60,129.60000000000002,3.253038143413606,0,0,0,15.123608785579156,15.700207857477476,0,58.30926868483313,0,1,0,0,15.978032204489784,0,0,60,0,0,0,0,0,3.4155725986746646,0,0,0,0,0,15.70944617027563,17,22,0,0
1,2015-01-01 00:00:00,04:36:00,1,0,0,60,129.60000000000002,3.2456759316312778,0,0,0,15.11442114373205,15.690971268538862,0,58.301964274405584,0,1,0,0,15.968582396768277,0,0,60,0,0,0,0,0,3.413790452413457,0,0,0,0,0,15.700207857477476,17,22,0,0
1,2015-01-01 00:00:00,04:37:00,1,0,0,60,129.60000000000002,3.2383137198489496,0,0,0,15.105234959732478,15.68173645588817,0,58.29465953274744,0,1,0,0,15.959139841386323,0,0,60,0,0,0,0,0,3.4119470395437803,0,0,0,0,0,15.690971268538862,17,22,0,0
1,2015-01-01 00:00:00,04:38:00,1,0,0,60,129.60000000000002,3.2309515080666213,0,0,0,15.09605023273918,15.672503467345717,0,58.28735446021998,0,1,0,0,15.949704352083664,0,0,60,0,0,0,0,0,3.4100430273454148,0,0,0,0,0,15.68173645588817,17,22,0,0
1,2015-01-01 00:00:00,04:39:00,1,0,0,60,129.60000000000002,3.223589296284293,0,0,0,15.086866961967871,15.663272346431341,0,58.28004905719263,0,1,0,0,15.940275750561964,0,0,60,0,0,0,0,0,3.4080790759489403,0,0,0,0,0,15.672503467345717,17,22,0,0
1,2015-01-01 00:00:00,04:40:00,1,0,0,60,129.60000000000002,3.216227084501965,0,0,0,15.077685146686141,15.654043132652754,0,58.27274332404221,0,1,0,0,15.930853866067725,0,0,60,0,0,0,0,0,3.4060558384097295,0,0,0,0,0,15.663272346431341,17,22,0,0
1,2015-01-01 00:00:00,04:41:00,1,0,0,60,129.60000000000002,3.2088648727196367,0,0,0,15.068504786208724,15.644815861775804,0,58.26543726115226,0,1,0,0,15.921438534999188,0,0,60,0,0,0,0,0,3.403973960781234,0,0,0,0,0,15.654043132652754,17,22,0,0
1,2015-01-01 00:00:00,04:42:00,1,0,0,60,129.60000000000002,3.2015026609373085,0,0,0,15.05932587989307,15.635590566077775,0,58.25813086891237,0,1,0,0,15.912029600535808,0,0,60,0,0,0,0,0,3.4018340821875657,0,0,0,0,0,15.644815861775804,17,22,0,0
1,2015-01-01 00:00:00,04:43:00,1,0,0,60,129.60000000000002,3.1941404491549803,0,0,0,15.050148427135232,15.626367274584766,0,58.250824147717594,0,1,0,0,15.902626912288936,0,0,60,0,0,0,0,0,3.3996368348953845,0,0,0,0,0,15.635590566077775,17,22,0,0
1,2015-01-01 00:00:00,04:44:00,1,0,0,60,129.60000000000002,3.188528237372652,0,0,0,15.04097387923402,15.617148084531586,0,58.24351709796792,0,1,0,0,15.893230325972468,0,0,60,0,0,0,0,0,3.3973828443850898,0,0,0,0,0,15.626367274584766,17,22,0,0
1,2015-01-01 00:00:00,04:45:00,1,0,0,60,129.60000000000002,3.1824160255903235,0,0,0,15.031801820343698,15.607932348015005,0,58.23620972042276,0,1,0,0,15.883839773542507,0,0,60,0,0,0,0,0,3.3950919573354965,0,0,0,0,0,15.617148084531586,17,22,0,0
1,2015-01-01 00:00:00,04:46:00,1,0,0,60,129.60000000000002,3.177803813807995,0,0,0,15.022633493972904,15.598721841952955,0,58.22890201573034,0,1,0,0,15.874455167232048,0,0,60,0,0,0,0,0,3.392759083242975,0,0,0,0,0,15.607932348015005,17,22,0,0
1,2015-01-01 00:00:00,04:47:00,1,0,0,60,129.60000000000002,3.1734416020256666,0,0,0,15.01346910616685,15.589516784721225,0,58.22159398484341,0,1,0,0,15.865076482698745,0,0,60,0,0,0,0,0,3.39040116356006,0,0,0,0,0,15.598721841952955,17,22,0,0
1,2015-01-01 00:00:00,04:48:00,1,0,0,60,129.60000000000002,3.1693293902433384,0,0,0,15.004308862814067,15.580317415275507,0,58.21428562875196,0,1,0,0,15.855703703855973,0,0,60,0,0,0,0,0,3.3880212197582833,0,0,0,0,0,15.589516784721225,17,22,0,0
1,2015-01-01 00:00:00,04:49:00,1,0,0,60,129.60000000000002,3.16396717846101,0,0,0,14.995151725212226,15.571122192572089,0,58.20697694848679,0,1,0,0,15.846336823292011,0,0,60,0,0,0,0,0,3.38562224039795,0,0,0,0,0,15.580317415275507,17,22,0,0
1,2015-01-01 00:00:00,04:50:00,1,0,0,60,129.60000000000002,3.1581049666786813,0,0,0,14.985997277169002,15.56193052725765,0,58.19966794481435,0,1,0,0,15.83697578143079,0,0,60,0,0,0,0,0,3.383190697421711,0,0,0,0,0,15.571122192572089,17,22,0,0
1,2015-01-01 00:00:00,04:51:00,1,0,0,60,129.60000000000002,3.1522427548963527,0,0,0,14.976845517456551,15.552742419774644,0,58.192358618399915,0,1,0,0,15.8276205006766,0,0,60,0,0,0,0,0,3.3807214521340243,0,0,0,0,0,15.56193052725765,17,22,0,0
1,2015-01-01 00:00:00,04:52:00,1,0,0,60,129.60000000000002,3.1526305431140242,0,0,0,14.967701630092826,15.54356525780413,0,58.18504896990872,0,1,0,0,15.818270906088099,0,0,60,0,0,0,0,0,3.3782149168340623,0,0,0,0,0,15.552742419774644,17,22,0,0
1,2015-01-01 00:00:00,04:53:00,1,0,0,60,129.60000000000002,3.151768331331696,0,0,0,14.958564575051716,15.534397268801834,0,58.17773900127236,0,1,0,0,15.808927176554631,0,0,60,0,0,0,0,0,3.3757401913946983,0,0,0,0,0,15.54356525780413,17,22,0,0
1,2015-01-01 00:00:00,04:54:00,1,0,0,60,129.60000000000002,3.1509061195493677,0,0,0,14.949434349371476,15.525238350426298,0,58.170428714118216,0,1,0,0,15.79958942459025,0,0,60,0,0,0,0,0,3.3732831875334406,0,0,0,0,0,15.534397268801834,17,22,0,0
1,2015-01-01 00:00:00,04:55:00,1,0,0,60,129.60000000000002,3.1475439077670395,0,0,0,14.940308875880763,15.51608542161902,0,58.16311811005587,0,1,0,0,15.790257755401,0,0,60,0,0,0,0,0,3.370843710038626,0,0,0,0,0,15.525238350426298,17,22,0,0
1,2015-01-01 00:00:00,04:56:00,1,0,0,60,129.60000000000002,3.150431695984711,0,0,0,14.93119333731067,15.506945877894225,0,58.15580719016642,0,1,0,0,15.78093216581658,0,0,60,0,0,0,0,0,3.368394091979234,0,0,0,0,0,15.51608542161902,17,22,0,0
1,2015-01-01 00:00:00,04:57:00,1,0,0,60,129.60000000000002,3.1525694842023824,0,0,0,14.922087107179268,15.497818499070336,0,58.148495956798605,0,1,0,0,15.771612904322623,0,0,60,0,0,0,0,0,3.3660031282875846,0,0,0,0,0,15.506945877894225,17,22,0,0
1,2015-01-01 00:00:00,04:58:00,1,0,0,60,129.60000000000002,3.157457272420054,0,0,0,14.912992462573845,15.488706378847507,0,58.14118441209157,0,1,0,0,15.762300169450096,0,0,60,0,0,0,0,0,3.3636619284777693,0,0,0,0,0,15.497818499070336,17,22,0,0
1,2015-01-01 00:00:00,04:59:00,1,0,0,60,129.60000000000002,3.1615950606377257,0,0,0,14.903908775900836,15.47960833713105,0,58.133872558714444,0,1,0,0,15.75299425820511,0,0,60,0,0,0,0,0,3.3614001564171216,0,0,0,0,0,15.488706378847507,17,22,0,0
1,2015-01-01 00:00:00,05:00:00,1,0,0,60,129.60000000000002,3.1662328488553975,0,0,0,14.894836456497032,15.470524776349217,0,58.1265603991336,0,1,0,0,15.743695417352251,0,0,60,0,0,0,0,0,3.3592086911660526,0,0,0,0,0,15.47960833713105,17,22,0,0
1,2015-01-01 00:00:00,05:01:00,1,0,0,60,129.60000000000002,3.171370637073069,0,0,0,14.88577591335163,15.461456072449632,0,58.11924793588398,0,1,0,0,15.734403898950788,0,0,60,0,0,0,0,0,3.357092245452603,0,0,0,0,0,15.470524776349217,17,22,0,0
1,2015-01-01 00:00:00,05:02:00,1,0,0,60,129.60000000000002,3.1745084252907407,0,0,0,14.876725480979172,15.452399642094488,0,58.11193517156454,0,1,0,0,15.725119959273878,0,0,60,0,0,0,0,0,3.355055478692009,0,0,0,0,0,15.461456072449632,17,22,0,0
1,2015-01-01 00:00:00,05:03:00,1,0,0,60,129.60000000000002,3.1771462135084123,0,0,0,14.86768473867287,15.443354789850227,0,58.104622108330915,0,1,0,0,15.715843758009273,0,0,60,0,0,0,0,0,3.353075542465898,0,0,0,0,0,15.452399642094488,17,22,0,0
1,2015-01-01 00:00:00,05:04:00,1,0,0,60,129.60000000000002,3.183534001726084,0,0,0,14.858656791722423,15.434325841290224,0,58.09730874821918,0,1,0,0,15.706575425758965,0,0,60,0,0,0,0,0,3.351146317290568,0,0,0,0,0,15.443354789850227,17,22,0,0
1,2015-01-01 00:00:00,05:05:00,1,0,0,60,129.60000000000002,3.1889217899437554,0,0,0,14.84964080346778,15.425311327697576,0,58.08999509400656,0,1,0,0,15.697315235811049,0,0,60,0,0,0,0,0,3.3493084186330155,0,0,0,0,0,15.434325841290224,17,22,0,0
1,2015-01-01 00:00:00,05:06:00,1,0,0,60,129.60000000000002,3.195059578161427,0,0,0,14.840637389080133,15.416311984214204,0,58.08268114821805,0,1,0,0,15.688063402201747,0,0,60,0,0,0,0,0,3.347549853077779,0,0,0,0,0,15.425311327697576,17,22,0,0
1,2015-01-01 00:00:00,05:07:00,1,0,0,60,129.60000000000002,3.2016973663790984,0,0,0,14.831646955949314,15.40732820511625,0,58.07536691350422,0,1,0,0,15.678820156691966,0,0,60,0,0,0,0,0,3.3458779735618225,0,0,0,0,0,15.416311984214204,17,22,0,0
1,2015-01-01 00:00:00,05:08:00,1,0,0,60,129.60000000000002,3.20783515459677,0,0,0,14.822669081473153,15.398359204449251,0,58.06805239258278,0,1,0,0,15.669585736570344,0,0,60,0,0,0,0,0,3.3442973055666623,0,0,0,0,0,15.40732820511625,17,22,0,0
1,2015-01-01 00:00:00,05:09:00,1,0,0,60,129.60000000000002,3.2147229428144413,0,0,0,14.81370438002849,15.389405718946112,0,58.06073758803624,0,1,0,0,15.660360344321328,0,0,60,0,0,0,0,0,3.3428013487203336,0,0,0,0,0,15.398359204449251,17,22,0,0
1,2015-01-01 00:00:00,05:10:00,1,0,0,60,129.60000000000002,3.221860731032113,0,0,0,14.804753050804516,15.380467858858147,0,58.053422502572964,0,1,0,0,15.651144200601083,0,0,60,0,0,0,0,0,3.34139739276078,0,0,0,0,0,15.389405718946112,17,22,0,0
1,2015-01-01 00:00:00,05:11:00,1,0,0,60,129.60000000000002,3.2194985192497847,0,0,0,14.795807203743484,15.371534208481108,0,58.04610713891976,0,1,0,0,15.641937522310506,0,0,60,0,0,0,0,0,3.3400871587807566,0,0,0,0,0,15.380467858858147,17,22,0,0
1,2015-01-01 00:00:00,05:12:00,1,0,0,60,129.60000000000002,3.216886307467456,0,0,0,14.786866625416062,15.362604745106616,0,58.03879149784597,0,1,0,0,15.632740130683656,0,0,60,0,0,0,0,0,3.338765382953219,0,0,0,0,0,15.371534208481108,17,22,0,0
1,2015-01-01 00:00:00,05:13:00,1,0,0,60,129.60000000000002,3.2142740956851275,0,0,0,14.777931310200238,15.353679557938474,0,58.03147558011693,0,1,0,0,15.623551852262668,0,0,60,0,0,0,0,0,3.3374294487515024,0,0,0,0,0,15.362604745106616,17,22,0,0
1,2015-01-01 00:00:00,05:14:00,1,0,0,60,129.60000000000002,3.211661883902799,0,0,0,14.769001252588316,15.344758728129548,0,58.02415938651313,0,1,0,0,15.61437252252375,0,0,60,0,0,0,0,0,3.3360795112293187,0,0,0,0,0,15.353679557938474,17,22,0,0
1,2015-01-01 00:00:00,05:15:00,1,0,0,60,129.60000000000002,3.2087996721204703,0,0,0,14.76007623976767,15.335842035222594,0,58.01684291782884,0,1,0,0,15.605201985299457,0,0,60,0,0,0,0,0,3.334715723748636,0,0,0,0,0,15.344758728129548,17,22,0,0
1,2015-01-01 00:00:00,05:16:00,1,0,0,60,129.60000000000002,3.2061874603381417,0,0,0,14.751156473912818,15.32692985648129,0,58.009526174820394,0,1,0,0,15.596040082235618,0,0,60,0,0,0,0,0,3.3333354948531295,0,0,0,0,0,15.335842035222594,17,22,0,0
1,2015-01-01 00:00:00,05:17:00,1,0,0,60,129.60000000000002,3.2073252485558132,0,0,0,14.742245060969003,15.318026689885649,0,58.00220915830868,0,1,0,0,15.586886673196355,0,0,60,0,0,0,0,0,3.331941747766521,0,0,0,0,0,15.32692985648129,17,22,0,0
1,2015-01-01 00:00:00,05:18:00,1,0,0,60,129.60000000000002,3.2084630367734848,0,0,0,14.733341994768633,15.309132425475338,0,57.99489186988552,0,1,0,0,15.577741775804835,0,0,60,0,0,0,0,0,3.330575778192956,0,0,0,0,0,15.318026689885649,17,22,0,0
1,2015-01-01 00:00:00,05:19:00,1,0,0,60,129.60000000000002,3.2091008249911566,0,0,0,14.724446854209786,15.30024643771835,0,57.98757431112362,0,1,0,0,15.568605403344648,0,0,60,0,0,0,0,0,3.32923728022957,0,0,0,0,0,15.309132425475338,17,22,0,0
1,2015-01-01 00:00:00,05:20:00,1,0,0,60,129.60000000000002,3.2017386132088284,0,0,0,14.715552996012095,15.291359247346085,0,57.98025648348818,0,1,0,0,15.559477547370964,0,0,60,0,0,0,0,0,3.3279204655973116,0,0,0,0,0,15.30024643771835,17,22,0,0
1,2015-01-01 00:00:00,05:21:00,1,0,0,60,129.60000000000002,3.1943764014265,0,0,0,14.70666041623815,15.282471196823622,0,57.97293838681913,0,1,0,0,15.55035787730209,0,0,60,0,0,0,0,0,3.3265373201697503,0,0,0,0,0,15.291359247346085,17,22,0,0
1,2015-01-01 00:00:00,05:22:00,1,0,0,60,129.60000000000002,3.187014189644172,0,0,0,14.697769111354372,15.273582457224592,0,57.965620021015134,0,1,0,0,15.541246085449082,0,0,60,0,0,0,0,0,3.3250885653977598,0,0,0,0,0,15.282471196823622,17,22,0,0
1,2015-01-01 00:00:00,05:23:00,1,0,0,60,129.60000000000002,3.1796519778618437,0,0,0,14.688879078032022,15.26469319066638,0,57.9583013860042,0,1,0,0,15.532141880407432,0,0,60,0,0,0,0,0,3.323574915024257,0,0,0,0,0,15.273582457224592,17,22,0,0
1,2015-01-01 00:00:00,05:24:00,1,0,0,60,129.60000000000002,3.1722897660795155,0,0,0,14.679990313136436,15.25580354841446,0,57.950982481742145,0,1,0,0,15.523044986198553,0,0,60,0,0,0,0,0,3.3219970751635017,0,0,0,0,0,15.26469319066638,17,22,0,0
1,2015-01-01 00:00:00,05:25:00,1,0,0,60,129.60000000000002,3.1649275542971873,0,0,0,14.671102813714093,15.246913671600163,0,57.943663308210716,0,1,0,0,15.513955141375964,0,0,60,0,0,0,0,0,3.320355744379645,0,0,0,0,0,15.25580354841446,17,22,0,0
1,2015-01-01 00:00:00,05:26:00,1,0,0,60,129.60000000000002,3.157565342514859,0,0,0,14.662216576980533,15.238023691854014,0,57.93634386541587,0,1,0,0,15.504872098186311,0,0,60,0,0,0,0,0,3.3186516137645388,0,0,0,0,0,15.246913671600163,17,22,0,0
1,2015-01-01 00:00:00,05:27:00,1,0,0,60,129.60000000000002,3.150203130732531,0,0,0,14.653331600309041,15.229133731900866,0,57.929024153386116,0,1,0,0,15.49579562178045,0,0,60,0,0,0,0,0,3.316885367014803,0,0,0,0,0,15.238023691854014,17,22,0,0
1,2015-01-01 00:00:00,05:28:00,1,0,0,60,129.60000000000002,3.1428409189502027,0,0,0,14.64444788122003,15.220243906118483,0,57.921704172171005,0,1,0,0,15.48672548947162,0,0,60,0,0,0,0,0,3.3150576805081684,0,0,0,0,0,15.229133731900866,17,22,0,0
1,2015-01-01 00:00:00,05:29:00,1,0,0,60,129.60000000000002,3.1354787071678745,0,0,0,14.635565417371097,15.211354321061807,0,57.91438392183968,0,1,0,0,15.47766149003784,0,0,60,0,0,0,0,0,3.3131692233790853,0,0,0,0,0,15.220243906118483,17,22,0,0
1,2015-01-01 00:00:00,05:30:00,1,0,0,60,129.60000000000002,3.1281164953855463,0,0,0,14.626684206547711,15.202465075955017,0,57.907063402479544,0,1,0,0,15.468603423065867,0,0,60,0,0,0,0,0,3.3112206575936183,0,0,0,0,0,15.211354321061807,17,22,0,0
1,2015-01-01 00:00:00,05:31:00,1,0,0,60,129.60000000000002,3.120754283603218,0,0,0,14.617804246654472,15.193576263153345,0,57.899742614195,0,1,0,0,15.459551098334206,0,0,60,0,0,0,0,0,3.3092126380236224,0,0,0,0,0,15.202465075955017,17,22,0,0
1,2015-01-01 00:00:00,05:32:00,1,0,0,60,129.60000000000002,3.11339207182089,0,0,0,14.608925535706941,15.18468796857647,0,57.892421557106246,0,1,0,0,15.450504335232816,0,0,60,0,0,0,0,0,3.30714581252021,0,0,0,0,0,15.193576263153345,17,22,0,0
1,2015-01-01 00:00:00,05:33:00,1,0,0,60,129.60000000000002,3.1060298600385616,0,0,0,14.60004807182397,15.175800272115263,0,57.88510023134821,0,1,0,0,15.441462962217294,0,0,60,0,0,0,0,0,3.305020821986515,0,0,0,0,0,15.18468796857647,17,22,0,0
1,2015-01-01 00:00:00,05:34:00,1,0,0,60,129.60000000000002,3.0986676482562334,0,0,0,14.591171853220532,15.16691324801347,0,57.87777863706948,0,1,0,0,15.432426816295456,0,0,60,0,0,0,0,0,3.3028383004497575,0,0,0,0,0,15.175800272115263,17,22,0,0
1,2015-01-01 00:00:00,05:35:00,1,0,0,60,129.60000000000002,3.091305436473905,0,0,0,14.582296878200996,15.1580269652259,0,57.87045677443136,0,1,0,0,15.423395742544368,0,0,60,0,0,0,0,0,3.3005988751326134,0,0,0,0,0,15.16691324801347,17,22,0,0
1,2015-01-01 00:00:00,05:36:00,1,0,0,60,129.60000000000002,3.0844432246915767,0,0,0,14.573423559972262,15.149142079536656,0,57.86313464360693,0,1,0,0,15.414369593655985,0,0,60,0,0,0,0,0,3.298303166523901,0,0,0,0,0,15.1580269652259,17,22,0,0
1,2015-01-01 00:00:00,05:37:00,1,0,0,60,129.60000000000002,3.0773310129092484,0,0,0,14.564551689449784,15.140258331762578,0,57.855812244881655,0,1,0,0,15.40534824963832,0,0,60,0,0,0,0,0,3.295957282524513,0,0,0,0,0,15.149142079536656,17,22,0,0
1,2015-01-01 00:00:00,05:38:00,1,0,0,60,129.60000000000002,3.06996880112692,0,0,0,14.555681057664543,15.131375480467574,0,57.84848957849655,0,1,0,0,15.396331585764996,0,0,60,0,0,0,0,0,3.2935590235988994,0,0,0,0,0,15.140258331762578,17,22,0,0
1,2015-01-01 00:00:00,05:39:00,1,0,0,60,129.60000000000002,3.062606589344592,0,0,0,14.546811663193067,15.122493582586698,0,57.841166644651175,0,1,0,0,15.387319473339913,0,0,60,0,0,0,0,0,3.2911062138802207,0,0,0,0,0,15.131375480467574,17,22,0,0
1,2015-01-01 00:00:00,05:40:00,1,0,0,60,129.60000000000002,3.0552443775622637,0,0,0,14.53794350468054,15.113612686286043,0,57.83384344355482,0,1,0,0,15.37831178998096,0,0,60,0,0,0,0,0,3.288599448574873,0,0,0,0,0,15.122493582586698,17,22,0,0
1,2015-01-01 00:00:00,05:41:00,1,0,0,60,129.60000000000002,3.0478821657799355,0,0,0,14.529076580830539,15.104732836184303,0,57.826519975425,0,1,0,0,15.369308419106984,0,0,60,0,0,0,0,0,3.2860393164886754,0,0,0,0,0,15.113612686286043,17,22,0,0
1,2015-01-01 00:00:00,05:42:00,1,0,0,60,129.60000000000002,3.0405199539976073,0,0,0,14.52021089040081,15.095854073505702,0,57.819196240486846,0,1,0,0,15.360309249619817,0,0,60,0,0,0,0,0,3.2834264000936395,0,0,0,0,0,15.104732836184303,17,22,0,0
1,2015-01-01 00:00:00,05:43:00,1,0,0,60,129.60000000000002,3.033157742215279,0,0,0,14.511346432199234,15.086976436300233,0,57.811872238972505,0,1,0,0,15.35131417560233,0,0,60,0,0,0,0,0,3.280761275594086,0,0,0,0,0,15.095854073505702,17,22,0,0
1,2015-01-01 00:00:00,05:44:00,1,0,0,60,129.60000000000002,3.025795530432951,0,0,0,14.502483205080061,15.078099959648991,0,57.80454797112062,0,1,0,0,15.342323096034232,0,0,60,0,0,0,0,0,3.278044512992116,0,0,0,0,0,15.086976436300233,17,22,0,0
1,2015-01-01 00:00:00,05:45:00,1,0,0,60,129.60000000000002,3.0184333186506227,0,0,0,14.49362120794038,15.0692246758568,0,57.797223437175795,0,1,0,0,15.333335914524529,0,0,60,0,0,0,0,0,3.2752766761524423,0,0,0,0,0,15.078099959648991,17,22,0,0
1,2015-01-01 00:00:00,05:46:00,1,0,0,60,129.60000000000002,3.0110711068682945,0,0,0,14.484760439716831,15.060350614632881,0,57.78989863738814,0,1,0,0,15.32435253905964,0,0,60,0,0,0,0,0,3.272458322866587,0,0,0,0,0,15.0692246758568,17,22,0,0
1,2015-01-01 00:00:00,05:47:00,1,0,0,60,129.60000000000002,3.0037088950859663,0,0,0,14.475900899382514,15.0514778032603,0,57.782573572012815,0,1,0,0,15.315372881766214,0,0,60,0,0,0,0,0,3.269590004916447,0,0,0,0,0,15.060350614632881,17,22,0,0
1,2015-01-01 00:00:00,05:48:00,1,0,0,60,129.60000000000002,2.996346683303638,0,0,0,14.467042585944123,15.042606266754865,0,57.7752482413096,0,1,0,0,15.306396858687782,0,0,60,0,0,0,0,0,3.266672268137235,0,0,0,0,0,15.0514778032603,17,22,0,0
1,2015-01-01 00:00:00,05:49:00,1,0,0,60,129.60000000000002,2.9917344715213097,0,0,0,14.458187779946098,15.033739282815885,0,57.767922645542534,0,1,0,0,15.297424389574417,0,0,60,0,0,0,0,0,3.2637056524798056,0,0,0,0,0,15.042606266754865,17,22,0,0
1,2015-01-01 00:00:00,05:50:00,1,0,0,60,129.60000000000002,2.995372259738981,0,0,0,14.449343324207621,15.024886512156355,0,57.760596785537494,0,1,0,0,15.288455508392154,0,0,60,0,0,0,0,0,3.260720938212458,0,0,0,0,0,15.033739282815885,17,22,0,0
1,2015-01-01 00:00:00,05:51:00,1,0,0,60,129.60000000000002,2.9980100479566527,0,0,0,14.440508384969881,15.01604635102026,0,57.75327066377634,0,1,0,0,15.2794905765474,0,0,60,0,0,0,0,0,3.2578090567050517,0,0,0,0,0,15.024886512156355,17,22,0,0
1,2015-01-01 00:00:00,05:52:00,1,0,0,60,129.60000000000002,3.000897836174324,0,0,0,14.43168316532396,15.007218899518083,0,57.74594428246558,0,1,0,0,15.2705298886043,0,0,60,0,0,0,0,0,3.254958203234174,0,0,0,0,0,15.01604635102026,17,22,0,0
1,2015-01-01 00:00:00,05:53:00,1,0,0,60,129.60000000000002,3.0037856243919956,0,0,0,14.422867660663657,14.998403941161728,0,57.738617643828505,0,1,0,0,15.26157373251293,0,0,60,0,0,0,0,0,3.252170450156285,0,0,0,0,0,15.007218899518083,17,22,0,0
1,2015-01-01 00:00:00,05:54:00,1,0,0,60,129.60000000000002,3.0069234126096673,0,0,0,14.414062073551293,14.989601573460915,0,57.7312907500509,0,1,0,0,15.252622379065611,0,0,60,0,0,0,0,0,3.2494450979271257,0,0,0,0,0,14.998403941161728,17,22,0,0
1,2015-01-01 00:00:00,05:55:00,1,0,0,60,129.60000000000002,3.0083112008273387,0,0,0,14.405264946981946,14.980809527363355,0,57.723963603334916,0,1,0,0,15.24367609316069,0,0,60,0,0,0,0,0,3.2467842031779717,0,0,0,0,0,14.989601573460915,17,22,0,0
1,2015-01-01 00:00:00,05:56:00,1,0,0,60,129.60000000000002,3.0099489890450104,0,0,0,14.396476483498182,14.97202799687,0,57.71663620549332,0,1,0,0,15.23473505350772,0,0,60,0,0,0,0,0,3.2441678148091206,0,0,0,0,0,14.980809527363355,17,22,0,0
1,2015-01-01 00:00:00,05:57:00,1,0,0,60,129.60000000000002,3.011586777262682,0,0,0,14.387696678054935,14.96325684195301,0,57.709308558371845,0,1,0,0,15.225799439336368,0,0,60,0,0,0,0,0,3.241598188657786,0,0,0,0,0,14.97202799687,17,22,0,0
1,2015-01-01 00:00:00,05:58:00,1,0,0,60,129.60000000000002,3.0102245654803537,0,0,0,14.378923036538673,14.954492385447399,0,57.701980663791886,0,1,0,0,15.216869419017206,0,0,60,0,0,0,0,0,3.2390748075716607,0,0,0,0,0,14.96325684195301,17,22,0,0
1,2015-01-01 00:00:00,05:59:00,1,0,0,60,129.60000000000002,3.0093623536980254,0,0,0,14.370155969273043,14.945735236034853,0,57.69465252294417,0,1,0,0,15.207945030120273,0,0,60,0,0,0,0,0,3.236564188726944,0,0,0,0,0,14.954492385447399,17,22,0,0
1,2015-01-01 00:00:00,06:00:00,1,0,0,60,129.60000000000002,3.008250141915697,0,0,0,14.361395264241503,14.936985034566334,0,57.687324137123554,0,1,0,0,15.199026329641177,0,0,60,0,0,0,0,0,3.2340716868740373,0,0,0,0,0,14.945735236034853,17,22,0,0
1,2015-01-01 00:00:00,06:01:00,1,0,0,60,129.60000000000002,3.0088879301333686,0,0,0,14.352642368710981,14.928243814160295,0,57.67999550756311,0,1,0,0,15.190113360420943,0,0,60,0,0,0,0,0,3.2315943548762918,0,0,0,0,0,14.936985034566334,17,22,0,0
1,2015-01-01 00:00:00,06:02:00,1,0,0,60,129.60000000000002,3.0095257183510404,0,0,0,14.343897277557152,14.919511454557917,0,57.672666635844244,0,1,0,0,15.181206232997111,0,0,60,0,0,0,0,0,3.2291512578697397,0,0,0,0,0,14.928243814160295,17,22,0,0
1,2015-01-01 00:00:00,06:03:00,1,0,0,60,129.60000000000002,3.011663506568712,0,0,0,14.335161229985088,14.910789650762602,0,57.665337523527455,0,1,0,0,15.172305050057002,0,0,60,0,0,0,0,0,3.226742017930904,0,0,0,0,0,14.919511454557917,17,22,0,0
1,2015-01-01 00:00:00,06:04:00,1,0,0,60,129.60000000000002,3.0138012947863833,0,0,0,14.32643422024055,14.90207825858525,0,57.65800817246355,0,1,0,0,15.163409968448349,0,0,60,0,0,0,0,0,3.2243827440272685,0,0,0,0,0,14.910789650762602,17,22,0,0
1,2015-01-01 00:00:00,06:05:00,1,0,0,60,129.60000000000002,3.0166890830040547,0,0,0,14.317716864643137,14.893378058200689,0,57.650678584478314,0,1,0,0,15.154521134779536,0,0,60,0,0,0,0,0,3.2220728835102586,0,0,0,0,0,14.90207825858525,17,22,0,0
1,2015-01-01 00:00:00,06:06:00,1,0,0,60,129.60000000000002,3.0093268712217265,0,0,0,14.309000653163189,14.884676782509562,0,57.64334876153095,0,1,0,0,15.145638717208827,0,0,60,0,0,0,0,0,3.2198201299315095,0,0,0,0,0,14.893378058200689,17,22,0,0
1,2015-01-01 00:00:00,06:07:00,1,0,0,60,129.60000000000002,3.0019646594393983,0,0,0,14.300285582285062,14.875974782560993,0,57.636018703477404,0,1,0,0,15.136762460926539,0,0,60,0,0,0,0,0,3.2175112384098954,0,0,0,0,0,14.884676782509562,17,22,0,0
1,2015-01-01 00:00:00,06:08:00,1,0,0,60,129.60000000000002,2.99460244765707,0,0,0,14.29157164890603,14.8672721953468,0,57.62868841023382,0,1,0,0,15.127892131730432,0,0,60,0,0,0,0,0,3.2151468212090464,0,0,0,0,0,14.875974782560993,17,22,0,0
1,2015-01-01 00:00:00,06:09:00,1,0,0,60,129.60000000000002,2.987240235874742,0,0,0,14.282858850087942,14.85856915200025,0,57.62135788173984,0,1,0,0,15.119027508043914,0,0,60,0,0,0,0,0,3.2127274840143096,0,0,0,0,0,14.8672721953468,17,22,0,0
1,2015-01-01 00:00:00,06:10:00,1,0,0,60,129.60000000000002,2.9798780240924136,0,0,0,14.274147183050117,14.849865775006865,0,57.6140271179576,0,1,0,0,15.110168380287327,0,0,60,0,0,0,0,0,3.2102538260012436,0,0,0,0,0,14.85856915200025,17,22,0,0
1,2015-01-01 00:00:00,06:11:00,1,0,0,60,129.60000000000002,2.9725158123100854,0,0,0,14.265436645159031,14.841162178792876,0,57.60669611887023,0,1,0,0,15.101314550175747,0,0,60,0,0,0,0,0,3.20772643990345,0,0,0,0,0,14.849865775006865,17,22,0,0
1,2015-01-01 00:00:00,06:12:00,1,0,0,60,129.60000000000002,2.9651536005277572,0,0,0,14.256727233918713,14.832458470225763,0,57.59936488448051,0,1,0,0,15.092465830060684,0,0,60,0,0,0,0,0,3.205145912079744,0,0,0,0,0,14.841162178792876,17,22,0,0
1,2015-01-01 00:00:00,06:13:00,1,0,0,60,129.60000000000002,2.957791388745429,0,0,0,14.248018946961722,14.823754749084975,0,57.59203341480949,0,1,0,0,15.083622042311196,0,0,60,0,0,0,0,0,3.2025128225806707,0,0,0,0,0,14.832458470225763,17,22,0,0
1,2015-01-01 00:00:00,06:14:00,1,0,0,60,129.60000000000002,2.950429176963101,0,0,0,14.239311782040698,14.815051108503788,0,57.58470170989537,0,1,0,0,15.074783018732074,0,0,60,0,0,0,0,0,3.199827745214373,0,0,0,0,0,14.823754749084975,17,22,0,0
1,2015-01-01 00:00:00,06:15:00,1,0,0,60,129.60000000000002,2.9430669651807726,0,0,0,14.230605737020442,14.806347635384087,0,57.57736976979228,0,1,0,0,15.065948600016826,0,0,60,0,0,0,0,0,3.1970912476118163,0,0,0,0,0,14.815051108503788,17,22,0,0
1,2015-01-01 00:00:00,06:16:00,1,0,0,60,129.60000000000002,2.9357047533984444,0,0,0,14.221900809870482,14.797644410785706,0,57.570037594569236,0,1,0,0,15.0571186352334,0,0,60,0,0,0,0,0,3.194303891291376,0,0,0,0,0,14.806347635384087,17,22,0,0
1,2015-01-01 00:00:00,06:17:00,1,0,0,60,129.60000000000002,2.928342541616116,0,0,0,14.213196998658114,14.788941510291881,0,57.56270518430916,0,1,0,0,15.048292981340621,0,0,60,0,0,0,0,0,3.1914662317227886,0,0,0,0,0,14.797644410785706,17,22,0,0
1,2015-01-01 00:00:00,06:18:00,1,0,0,60,129.60000000000002,2.920980329833788,0,0,0,14.204494301541876,14.780239004352289,0,57.5553725391079,0,1,0,0,15.039471502733521,0,0,60,0,0,0,0,0,3.188578818390478,0,0,0,0,0,14.788941510291881,17,22,0,0
1,2015-01-01 00:00:00,06:19:00,1,0,0,60,129.60000000000002,2.9136181180514598,0,0,0,14.195792716765423,14.771536958605019,0,57.54803965907337,0,1,0,0,15.030654070815793,0,0,60,0,0,0,0,0,3.18564219485626,0,0,0,0,0,14.780239004352289,17,22,0,0
1,2015-01-01 00:00:00,06:20:00,1,0,0,60,129.60000000000002,2.9062559062691316,0,0,0,14.187092242651802,14.762835434178761,0,57.54070654432471,0,1,0,0,15.021840563597738,0,0,60,0,0,0,0,0,3.1826568988214254,0,0,0,0,0,14.771536958605019,17,22,0,0
1,2015-01-01 00:00:00,06:21:00,1,0,0,60,129.60000000000002,2.8988936944868033,0,0,0,14.178392877598077,14.754134487976449,0,57.53337319499155,0,1,0,0,15.013030865318182,0,0,60,0,0,0,0,0,3.179623462188215,0,0,0,0,0,14.762835434178761,17,22,0,0
1,2015-01-01 00:00:00,06:22:00,1,0,0,60,129.60000000000002,2.891531482704475,0,0,0,14.169694620070292,14.74543417294144,0,57.5260396112132,0,1,0,0,15.00422486608887,0,0,60,0,0,0,0,0,3.1765424111206877,0,0,0,0,0,14.754134487976449,17,22,0,0
1,2015-01-01 00:00:00,06:23:00,1,0,0,60,129.60000000000002,2.884169270922147,0,0,0,14.160997468598763,14.736734538307346,0,57.51870579313807,0,1,0,0,14.995422461560047,0,0,60,0,0,0,0,0,3.1734142661049822,0,0,0,0,0,14.74543417294144,17,22,0,0
1,2015-01-01 00:00:00,06:24:00,1,0,0,60,129.60000000000002,2.8768070591398187,0,0,0,14.152301421773654,14.728035629832476,0,57.511371740922954,0,1,0,0,14.986623552605874,0,0,60,0,0,0,0,0,3.1702395420089884,0,0,0,0,0,14.736734538307346,17,22,0,0
1,2015-01-01 00:00:00,06:25:00,1,0,0,60,129.60000000000002,2.8694448473574905,0,0,0,14.14360647824084,14.719337490019855,0,57.50403745473248,0,1,0,0,14.977828045028547,0,0,60,0,0,0,0,0,3.1670187481414223,0,0,0,0,0,14.728035629832476,17,22,0,0
1,2015-01-01 00:00:00,06:26:00,1,0,0,60,129.60000000000002,2.8620826355751623,0,0,0,14.13491263669804,14.710640158323685,0,57.49670293473853,0,1,0,0,14.969035849279951,0,0,60,0,0,0,0,0,3.163752388310316,0,0,0,0,0,14.719337490019855,17,22,0,0
1,2015-01-01 00:00:00,06:27:00,1,0,0,60,129.60000000000002,2.854720423792834,0,0,0,14.126219895891175,14.701943671343077,0,57.489368181119715,0,1,0,0,14.960246880199806,0,0,60,0,0,0,0,0,3.1604409608809276,0,0,0,0,0,14.710640158323685,17,22,0,0
1,2015-01-01 00:00:00,06:28:00,1,0,0,60,129.60000000000002,2.847358212010506,0,0,0,14.117528254610985,14.693248063003848,0,57.4820331940609,0,1,0,0,14.951461056769306,0,0,60,0,0,0,0,0,3.1570849588330727,0,0,0,0,0,14.701943671343077,17,22,0,0
1,2015-01-01 00:00:00,06:29:00,1,0,0,60,129.60000000000002,2.8399960002281777,0,0,0,14.108837711689835,14.684553364729082,0,57.47469797375272,0,1,0,0,14.942678301879324,0,0,60,0,0,0,0,0,3.153684869817884,0,0,0,0,0,14.693248063003848,17,22,0,0
1,2015-01-01 00:00:00,06:30:00,1,0,0,60,129.60000000000002,2.8326337884458495,0,0,0,14.10014826599875,14.675859605599172,0,57.46736252039117,0,1,0,0,14.93389854211231,0,0,60,0,0,0,0,0,3.150241176214008,0,0,0,0,0,14.684553364729082,17,22,0,0
1,2015-01-01 00:00:00,06:31:00,1,0,0,60,129.60000000000002,2.8252715766635212,0,0,0,14.09145991644462,14.667166812501964,0,57.46002683417721,0,1,0,0,14.925121707537032,0,0,60,0,0,0,0,0,3.1467543551832358,0,0,0,0,0,14.675859605599172,17,22,0,0
1,2015-01-01 00:00:00,06:32:00,1,0,0,60,129.60000000000002,2.817909364881193,0,0,0,14.082772661967605,14.658475010273625,0,57.452690915316346,0,1,0,0,14.916347731515431,0,0,60,0,0,0,0,0,3.1432248787255794,0,0,0,0,0,14.667166812501964,17,22,0,0
1,2015-01-01 00:00:00,06:33:00,1,0,0,60,129.60000000000002,2.810547153098865,0,0,0,14.074086501538682,14.649784221830782,0,57.44535476401834,0,1,0,0,14.907576550520812,0,0,60,0,0,0,0,0,3.1396532137337965,0,0,0,0,0,14.658475010273625,17,22,0,0
1,2015-01-01 00:00:00,06:34:00,1,0,0,70,129.60000000000002,2.8031849413165366,0,0,21749.999999999996,14.065401434157375,14.64109446829449,0,57.43801838049682,1,1,1,0,22.29211112437227,0,0,70,21749.999999999996,0,2.61,0,0,3.136039822047367,0,0,0,0,0,14.649784221830782,17,22,0,0
1,2015-01-01 00:00:00,06:35:00,1,0,0,70,129.60000000000002,2.7958227295342084,0,0,21749.999999999996,14.056717458849617,14.71603888600907,0,57.430681764969016,1,1,1,0,29.425175483006456,0,0,70,21749.999999999996,0,2.61,0,0,3.132385160505929,0,0,0,0,0,14.64109446829449,17,22,0,0
1,2015-01-01 00:00:00,06:36:00,1,0,0,70,129.60000000000002,2.78846051775188,0,0,21749.999999999996,14.048131284172927,14.86657227539647,0,57.423359254761195,1,1,1,0,36.31816773480664,0,0,70,21749.999999999996,0,2.61,0,0,3.1286896810021783,0,0,0,0,0,14.71603888600907,17,22,0,0
1,2015-01-01 00:00:00,06:37:00,1,0,0,70,129.60000000000002,2.781098305969552,0,0,21749.999999999996,14.039730123521862,15.086572026328671,0,57.41606380556473,1,1,1,0,42.98182465115061,0,0,70,21749.999999999996,0,2.61,0,0,3.1249538305342304,0,0,0,0,0,14.86657227539647,17,22,0,0
1,2015-01-01 00:00:00,06:38:00,1,0,0,70,129.60000000000002,2.7754860941872237,0,0,21749.999999999996,14.031595389047755,15.37029865085129,0,57.40880732125972,1,1,1,0,49.42630955506561,0,0,70,21749.999999999996,0,2.61,0,0,3.121178051257462,0,0,0,0,0,15.086572026328671,17,22,0,0
1,2015-01-01 00:00:00,06:39:00,1,0,0,70,129.60000000000002,2.769623882404895,0,0,19804.715786166034,14.02380003505918,15.712390493184484,0,57.40160071977337,1,1,1,0,55,0,0,70,19804.715786166034,0,2.3765658943399246,0,0,3.117382050672523,0,0,0,0,0,15.37029865085129,17,22,0,0
1,2015-01-01 00:00:00,06:40:00,1,1,0,69,191.60000000000002,2.7645116706225665,0,0,0,14.016411500643557,16.107372311826644,0,57.39445399802024,1,1,0,0,53.66368675146886,0,0,69,0,0,0,0,0,3.1135632979315697,0,0,0,0,0,15.712390493184484,17,22,0,0
1,2015-01-01 00:00:00,06:41:00,1,1,0,69,191.60000000000002,2.7588994588402382,0,0,0,14.009489722587594,16.46769378871519,0,57.38737621258832,1,1,0,0,52.38626109025654,0,0,69,0,0,0,0,0,3.1097303018385687,0,0,0,0,0,16.107372311826644,17,22,0,0
1,2015-01-01 00:00:00,06:42:00,1,1,0,69,191.60000000000002,2.75328724705791,0,0,0,14.002993694284147,16.79700812012796,0,57.38036140988709,1,1,0,0,51.16454111401364,0,0,69,0,0,0,0,0,3.10587771284156,0,0,0,0,0,16.46769378871519,17,22,0,0
1,2015-01-01 00:00:00,06:43:00,1,1,0,69,191.60000000000002,2.7476750352755817,0,0,0,13.99688671495382,17.09735343847122,0,57.37340426360884,1,1,0,0,49.99557740673861,0,0,69,0,0,0,0,0,3.1020057461506196,0,0,0,0,0,16.79700812012796,17,22,0,0
1,2015-01-01 00:00:00,06:44:00,1,1,0,69,191.60000000000002,2.741812823493253,0,0,0,13.991134306097996,17.37066257950351,0,57.3664997977531,1,1,0,0,48.8765901969336,0,0,69,0,0,0,0,0,3.098114614623978,0,0,0,0,0,17.09735343847122,17,22,0,0
1,2015-01-01 00:00:00,06:45:00,1,1,0,69,191.60000000000002,2.7382006117109245,0,0,0,13.985706366832025,17.618749966519474,0,57.359643368515684,1,1,0,0,47.80496000586455,0,0,69,0,0,0,0,0,3.0942017754931856,0,0,0,0,0,17.37066257950351,17,22,0,0
1,2015-01-01 00:00:00,06:46:00,1,1,0,69,191.60000000000002,2.740088399928596,0,0,0,13.98057765049371,17.843320199541576,0,57.352830643932485,1,1,0,0,46.778218167791586,0,0,69,0,0,0,0,0,3.0902922472304937,0,0,0,0,0,17.618749966519474,17,22,0,0
1,2015-01-01 00:00:00,06:47:00,1,1,0,69,191.60000000000002,2.741726188146268,0,0,0,13.975720161258556,18.04596427735137,0,57.34605758499916,1,1,0,0,45.79403796478989,0,0,69,0,0,0,0,0,3.086446562837511,0,0,0,0,0,17.843320199541576,17,22,0,0
1,2015-01-01 00:00:00,06:48:00,1,1,0,69,191.60000000000002,2.7426139763639394,0,0,0,13.971107383840293,18.22817269322579,2,56.58178350478643,1,1,0,0,44.8502259346049,0,0,69,0,0,0,0,0,3.082661260605318,0,0,0,0,0,18.04596427735137,17,22,0,0
1,2015-01-01 00:00:00,06:49:00,1,1,0,69,191.60000000000002,2.740751764581611,0,0,21749.999999999996,13.9667129198723,18.39121125680091,0,56.575208600075875,1,1,1,0,51.338016939997544,0,0,69,21749.999999999996,0,2.61,0,0,3.0789274126931305,0,0,0,0,0,18.22817269322579,17,22,0,0
1,2015-01-01 00:00:00,06:50:00,1,1,0,69,191.60000000000002,2.7391395527992826,0,0,14069.766062018993,13.962514376055804,18.620159367670258,0,56.568662771959886,1,1,1,0,55,0,0,69,14069.766062018993,0,1.6883719274422793,0,0,3.0752141718543373,0,0,0,0,0,18.39121125680091,17,22,0,0
1,2015-01-01 00:00:00,06:51:00,1,1,0,69,191.60000000000002,2.7375273410169543,0,0,0,13.958587578077502,18.87866398892973,0,56.56215731423344,1,1,0,0,53.76259045468266,0,0,69,0,0,0,0,0,3.0715240630132903,0,0,0,0,0,18.620159367670258,17,22,0,0
1,2015-01-01 00:00:00,06:52:00,1,1,0,69,191.60000000000002,2.730165129234626,0,0,0,13.954961393623972,19.110484383481907,0,56.55569728680624,1,1,0,0,52.57606234360263,0,0,69,0,0,0,0,0,3.0678568307248253,0,0,0,0,0,18.87866398892973,17,22,0,0
1,2015-01-01 00:00:00,06:53:00,1,1,0,59,191.60000000000002,2.722802917452298,0,0,0,13.951604369260833,19.318321605773782,0,56.549278107451386,1,1,0,0,51.437777378972676,0,0,59,0,0,0,0,0,3.064148918130815,0,0,0,0,0,19.110484383481907,17,22,0,0
1,2015-01-01 00:00:00,06:54:00,1,1,0,59,191.60000000000002,2.7154407056699696,0,0,0,13.9484882373957,19.50381029360117,0,56.542895657765385,1,1,0,0,50.34527888328564,0,0,59,0,0,0,0,0,3.060400770738138,0,0,0,0,0,19.318321605773782,17,22,0,0
1,2015-01-01 00:00:00,06:55:00,1,1,0,59,191.60000000000002,2.7080784938876414,0,0,0,13.945586676795738,19.66849634882805,0,56.536546100274386,1,1,0,0,49.29624933941882,0,0,59,0,0,0,0,0,3.056612829226733,0,0,0,0,0,19.50381029360117,17,22,0,0
1,2015-01-01 00:00:00,06:56:00,1,1,0,59,191.60000000000002,2.7007162821053132,0,0,0,13.942875206112026,19.813827645859504,0,56.53022586317414,1,1,0,0,48.28850263905859,0,0,59,0,0,0,0,0,3.0527855295007504,0,0,0,0,0,19.66849634882805,17,22,0,0
1,2015-01-01 00:00:00,06:57:00,1,1,0,59,191.60000000000002,2.693354070322985,0,0,0,13.940331066871108,19.94116030775336,0,56.52393162347974,1,1,0,0,47.3199762787457,0,0,59,0,0,0,0,0,3.048919302739194,0,0,0,0,0,19.813827645859504,17,22,0,0
1,2015-01-01 00:00:00,06:58:00,1,1,0,59,191.60000000000002,2.685991858540657,0,0,0,13.937933113956309,20.051764356468222,0,56.51766029125419,1,1,0,0,46.3887240348344,0,0,59,0,0,0,0,0,3.0450145754460456,0,0,0,0,0,19.94116030775336,17,22,0,0
1,2015-01-01 00:00:00,06:59:00,1,1,0,59,191.60000000000002,2.6786296467583286,0,0,0,13.93566171284025,20.146829021977027,0,56.51140899480823,1,1,0,0,45.49290907978793,0,0,59,0,0,0,0,0,3.041071769499885,0,0,0,0,0,20.051764356468222,17,22,0,0
1,2015-01-01 00:00:00,07:00:00,1,1,0,59,191.60000000000002,2.6712674349760004,0,0,0,13.933498643160684,20.227467727027378,0,56.50517506681289,1,1,0,0,44.63079751319572,0,0,59,0,0,0,0,0,3.0370913022030033,0,0,0,0,0,20.146829021977027,17,22,0,0
1,2015-01-01 00:00:00,07:01:00,1,1,0,59,191.60000000000002,2.663905223193672,0,0,0,13.93142700825196,20.294722767363478,0,56.498956031268925,1,1,0,0,43.80075228237367,0,0,59,0,0,0,0,0,3.033073586330023,0,0,0,0,0,20.227467727027378,17,22,0,0
1,2015-01-01 00:00:00,07:02:00,1,1,0,59,191.60000000000002,2.656543011411344,0,0,0,13.929431150268165,20.349569705953602,0,56.49274959128083,1,1,0,0,43.00122746893795,0,0,59,0,0,0,0,0,3.02901903017602,0,0,0,0,0,20.294722767363478,17,22,0,0
1,2015-01-01 00:00:00,07:03:00,1,1,0,59,191.60000000000002,2.6491807996290158,0,0,0,13.927496570556107,20.392921498640135,0,56.486553617586196,1,1,0,0,42.23076291917658,0,0,59,0,0,0,0,0,3.0249280376041567,0,0,0,0,0,20.349569705953602,17,22,0,0
1,2015-01-01 00:00:00,07:04:00,1,1,12,59,203.60000000000002,2.6418185878466875,0,0,0,13.925609854957157,20.4269889544038,0,56.48036613779438,1,1,0,0,41.48797919738962,0,0,71,0,0,0,0,0,3.0208010080928336,0,0,0,0,0,20.392921498640135,17,22,0,0
1,2015-01-01 00:00:00,07:05:00,1,1,12,59,203.60000000000002,2.635206376064359,0,0,0,13.923760794660533,20.45113114254075,0,56.47418555884865,1,1,0,0,40.77161898504316,0,0,71,0,0,0,0,0,3.016638336782355,0,0,0,0,0,20.4269889544038,17,22,0,0
1,2015-01-01 00:00:00,07:06:00,1,1,12,59,203.60000000000002,2.6370941642820305,0,0,0,13.921944889688287,20.466132278415127,0,56.468010178091575,1,1,0,0,40.08044592917573,0,0,71,0,0,0,0,0,3.012448677811276,0,0,0,0,0,20.45113114254075,17,22,0,0
1,2015-01-01 00:00:00,07:07:00,1,1,132,59,323.6,2.635731952499702,0,0,0,13.920148807573591,20.486255748034374,0,56.461838427594486,1,1,0,0,39.41329240363966,0,0,191,0,0,0,0,0,3.008325974794811,0,0,0,0,0,20.466132278415127,17,22,0,0
1,2015-01-01 00:00:00,07:08:00,1,1,132,154,418.59999999999997,2.6343697407173736,0,0,0,13.9183784321806,20.508488187601838,0,56.45567118484942,1,1,0,0,38.76951564664628,0,0,286,0,0,0,0,0,3.004233682285982,0,0,0,0,0,20.486255748034374,17,22,0,0
1,2015-01-01 00:00:00,07:09:00,1,1,132,154,418.59999999999997,2.633007528935045,0,0,0,13.916636151172229,20.522303139181055,0,56.449508810621325,1,1,0,0,38.14839226368559,0,0,286,0,0,0,0,0,3.0001714639508315,0,0,0,0,0,20.508488187601838,17,22,0,0
1,2015-01-01 00:00:00,07:10:00,1,1,132,154,418.59999999999997,2.6293953171527167,0,0,0,13.914910308468095,20.528511109623473,0,56.44334986107765,1,1,0,0,37.54886542271605,0,0,286,0,0,0,0,0,2.9961389872040822,0,0,0,0,0,20.522303139181055,17,22,0,0
1,2015-01-01 00:00:00,07:11:00,1,1,132,154,418.59999999999997,2.625783105370388,0,0,0,13.913192075057143,20.527700141033492,0,56.4371930315774,1,1,0,0,36.96994180662446,0,0,286,0,0,0,0,0,2.9921111397184865,0,0,0,0,0,20.528511109623473,17,22,0,0
1,2015-01-01 00:00:00,07:12:00,1,1,132,154,418.59999999999997,2.62167089358806,0,0,0,13.911472904628216,20.520422082354557,0,56.43103711851045,1,1,0,0,36.41068188602613,0,0,286,0,0,0,0,0,2.9880878704716345,0,0,0,0,0,20.527700141033492,17,22,0,0
1,2015-01-01 00:00:00,07:13:00,1,1,192,154,478.59999999999997,2.6195586818057315,0,0,0,13.909746980073056,20.513978511309695,1,56.0534327161276,1,1,0,0,35.87019685869036,0,0,346,0,0,0,0,0,2.984063621522861,0,0,0,0,0,20.520422082354557,17,22,0,0
1,2015-01-01 00:00:00,07:14:00,1,1,192,154,478.59999999999997,2.617446470023403,0,0,0,13.908015279768604,20.50158400868508,0,56.04734023826392,1,1,0,0,35.34787650673864,0,0,346,0,0,0,0,0,2.9800604333538714,0,0,0,0,0,20.513978511309695,17,22,0,0
1,2015-01-01 00:00:00,07:15:00,1,1,192,154,478.59999999999997,2.6153342582410746,0,0,0,13.906270933800648,20.4838897739034,0,56.041246680053135,1,1,0,0,34.8429005714307,0,0,346,0,0,0,0,0,2.9760780733495924,0,0,0,0,0,20.50158400868508,17,22,0,0
1,2015-01-01 00:00:00,07:16:00,1,1,292,154,578.5999999999999,2.6137220464587463,0,0,0,13.904508253735203,20.47263481499563,0,56.03515113315494,1,1,0,0,34.354498843623645,0,0,446,0,0,0,0,0,2.97211631147804,0,0,0,0,0,20.4838897739034,17,22,0,0
1,2015-01-01 00:00:00,07:17:00,1,1,292,154,578.5999999999999,2.610359834676418,0,0,0,13.902733270199455,20.456216868655147,0,56.029054701786116,1,1,0,0,33.88232659775194,0,0,446,0,0,0,0,0,2.968180427079411,0,0,0,0,0,20.47263481499563,17,22,0,0
1,2015-01-01 00:00:00,07:18:00,1,1,292,154,578.5999999999999,2.6072476228940897,0,0,0,13.90094024479545,20.435239777843204,0,56.022956501014725,1,1,0,0,33.42565619880307,0,0,446,0,0,0,0,0,2.9642508608479505,0,0,0,0,0,20.456216868655147,17,22,0,0
1,2015-01-01 00:00:00,07:19:00,1,1,252,154,538.5999999999999,2.5998854111117615,0,0,0,13.899120415403155,20.40555515749192,0,56.016855749576465,1,1,0,0,32.98380530013097,0,0,406,0,0,0,0,0,2.9603302964834026,0,0,0,0,0,20.435239777843204,17,22,0,0
1,2015-01-01 00:00:00,07:20:00,1,1,252,154,538.5999999999999,2.5925231993294333,0,0,0,13.897263766266631,20.37232282070959,0,56.01075095518925,1,1,0,0,32.555973662626236,0,0,406,0,0,0,0,0,2.956371827017992,0,0,0,0,0,20.40555515749192,17,22,0,0
1,2015-01-01 00:00:00,07:21:00,1,1,252,154,538.5999999999999,2.585160987547105,0,0,0,13.895366268092786,20.335786387302164,0,56.0046415103662,1,1,0,0,32.14156377004404,0,0,406,0,0,0,0,0,2.952375867871119,0,0,0,0,0,20.37232282070959,17,22,0,0
1,2015-01-01 00:00:00,07:22:00,1,1,252,154,538.5999999999999,2.577798775764777,0,0,0,13.893424181301471,20.296247024029785,0,55.99852684948796,1,1,0,0,31.74000671620928,0,0,406,0,0,0,0,0,2.9483428299545227,0,0,0,0,0,20.335786387302164,17,22,0,0
1,2015-01-01 00:00:00,07:23:00,1,1,252,154,538.5999999999999,2.5711865639824483,0,0,0,13.89143474422391,20.253985252779692,0,55.99240645866074,1,1,0,0,31.3507631892644,0,0,406,0,0,0,0,0,2.9442731197202034,0,0,0,0,0,20.296247024029785,17,22,0,0
1,2015-01-01 00:00:00,07:24:00,1,1,252,154,538.5999999999999,2.56407435220012,0,0,0,13.889394488010074,20.209261123004662,0,55.9862798721683,1,1,0,0,30.973321762853352,0,0,406,0,0,0,0,0,2.9401754013944097,0,0,0,0,0,20.253985252779692,17,22,0,0
1,2015-01-01 00:00:00,07:25:00,1,1,252,154,538.5999999999999,2.5592121404177917,0,0,0,13.887302532915186,20.162320191899322,0,55.98014666895416,1,1,0,0,30.607197251293872,0,0,406,0,0,0,0,0,2.936044474057063,0,0,0,0,0,20.209261123004662,17,22,0,0
1,2015-01-01 00:00:00,07:26:00,1,1,252,154,538.5999999999999,2.553349928635463,0,0,0,13.885155588566448,20.11338739349994,0,55.974006470129524,1,1,0,0,30.251929324103582,0,0,406,0,0,0,0,0,2.9319054903208865,0,0,0,0,0,20.162320191899322,17,22,0,0
1,2015-01-01 00:00:00,07:27:00,1,1,252,154,538.5999999999999,2.5472377168531346,0,0,0,13.882951253458286,20.062673030785874,0,55.96785893543068,1,1,0,0,29.907080959117064,0,0,406,0,0,0,0,0,2.9277475217899473,0,0,0,0,0,20.11338739349994,17,22,0,0
1,2015-01-01 00:00:00,07:28:00,1,1,252,154,538.5999999999999,2.541125505070806,0,0,0,13.880687581448946,20.010373069551793,0,55.96170376070417,1,1,0,0,29.57223715203097,0,0,406,0,0,0,0,0,2.923568022737308,0,0,0,0,0,20.062673030785874,17,22,0,0
1,2015-01-01 00:00:00,07:29:00,1,1,252,154,538.5999999999999,2.5352632932884775,0,0,0,13.878363064277286,19.956670068841987,0,55.955540675442826,1,1,0,0,29.2470036798378,0,0,406,0,0,0,0,0,2.919367229709308,0,0,0,0,0,20.010373069551793,17,22,0,0
1,2015-01-01 00:00:00,07:30:00,1,1,261,154,547.5999999999999,2.529901081506149,0,0,0,13.875976615190194,19.90275148360174,0,55.949369440481696,1,1,0,0,28.931005937967193,0,0,415,0,0,0,0,0,2.915148131204802,0,0,0,0,0,19.956670068841987,17,22,0,0
1,2015-01-01 00:00:00,07:31:00,1,1,261,154,547.5999999999999,2.5307888697238208,0,0,0,13.873533293134788,19.847701396010237,0,55.943190020260516,1,1,0,0,28.62392245312483,0,0,415,0,0,0,0,0,2.910916437619877,0,0,0,0,0,19.90275148360174,17,22,0,0
1,2015-01-01 00:00:00,07:32:00,1,1,261,154,547.5999999999999,2.532176657941492,0,0,0,13.871032317462305,19.791686330350803,0,55.937002222210644,1,1,0,0,28.32541153281481,0,0,415,0,0,0,0,0,2.9067411498477003,0,0,0,0,0,19.847701396010237,17,22,0,0
1,2015-01-01 00:00:00,07:33:00,1,1,261,154,547.5999999999999,2.532314446159164,0,0,0,13.868471649767406,19.734842364362002,0,55.93080588234347,1,1,0,0,28.03514877082624,0,0,415,0,0,0,0,0,2.9026271501146046,0,0,0,0,0,19.791686330350803,17,22,0,0
1,2015-01-01 00:00:00,07:34:00,1,1,261,154,547.5999999999999,2.5327022343768353,0,0,0,13.865850657505357,19.677297718921043,0,55.9246008600261,1,1,0,0,27.75282542366759,0,0,415,0,0,0,0,0,2.8985599883682847,0,0,0,0,0,19.734842364362002,17,22,0,0
1,2015-01-01 00:00:00,07:35:00,1,1,261,154,547.5999999999999,2.535090022594507,0,0,0,13.863170309524405,19.619173297955303,0,55.918387036630484,1,1,0,0,27.478147610580972,0,0,415,0,0,0,0,0,2.8945418992358114,0,0,0,0,0,19.677297718921043,17,22,0,0
1,2015-01-01 00:00:00,07:36:00,1,1,261,154,547.5999999999999,2.5409778108121786,0,0,0,13.860432957014716,19.56058294907132,0,55.91216431427528,1,1,0,0,27.21083555913112,0,0,415,0,0,0,0,0,2.8905943666355918,0,0,0,0,0,19.619173297955303,17,22,0,0
1,2015-01-01 00:00:00,07:37:00,1,1,261,154,547.5999999999999,2.5466155990298502,0,0,0,13.857637966999464,19.501627782482114,0,55.905932614612674,1,1,0,0,26.95062288531956,0,0,415,0,0,0,0,0,2.886755149552848,0,0,0,0,0,19.56058294907132,17,22,0,0
1,2015-01-01 00:00:00,07:38:00,1,1,261,154,547.5999999999999,2.5520033872475216,0,0,0,13.85478482467813,19.442401342291006,0,55.89969187664145,1,1,0,0,26.69725570495094,0,0,415,0,0,0,0,0,2.8830202857551974,0,0,0,0,0,19.501627782482114,17,22,0,0
1,2015-01-01 00:00:00,07:39:00,1,1,261,154,547.5999999999999,2.5576411754651933,0,0,0,13.851873539262135,19.38299061770625,0,55.893442055406986,1,1,0,0,26.45049195111897,0,0,415,0,0,0,0,0,2.8793858584257643,0,0,0,0,0,19.442401342291006,17,22,0,0
1,2015-01-01 00:00:00,07:40:00,1,1,261,154,547.5999999999999,2.565028963682865,0,0,0,13.84890546499322,19.323477669041985,0,55.88718312087481,1,1,0,0,26.21010074930221,0,0,415,0,0,0,0,0,2.875853499157921,0,0,0,0,0,19.38299061770625,17,22,0,0
1,2015-01-01 00:00:00,07:41:00,1,1,261,154,547.5999999999999,2.5711667519005363,0,0,0,13.84587955939784,19.263934679526006,0,55.880915057083065,1,1,0,0,25.97586186902125,0,0,415,0,0,0,0,0,2.872441328860269,0,0,0,0,0,19.323477669041985,17,22,0,0
1,2015-01-01 00:00:00,07:42:00,1,1,261,154,547.5999999999999,2.579054540118208,0,0,0,13.84279735445874,19.204431633539468,0,55.87463786044691,1,1,0,0,25.74756502584114,0,0,415,0,0,0,0,0,2.8691342497694863,0,0,0,0,0,19.263934679526006,17,22,0,0
1,2015-01-01 00:00:00,07:43:00,1,1,261,154,547.5999999999999,2.5801923283358796,0,0,0,13.839653408112625,19.145022890280956,0,55.86835153937944,1,1,0,0,25.52500946827986,0,0,415,0,0,0,0,0,2.865950342584583,0,0,0,0,0,19.204431633539468,17,22,0,0
1,2015-01-01 00:00:00,07:44:00,1,1,273,154,559.5999999999999,2.580580116553551,0,0,0,13.836447329795714,19.087121740061605,0,55.862056111611025,1,1,0,0,25.30800312208942,0,0,427,0,0,0,0,0,2.862813979087573,0,0,0,0,0,19.145022890280956,17,22,0,0
1,2015-01-01 00:00:00,07:45:00,1,1,261,154,547.5999999999999,2.5777179047712226,0,0,0,13.833178289886956,19.027979523682035,0,55.85575183714733,1,1,0,0,25.096408517258542,0,0,415,0,0,0,0,0,2.8597163829304497,0,0,0,0,0,19.087121740061605,17,22,0,0
1,2015-01-01 00:00:00,07:46:00,1,1,261,165,558.5999999999999,2.5746056929888943,0,0,0,13.829844770905838,18.970355568159412,0,55.84943850475074,1,1,0,0,24.889999367817165,0,0,426,0,0,0,0,0,2.856621376035044,0,0,0,0,0,19.027979523682035,17,22,0,0
1,2015-01-01 00:00:00,07:47:00,1,1,261,165,558.5999999999999,2.571743481206566,0,0,0,13.826448863964407,18.912949535638727,0,55.84311637624732,1,1,0,0,24.68865093925738,0,0,426,0,0,0,0,0,2.8535261798837577,0,0,0,0,0,18.970355568159412,17,22,0,0
1,2015-01-01 00:00:00,07:48:00,1,1,261,165,558.5999999999999,2.5688812694242373,0,0,0,13.822990944960898,18.8558264133921,0,55.83678549050322,1,1,0,0,24.492198510562865,0,0,426,0,0,0,0,0,2.8504335465848687,0,0,0,0,0,18.912949535638727,17,22,0,0
1,2015-01-01 00:00:00,07:49:00,1,1,252,165,549.5999999999999,2.5670190576419087,0,0,0,13.819472293834181,18.798008982206316,0,55.83044589751857,1,1,0,0,24.300485173924404,0,0,417,0,0,0,0,0,2.847343447937319,0,0,0,0,0,18.8558264133921,17,22,0,0
1,2015-01-01 00:00:00,07:50:00,1,1,252,165,549.5999999999999,2.56515684585958,0,0,0,13.815892228330764,18.740613757085875,0,55.82409747976166,1,1,0,0,24.113326119784332,0,0,417,0,0,0,0,0,2.8442668559655324,0,0,0,0,0,18.798008982206316,17,22,0,0
1,2015-01-01 00:00:00,07:51:00,1,1,252,165,549.5999999999999,2.5632946340772516,0,0,0,13.812251358638935,18.68365319680637,0,55.81774031112349,1,1,0,0,23.930580801325203,0,0,417,0,0,0,0,0,2.8412036218354833,0,0,0,0,0,18.740613757085875,17,22,0,0
1,2015-01-01 00:00:00,07:52:00,1,1,252,165,549.5999999999999,2.561182422294923,0,0,0,13.8085501007322,18.627154343243756,0,55.81137446761817,1,1,0,0,23.752113876001435,0,0,417,0,0,0,0,0,2.838153598358909,0,0,0,0,0,18.68365319680637,17,22,0,0
1,2015-01-01 00:00:00,07:53:00,1,1,252,165,549.5999999999999,2.5590702105125946,0,0,0,13.80478910843764,18.57114152800215,0,55.805000029882564,1,1,0,0,23.577795524547092,0,0,417,0,0,0,0,0,2.8351138901716038,0,0,0,0,0,18.627154343243756,17,22,0,0
1,2015-01-01 00:00:00,07:54:00,1,1,252,165,549.5999999999999,2.5574579987302664,0,0,0,13.800969477239226,18.51563713237792,0,55.79861708271081,1,1,0,0,23.407501170923116,0,0,417,0,0,0,0,0,2.832084383659897,0,0,0,0,0,18.57114152800215,17,22,0,0
1,2015-01-01 00:00:00,07:55:00,1,1,252,165,549.5999999999999,2.555845786947938,0,0,0,13.79709191150658,18.460660557633318,0,55.79222571471933,1,1,0,0,23.241111237639267,0,0,417,0,0,0,0,0,2.829070465897905,0,0,0,0,0,18.51563713237792,17,22,0,0
1,2015-01-01 00:00:00,07:56:00,1,1,252,165,549.5999999999999,2.55423357516561,0,0,0,13.793157136645187,18.406229015211807,0,55.785826017835255,1,1,0,0,23.07851087437376,0,0,417,0,0,0,0,0,2.8260719650774386,0,0,0,0,0,18.460660557633318,17,22,0,0
1,2015-01-01 00:00:00,07:57:00,1,1,252,165,549.5999999999999,2.5506213633832813,0,0,0,13.78916423724469,18.35235530400197,0,55.77941808692052,1,1,0,0,22.919589722701584,0,0,417,0,0,0,0,0,2.8230887112914704,0,0,0,0,0,18.406229015211807,17,22,0,0
1,2015-01-01 00:00:00,07:58:00,1,1,252,165,549.5999999999999,2.545759151600953,0,0,0,13.785112936741925,18.29905130061959,0,55.77300201901488,1,1,0,0,22.764241613222005,0,0,417,0,0,0,0,0,2.820098539982684,0,0,0,0,0,18.35235530400197,17,22,0,0
1,2015-01-01 00:00:00,07:59:00,1,1,252,165,549.5999999999999,2.5413969398186245,0,0,0,13.781004424724552,18.24632920142225,0,55.76657791317744,1,1,0,0,22.612364391704915,0,0,417,0,0,0,0,0,2.8170877788374113,0,0,0,0,0,18.29905130061959,17,22,0,0
1,2015-01-01 00:00:00,08:00:00,1,1,252,165,549.5999999999999,2.541034728036296,0,0,0,13.776842806257019,18.194203655042344,0,55.760145870541145,1,1,0,0,22.46385979339598,0,0,417,0,0,0,0,0,2.8140621532343424,0,0,0,0,0,18.24632920142225,17,22,0,0
1,2015-01-01 00:00:00,08:01:00,1,1,252,165,549.5999999999999,2.5406725162539674,0,0,0,13.772628876634732,18.14268288149109,0,55.753705994732776,1,1,0,0,22.31863339413225,0,0,417,0,0,0,0,0,2.8110658219206255,0,0,0,0,0,18.194203655042344,17,22,0,0
1,2015-01-01 00:00:00,08:02:00,1,1,252,165,549.5999999999999,2.537810304471639,0,0,0,13.768361364981754,18.091770815690513,0,55.747258390770504,1,1,0,0,22.176594261049217,0,0,417,0,0,0,0,0,2.808098461464749,0,0,0,0,0,18.14268288149109,17,22,0,0
1,2015-01-01 00:00:00,08:03:00,1,1,252,165,549.5999999999999,2.5344480926893107,0,0,0,13.76404066677397,18.04147256986086,1,55.3748250972029,1,1,0,0,22.037654688077833,0,0,417,0,0,0,0,0,2.8051322574409743,0,0,0,0,0,18.091770815690513,17,22,0,0
1,2015-01-01 00:00:00,08:04:00,1,1,392,165,689.5999999999999,2.5310858809069825,0,0,0,13.759667597432822,18.00755739844855,0,55.3684250939125,1,1,0,0,21.90173012623372,0,0,557,0,0,0,0,0,2.802161698087391,0,0,0,0,0,18.04147256986086,17,22,0,0
1,2015-01-01 00:00:00,08:05:00,1,1,392,165,689.5999999999999,2.5277236691246543,0,0,0,13.755261205604159,17.973283565554592,0,55.36202037373614,1,1,0,0,21.769275271547148,0,0,557,0,0,0,0,0,2.7991868312771206,0,0,0,0,0,18.00755739844855,17,22,0,0
1,2015-01-01 00:00:00,08:06:00,1,1,392,165,689.5999999999999,2.524611457342326,0,0,0,13.750821350136206,17.938964498808975,0,55.35561087599759,1,1,0,0,21.64015990739774,0,0,557,0,0,0,0,0,2.7962077043576667,0,0,0,0,0,17.973283565554592,17,22,0,0
1,2015-01-01 00:00:00,08:07:00,1,1,392,165,689.5999999999999,2.5212492455599977,0,0,0,13.746347837771454,17.904633817259967,0,55.349196593761505,1,1,0,0,21.514268907105606,0,0,557,0,0,0,0,0,2.793227113734144,0,0,0,0,0,17.938964498808975,17,22,0,0
1,2015-01-01 00:00:00,08:08:00,1,1,392,70,594.6,2.5176370337776692,0,0,0,13.741840514511724,17.85958692951781,0,55.34277752585696,1,1,0,0,21.39149220336936,0,0,462,0,0,0,0,0,2.7902423259184275,0,0,0,0,0,17.904633817259967,17,22,0,0
1,2015-01-01 00:00:00,08:09:00,1,1,392,70,594.6,2.513774821995341,0,0,0,13.737286848365313,17.81526344702113,0,55.33635183604044,1,1,0,0,21.27135937092543,0,0,462,0,0,0,0,0,2.7872506374363994,0,0,0,0,0,17.85958692951781,17,22,0,0
1,2015-01-01 00:00:00,08:10:00,1,1,392,70,594.6,2.5096626102130126,0,0,0,13.732687560471867,17.77148111435161,0,55.32991964945947,1,1,0,0,21.153805087799434,0,0,462,0,0,0,0,0,2.784249374466847,0,0,0,0,0,17.81526344702113,17,22,0,0
1,2015-01-01 00:00:00,08:11:00,1,1,392,70,594.6,2.5058003984306843,0,0,0,13.728043574606453,17.728245348096237,0,55.32348105999631,1,1,0,0,21.038760054688964,0,0,462,0,0,0,0,0,2.781235892485482,0,0,0,0,0,17.77148111435161,17,22,0,0
1,2015-01-01 00:00:00,08:12:00,1,1,352,70,554.6,2.501938186648356,0,0,0,13.72335561156331,17.681035412237744,0,55.3170361624457,1,1,0,0,20.926157513648395,0,0,422,0,0,0,0,0,2.778213075418429,0,0,0,0,0,17.728245348096237,17,22,0,0
1,2015-01-01 00:00:00,08:13:00,1,1,352,70,554.6,2.4978259748660276,0,0,0,13.718618955723327,17.634654652756648,2,54.58551169800368,1,1,0,0,20.815779210879324,0,0,422,0,0,0,0,0,2.775181025816344,0,0,0,0,0,17.681035412237744,17,22,0,0
1,2015-01-01 00:00:00,08:14:00,1,1,352,70,554.6,2.4939637630836993,0,0,0,13.713834870021374,17.588891047867893,0,54.57917726536735,1,1,0,0,20.70757769529692,0,0,422,0,0,0,0,0,2.7721370952857485,0,0,0,0,0,17.634654652756648,17,22,0,0
1,2015-01-01 00:00:00,08:15:00,1,1,352,70,554.6,2.4903515513013708,0,0,0,13.709004369711856,17.543865287155267,0,54.57283607344435,1,1,0,0,20.601499918173484,0,0,422,0,0,0,0,0,2.769084164172497,0,0,0,0,0,17.588891047867893,17,22,0,0
1,2015-01-01 00:00:00,08:16:00,1,1,352,70,554.6,2.4874893395190423,0,0,0,13.704129022412223,17.499564337087808,0,54.56648824988098,1,1,0,0,20.497498740247696,0,0,422,0,0,0,0,0,2.7660250812532996,0,0,0,0,0,17.543865287155267,17,22,0,0
1,2015-01-01 00:00:00,08:17:00,1,1,412,70,614.6,2.484127127736714,0,0,0,13.699209340506705,17.46275881123233,0,54.560133920067365,1,1,0,0,20.395528182317086,0,0,482,0,0,0,0,0,2.762968163823838,0,0,0,0,0,17.499564337087808,17,22,0,0
1,2015-01-01 00:00:00,08:18:00,1,1,352,70,554.6,2.480764915954386,0,0,0,13.694254079408896,17.419449392050144,0,54.55377437004871,1,1,0,0,20.295774122076107,0,0,422,0,0,0,0,0,2.759907888297438,0,0,0,0,0,17.46275881123233,17,22,0,0
1,2015-01-01 00:00:00,08:19:00,1,1,252,70,454.6,2.4776527041720575,0,0,0,13.689255996384082,17.36565833017486,0,54.547408485766766,1,1,0,0,20.19793994758543,0,0,322,0,0,0,0,0,2.756844291595452,0,0,0,0,0,17.419449392050144,17,22,0,0
1,2015-01-01 00:00:00,08:20:00,1,1,252,70,454.6,2.474540492389729,0,0,0,13.684203055984614,17.313262226509536,3,53.471896667795974,1,1,0,0,20.101603838149696,0,0,322,0,0,0,0,0,2.753780160145921,0,0,0,0,0,17.36565833017486,17,22,0,0
1,2015-01-01 00:00:00,08:21:00,1,1,252,70,454.6,2.471428280607401,0,0,0,13.679096980222663,17.261846431447314,0,53.4656980447489,1,1,0,0,20.006762286733363,0,0,322,0,0,0,0,0,2.7507154998304566,0,0,0,0,0,17.313262226509536,17,22,0,0
1,2015-01-01 00:00:00,08:22:00,1,1,252,70,454.6,2.4683160688250725,0,0,0,13.673939008208675,17.211567926366317,0,53.459491670186615,1,1,0,0,19.913397801859688,0,0,322,0,0,0,0,0,2.7476503164659882,0,0,0,0,0,17.261846431447314,17,22,0,0
1,2015-01-01 00:00:00,08:23:00,1,1,312,70,514.6,2.462453857042744,0,0,0,13.668728276611457,17.169165730325677,0,53.45327774040196,1,1,0,0,19.821498826502772,0,0,382,0,0,0,0,0,2.744584615805474,0,0,0,0,0,17.211567926366317,17,22,0,0
1,2015-01-01 00:00:00,08:24:00,1,1,252,70,454.6,2.4568416452604156,0,0,0,13.663474205424041,17.120616819883473,0,53.44705760691452,1,1,0,0,19.731283415068177,0,0,322,0,0,0,0,0,2.7414881538057525,0,0,0,0,0,17.169165730325677,17,22,0,0
1,2015-01-01 00:00:00,08:25:00,1,1,252,70,454.6,2.4512294334780873,0,0,0,13.658169772939452,17.07322541166699,0,53.44083021706531,1,1,0,0,19.642485231558492,0,0,322,0,0,0,0,0,2.738364017634931,0,0,0,0,0,17.120616819883473,17,22,0,0
1,2015-01-01 00:00:00,08:26:00,1,1,352,70,554.6,2.445867221695759,0,0,0,13.652816625067166,17.038144212538725,0,53.434595770527245,1,1,0,0,19.555095441766266,0,0,422,0,0,0,0,0,2.735212510621468,0,0,0,0,0,17.07322541166699,17,22,0,0
1,2015-01-01 00:00:00,08:27:00,1,1,352,70,554.6,2.4405050099134304,0,0,0,13.647429093517761,17.00333497190392,0,53.42835637883159,1,1,0,0,19.46948485573812,0,0,422,0,0,0,0,0,2.7320366831530367,0,0,0,0,0,17.038144212538725,17,22,0,0
1,2015-01-01 00:00:00,08:28:00,1,1,352,70,554.6,2.435392798131102,0,0,0,13.642007768467046,16.96898991852239,0,53.422112089447545,1,1,0,0,19.385602206628114,0,0,422,0,0,0,0,0,2.728836801936827,0,0,0,0,0,17.00333497190392,17,22,0,0
1,2015-01-01 00:00:00,08:29:00,1,1,402,70,604.6,2.4302805863487733,0,0,0,13.636553253793567,16.940755221602334,0,53.41586298278967,1,1,0,0,19.30340450975377,0,0,472,0,0,0,0,0,2.7256158813143148,0,0,0,0,0,16.96898991852239,17,22,0,0
1,2015-01-01 00:00:00,08:30:00,1,1,402,70,604.6,2.4276683745664447,0,0,0,13.631074755245265,16.91262652311842,0,53.409610107173464,1,1,0,0,19.223042289068346,0,0,472,0,0,0,0,0,2.7223741521262466,0,0,0,0,0,16.940755221602334,17,22,0,0
1,2015-01-01 00:00:00,08:31:00,1,1,402,70,604.6,2.4253061627841164,0,0,0,13.625572650435402,16.884711727394443,0,53.4033534814162,1,1,0,0,19.14445671879794,0,0,472,0,0,0,0,0,2.7191393491518276,0,0,0,0,0,16.91262652311842,17,22,0,0
1,2015-01-01 00:00:00,08:32:00,1,1,402,70,604.6,2.422943951001788,6.0310237707979665e-102,3.290447088736114e-101,0,13.620047233593207,16.857018460460743,0,53.397093142829796,1,1,0,0,19.067594644260407,4.771220168982126e-99,4.771220168982126e-99,472,0,0,0,1.0305835565001391e-98,0,2.715914146674912,0,4.771220168982126e-99,0,0,0,16.884711727394443,17,22,0,0
1,2015-01-01 00:00:00,08:33:00,1,1,402,70,604.6,2.3921419572569986,6.894212052670762e-24,3.761391239689721e-23,0,13.61447521243382,16.829521287054618,0,53.39082913002711,1,1,0,0,18.992404978144773,1.2889298390446842e-21,1.2889298390446842e-21,472,0,0,0,2.784088452336518e-21,0,2.7126984389360387,0,1.2889298390446842e-21,0,0,0,16.857018460460743,17,22,0,0
1,2015-01-01 00:00:00,08:34:00,1,1,402,70,604.6,2.392141957257,2.233943650642567e-13,1.2188102154810097e-12,0,13.608882460797494,16.802265215655005,0,53.384561477254024,1,1,0,0,18.918837505658715,2.3851351187996493e-11,2.3851351187996493e-11,471.9999999999761,0,0,0,5.151891856607243e-11,0,2.709179158229882,0,2.3851351187996493e-11,0,0,0,16.829521287054618,17,22,0,0
1,2015-01-01 00:00:00,08:35:00,1,1,414,70,616.6,2.3921419572745197,3.6285717253313513e-09,1.979700913748345e-08,0,13.603269298654146,16.77661250840254,0,53.37829022646632,1,1,0,0,18.846845250896685,2.724657854968393e-07,2.724657854968393e-07,483.9999997275342,0,0,0,5.885260966731729e-07,0,2.705698614630587,0,2.724657854968393e-07,0,0,0,16.802265215655005,17,22,0,0
1,2015-01-01 00:00:00,08:36:00,1,1,454,70,656.6,2.3921419599762124,7.003493852550872e-07,3.821013949520257e-06,0,13.597637620598018,16.755649674639002,0,53.37201565314322,1,1,0,0,18.776429171220013,4.070726078405954e-05,4.070726078405954e-05,523.9999592927392,0,0,0,8.79276832935686e-05,0,2.7022566384503026,0,4.070726078405954e-05,0,0,0,16.77661250840254,17,22,0,0
1,2015-01-01 00:00:00,08:37:00,1,1,442,70,644.6,2.392142022034757,1.9420424549708005e-05,0.00010595527699794025,0,13.591992886605802,16.73324848298866,0,53.36573856183262,1,1,0,0,18.707695174737665,0.0009235267895592121,0.0009235267895592121,511.99907647321044,0,0,0,0.001994817865447898,0,2.698858231846835,0,0.0009235267895592121,0,0,0,16.755649674639002,17,22,0,0
1,2015-01-01 00:00:00,08:38:00,1,1,442,70,644.6,2.3921425462450645,0.00019335224271078017,0.0010549043550596175,0,13.58633345973871,16.710945983596307,0,53.359458706390534,1,1,0,0,18.640537123997902,0.007799304448878856,0.007799304448878856,511.9922006955511,0,0,0,0.01684649760957833,0,2.6955415352098258,0,0.007799304448878856,0,0,0,16.73324848298866,17,22,0,0
1,2015-01-01 00:00:00,08:39:00,1,1,382,70,584.6,2.3921450031349476,0.0010482007386943867,0.005718845091853525,0,13.580659484903329,16.68194866596605,0,53.35317610420948,1,1,0,0,18.574904772283563,0.03678784607711165,0.03678784607711165,451.9632121539229,0,0,0,0.07946174752656117,0,2.692448156939897,0,0.03678784607711165,0,0,0,16.710945983596307,17,22,0,0
1,2015-01-01 00:00:00,08:40:00,1,1,382,70,584.6,2.392152912861748,0.003843662962266077,0.020970518580128005,0,13.574963253934422,16.653475255833264,0,53.34688960807721,1,1,0,0,18.51051851016392,0.11960482605699474,0.11960482605699474,451.880395173943,0,0,0,0.25834642428310867,0,2.6899225534975573,0,0.11960482605699474,0,0,0,16.68194866596605,17,22,0,0
1,2015-01-01 00:00:00,08:41:00,1,1,342,70,544.6,2.392172665352396,0.010794717912235782,0.05889455833357497,0,13.569245426680377,16.62088386172444,0,53.34059930847397,1,1,0,0,18.447353773622062,0.30218756793103907,0.30218756793103907,411.697812432069,0,0,0,0.6527251467310444,0,2.688601470956609,0,0.30218756793103907,0,0,0,16.653475255833264,17,22,0,0
1,2015-01-01 00:00:00,08:42:00,1,1,342,70,544.6,2.3922138756859317,0.025061711418765578,0.13673339471137744,0,13.5635013019854,16.58897820836535,0,53.33430450011167,1,1,0,0,18.38522894668677,0.638498055867316,0.638498055867316,411.36150194413267,0,0,0,1.3791558006734026,0,2.6894624755902,0,0.638498055867316,0,0,0,16.62088386172444,17,22,0,0
1,2015-01-01 00:00:00,08:43:00,1,1,342,70,544.6,2.392289230636194,0.05054460135037015,0.2757646838832602,0,13.557731753362937,16.557669956859794,0,53.3280053013188,1,1,0,0,18.324131982798285,1.1830236836332428,1.1830236836332428,410.8169763163668,0,0,0,2.5553311566478047,0,2.693823625398115,0,1.1830236836332428,0,0,0,16.58897820836535,17,22,0,0
1,2015-01-01 00:00:00,08:44:00,1,1,342,70,544.6,2.3924139563254636,0.09158024742295483,0.4996497609206477,0,13.551937563072764,16.526952947625038,0,53.32170181525974,1,1,0,0,18.264048240419424,1.9846300027510781,1.9846300027510781,410.0153699972489,0,0,0,4.286800805942329,0,2.703303525186315,0,1.9846300027510781,0,0,0,16.557669956859794,17,22,0,0
1,2015-01-01 00:00:00,08:45:00,1,1,230,70,432.6,2.392605086785241,0.15263270699469977,0.8327439344683134,0,13.546119518830531,16.484161198874734,0,53.31539414402529,1,1,0,0,18.204963366514853,3.082765119349784,3.082765119349784,296.9172348806502,0,0,0,6.6587726577955335,0,2.719757347729496,0,3.082765119349784,0,0,0,16.526952947625038,17,22,0,0
1,2015-01-01 00:00:00,08:46:00,1,1,230,59,421.6,2.3927642265379916,0.1475791839057553,0.8051725784799785,0,13.540263678793368,16.441442287421058,0,53.30908021837755,1,1,0,0,18.1464326805407,2.793649713088448,2.793649713088448,286.2063502869116,0,0,0,6.034283380271049,0,2.73416898434295,0,2.793649713088448,0,0,0,16.484161198874734,17,22,0,0
1,2015-01-01 00:00:00,08:47:00,1,1,230,59,421.6,2.392997090985498,0.22513623666138172,1.2283136373601675,0,13.534370263414043,16.39990498262316,0,53.302760051875104,1,1,0,0,18.088439810026426,4.01377308191822,4.01377308191822,284.9862269180818,0,0,0,8.669749856943357,0,2.7562867276385967,0,4.01377308191822,0,0,0,16.441442287421058,17,22,0,0
1,2015-01-01 00:00:00,08:48:00,1,1,230,59,421.6,2.393246290232904,0.26362911289262464,1.438325697245341,0,13.52844072722475,16.359457659265626,0,53.29643384814894,1,1,0,0,18.031006652631756,4.44527628195206,4.44527628195206,284.55472371804797,0,0,0,9.601796769016449,0,2.7809442615402507,0,4.44527628195206,0,0,0,16.39990498262316,17,22,0,0
1,2015-01-01 00:00:00,08:49:00,1,1,230,59,421.6,2.3935923023258145,0.3796652999281944,2.071403841735414,0,13.522476482685494,16.320103806681807,0,53.29010179508799,1,1,0,0,17.974151244694134,6.0774401721307845,6.0774401721307845,282.92255982786924,0,0,0,13.127270771802495,0,2.8158512879243314,0,6.0774401721307845,0,0,0,16.359457659265626,17,22,0,0
1,2015-01-01 00:00:00,08:50:00,1,1,230,59,421.6,2.393962218332683,0.43901324548288123,2.3951984114375504,0,13.516478882997975,16.281762658461428,0,53.28376408114712,1,1,0,0,17.917891127754938,6.693365756859825,6.693365756859825,282.3066342431402,0,0,0,14.457670034817221,0,2.8543466877331585,0,6.693365756859825,0,0,0,16.320103806681807,17,22,0,0
1,2015-01-01 00:00:00,08:51:00,1,1,230,59,421.6,2.3944391843930815,0.588177214402597,3.2090173681007954,0,13.510449254263124,16.244449228204918,2,52.58488065560488,1,1,0,0,17.862240499547674,8.566446984656318,8.566446984656318,280.4335530153437,0,0,0,18.503525486857647,0,2.9044925994660638,0,8.566446984656318,0,0,0,16.281762658461428,17,22,0,0
1,2015-01-01 00:00:00,08:52:00,1,1,230,59,421.6,2.3952241615246552,0.9724825523423813,5.305736645734153,0,13.50438910403436,16.208148991143236,0,52.57865086736018,1,1,0,0,17.807213585556426,13.565866572936601,13.565866572936601,275.4341334270634,0,0,0,29.30227179754306,0,2.9863088488001788,0,13.565866572936601,0,0,0,16.244449228204918,17,22,0,0
1,2015-01-01 00:00:00,08:53:00,1,1,230,59,421.6,2.396074861201654,1.128637449780978,6.157697187088035,0,13.498299719063354,16.172797626659612,0,52.5724159241814,1,1,0,0,17.7528236333655,15.115725866682764,15.115725866682764,273.88427413331726,0,0,0,32.64996787203477,0,3.077217889187486,0,15.115725866682764,0,0,0,16.208148991143236,17,22,0,0
1,2015-01-01 00:00:00,08:54:00,1,1,230,59,421.6,2.397236466766476,1.5869890564299012,8.65840314851707,0,13.492182512582513,16.138544724642266,0,52.56617598961611,1,1,0,0,17.699081252185028,20.450147666567908,20.450147666567908,268.5498523334321,0,0,0,44.172318959786686,0,3.2015080387462174,0,20.450147666567908,0,0,0,16.172797626659612,17,22,0,0
1,2015-01-01 00:00:00,08:55:00,1,1,230,59,421.6,2.3984673714918796,1.7933966765081701,9.784535921974252,0,13.48603886755014,16.105187680274756,0,52.55993125282783,1,1,0,0,17.646001778459084,22.279334475165456,22.279334475165456,266.72066552483454,0,0,0,48.123362466357385,0,3.336221850069357,0,22.279334475165456,0,0,0,16.138544724642266,17,22,0,0
1,2015-01-01 00:00:00,08:56:00,1,1,230,59,421.6,2.400228255476808,2.6068969539286386,14.222886227415074,0,13.47987031209317,16.073069397258706,0,52.55368186821539,1,1,0,0,17.5935931356637,31.27773157605539,31.27773157605539,257.7222684239446,0,0,0,67.55990020427964,0,3.5274431404712585,0,31.27773157605539,0,0,0,16.105187680274756,17,22,0,0
1,2015-01-01 00:00:00,08:57:00,1,1,230,59,421.6,2.402122645328004,2.9689768608563205,16.198346482453,0,13.473678438892097,16.04185513418546,0,52.547428048934655,1,1,0,0,17.541874641160128,34.46050411812504,34.46050411812504,254.53949588187496,0,0,0,74.43468889515009,0,3.7370664736343455,0,34.46050411812504,0,0,0,16.073069397258706,17,22,0,0
1,2015-01-01 00:00:00,08:58:00,1,1,290,59,481.6,2.404056725333835,3.2206396970371567,17.57138575094977,0,13.467464372551564,16.018229674276363,0,52.5411699507207,1,1,0,0,17.490853569494323,36.21775217163625,36.21775217163625,312.7822478283638,0,0,0,78.2303446907343,0,3.955694488775446,0,36.21775217163625,0,0,0,16.04185513418546,17,22,0,0
1,2015-01-01 00:00:00,08:59:00,1,1,290,59,481.6,2.406204288630104,3.730430606111359,20.35273776741745,0,13.461237109605543,15.995118726947181,0,52.53490887524474,1,1,0,0,17.44076432135766,40.701794042355715,40.701794042355715,308.2982059576443,0,0,0,87.91587513148835,0,4.20079163287517,0,40.701794042355715,0,0,0,16.018229674276363,17,22,0,0
1,2015-01-01 00:00:00,09:00:00,1,1,290,59,481.6,2.4085369244034025,4.23072211849654,23.08226232743987,0,13.454997424764509,15.97261180952763,0,52.52864491121932,1,1,0,0,17.39159270250016,44.84459186176152,44.84459186176152,304.1554081382385,0,0,0,96.86431842140489,0,4.469854741371879,0,44.84459186176152,0,0,0,15.995118726947181,17,22,0,0
1,2015-01-01 00:00:00,09:01:00,1,1,290,59,481.6,2.4110560991104086,4.762039625089563,25.981060623060298,0,13.448746195930738,15.950708611496902,0,52.522378162687595,1,1,0,0,17.343328046276604,49.09701372624392,49.09701372624392,299.9029862737561,0,0,0,106.04954964868688,0,4.763310869510326,0,49.09701372624392,0,0,0,15.97261180952763,17,22,0,0
1,2015-01-01 00:00:00,09:02:00,1,1,340,59,531.6,2.4135946396968024,5.054000181338789,27.57395894156408,0,13.442484160210666,15.934895612288775,0,52.51610873362168,1,1,0,0,17.2959600382909,50.74031540242095,50.74031540242095,348.25968459757905,0,0,0,109.59908126922926,0,5.0640580842602,0,50.74031540242095,0,0,0,15.950708611496902,17,22,0,0
1,2015-01-01 00:00:00,09:03:00,1,1,302,59,493.6,2.417261904192657,7.1870621877701515,39.21166414037321,0,13.43621931792698,15.916001778922697,0,52.50983766851516,1,1,0,0,17.24966532992348,70.3366790274182,70.3366790274182,290.6633209725818,0,0,0,151.92722669922333,0,5.48769594959329,0,70.3366790274182,0,0,0,15.934895612288775,17,22,0,0
1,2015-01-01 00:00:00,09:04:00,1,1,302,59,493.6,2.420421234194943,6.698934333893281,36.54850289816898,0,13.429947690715741,15.897003236000984,0,52.50356443950552,0,1,0,0,17.20430262410713,63.96993389743223,63.96993389743223,297.0300661025678,0,0,0,138.17505721845362,0,5.865493019588894,0,63.96993389743223,0,0,0,15.916001778922697,17,22,0,0
1,2015-01-01 00:00:00,09:05:00,1,1,242,131,448,2.423719676147977,7.271002565552056,39.66963177936219,0,13.423669286383111,15.873368324834907,0,52.49728902901349,0,1,0,0,17.159836658525286,67.81168992739737,67.81168992739737,305.18831007260263,0,0,0,146.4732502431783,0,6.263730445242611,0,67.81168992739737,0,0,0,15.897003236000984,17,22,0,0
1,2015-01-01 00:00:00,09:06:00,1,1,290,241,606,2.427260567753554,8.05195156723075,43.93038661416703,0,13.417378958250103,15.86853952282254,0,52.49101064260706,0,1,0,0,17.116079232209287,73.40530658510393,73.40530658510393,457.5946934148961,0,0,0,158.5554622238245,0,6.693437232144403,0,73.40530658510393,0,0,0,15.873368324834907,17,22,0,0
1,2015-01-01 00:00:00,09:07:00,1,1,330,241,646,2.431279310449727,9.309352024981925,50.79059780354423,0,13.411098872964702,15.868238161248637,0,52.48473250470081,0,1,0,0,17.07364590876076,83.02625252921133,83.02625252921133,487.9737474707887,0,0,0,179.33670546309648,0,7.180174427838244,0,83.02625252921133,0,0,0,15.86853952282254,17,22,0,0
1,2015-01-01 00:00:00,09:08:00,1,1,330,241,646,2.4363495421033416,11.739947920154348,64.0516086884439,0,13.40483511786561,15.868691022846777,0,52.47845539138479,0,1,0,0,17.03264564523994,102.50972410905013,102.50972410905013,468.4902758909499,0,0,0,221.4210040755483,0,7.7868021640345555,0,102.50972410905013,0,0,0,15.868238161248637,17,22,0,0
1,2015-01-01 00:00:00,09:09:00,1,1,290,241,606,2.441633133195096,12.684800404379331,69.20659932379309,0,13.398588709681615,15.864499733096752,0,52.472179431778756,0,1,0,0,16.99305535196126,108.51753935753737,108.51753935753737,422.4824606424626,0,0,0,234.39788501228074,0,8.425024034699062,0,108.51753935753737,0,0,0,15.868691022846777,17,22,0,0
1,2015-01-01 00:00:00,09:10:00,1,1,290,241,606,2.4471277868381986,13.658156700574521,74.51710300084072,0,13.392354418783572,15.860521040945915,0,52.46590382954469,0,1,0,0,16.95466910642165,114.55737467379396,114.55737467379396,416.44262532620604,0,0,0,247.44392929539498,0,9.094605934535378,0,114.55737467379396,0,0,0,15.864499733096752,17,22,0,0
1,2015-01-01 00:00:00,09:11:00,1,1,290,241,606,2.4528308506428753,14.658804805011119,79.97650718696792,0,13.386132639849935,15.856701201314086,0,52.45962862106665,0,1,0,0,16.917453185827238,120.62172882749051,120.62172882749051,410.37827117250947,0,0,0,260.5429342673795,0,9.795257720830204,0,120.62172882749051,0,0,0,15.860521040945915,17,22,0,0
1,2015-01-01 00:00:00,09:12:00,1,1,230,241,546,2.4587393697590407,15.685553282003873,85.57831156609085,0,13.379923702175518,15.846280688241539,0,52.45335383350898,0,1,0,0,16.881373186354,126.70376970081075,126.70376970081075,344.29623029918923,0,0,0,273.68014255375124,0,10.52663780012601,0,126.70376970081075,0,0,0,15.856701201314086,17,22,0,0
1,2015-01-01 00:00:00,09:13:00,1,1,230,2224,942.6000000000001,2.4648501337411663,16.737234307851946,91.31614464600082,0,13.373720115331318,15.881319435140394,0,52.447078335255505,0,1,0,0,16.846165958527045,132.79728198136374,132.79728198136374,2321.2027180186365,0,0,0,286.8421290797457,0,11.288357370011349,0,132.79728198136374,0,0,0,15.846280688241539,17,22,0,0
1,2015-01-01 00:00:00,09:14:00,1,1,230,2224,942.6000000000001,2.471159717923432,17.812706007652018,97.1837765077088,0,13.367574600646424,15.914078601976392,0,52.44080991944406,0,1,0,0,16.813348049568315,138.89661770403086,138.89661770403086,2315.103382295969,0,0,0,300.01669424070667,0,12.0799843393659,0,138.89661770403086,0,0,0,15.881319435140394,17,22,0,0
1,2015-01-01 00:00:00,09:15:00,1,1,230,2224,942.6000000000001,2.4776645199180654,18.910854198736352,103.17512831741355,0,13.361484568748203,15.945444396587659,0,52.43454819407535,0,1,0,0,16.78276065339172,144.99664981218535,144.99664981218535,2309.0033501878147,0,0,0,313.1927635943204,0,12.901046950921458,0,144.99664981218535,0,0,0,15.914078601976392,17,22,0,0
1,2015-01-01 00:00:00,09:16:00,1,1,230,2224,942.6000000000001,2.4843607917825885,20.030593638038784,109.28427913196623,0,13.355448457067222,15.975508967294733,0,52.428292919138634,0,1,0,0,16.754280508602466,151.09272879678053,151.09272879678053,2302.9072712032194,0,0,0,326.360294201046,0,13.751037129820494,0,151.09272879678053,0,0,0,15.945444396587659,17,22,0,0
1,2015-01-01 00:00:00,09:17:00,1,1,290,4311,3089.5999999999995,2.4912446683416203,21.170868856406944,115.50547045076785,0,13.349464809486703,16.247086293735265,0,52.422043870461174,0,1,0,0,16.72779168066683,157.1806423913824,157.1806423913824,4443.819357608618,0,0,0,339.51018756538605,0,14.629413581180348,0,157.1806423913824,0,0,0,15.975508967294733,17,22,0,0
1,2015-01-01 00:00:00,09:18:00,1,1,290,4311,3089.5999999999995,2.498312192095272,22.330654650524952,121.83310889963467,0,13.343812948467004,16.502458901374727,0,52.415842449162305,0,1,0,0,16.71144115730181,163.2565782447839,163.2565782447839,4437.743421755216,0,0,0,352.63420900873325,0,15.535604658661695,0,163.2565782447839,0,0,0,16.247086293735265,17,22,0,0
1,2015-01-01 00:00:00,09:19:00,1,1,290,4311,3089.5999999999995,2.5055593350983107,23.50895629247304,128.26176737412794,0,13.33847362570655,16.746497531513207,0,52.40968586912554,0,1,0,0,16.70433291730429,169.3170894545851,169.3170894545851,4431.682910545415,0,0,0,365.7249132219038,0,16.469011024814158,0,169.3170894545851,0,0,0,16.502458901374727,17,22,0,0
1,2015-01-01 00:00:00,09:20:00,1,1,290,2296,1017.0000000000001,2.512982018151606,24.704809507812868,134.7861849199902,0,13.333433260048725,16.745478087633455,0,52.40357217969623,0,1,0,0,16.705767087855612,175.35906282052073,175.35906282052073,2410.6409371794794,0,0,0,378.7755756923248,0,17.429008122618477,0,175.35906282052073,0,0,0,16.746497531513207,17,22,0,0
1,2015-01-01 00:00:00,09:21:00,1,1,390,2296,1117,2.5202758002890864,25.139761857299312,137.1592276180415,0,13.328407776888998,16.75971158750419,0,52.39745936356616,0,1,0,0,16.70711780213377,175.93829897200388,175.93829897200388,2510.061701027996,0,0,0,380.0267257795284,0,18.379881736227773,0,175.93829897200388,0,0,0,16.745478087633455,17,22,0,0
1,2015-01-01 00:00:00,09:22:00,1,1,390,2296,1117,2.5279402943272005,26.874009770149428,146.62105568049222,0,13.32341509203361,16.77396591401078,0,52.39135003537598,0,1,0,0,16.708906706398068,185.50267464590596,185.50267464590596,2500.497325354094,0,0,0,400.6857772351569,0,19.379499759263187,0,185.50267464590596,0,0,0,16.75971158750419,17,22,0,0
1,2015-01-01 00:00:00,09:23:00,1,1,230,2296,957.0000000000001,2.535872488607114,28.388487201410562,154.88384495812494,0,13.318455386522848,16.770258073825197,0,52.38524419809803,0,1,0,0,16.711119604616187,193.3470331959889,193.3470331959889,2332.652966804011,0,0,0,417.6295917033361,0,20.41594741545581,0,193.3470331959889,0,0,0,16.77396591401078,17,22,0,0
1,2015-01-01 00:00:00,09:24:00,1,1,230,2296,957.0000000000001,2.543963411168948,29.64550269073324,161.74195581048983,0,13.313507955919961,16.767640464777596,0,52.379138771905296,0,1,0,0,16.713131117174317,199.28942511953082,199.28942511953082,2326.7105748804693,0,0,0,430.4651582581866,0,21.476278577005935,0,199.28942511953082,0,0,0,16.770258073825197,17,22,0,0
1,2015-01-01 00:00:00,09:25:00,1,1,230,2296,957.0000000000001,2.5522089558123655,30.915693110672787,168.67194734802538,0,13.308574164820929,16.765774667766742,0,52.37303394362407,0,1,0,0,16.714985176616604,205.20177796210774,205.20177796210774,2320.798222037892,0,0,0,443.23584039815273,0,22.55977419671938,0,205.20177796210774,0,0,0,16.767640464777596,17,22,0,0
1,2015-01-01 00:00:00,09:26:00,1,1,230,2296,957.0000000000001,2.560605037450914,32.19826814474838,175.66950770816518,0,13.303654980390144,16.764637250974896,0,52.366929842033926,0,1,0,0,16.716712710329194,211.08244627484763,211.08244627484763,2314.917553725152,0,0,0,455.9380839536709,0,23.665701769409853,0,211.08244627484763,0,0,0,16.765774667766742,17,22,0,0
1,2015-01-01 00:00:00,09:27:00,1,1,230,2613,1274,2.5691475994369077,33.49246418168101,182.73047072840433,0,13.29875133741019,16.80003742863767,0,52.36082659187546,0,1,0,0,16.718342796745713,216.929958850735,216.929958850735,2626.070041149265,0,0,0,468.56871111758767,0,24.79331690877835,0,216.929958850735,0,0,0,16.764637250974896,17,22,0,0
1,2015-01-01 00:00:00,09:28:00,1,1,230,4596,1670.6000000000001,2.577832619851647,34.79754353735492,189.850811701424,0,13.29390557360622,16.878719422642067,0,52.35473045659033,0,1,0,0,16.721121525721628,222.7430030638013,222.7430030638013,4603.256996936198,0,0,0,481.12488661781083,0,25.94186484188334,0,222.7430030638013,0,0,0,16.80003742863767,17,22,0,0
1,2015-01-01 00:00:00,09:29:00,1,1,290,4596,1730.6000000000001,2.586656116879957,36.11279365907701,197.02664303363522,0,13.289167738026894,16.960524595846355,0,52.348648854698794,0,1,0,0,16.726481998405998,228.52041057686765,228.52041057686765,4657.479589423132,0,0,0,493.60408684603414,0,27.110581829196047,0,228.52041057686765,0,0,0,16.878719422642067,17,22,0,0
1,2015-01-01 00:00:00,09:30:00,1,1,290,4596,1730.6000000000001,2.5956141533747066,37.43752632074508,204.25420985412313,0,13.284541339448102,17.039182342445823,0,52.342582319111564,0,1,0,0,16.734442630971998,234.26114430196432,234.26114430196432,4651.738855698036,0,0,0,506.004071692243,0,28.298696517306517,0,234.26114430196432,0,0,0,16.960524595846355,17,22,0,0
1,2015-01-01 00:00:00,09:31:00,1,1,290,4279,1413.6000000000001,2.6047028407051585,38.77107681599182,211.52988561254693,0,13.280022625409726,17.07913886103048,0,52.33653030768699,0,1,0,0,16.744807927280632,239.96428650615226,239.96428650615226,4329.035713493848,0,0,0,518.322858853289,0,29.505431230492665,0,239.96428650615226,0,0,0,17.039182342445823,17,22,0,0
1,2015-01-01 00:00:00,09:32:00,1,1,290,4279,1413.6000000000001,2.6139183419725196,40.11280315507001,218.85016769745118,0,13.275566734932678,17.118624727702887,0,52.33048618343899,0,1,0,0,16.756179727748314,245.62902796378597,245.62902796378597,4323.370972036214,0,0,0,530.5587004017777,0,30.730003206583284,0,245.62902796378597,0,0,0,17.07913886103048,17,22,0,0
1,2015-01-01 00:00:00,09:33:00,1,1,302,4279,1425.6000000000001,2.6232568746667564,41.462085270142886,226.2116731004349,0,13.27117310108113,17.158447145854673,0,52.324449864332294,0,1,0,0,16.76850778897126,251.25465806415224,251.25465806415224,4329.745341935848,0,0,0,542.7100614185689,0,31.971625781833634,0,251.25465806415224,0,0,0,17.118624727702887,17,22,0,0
1,2015-01-01 00:00:00,09:34:00,1,1,302,2296,1029,2.632714712830475,42.81832423271895,233.61113414657905,0,13.266842088367031,17.15240351907138,0,52.31842140672341,0,1,0,0,16.78177103240267,256.84055579088823,256.84055579088823,2341.159444209112,0,0,0,554.7756005083186,0,33.229509528885025,0,256.84055579088823,0,0,0,17.158447145854673,17,22,0,0
1,2015-01-01 00:00:00,09:35:00,1,1,302,2296,1029,2.6422881887883425,44.180941486188686,241.04539430726794,0,13.262520630968499,17.148203105381814,0,52.312392946514095,0,1,0,0,16.794377579568273,262.3861814965647,262.3861814965647,2335.613818503435,0,0,0,566.7541520325798,0,34.50286335129396,0,262.3861814965647,0,0,0,17.15240351907138,17,22,0,0
1,2015-01-01 00:00:00,09:36:00,1,1,302,3379,1245.6000000000001,2.6519736944940084,45.54937809576854,248.51140410798237,0,13.258210934260202,17.169506794576343,0,52.30636479968419,0,1,0,0,16.806412461398665,267.8910694023391,267.8910694023391,3413.108930597661,0,0,0,578.6447099090525,0,35.790895537588355,0,267.8910694023391,0,0,0,17.148203105381814,17,22,0,0
1,2015-01-01 00:00:00,09:37:00,1,1,302,3379,1245.6000000000001,2.6617676825407024,46.92309401760629,256.00621714063504,0,13.253942556663503,17.190268025353316,0,52.30034133831189,0,1,0,0,16.81876260878566,273.354820758609,273.354820758609,3407.645179241391,0,0,0,590.4464128385954,0,37.09281477733391,0,273.354820758609,0,0,0,17.169506794576343,17,22,0,0
1,2015-01-01 00:00:00,09:38:00,1,1,302,3379,1245.6000000000001,2.6716666668765394,48.301567388345674,263.5269861875286,0,13.249714875953858,17.210921976414355,0,52.294322468601095,0,1,0,0,16.831398847444426,278.7770976081816,278.7770976081816,3402.2229023918185,0,0,0,602.1585308336722,0,38.40783114126997,0,278.7770976081816,0,0,0,17.190268025353316,17,22,0,0
1,2015-01-01 00:00:00,09:39:00,1,1,302,3269,1135.6000000000001,2.6816672232610075,49.68429383606511,271.0709594619282,0,13.245527771522298,17.219038939667204,0,52.28830817137386,0,1,0,0,16.84430779740939,284.15761709860243,284.15761709860243,3286.8423829013977,0,0,0,613.7804529329812,0,39.73515702719702,0,284.15761709860243,0,0,0,17.210921976414355,17,22,0,0
1,2015-01-01 00:00:00,09:40:00,1,1,302,3269,1135.6000000000001,2.6917659894950416,51.07078581318823,278.63547696850924,0,13.241366747064637,17.22783913419256,0,52.282296296648425,0,1,0,0,16.857053754629042,289.49614629500036,289.49614629500036,3281.5038537049995,0,0,0,625.3116759972008,0,41.07400807296459,0,289.49614629500036,0,0,0,17.219038939667204,17,22,0,0
1,2015-01-01 00:00:00,09:41:00,1,1,302,3269,1135.6000000000001,2.701959665453476,52.46057195170127,286.21796698550844,0,13.237232619584386,17.23708787561895,0,52.276286961134865,0,1,0,0,16.869665502233243,294.792497449126,294.792497449126,3276.207502550874,0,0,0,636.7517944901123,0,42.423604037615355,0,294.792497449126,0,0,0,17.22783913419256,17,22,0,0
1,2015-01-01 00:00:00,09:42:00,1,1,302,3269,1135.6000000000001,2.7122450129454685,53.853196440798,293.8159426692366,0,13.233125930397698,17.24676906950823,0,52.27028024129164,0,1,0,0,16.882162861872214,300.04652368421614,300.04652368421614,3270.953476315784,0,0,0,648.100491157907,0,43.78316965148568,0,300.04652368421614,0,0,0,17.23708787561895,17,22,0,0
1,2015-01-01 00:00:00,09:43:00,1,1,302,3269,1135.6000000000001,2.722618855425611,55.248218426893914,301.42699878063513,0,13.229047198499421,17.256863969126677,1,51.92611396887471,0,1,0,0,16.894564433560515,305.25811505891807,305.25811505891807,3265.741884941082,0,0,0,659.3575285272631,0,45.15193543584224,0,305.25811505891807,0,0,0,17.24676906950823,17,22,0,0
1,2015-01-01 00:00:00,09:44:00,1,1,302,3269,1135.6000000000001,2.73307807757592,56.64521143581112,309.0488085327929,0,13.22499691759123,17.26729736327972,0,51.92017066887475,0,1,0,0,16.906887547015145,310.427194976812,310.427194976812,3260.572805023188,0,0,0,670.522741149914,0,46.52913849244561,0,310.427194976812,0,0,0,17.256863969126677,17,22,0,0
1,2015-01-01 00:00:00,09:45:00,1,1,302,3269,1135.6000000000001,2.743619624776615,58.043762816817576,316.67912055769756,0,13.220975490889298,17.278113079638185,0,51.91423017630808,0,1,0,0,16.919146384303055,315.5537169110615,315.5537169110615,3255.4462830889383,0,0,0,681.5960285278928,0,47.91402326327271,0,315.5537169110615,0,0,0,17.26729736327972,17,22,0,0
1,2015-01-01 00:00:00,09:46:00,1,1,302,3269,1135.6000000000001,2.7542405024815984,59.44347320811348,324.31575598999984,0,13.216983369004932,17.289293631555157,0,51.908292556234365,0,1,0,0,16.931356135845068,320.63766141645897,320.63766141645897,3250.362338583541,0,0,0,692.5773486595514,0,49.30584226049821,0,320.63766141645897,0,0,0,17.278113079638185,17,22,0,0
1,2015-01-01 00:00:00,09:47:00,1,1,352,3269,1185.6000000000001,2.764937775512732,60.843956023287554,331.95660566518654,0,13.213020978998635,17.30647568625456,0,51.90235787070442,0,1,0,0,16.943530880597113,325.6790334036295,325.6790334036295,3295.3209665963705,0,0,0,703.4667121518397,0,50.70385676672823,0,325.6790334036295,0,0,0,17.289293631555157,17,22,0,0
1,2015-01-01 00:00:00,09:48:00,1,1,352,3269,1185.6000000000001,2.7757085672854256,62.24483695820786,339.599627429242,0,13.209095262680142,17.323640185924496,0,51.89642714804423,0,1,0,0,16.955875942014032,330.6778596524057,330.6778596524057,3290.3221403475945,0,0,0,714.2641768491964,0,52.107337505395826,0,330.6778596524057,0,0,0,17.30647568625456,17,22,0,0
1,2015-01-01 00:00:00,09:49:00,1,1,361,1286,798,2.7865500589766157,63.64575351777368,347.24284355666845,0,13.20520618557133,17.297066326671764,0,51.89050038456501,0,1,0,0,16.968384929902143,335.6341865434595,335.6341865434595,1311.3658134565405,0,0,0,724.9698429338727,0,53.51556528116489,0,335.6341865434595,0,0,0,17.323640185924496,17,22,0,0
1,2015-01-01 00:00:00,09:50:00,1,1,361,1286,798,2.7974594886449515,65.0463545619231,354.8843382735637,0,13.201303154235308,17.273294362396236,1,51.54944607850714,0,1,0,0,16.979564569248048,340.5480779891378,340.5480779891378,1306.4519220108623,0,0,0,735.5838484565378,0,54.92783159014516,0,340.5480779891378,0,0,0,17.297066326671764,17,22,0,0
1,2015-01-01 00:00:00,09:51:00,1,1,352,1306,789,2.8084341503118573,66.44629987027368,362.5222553823574,0,13.197389490487142,17.250385268954282,0,51.592218918151964,0,1,0,0,16.989555378538803,345.4196135461597,345.4196135461597,1312.5803864538402,0,0,0,746.1063652597051,1,54.76685929426345,425.6765744663908,345.4196135461597,0,0,0,17.273294362396236,17,22,0,0
1,2015-01-01 00:00:00,09:52:00,1,1,352,1306,789,2.8194713930111597,67.84525972475959,370.1547959847348,0,13.193466265146709,17.229396793738342,0,51.63204656808525,0,1,0,0,16.99842714351892,350.248886694371,350.248886694371,1307.7511133056291,0,0,0,756.5375952598414,1,54.73555079791851,400.0046873900469,350.248886694371,0,0,0,17.250385268954282,17,22,0,0
1,2015-01-01 00:00:00,09:53:00,1,1,412,1306,849,2.830568619814034,69.24291450962397,377.7802162992474,0,13.189535767883386,17.21699153341724,0,51.67083943189068,0,1,0,0,17.006283254070603,355.0360032671607,355.0360032671607,1362.9639967328394,0,0,0,766.8777670570672,1,54.769140963757174,391.04153295899107,355.0360032671607,0,0,0,17.229396793738342,17,22,0,0
1,2015-01-01 00:00:00,09:54:00,1,1,412,1306,849,2.8417232868352533,70.63895432812902,385.3968255701338,0,13.185607986030515,17.20586961008857,0,51.7095486000241,0,1,0,0,17.0134502023477,359.7810800204303,359.7810800204303,1358.2189199795698,0,0,0,777.1271328441295,1,54.83528619071686,390.3859930151786,359.7810800204303,0,0,0,17.21699153341724,17,22,0,0
1,2015-01-01 00:00:00,09:55:00,1,1,412,1306,849,2.852932902225991,72.03307863534498,393.0029840638651,0,13.18168444377475,17.19607478834185,0,51.7486443049318,0,1,0,0,17.019995080162015,364.4842433281484,364.4842433281484,1353.5157566718517,0,0,0,787.2859655888007,1,54.91783116993847,393.84293642728744,364.4842433281484,0,0,0,17.20586961008857,17,22,0,0
1,2015-01-01 00:00:00,09:56:00,1,1,412,1306,849,2.864195025157792,73.42499588639339,400.59710115000587,0,13.177766710858082,17.187536215259545,0,51.788357298156484,0,1,0,0,17.025984185882418,369.1456279935999,369.1456279935999,1348.8543720064001,0,0,0,797.3545564661758,1,55.00870428896132,399.3175449908398,369.1456279935999,0,0,0,17.19607478834185,17,22,0,0
1,2015-01-01 00:00:00,09:57:00,1,1,412,1306,849,2.8755072648017714,74.8144231995276,408.17763346302644,0,13.173856269990415,17.18018878416435,0,51.828798725495574,0,1,0,0,17.031479152868034,373.76537616638257,373.76537616638257,1344.2346238336174,0,0,0,807.3332125193864,1,55.10387122651582,405.76372084140917,373.76537616638257,0,0,0,17.187536215259545,17,22,0,0
1,2015-01-01 00:00:00,09:58:00,1,1,412,1306,849,2.8868672793065784,76.20108603344944,415.7430831417847,0,13.169954523707725,17.173970938454847,0,51.87002000780604,0,1,0,0,17.036537303592397,378.34363635608895,378.34363635608895,1339.656363643911,0,0,0,817.2222545291522,1,55.20131410354593,412.65913512855116,378.34363635608895,0,0,0,17.18018878416435,17,22,0,0
1,2015-01-01 00:00:00,09:59:00,1,1,412,1306,849,2.8982727747782198,77.58471787827375,423.2919961434696,0,13.166062798676226,17.168824482874275,0,51.91204274865852,0,1,0,0,17.04121191702309,382.8805625343939,382.8805625343939,1335.119437465606,0,0,0,827.0220150742908,1,55.30002218109729,419.7430560632264,382.8805625343939,0,0,0,17.173970938454847,17,22,0,0
1,2015-01-01 00:00:00,10:00:00,1,0,0,224,158.4,2.9097215042644393,78.96505995957119,430.8229606288975,0,13.162182349768893,17.086622808390917,0,51.954873672211505,0,1,0,0,17.045552480487416,387.3763133179972,387.3763133179972,-163.3763133179972,0,0,0,836.732836766874,1,55.399487761269754,426.88540848728485,224,0,0,0,17.168824482874275,17,22,0,0
1,2015-01-01 00:00:00,10:01:00,1,0,0,224,158.4,2.9212112667459786,80.34186095493573,438.334605416142,0,13.158224085506891,17.010240141730986,0,51.99849870066014,0,1,0,0,17.046949430416106,391.83105122552723,391.83105122552723,-167.83105122552723,0,0,0,846.3550706471389,1,55.49945441366557,434.02137522133927,224,0,0,0,17.086622808390917,17,22,0,0
1,2015-01-01 00:00:00,10:02:00,1,0,0,224,158.4,2.932739906136745,81.71487672254247,445.825598499581,0,13.154194921518988,16.93808792195559,0,52.04291447574589,0,1,0,0,17.045700815154706,396.24494200210626,396.24494200210626,-172.24494200210626,0,0,0,855.8890747245496,1,55.599784981421315,441.1204198386835,224,0,0,0,17.010240141730986,17,22,0,0
1,2015-01-01 00:00:00,10:03:00,1,0,0,224,158.4,2.944305310294606,83.08387004117942,453.2946456315444,0,13.15009992100811,16.86995820117364,0,52.08811544076125,0,1,0,0,17.04204051266494,400.61815400582606,400.61815400582606,-176.61815400582606,0,0,0,865.3352126525843,1,55.70040854243225,448.16568371510374,224,0,0,0,16.93808792195559,17,22,0,0
1,2015-01-01 00:00:00,10:04:00,1,0,0,224,158.4,2.955905410044299,84.44861036125461,460.7404889638416,0,13.145943894943608,16.80563413066718,0,52.134095063041386,0,1,0,0,17.036187372818297,404.95085765087305,404.95085765087305,-180.95085765087305,0,0,0,874.6938525258859,1,55.80128715496679,455.14893081054595,224,0,0,0,16.86995820117364,17,22,0,0
1,2015-01-01 00:00:00,10:05:00,1,0,0,224,158.4,2.9675381782137062,85.80887356630117,468.1619057465649,0,13.141731392304534,16.74491163622833,0,52.1808463215767,0,1,0,0,17.028345425806354,409.2432249025028,409.2432249025028,-185.2432249025028,0,0,0,883.9653657894061,1,55.90239935807652,462.06620358260136,224,0,0,0,16.80563413066718,17,22,0,0
1,2015-01-01 00:00:00,10:06:00,1,0,0,224,158.4,2.979201628684552,87.16444174451847,475.5577070816478,0,13.137466715405866,16.68759831372369,0,52.22836195364195,0,1,0,0,17.018704820718664,413.4954288194628,413.4954288194628,-189.4954288194628,0,0,0,893.1501262500398,1,56.00373192850467,468.9156825989773,224,0,0,0,16.74491163622833,17,22,0,0
1,2015-01-01 00:00:00,10:07:00,1,0,0,224,158.4,2.990893815458401,88.51510296990888,482.9267367287762,0,13.133153933916407,16.633512738733415,0,52.2766345789417,0,1,0,0,17.0074426946304,417.70764313985075,417.70764313985075,-193.70764313985075,0,0,0,902.2485091820777,1,56.10527576282189,475.69661683270266,224,0,0,0,16.68759831372369,17,22,0,0
1,2015-01-01 00:00:00,10:08:00,1,0,0,224,158.4,3.002612831738676,89.86065109258524,490.2678699613334,0,13.128796898049783,16.582483812282206,0,52.32565676253126,0,1,0,0,16.994723988647507,421.8800419067264,421.8800419067264,-197.88004190672638,0,0,0,911.260890518529,1,56.207023819748805,482.4087891689035,224,0,0,0,16.633512738733415,17,22,0,0
1,2015-01-01 00:00:00,10:09:00,1,0,0,224,158.4,3.014356809029288,91.20088553784299,497.5800124701645,0,13.124399250971925,16.534350146172017,0,52.37542104707801,0,1,0,0,16.980702213941203,426.0127991301151,426.0127991301151,-202.01279913011513,0,0,0,920.1876461210487,1,56.30897009140956,489.0522492094107,224,0,0,0,16.582483812282206,17,22,0,0
1,2015-01-01 00:00:00,10:10:00,1,0,0,224,158.4,3.02612391625032,92.53561111360871,504.86209931304035,0,13.119964440472398,16.488959485418263,0,52.42591996973337,0,1,0,0,16.965520170819804,430.10608848232016,430.10608848232016,-206.10608848232016,0,0,0,929.0291511218117,1,56.41110908851413,495.6271795857761,224,0,0,0,16.534350146172017,17,22,0,0
1,2015-01-01 00:00:00,10:11:00,1,0,0,224,158.4,3.0379123588711425,93.86463782589249,512.1130939077907,0,13.115495729943984,16.446168165539145,0,52.4771460712465,0,1,0,0,16.949310623697304,434.16008302372666,434.16008302372666,-210.16008302372666,0,0,0,937.7857793312496,1,56.513435582283016,502.1338289663757,224,0,0,0,16.488959485418263,17,22,0,0
1,2015-01-01 00:00:00,10:12:00,1,0,0,224,158.4,3.0497203780611866,95.18778070188769,519.3319870671594,0,13.110996208712159,16.40584060258415,0,52.52909190113588,0,1,0,0,16.932196934644306,438.1749549565091,438.1749549565091,-214.1749549565091,0,0,0,946.4579027060597,1,56.6159444746775,508.5724783906008,224,0,0,0,16.446168165539145,17,22,0,0
1,2015-01-01 00:00:00,10:13:00,1,0,0,224,158.4,3.0615462498585675,96.50485962037881,526.517796073532,0,13.106468801753687,16.367848813916687,0,52.58175002082941,0,1,0,0,16.914293658043622,442.1508754038809,442.1508754038809,-218.1508754038809,0,0,0,955.0458908723828,1,56.71863073279244,514.943424266244,224,0,0,0,16.40584060258415,17,22,0,0
1,2015-01-01 00:00:00,10:14:00,1,0,0,224,158.4,3.0704537075086407,82.16518728527073,448.2824335850781,0,13.101913844202096,16.322415573239223,0,52.635113005731924,0,1,0,0,16.895707098719576,374.713931938679,374.713931938679,-150.71393193867902,0,0,0,809.3820929875468,1,56.36152304738646,521.2469697073418,224,0,0,0,16.367848813916687,17,22,0,0
1,2015-01-01 00:00:00,10:15:00,1,0,0,224,158.4,3.0786570679446736,79.29610271116505,432.62908625470493,0,13.097322201671876,16.277105088142203,0,52.68254827648618,0,1,0,0,16.876207386968545,359.9892318220297,359.9892318220297,-135.9892318220297,0,0,0,777.5767407355842,1,56.108534833616716,469.52766524847186,224,0,0,0,16.322415573239223,17,22,0,0
1,2015-01-01 00:00:00,10:16:00,1,0,0,224,158.4,3.0870798545230502,81.33856446755689,443.77248842916725,0,13.092694271012526,16.234811954830132,0,52.72564154979086,0,1,0,0,16.855829757756766,367.61576129612916,367.61576129612916,-143.61576129612916,0,0,0,794.0500443996391,1,56.050201358821795,431.6743061984474,224,0,0,0,16.277105088142203,17,22,0,0
1,2015-01-01 00:00:00,10:17:00,1,0,0,224,158.4,3.0953489517206183,81.36727534320022,443.9291311829781,0,13.088033485912788,16.194096311596976,0,52.767259640253194,0,1,0,0,16.83470670323545,366.13473325669383,366.13473325669383,-142.13473325669383,0,0,0,790.8510238344587,1,56.031010764708455,418.89453593789807,224,0,0,0,16.234811954830132,17,22,0,0
1,2015-01-01 00:00:00,10:18:00,1,0,0,224,158.4,3.1034630242409578,81.36471512135442,443.9151629499895,0,13.08334160714416,16.154877336164365,0,52.80798797130329,0,1,0,0,16.8129172341321,364.54715584532124,364.54715584532124,-140.54715584532124,0,0,0,787.421856625894,1,56.03052356159219,411.2326416813629,224,0,0,0,16.194096311596976,17,22,0,0
1,2015-01-01 00:00:00,10:19:00,1,0,0,224,158.4,3.1112343391252413,80.28826569200874,438.042196724732,0,13.078620142771516,16.11641478644778,0,52.84810909340886,0,1,0,0,16.790534924677416,358.2023201556023,358.2023201556023,-134.2023201556023,0,0,0,773.717011536101,1,56.00855579519815,406.0394843764013,224,0,0,0,16.154877336164365,17,22,0,0
1,2015-01-01 00:00:00,10:20:00,1,0,0,224,158.4,3.1188493233686994,80.21073269224534,437.61918689580756,0,13.073869896549752,16.07929282120817,0,52.887322664033434,0,1,0,0,16.76760566827505,356.3683645464103,356.3683645464103,-132.3683645464103,0,0,0,769.7556674202463,1,56.00434712332602,398.2162844254505,224,0,0,0,16.11641478644778,17,22,0,0
1,2015-01-01 00:00:00,10:21:00,1,0,0,224,158.4,3.1233065103484123,63.01380075512257,343.7949925663399,0,13.069089855998625,16.032869786079218,0,52.92589786827419,0,1,0,0,16.744193666674136,278.81985551591816,278.81985551591816,-54.819855515918164,0,0,0,602.2508879143833,1,55.520884845396445,392.74508187086593,224,0,0,0,16.07929282120817,17,22,0,0
1,2015-01-01 00:00:00,10:22:00,1,0,0,224,158.4,3.1276242198046944,62.67374150879438,341.93967413351214,0,13.064269209242129,15.988134958741611,0,52.95694116164495,0,1,0,0,16.719998976857983,276.2011176619408,276.2011176619408,-52.20111766194083,0,0,0,596.5944141497922,1,55.274035411257444,326.96835911740396,224,0,0,0,16.032869786079218,17,22,0,0
1,2015-01-01 00:00:00,10:23:00,1,0,0,224,158.4,3.1318011090370246,62.304230119712955,339.9236686912107,0,13.059409872260172,15.944810040596499,0,52.98396980920459,0,1,0,0,16.695105642908448,273.4884436264029,273.4884436264029,-49.4884436264029,0,0,0,590.7350382330303,1,55.144452860150274,291.9538754511744,224,0,0,0,15.988134958741611,17,22,0,0
1,2015-01-01 00:00:00,10:24:00,1,0,0,224,158.4,3.135269098819324,58.589057525356814,319.6541766251333,0,13.054512964115183,15.900759122181448,0,53.00873119489216,0,1,0,0,16.66958538432641,256.1821604905156,256.1821604905156,-32.18216049051563,0,0,0,553.3534666595137,1,54.97911914211629,272.22086441915644,224,0,0,0,15.944810040596499,17,22,0,0
1,2015-01-01 00:00:00,10:25:00,1,0,0,204,158.4,3.141059246627023,72.65519051958108,396.397144518454,0,13.049579646462284,15.867010240292231,0,53.00236982825112,0,1,0,0,16.643434831192227,316.47447716329265,316.47447716329265,-112.47447716329265,0,0,0,683.5848706727122,0,56.213955325916196,0,204,0,0,0,15.900759122181448,17,22,0,0
1,2015-01-01 00:00:00,10:26:00,1,0,0,224,158.4,3.146882287554548,73.4506571929574,400.7371058568113,0,13.044621931703267,15.834712894756315,0,53.042250597773844,0,1,0,0,16.617025831501753,318.7393069887179,318.7393069887179,-94.73930698871789,0,0,0,688.4769030956306,1,55.93982062251559,404.65977270579964,224,0,0,0,15.867010240292231,17,22,0,0
1,2015-01-01 00:00:00,10:27:00,1,0,0,224,158.4,3.1523561626079095,71.95648924781463,392.585122458929,0,13.039641257099218,15.802527210724659,0,53.07759717109532,0,1,0,0,16.590416547938982,311.10393549538674,311.10393549538674,-87.10393549538674,0,0,0,671.9845006700353,1,55.76869927759948,365.09382311746003,224,0,0,0,15.834712894756315,17,22,0,0
1,2015-01-01 00:00:00,10:28:00,1,0,0,224,158.4,3.1584336167916933,76.17984539607377,415.6271970234874,0,13.03463829812118,15.773991986539647,0,53.10995902943577,0,1,0,0,16.563617590890875,328.1696679295657,328.1696679295657,-104.16966792956572,0,0,0,708.846482727862,1,55.80748365931904,339.0788654195243,224,0,0,0,15.802527210724659,17,22,0,0
1,2015-01-01 00:00:00,10:29:00,1,0,0,224,158.4,3.168355141475507,100.29575083943517,547.200398977299,0,13.02962050944064,15.76115241142191,0,53.142402932613024,0,1,0,0,16.53675957713743,430.5171175724098,430.5171175724098,-206.5171175724098,0,0,0,929.9169739564053,1,56.502181636043495,339.88810336529184,224,0,0,0,15.773991986539647,17,22,0,0
1,2015-01-01 00:00:00,10:30:00,1,0,0,224,158.4,3.1782760726633215,101.31952870326167,552.7859960824728,0,13.02460606974684,15.748844872802001,0,53.18437553156736,0,1,0,0,16.51037838102466,433.3879664821049,433.3879664821049,-209.3879664821049,0,0,0,936.1180076013467,1,56.892431987214096,423.3321166322394,224,0,0,0,15.76115241142191,17,22,0,0
1,2015-01-01 00:00:00,10:31:00,1,0,0,224,158.4,3.188386745021602,103.52583371405301,564.8233054606478,0,13.01959574502801,15.738015107134324,0,53.23135402498717,0,1,0,0,16.484475880744977,441.3000979339787,441.3000979339787,-217.3000979339787,0,0,0,953.208211537394,1,57.16338795108113,467.2151134114884,224,0,0,0,15.748844872802001,17,22,0,0
1,2015-01-01 00:00:00,10:32:00,1,0,0,224,158.4,3.198493193959469,104.54639551282553,570.3913561387203,0,13.014591232436903,15.727854485625304,0,53.28154788399415,0,1,0,0,16.45908605851332,444.14145366146965,444.14145366146965,-220.14145366146965,0,0,0,959.3455399087745,1,57.342799261382005,495.43627468783865,224,0,0,0,15.738015107134324,17,22,0,0
1,2015-01-01 00:00:00,10:33:00,1,0,0,224,158.4,3.2089784541134696,107.98590203256559,589.1568504306955,0,13.009593608474846,15.719843141935982,0,53.33359212781739,0,1,0,0,16.434214236306246,457.2262881381549,457.2262881381549,-233.22628813815493,0,0,0,987.6087823784147,1,57.542765847547464,511.7176735508697,224,0,0,0,15.727854485625304,17,22,0,0
1,2015-01-01 00:00:00,10:34:00,1,0,0,224,158.4,3.219646989877101,110.23894283087897,601.4491441064557,0,13.004605496840101,15.713132586438812,0,53.38775615812678,0,1,0,0,16.40991589976304,465.23841366662833,465.23841366662833,-241.23841366662833,0,0,0,1004.9149735199172,1,57.721448717669375,530.3558886859894,224,0,0,0,15.719843141935982,17,22,0,0
1,2015-01-01 00:00:00,10:35:00,1,0,0,224,158.4,3.232229736132423,123.63388595888694,674.5301885433076,0,12.99962997091656,15.714556624110296,0,53.44370282408619,0,1,0,0,16.386215787064938,520.0900462265716,520.0900462265716,-296.09004622657164,0,0,0,1123.3944998493948,1,58.19205918204386,546.0452625023673,224,0,0,0,15.713132586438812,17,22,0,0
1,2015-01-01 00:00:00,10:36:00,1,0,0,224,158.4,3.24478683140695,124.77088674445153,680.7335149882583,0,12.994676390899128,15.716076502721968,0,53.5056113020065,0,1,0,0,16.363370237304576,523.2129496343335,523.2129496343335,-299.21294963433354,0,0,0,1130.1399712101604,1,58.479849634202026,598.2929011026671,224,0,0,0,15.714556624110296,17,22,0,0
1,2015-01-01 00:00:00,10:37:00,1,0,0,401,193.8,3.2573174653608787,125.8986163689654,686.8862592003279,0,12.989744802076123,15.721819350060846,0,53.570762128024526,0,1,0,0,16.34135344361129,526.3003993196611,526.3003993196611,-125.3003993196611,0,0,0,1136.808862530468,1,58.67643764902456,626.7540298566363,401,0,0,0,15.716076502721968,17,22,0,0
1,2015-01-01 00:00:00,10:38:00,1,0,0,401,193.8,3.269820838274692,127.01697683815858,692.9878865356939,0,12.98484002140405,15.727526980192014,0,53.63779546533642,0,1,0,0,16.32028085539529,529.3525112390761,529.3525112390761,-128.35251123907608,0,0,0,1143.4014242764044,1,58.827546442875,643.3151156460038,401,0,0,0,15.721819350060846,17,22,0,0
1,2015-01-01 00:00:00,10:39:00,1,0,0,224,158.4,3.282296160964751,128.12587234781208,699.0378742991629,0,12.979961931646987,15.729270836175123,0,53.70602897624409,0,1,0,0,16.300119158959802,532.3693989714632,532.3693989714632,-308.36939897146317,0,0,0,1149.9179017783606,1,58.95598832780702,653.908623169861,224,0,0,0,15.727526980192014,17,22,0,0
1,2015-01-01 00:00:00,10:40:00,1,0,0,224,158.4,3.2947426546941694,129.2252092260402,705.0357114292715,0,12.975105872352394,15.731304272880669,0,53.77511808951116,0,1,0,0,16.280702549341274,535.3511737414154,535.3511737414154,-311.35117374141544,0,0,0,1156.3585352814573,1,59.073141786263655,661.494878296929,224,0,0,0,15.729270836175123,17,22,0,0
1,2015-01-01 00:00:00,10:41:00,1,0,0,224,158.4,3.3071595510795415,130.31489587770253,710.9808981950046,0,12.970272110070708,15.73355147774508,0,53.844887834090116,0,1,0,0,16.26201553313513,538.2979444441914,538.2979444441914,-314.29794444419144,0,0,0,1162.7235599994535,1,59.18468012343661,667.5509857908143,224,0,0,0,15.731304272880669,17,22,0,0
1,2015-01-01 00:00:00,10:42:00,1,0,0,224,158.4,3.31954609199405,131.39484273085876,716.8729459036599,0,12.965460822527849,15.736006710454827,0,53.9152474711099,0,1,0,0,16.244040565264722,541.2098176720876,541.2098176720876,-317.20981767208764,0,0,0,1169.0132061717093,1,59.29343072613855,672.8138284576578,224,0,0,0,15.73355147774508,17,22,0,0
1,2015-01-01 00:00:00,10:43:00,1,0,0,224,158.4,3.331901529467431,132.46496218518473,722.7113766194136,0,12.960672179838394,15.738663155488437,0,53.98614829728049,0,1,0,0,16.22676050217595,544.0868977420482,544.0868977420482,-320.0868977420482,0,0,0,1175.2276991228243,1,59.400801273849886,677.6510901336102,224,0,0,0,15.736006710454827,17,22,0,0
1,2015-01-01 00:00:00,10:44:00,1,0,0,224,158.4,3.3442251255832334,133.52516856226882,728.4957228921431,0,12.955906343285712,15.741514082481295,0,54.057562588404494,0,1,0,0,16.210158551608348,546.9292867243445,546.9292867243445,-322.9292867243445,0,0,0,1181.3672593245842,1,59.5074912526163,682.2462750477443,224,0,0,0,15.738663155488437,17,22,0,0
1,2015-01-01 00:00:00,10:45:00,1,0,0,224,158.4,3.3565161523737723,134.57537805771332,734.2255274960987,0,12.951163465446228,15.744552832742635,0,54.129473095710985,0,1,0,0,16.1942182635428,549.7370844721735,549.7370844721735,-325.7370844721735,0,0,0,1187.4321024598948,1,59.61384689319693,686.6910116906872,224,0,0,0,15.741514082481295,17,22,0,0
1,2015-01-01 00:00:00,10:46:00,1,0,0,224,158.4,3.368773891713155,135.61550869497015,739.9003431780375,0,12.946443690297764,15.747772822602213,0,54.2018678063497,0,1,0,0,16.178923520998577,552.5103886520418,552.5103886520418,-328.5103886520418,0,0,0,1193.4224394884104,1,59.720038223447155,691.0310984832289,224,0,0,0,15.744552832742635,17,22,0,0
1,2015-01-01 00:00:00,10:47:00,1,0,0,224,158.4,3.3809976352086966,136.64548028083925,745.5197324144283,0,12.941747153331436,15.751167545324432,0,54.274737329787264,0,1,0,0,16.164258531257204,555.249294774801,555.249294774801,-331.249294774801,0,0,0,1199.3384767135703,1,59.82614738318086,695.2894725542789,224,0,0,0,15.747772822602213,17,22,0,0
1,2015-01-01 00:00:00,10:48:00,1,0,0,224,158.4,3.3931866840910496,137.66521436256545,751.0832671773778,0,12.937073981665456,15.754730572389796,0,54.348073594021656,0,1,0,0,16.150207817449967,557.953896227224,557.953896227224,-333.95389622722405,0,0,0,1205.1804158508041,1,59.932212674626264,699.477666727593,224,0,0,0,15.751167545324432,17,22,0,0
1,2015-01-01 00:00:00,10:49:00,1,0,0,224,158.4,3.405340349103321,138.67463418647077,756.5905287089342,0,12.932424294160104,15.75845555438822,0,54.42186919512151,0,1,0,0,16.13675621047513,560.6242843040164,560.6242843040164,-336.62428430401644,0,0,0,1210.9484540966755,1,60.038250533564415,703.6015241561805,224,0,0,0,15.754730572389796,17,22,0,0
1,2015-01-01 00:00:00,10:50:00,1,0,0,401,193.8,3.4174579503894273,139.67366465806066,762.0411073034315,0,12.927798201533399,15.766338152814775,0,54.4961170726281,0,1,0,0,16.123888841220474,563.2605482401632,563.2605482401632,-162.2605482401632,0,0,0,1216.6427841987527,1,60.14426648757438,707.6640486438062,401,0,0,0,15.75845555438822,17,22,0,0
1,2015-01-01 00:00:00,10:51:00,1,0,0,401,193.8,3.4295388173819346,140.6622323035476,767.434602097568,0,12.923200434127157,15.774121395163512,0,54.57081103353136,0,1,0,0,16.111727253179463,565.8627752435264,565.8627752435264,-164.86277524352636,0,0,0,1222.263594526017,1,60.25026062136782,711.6668262832306,401,0,0,0,15.766338152814775,17,22,0,0
1,2015-01-01 00:00:00,10:52:00,1,0,0,401,193.8,3.441582288689579,141.64026523273665,772.7706208679142,0,12.918630789771955,15.781878076126468,0,54.64594424651535,0,1,0,0,16.100244060729942,568.4310505276104,568.4310505276104,-167.4310505276104,0,0,0,1227.8110691396387,1,60.356230622665926,715.6106480673938,401,0,0,0,15.774121395163512,17,22,0,0
1,2015-01-01 00:00:00,10:53:00,1,0,0,401,193.8,3.453587711984677,142.6076931032209,778.048779835568,0,12.914089150335126,15.789610436018828,0,54.72150995898842,0,1,0,0,16.089415285743428,570.9654573444255,570.9654573444255,-169.96545734442554,0,0,0,1233.2853878639592,1,60.46217264072279,719.4960833949727,401,0,0,0,15.781878076126468,17,22,0,0
1,2015-01-01 00:00:00,10:54:00,1,0,0,224,158.4,3.4655544438905914,143.56444708583433,783.2687034776706,0,12.909575399975447,15.79331944795054,0,54.79750146168717,0,1,0,0,16.079217841875245,573.466077017377,573.466077017377,-349.46607701737696,0,0,0,1238.6867263575343,1,60.56808206119673,723.3234978985307,224,0,0,0,15.789610436018828,17,22,0,0
1,2015-01-01 00:00:00,10:55:00,1,0,0,224,158.4,3.477481849869413,144.51045983131743,788.4300243455375,0,12.905084798263715,15.797258344654393,0,54.87391139111775,0,1,0,0,16.06949340670774,575.9329889741273,575.9329889741273,-351.9329889741273,0,0,0,1244.015256184115,1,60.67395388694757,727.0931555382051,224,0,0,0,15.79331944795054,17,22,0,0
1,2015-01-01 00:00:00,10:56:00,1,0,0,224,158.4,3.4893693041100105,145.4456654381458,793.5323828891367,0,12.900617531909587,15.801350267105578,0,54.95073314824973,0,1,0,0,16.06023371071953,578.3662707793687,578.3662707793687,-354.36627077936873,0,0,0,1249.2711448834366,1,60.779782607863865,730.8053544745575,224,0,0,0,15.797258344654393,17,22,0,0
1,2015-01-01 00:00:00,10:57:00,1,0,0,224,158.4,3.5012161894165663,146.36999942147997,798.5754272876823,0,12.89617369786361,15.805588614903447,0,55.02796013768855,0,1,0,0,16.05142815141293,580.7659981674622,580.7659981674622,-356.76599816746216,0,0,0,1254.4545560417184,1,60.885562796475355,734.4602319113807,224,0,0,0,15.801350267105578,17,22,0,0
1,2015-01-01 00:00:00,10:58:00,1,0,0,224,158.4,3.513021897097732,147.2833986831942,803.5588132861157,0,12.891753384746389,15.809965855106508,0,55.10558578085689,0,1,0,0,16.043066262416012,583.1322450748947,583.1322450748947,-359.13224507489474,0,0,0,1259.5656493617728,1,60.991289058261536,738.0579350071372,224,0,0,0,15.805588614903447,17,22,0,0
1,2015-01-01 00:00:00,10:59:00,1,0,0,224,158.4,3.5247858268564958,148.18580148294174,808.4822040372413,0,12.887356671793754,15.814474666098826,0,55.183603516064245,0,1,0,0,16.035137677133378,585.4650836725151,585.4650836725151,-361.4650836725151,0,0,0,1264.6045807326327,1,61.09695601254782,741.5986129529851,224,0,0,0,15.809965855106508,17,22,0,0
1,2015-01-01 00:00:00,11:00:00,1,1,0,1306,437.00000000000006,3.536507386680869,149.07714741022087,813.3452699493233,0,12.882983629126633,15.850603336039262,0,55.26200679849647,0,1,0,0,16.027632132540365,587.7645843975114,587.7645843975114,718.2354156024886,0,0,0,1269.5715022986246,1,61.202558282954044,745.0824145569305,587.7645843975114,0,0,0,15.814474666098826,17,22,0,0
1,2015-01-01 00:00:00,11:01:00,1,1,0,1306,437.00000000000006,3.548185992735464,149.95737735740266,818.1476885389278,0,12.878670737857032,15.884891004989866,0,55.3407944992791,0,1,0,0,16.021610744904272,590.0308159850982,590.0308159850982,715.9691840149018,0,0,0,1274.4665625278124,1,61.3080904926985,748.5094870416541,590.0308159850982,0,0,0,15.850603336039262,17,22,0,0
1,2015-01-01 00:00:00,11:02:00,1,1,0,1306,437.00000000000006,3.5598210692540615,150.82643349368516,822.8891442888206,0,12.874415713561644,15.917951864324095,0,55.41995969241389,0,1,0,0,16.016960413614665,592.2638454998814,592.2638454998814,713.7361545001186,0,0,0,1279.289906279744,1,61.413549781955524,751.8792951708442,592.2638454998814,0,0,0,15.884891004989866,17,22,0,0
1,2015-01-01 00:00:00,11:03:00,1,1,0,1483,472.40000000000003,3.571412048433209,151.6842592399415,827.5693285107418,0,12.870216986105726,15.953846300901784,0,55.49949561693276,0,1,0,0,16.013592775883694,594.4637383668775,594.4637383668775,888.5362616331225,0,0,0,1284.0416748724554,1,61.51893186463641,755.1923512822458,594.4637383668775,0,0,0,15.917951864324095,17,22,0,0
1,2015-01-01 00:00:00,11:04:00,1,1,0,1483,472.40000000000003,3.5829583703269394,152.53079924442744,832.1879392128695,0,12.86607768325371,15.988386737593537,0,55.579396244731235,0,1,0,0,16.011560582857097,596.6305584021594,596.6305584021594,886.3694415978406,0,0,0,1288.7220061486644,1,61.62423179113408,758.4489672106592,596.6305584021594,0,0,0,15.953846300901784,17,22,0,0
1,2015-01-01 00:00:00,11:05:00,1,1,0,1483,472.40000000000003,3.5944594827426344,153.3659993593189,836.7446809718115,0,12.861996083777731,16.021711225963053,0,55.65965484639821,0,1,0,0,16.010772356827726,598.7643678431134,598.7643678431134,884.2356321568866,0,0,0,1293.331034541125,1,61.72944460426229,761.6492788467583,598.7643678431134,0,0,0,15.988386737593537,17,22,0,0
1,2015-01-01 00:00:00,11:06:00,1,1,0,1483,472.40000000000003,3.605914841138109,154.1898066180486,841.2392648089569,0,12.857970629053005,16.053883509852184,0,55.74026474286224,0,1,0,0,16.011144427206478,600.8652273782824,600.8652273782824,882.1347726217176,0,0,0,1297.86889113709,1,61.834565006149326,764.7935094908739,600.8652273782824,0,0,0,16.021711225963053,17,22,0,0
1,2015-01-01 00:00:00,11:07:00,1,1,0,1306,437.00000000000006,3.617323908519934,155.00216921341388,845.6714080710356,0,12.853999836815115,16.08096253433058,3,54.72345293318493,0,1,0,0,16.01259813750055,602.9331961767837,602.9331961767837,703.0668038232163,0,0,0,1302.3357037418527,1,61.93958753860556,767.8818331741732,602.9331961767837,0,0,0,16.053883509852184,17,22,0,0
1,2015-01-01 00:00:00,11:08:00,1,1,0,1306,437.00000000000006,3.628686155343045,155.8030364764278,850.040834314732,0,12.850077670048602,16.1070700312496,0,54.82074084457747,0,1,0,0,16.01492345712062,604.968331917285,604.968331917285,701.031668082715,0,0,0,1306.7315969413357,1,61.53221570200615,909.2329602829991,604.968331917285,0,0,0,16.08096253433058,17,22,0,0
1,2015-01-01 00:00:00,11:09:00,1,1,0,1306,437.00000000000006,3.6400010594116736,156.59235885588765,854.3472731952147,0,12.846202869476244,16.132381109495125,0,54.91074945324216,0,1,0,0,16.01805769433589,606.9706908165258,606.9706908165258,699.0293091834742,0,0,0,1311.0566921636957,1,61.38213168871213,845.6458320360132,606.9706908165258,0,0,0,16.1070700312496,17,22,0,0
1,2015-01-01 00:00:00,11:10:00,1,1,0,1306,437.00000000000006,3.6491654319309954,140.05937822978586,764.1455097190124,0,12.842372635922484,16.14625324351257,0,54.99728963714543,0,1,0,0,16.02194624587192,541.9568916150629,541.9568916150629,764.0431083849371,0,0,0,1170.626885888536,1,60.92852597846373,815.3941616692158,541.9568916150629,0,0,0,16.132381109495125,17,22,0,0
1,2015-01-01 00:00:00,11:11:00,1,1,0,1306,437.00000000000006,3.658679314786829,143.9039203697441,785.1208249767652,0,12.838573943373524,16.161963779917524,0,55.07603926279293,0,1,0,0,16.02617437504337,555.8983391929315,555.8983391929315,750.1016608070685,0,0,0,1200.7404126567321,1,60.82659337905788,747.3357790061062,555.8983391929315,0,0,0,16.14625324351257,17,22,0,0
1,2015-01-01 00:00:00,11:12:00,1,1,0,1306,437.00000000000006,3.667776161271828,141.41261400864886,771.5285857905964,0,12.834808509043917,16.17531722821216,0,55.152176257698656,0,1,0,0,16.03079306228399,545.3756660890064,545.3756660890064,760.6243339109936,0,0,0,1178.0114387522538,1,60.743511211099104,724.5698186493838,545.3756660890064,0,0,0,16.161963779917524,17,22,0,0
1,2015-01-01 00:00:00,11:13:00,1,1,0,1306,437.00000000000006,3.6768395006913632,142.07358942923466,775.1347805778288,0,12.83107351345554,16.188437850544922,0,55.22600973376542,0,1,0,0,16.03570885024073,547.0415551261541,547.0415551261541,758.9584448738459,0,0,0,1181.609759072493,1,60.74740484680715,704.5082041284564,547.0415551261541,0,0,0,16.17531722821216,17,22,0,0
1,2015-01-01 00:00:00,11:14:00,1,1,0,1306,437.00000000000006,3.6858687078751187,142.72408372852905,778.6837917485632,0,12.82736859861055,16.20130126850843,0,55.29882566821324,0,1,0,0,16.040903714196656,548.6785042813782,548.6785042813782,757.3214957186218,0,0,0,1185.145569247777,1,60.7945949363364,695.6957842432575,548.6785042813782,0,0,0,16.188437850544922,17,22,0,0
1,2015-01-01 00:00:00,11:15:00,1,1,0,1306,437.00000000000006,3.6950528654281465,144.97489054325683,790.9638971042888,0,12.823693535902292,16.214911118275868,0,55.37126231291998,0,1,0,0,16.046359413322907,556.4695513047582,556.4695513047582,749.5304486952418,0,0,0,1201.9742308182776,1,60.90315071706424,692.4669277835184,556.4695513047582,0,0,0,16.20130126850843,17,22,0,0
1,2015-01-01 00:00:00,11:16:00,1,1,0,1483,472.40000000000003,3.704010825594822,143.99347592519996,785.60942828514,0,12.82004894152205,16.231229015181267,0,55.444208988592,0,1,0,0,16.052092464511784,551.865752752986,551.865752752986,931.134247247014,0,0,0,1192.03002594645,1,60.96309233372765,697.0179389221769,551.865752752986,0,0,0,16.214911118275868,17,22,0,0
1,2015-01-01 00:00:00,11:17:00,1,1,0,1483,472.40000000000003,3.708962945868432,110.49029624632185,602.8204952161836,0,12.816434563021232,16.22603689772775,0,55.516958683623656,0,1,0,0,16.05818554446653,422.834799130615,422.834799130615,1060.165200869385,0,0,0,913.3231661221284,1,60.19649737643937,695.3793014870918,422.834799130615,0,0,0,16.231229015181267,17,22,0,0
1,2015-01-01 00:00:00,11:18:00,1,1,0,1989,582.4000000000001,3.7125885881863283,99.5331470772573,543.03973335156,0,12.81282436669791,16.227058912388948,0,55.57760845420833,0,1,0,0,16.06389477416929,380.35058577052047,380.35058577052047,1608.6494142294796,0,0,0,821.5572652643243,1,59.563995184807546,589.6218752947797,380.35058577052047,0,0,0,16.22603689772775,17,22,0,0
1,2015-01-01 00:00:00,11:19:00,1,1,0,2017,610.4000000000001,3.713581246108414,77.00502297631076,420.1292571541869,0,12.809223345558008,16.217160721438347,0,55.628266614636075,0,1,0,0,16.069444574789006,293.8453774126001,293.8453774126001,1723.1546225874,0,0,0,634.7060152112163,1,58.71075183719598,502.284728055501,293.8453774126001,0,0,0,16.227058912388948,17,22,0,0
1,2015-01-01 00:00:00,11:20:00,1,1,0,1840,575,3.714409582415339,75.66992359266993,412.84513086480723,0,12.805618717426299,16.20301798343117,0,55.66589821225924,0,1,0,0,16.074468933518578,288.35010926485336,288.35010926485336,1551.6498907351465,0,0,0,622.8362360120833,1,58.261617413970974,388.3931380425478,288.35010926485336,0,0,0,16.217160721438347,17,22,0,0
1,2015-01-01 00:00:00,11:21:00,1,1,0,1840,575,3.7214534204680048,130.46623625957847,711.8065913739356,0,12.80201073788812,16.223347926989607,0,55.69651150358181,0,1,0,0,16.07884135018227,496.48418212218127,496.48418212218127,1343.5158178778188,0,0,0,1072.4058333839116,1,59.390221693802246,327.06061941567805,496.48418212218127,0,0,0,16.20301798343117,17,22,0,0
1,2015-01-01 00:00:00,11:22:00,1,1,0,1840,575,3.728471550444772,130.96804832294,714.5444118596972,0,12.798439254901522,16.24244499800594,0,55.742934102279285,0,1,0,0,16.083756539869594,497.732982087715,497.732982087715,1342.267017912285,0,0,0,1075.1032413094645,1,59.99129866597505,465.4074839677749,497.732982087715,0,0,0,16.223347926989607,17,22,0,0
1,2015-01-01 00:00:00,11:23:00,1,1,0,1273,461.6,3.739387195244606,166.4054136278369,907.8860068051076,0,12.794906003876983,16.269660097275928,0,55.79733903957863,0,1,0,0,16.089154106472872,631.5903804418041,631.5903804418041,641.4096195581959,0,0,0,1364.2352217542968,1,61.18380620876997,535.2939350256665,631.5903804418041,0,0,0,16.24244499800594,17,22,0,0
1,2015-01-01 00:00:00,11:24:00,1,1,0,1273,461.6,3.750244847540098,167.01632162418812,911.2190403239152,0,12.79142024808944,16.295816935454592,0,55.86812799328202,0,1,0,0,16.095293766023996,633.106920298536,633.106920298536,639.893079701464,0,0,0,1367.5109478448378,1,61.830188769030876,678.694863318109,633.106920298536,0,0,0,16.269660097275928,17,22,0,0
1,2015-01-01 00:00:00,11:25:00,1,1,0,1273,461.6,3.7610441530662446,167.61502969185264,914.4855126395912,0,12.787980621082257,16.32111174107035,3,54.846362771861266,0,1,0,0,16.102114281991025,634.5914053552667,634.5914053552667,638.4085946447333,0,0,0,1370.7174355673762,1,62.20409582442111,751.2196577443555,634.5914053552667,0,0,0,16.295816935454592,17,22,0,0
1,2015-01-01 00:00:00,11:26:00,1,1,0,1273,461.6,3.7717847620040006,168.20150474373457,917.6852432333009,0,12.784585985732042,16.34539818554137,0,54.945709799069995,0,1,0,0,16.10956317515699,636.0438708665588,636.0438708665588,636.9561291334412,0,0,0,1373.8547610717671,1,61.92834322371846,927.0743646225403,636.0438708665588,0,0,0,16.32111174107035,17,22,0,0
1,2015-01-01 00:00:00,11:27:00,1,1,0,1273,461.6,3.780614284295524,151.8981430870535,828.7362505936311,0,12.781233501151279,16.35850485336857,0,55.03964252410833,0,1,0,0,16.117584774149655,573.7179159487413,573.7179159487413,699.2820840512587,0,0,0,1239.2306984492811,1,61.432063161864974,879.8118115057061,573.7179159487413,0,0,0,16.34539818554137,17,22,0,0
1,2015-01-01 00:00:00,11:28:00,1,1,0,1273,461.6,3.7897687618362728,155.79061746868015,849.9730778451155,0,12.7779104254425,16.37357514956302,0,55.1250623291199,0,1,0,0,16.125779334667307,587.7446487959821,587.7446487959821,685.2553512040179,0,0,0,1269.5284413993215,1,61.31229837040282,805.445000357337,587.7446487959821,0,0,0,16.35850485336857,17,22,0,0
1,2015-01-01 00:00:00,11:29:00,1,1,0,1273,461.6,3.7990595698085587,157.99510864529574,862.0004911830661,0,12.774619083954846,16.38927507945244,0,55.207515416026446,0,1,0,0,16.134207763745394,595.3948231844848,595.3948231844848,677.6051768155152,0,0,0,1286.0528180784872,1,61.34030824450201,779.5917412016482,595.3948231844848,0,0,0,16.37357514956302,17,22,0,0
1,2015-01-01 00:00:00,11:30:00,1,1,0,1273,461.6,3.807197200416862,148.269264998501,808.9375699787875,0,12.771359185023206,16.39823924902044,0,55.28917307727023,0,1,0,0,16.14288352278305,558.1347599135589,558.1347599135589,714.8652400864411,0,0,0,1205.5710814132874,1,61.15320967560536,772.7318963879212,558.1347599135589,0,0,0,16.38927507945244,17,22,0,0
1,2015-01-01 00:00:00,11:31:00,1,1,0,1450,497,3.8160270893087285,155.56384982865794,848.7358634860152,0,12.768123451602417,16.415400563882347,0,55.366948187058554,0,1,0,0,16.151569091702687,584.9726317968156,584.9726317968156,865.0273682031844,0,0,0,1263.5408846811217,1,61.26860121183341,738.8686113902268,584.9726317968156,0,0,0,16.39823924902044,17,22,0,0
1,2015-01-01 00:00:00,11:32:00,1,1,0,1450,497,3.8259068930902114,166.31786301266595,907.4083421867037,0,12.764922185553633,16.438278692997788,0,55.44525458245134,0,1,0,0,16.160542951300634,624.7654569645051,624.7654569645051,825.2345430354949,0,0,0,1349.493387043331,1,61.62063570170839,743.6082811216322,624.7654569645051,0,0,0,16.415400563882347,17,22,0,0
1,2015-01-01 00:00:00,11:33:00,1,1,0,1768,560.6,3.835729592796925,166.80285087155193,910.0543720300458,0,12.761761881711386,16.467505233189197,0,55.527493160416164,0,1,0,0,16.169989745235913,625.9578114289981,625.9578114289981,1142.042188571002,0,0,0,1352.0688726866358,1,61.845391384784826,778.0980210263879,625.9578114289981,0,0,0,16.438278692997788,17,22,0,0
1,2015-01-01 00:00:00,11:34:00,1,1,0,1768,560.6,3.8454948482045976,167.27574475818264,912.6344187545827,0,12.758649752078897,16.49558358168674,0,55.61177489691669,0,1,0,0,16.180109319656093,627.1193459388498,627.1193459388498,1140.8806540611502,0,0,0,1354.5777872279157,1,62.006576609406494,796.0551762704514,627.1193459388498,0,0,0,16.467505233189197,17,22,0,0
1,2015-01-01 00:00:00,11:35:00,1,1,0,1768,560.6,3.855020817335719,166.00727717364657,905.7138267799625,0,12.755584174745021,16.521618342988734,0,55.697154408779646,0,1,0,0,16.190839736731967,621.7732812877838,621.7732812877838,1146.226718712216,0,0,0,1343.030287581613,1,62.09421222901299,805.745015773715,621.7732812877838,0,0,0,16.49558358168674,17,22,0,0
1,2015-01-01 00:00:00,11:36:00,1,1,0,685,344,3.8639471306417743,161.24968108954937,879.7570095309588,0,12.752562196648778,16.5190884385919,0,55.7825562352083,0,1,0,0,16.2020907097339,603.3974777815492,603.3974777815492,81.60252221845076,0,0,0,1303.3385520081465,1,62.060716272237656,806.0292853494011,603.3974777815492,0,0,0,16.521618342988734,17,22,0,0
1,2015-01-01 00:00:00,11:37:00,1,1,0,685,344,3.8726404109716563,159.92978013033962,872.5558038423314,0,12.74955050699762,16.516352376851593,0,55.86623085954781,0,1,0,0,16.21287294540934,597.9234442067182,597.9234442067182,87.07655579328184,0,0,0,1291.5146394865112,1,62.04832884755029,791.0481646656992,597.9234442067182,0,0,0,16.5190884385919,17,22,0,0
1,2015-01-01 00:00:00,11:38:00,1,1,0,2617,730.4,3.8827221853797607,174.27411454757117,950.8166020364528,0,12.746549998916489,16.56632223461589,0,55.94850737712087,0,1,0,0,16.223195375050235,650.9874101842865,650.9874101842865,1966.0125898157135,0,0,0,1406.132805998059,1,62.423185277269795,778.9443464883118,650.9874101842865,0,0,0,16.516352376851593,17,22,0,0
1,2015-01-01 00:00:00,11:39:00,1,1,0,4704,2817.3999999999996,3.8927403472527953,174.69892211911494,953.1342961629912,0,12.74362154413556,16.849377969547156,0,56.0349915071443,0,1,0,0,16.234866356668114,652.0263844258945,652.0263844258945,4051.9736155741057,0,0,0,1408.3769903599323,1,62.660452177766004,815.8094154187646,652.0263844258945,0,0,0,16.56632223461589,17,22,0,0
1,2015-01-01 00:00:00,11:40:00,1,1,0,4704,2817.3999999999996,3.90269461759291,175.111118200096,955.3831836590408,0,12.74103447638689,17.115916138981234,0,56.123680607051945,0,1,0,0,16.255768112208216,653.0337322625207,653.0337322625207,4050.966267737479,0,0,0,1410.552861687045,1,62.82900693679454,834.8080444983349,653.0337322625207,0,0,0,16.849377969547156,17,22,0,0
1,2015-01-01 00:00:00,11:41:00,1,1,0,4704,2817.3999999999996,3.91258472110904,175.51068147337463,957.5631482210966,0,12.738768964286438,17.370667876134494,0,56.21355026086285,0,1,0,0,16.28502484781274,654.0094752416762,654.0094752416762,4049.9905247583238,0,0,0,1412.6604665220207,1,62.96319681389949,844.8711175475672,654.0094752416762,0,0,0,17.115916138981234,17,22,0,0
1,2015-01-01 00:00:00,11:42:00,1,1,0,2617,730.4,3.922410386193091,175.89759134593345,959.6740774963695,0,12.73681068647565,17.378276038428528,0,56.3040863913892,0,1,0,0,16.321951481429124,654.9536341144616,654.9536341144616,1962.0463658855383,0,0,0,1414.699849687237,1,63.08013454453539,850.4554656826167,654.9536341144616,0,0,0,17.370667876134494,17,22,0,0
1,2015-01-01 00:00:00,11:43:00,1,1,0,2617,730.4,3.932171344896263,176.27182794287899,961.7158630500601,0,12.734873193592156,17.389949446598248,0,56.39498848873399,0,1,0,0,16.357880888129785,655.8662288476947,655.8662288476947,1961.1337711523051,0,0,0,1416.6710543110207,1,63.188343533265844,853.7820672964201,655.8662288476947,0,0,0,17.378276038428528,17,22,0,0
1,2015-01-01 00:00:00,11:44:00,1,1,0,3700,947,3.9337366420569486,95.38202093491238,520.3917361803467,0,12.732954345782174,17.37596715869331,0,56.48612622325374,0,1,0,0,16.39298526086681,354.6435304632268,354.6435304632268,3345.356469536773,0,0,0,766.0300258005699,1,61.34515724690782,855.962735611013,354.6435304632268,0,0,0,17.389949446598248,17,22,0,0
1,2015-01-01 00:00:00,11:45:00,1,1,0,3700,947,3.936537887067986,107.95914527368942,589.0108690804404,0,12.731025464334806,17.37114216912077,0,56.54939167129758,0,1,0,0,16.42642001929628,401.13404916577105,401.13404916577105,3298.865950834229,0,0,0,866.4495461980655,1,60.743435871910904,612.2379089804135,401.13404916577105,0,0,0,17.37596715869331,17,22,0,0
1,2015-01-01 00:00:00,11:46:00,1,1,0,3700,947,3.938803848350223,102.84461979063045,561.1066920690947,0,12.729096714165122,17.36357285598317,0,56.60306963644318,0,1,0,0,16.458553425752896,381.88059348683265,381.88059348683265,3318.119406513167,0,0,0,824.8620819315586,1,60.34067085265466,528.4495692772791,381.88059348683265,0,0,0,17.37114216912077,17,22,0,0
1,2015-01-01 00:00:00,11:47:00,1,1,0,3700,947,3.941240210230438,104.80858464839035,571.8218255094345,0,12.727165062973244,17.357920855160724,0,56.65016432307998,0,1,0,0,16.489336399570252,388.9287899595555,388.9287899595555,3311.0712100404444,0,0,0,840.0861863126399,1,60.20481192681687,470.9377532426465,388.9287899595555,0,0,0,17.36357285598317,17,22,0,0
1,2015-01-01 00:00:00,11:48:00,1,1,0,3700,947,3.9407040129706927,74.73995160915293,407.77132628027516,0,12.725230267462194,17.334247537447318,0,56.69461543540786,0,1,0,0,16.518880088535916,277.18168203478086,277.18168203478086,3422.818317965219,0,0,0,598.7124331951267,1,59.437071343048395,447.8855980708489,277.18168203478086,0,0,0,17.357920855160724,17,22,0,0
1,2015-01-01 00:00:00,11:49:00,1,1,0,3700,947,3.940533167963788,78.43003732372584,427.9039476363615,0,12.723271797961266,17.314510654705213,0,56.72735930883823,0,1,0,0,16.546613675233584,290.6991878983529,290.6991878983529,3409.3008121016474,0,0,0,627.9102458604423,1,59.151426639066884,345.54944436270716,290.6991878983529,0,0,0,17.334247537447318,17,22,0,0
1,2015-01-01 00:00:00,11:50:00,0,1,0,2579,545.4,3.9381236943302613,55.34588446311088,301.9598518031925,0,12.721292396146712,17.236247270776406,0,56.755509390052815,0,1,0,0,16.57273262011357,205.02535527569327,205.02535527569327,2373.974644724307,0,0,0,442.8547673954975,1,58.468155280669755,305.4324836088102,205.02535527569327,0,0,0,17.314510654705213,17,22,0,0
1,2015-01-01 00:00:00,11:51:00,0,1,0,2559,545.4,3.9359191314990634,57.21834574486522,312.17575379176066,0,12.719224596225645,17.163931120101463,0,56.748734659403794,0,1,0,0,16.59530114564632,211.8505036045057,211.8505036045057,2347.149496395494,0,0,0,457.5970877857323,0,58.974142517555315,0,211.8505036045057,0,0,0,17.236247270776406,17,22,0,0
1,2015-01-01 00:00:00,11:52:00,0,1,0,2579,545.4,3.9337444804424706,57.30135328895458,312.62863201305777,0,12.717075475680298,17.09513682540504,0,56.773994566240155,0,1,0,0,16.614642301240032,212.05187705432434,212.05187705432434,2366.9481229456755,0,0,0,458.0320544373406,1,58.432430026155245,280.40139012709153,212.05187705432434,0,0,0,17.163931120101463,17,22,0,0
1,2015-01-01 00:00:00,11:53:00,0,1,0,2559,545.4,3.931941786746144,60.96651993456872,332.62529821289615,0,12.714849577116146,17.031913121957274,0,56.76719247634173,0,1,0,0,16.630985652402106,225.50840087801225,225.50840087801225,2333.4915991219877,0,0,0,487.0981458965065,0,59.02707937218661,0,225.50840087801225,0,0,0,17.09513682540504,17,22,0,0
1,2015-01-01 00:00:00,11:54:00,0,1,0,2579,545.4,3.9301644137374243,61.04598436549194,333.0588456756925,0,12.712553515597495,16.97171441552288,0,56.79292308546685,0,1,0,0,16.644622641162485,225.70100868968993,225.70100868968993,2353.29899131031,0,0,0,487.5141787697303,1,58.556061900200326,284.74574887645565,225.70100868968993,0,0,0,17.031913121957274,17,22,0,0
1,2015-01-01 00:00:00,11:55:00,0,1,0,2559,545.4,3.9285817659839584,62.91875594573267,343.27644061190927,0,12.710191089987168,16.915517348416667,0,56.786096592552006,0,1,0,0,16.65574821171896,232.5265627418355,232.5265627418355,2326.4734372581643,0,0,0,502.2573755223647,0,59.19332254611802,0,232.5265627418355,0,0,0,16.97171441552288,17,22,0,0
1,2015-01-01 00:00:00,11:56:00,0,1,0,2579,545.4,3.926512747337097,57.592277381806376,314.2158755238568,0,12.7077666558841,16.85864262785135,0,56.813925689841504,0,1,0,0,16.664583896640654,212.75691146513535,212.75691146513535,2366.2430885348645,0,0,0,459.55492876469236,1,58.56662198400439,303.31047014931755,212.75691146513535,0,0,0,16.915517348416667,17,22,0,0
1,2015-01-01 00:00:00,11:57:00,0,1,0,2559,545.4,3.9246385862624047,59.45642359136528,324.386411574339,0,12.70527971449071,16.805607242484417,0,56.807076212745166,0,1,0,0,16.671184533756662,219.56145012623767,219.56145012623767,2339.4385498737624,0,0,0,474.2527322726734,0,59.12003715736265,0,219.56145012623767,0,0,0,16.85864262785135,17,22,0,0
1,2015-01-01 00:00:00,11:58:00,0,1,0,2579,545.4,3.922619873198834,57.713025839576254,314.8746631964607,0,12.702734709651528,16.75390347180899,0,56.83352545566704,0,1,0,0,16.675756734733795,213.04920165973428,213.04920165973428,2365.950798340266,0,0,0,460.18627558502607,1,58.54064517153931,291.43307902180334,213.04920165973428,0,0,0,16.805607242484417,17,22,0,0
1,2015-01-01 00:00:00,11:59:00,0,1,0,2559,545.4,3.920625602001652,57.76721065908363,315.17028843087786,0,12.700133316776341,16.704597198765704,0,56.826654663326956,0,1,0,0,16.678414787015264,213.18030068763642,213.18030068763642,2345.819699312364,0,0,0,460.4694494852947,0,59.05339192665466,0,213.18030068763642,0,0,0,16.75390347180899,17,22,0,0
1,2015-01-01 00:00:00,12:00:00,0,1,0,2579,545.4,3.9183211178785644,54.20368646936791,295.7281700753413,0,12.69747816284319,16.655298957794976,0,56.85184161292495,0,1,0,0,16.679305345238067,199.9700367379789,199.9700367379789,2379.0299632620213,0,0,0,431.93527935403444,1,58.431244749687814,280.56889517929096,199.9700367379789,0,0,0,16.704597198765704,17,22,0,0
1,2015-01-01 00:00:00,12:01:00,0,1,0,2559,545.4,3.915709944474542,50.63028958296203,276.23218758774914,0,12.69476910946774,16.60602238908324,0,56.84495077704121,0,1,0,0,16.678488801447486,186.7358670990736,186.7358670990736,2372.2641329009266,0,0,0,403.349472933999,0,58.77573390846623,0,186.7358670990736,0,0,0,16.655298957794976,17,22,0,0
1,2015-01-01 00:00:00,12:02:00,0,1,0,2559,545.4,3.9136237567485845,56.095445479339844,306.04935792588907,0,12.692006724303237,16.562315100211098,0,56.83805267503185,0,1,0,0,16.67602395748952,206.8411488097993,206.8411488097993,2352.1588511902005,0,0,0,446.7768814291665,0,59.242642698643046,0,206.8411488097993,0,0,0,16.60602238908324,17,22,0,0
1,2015-01-01 00:00:00,12:03:00,0,1,0,2579,545.4,3.9112306620945376,52.51050586560157,286.49039983914435,0,12.68919729870454,16.51822836584033,0,56.86577435921616,0,1,0,0,16.67215630928277,193.57903070408193,193.57903070408193,2385.420969295918,0,0,0,418.130706320817,1,58.49225086986871,302.97834297501106,193.57903070408193,0,0,0,16.562315100211098,17,22,0,0
1,2015-01-01 00:00:00,12:04:00,0,1,0,2559,545.4,3.908698515695595,50.72912231933688,276.7714059726129,0,12.686340371957497,16.474972320680273,0,56.858857637045865,0,1,0,0,16.66692066494799,186.97475347656734,186.97475347656734,2372.0252465234325,0,0,0,403.8654675093855,0,58.83687889994714,0,186.97475347656734,0,0,0,16.51822836584033,17,22,0,0
1,2015-01-01 00:00:00,12:05:00,0,1,0,2559,545.4,3.9063559447869896,52.56749545545455,286.8013275309368,0,12.683437156249221,16.43469930653866,0,56.85193468527734,0,1,0,0,16.66039180970079,193.71673761608798,193.71673761608798,2365.283262383912,0,0,0,418.4281532507501,0,59.21780213016469,0,193.71673761608798,0,0,0,16.474972320680273,17,22,0,0
1,2015-01-01 00:00:00,12:06:00,0,1,0,2579,545.4,3.9043630212893596,56.21728230034038,306.7140835648481,0,12.680491483030833,16.398338092983103,0,56.879074507561654,0,1,0,0,16.652715193946978,207.13555956397303,207.13555956397303,2371.864440436027,0,0,0,447.4128086581818,1,58.57320896971947,298.09929805580606,207.13555956397303,0,0,0,16.43469930653866,17,22,0,0
1,2015-01-01 00:00:00,12:07:00,0,1,0,2559,545.4,3.902552583188843,58.05183093480219,316.7231391461545,0,12.677508111446723,16.36456340607588,0,56.87213495274773,0,1,0,0,16.644062911601267,213.8682887715564,213.8682887715564,2345.1317112284437,0,0,0,461.9555037465618,0,59.08934327610238,0,213.8682887715564,0,0,0,16.398338092983103,17,22,0,0
1,2015-01-01 00:00:00,12:08:00,0,1,0,2579,545.4,3.901083350037153,61.69807337174293,336.61655735742164,0,12.674490390383458,16.33437446858354,0,56.89711859748175,0,1,0,0,16.634556125699042,227.27853776059987,227.27853776059987,2351.7214622394004,0,0,0,490.9216415628958,1,58.64651403835269,279.36824874268643,227.27853776059987,0,0,0,16.36456340607588,17,22,0,0
1,2015-01-01 00:00:00,12:09:00,0,1,0,2559,545.4,3.899789600889428,63.526721780493425,346.59342208481576,0,12.67144268004366,16.306461934749997,0,56.890164984202514,0,1,0,0,16.624345865252938,233.99700878618842,233.99700878618842,2325.0029912138116,0,0,0,505.433538978167,0,59.2907893955332,0,233.99700878618842,0,0,0,16.33437446858354,17,22,0,0
1,2015-01-01 00:00:00,12:10:00,0,1,0,2579,545.4,3.8983484119073033,61.72086734712592,336.74091828317825,0,12.66836754999297,16.278483304267787,0,56.917776769488626,0,1,0,0,16.6135334866644,227.33358406718008,227.33358406718008,2351.6664159328197,0,0,0,491.040541585109,1,58.75849381472165,302.47867582766685,227.33358406718008,0,0,0,16.306461934749997,17,22,0,0
1,2015-01-01 00:00:00,12:11:00,0,1,0,2559,545.4,3.8972394937314627,65.356578214448,356.5768776385223,0,12.665265253920381,16.25383255866646,0,56.910810033466014,0,1,0,0,16.602137221957033,240.71839464928482,240.71839464928482,2318.2816053507154,0,0,0,519.9517324424553,0,59.44372012916889,0,240.71839464928482,0,0,0,16.278483304267787,17,22,0,0
1,2015-01-01 00:00:00,12:12:00,0,1,0,2579,545.4,3.8959819924740797,63.541513739588154,346.67412506425956,0,12.66213957072083,16.22892624139998,0,56.94031417127702,0,1,0,0,16.5902901245662,234.03272888986325,234.03272888986325,2344.9672711101366,0,0,0,505.51069440210466,1,58.889640276994776,319.14667205856216,234.03272888986325,0,0,0,16.25383255866646,17,22,0,0
1,2015-01-01 00:00:00,12:13:00,0,1,0,2559,545.4,3.8985257606304304,107.10586079668904,584.3554614251029,0,12.658993404990422,16.23182547485556,0,56.93333507620333,0,1,0,0,16.57799883602313,394.49546742406164,394.49546742406164,2164.5045325759384,0,0,0,852.1102096359732,0,60.563119340589935,0,394.49546742406164,0,0,0,16.22892624139998,17,22,0,0
1,2015-01-01 00:00:00,12:14:00,0,1,0,2579,545.4,3.900888248962579,105.27613447609363,574.3727157527369,0,12.655858800076288,16.232787008774856,0,56.97862656796455,0,1,0,0,16.566224231901785,387.77439560261365,387.77439560261365,2191.225604397386,0,0,0,837.5926945016455,1,60.46463975835289,457.35281731271255,387.77439560261365,0,0,0,16.23182547485556,17,22,0,0
1,2015-01-01 00:00:00,12:15:00,0,1,0,2579,545.4,3.9021325001441287,92.55114917919016,504.94687295114903,0,12.652732564618713,16.225654050813088,0,57.02184015683885,0,1,0,0,16.55488282975461,340.92756142418926,340.92756142418926,2238.072438575811,0,0,0,736.4035326762489,1,60.133462411546624,439.237661988931,340.92756142418926,0,0,0,16.232787008774856,17,22,0,0
1,2015-01-01 00:00:00,12:16:00,0,1,0,2579,545.4,3.903052019773587,88.89685529615367,485.00952711105356,0,12.649605052486304,16.216499119707944,0,57.05965388540275,0,1,0,0,16.543684571967486,327.49786751997,327.49786751997,2251.50213248003,0,0,0,707.3953938431353,1,59.897399673069565,392.0644040931797,327.49786751997,0,0,0,16.225654050813088,17,22,0,0
1,2015-01-01 00:00:00,12:17:00,0,1,0,2579,545.4,3.905355583061394,105.18793903642103,573.8915330568309,0,12.64647507635376,16.21762729286663,0,57.09351574107104,0,1,0,0,16.53255581508791,387.5613840862345,387.5613840862345,2191.4386159137657,0,0,0,837.1325896262666,1,60.181161657507346,357.55596924601826,387.5613840862345,0,0,0,16.216499119707944,17,22,0,0
1,2015-01-01 00:00:00,12:18:00,0,1,0,2579,545.4,3.911799415349705,154.08964083217964,840.6927734817309,0,12.64335796695355,16.248486453274698,0,57.13097054710517,0,1,0,0,16.521843960590587,567.820634151701,567.820634151701,2011.1793658482989,0,0,0,1226.4925697676742,1,61.50410642084249,389.04338547097484,567.820634151701,0,0,0,16.21762729286663,17,22,0,0
1,2015-01-01 00:00:00,12:19:00,0,1,0,2579,545.4,3.9180267939994096,152.20161755774183,830.3919673119387,0,12.640287898706479,16.27606588764576,0,57.18693527784233,0,1,0,0,16.51254608619209,560.9586939864937,560.9586939864937,2018.0413060135063,0,0,0,1211.6707790108264,1,62.15530242363709,551.0151200909021,560.9586939864937,0,0,0,16.248486453274698,17,22,0,0
1,2015-01-01 00:00:00,12:20:00,0,1,0,2579,545.4,3.924192525941188,152.1155448668981,829.9223660538939,0,12.637260934519615,16.30216022485654,0,57.25146647284631,0,1,0,0,16.504502542023847,560.7507018676927,560.7507018676927,2018.2492981323073,0,0,0,1211.2215160342162,1,62.51373465440093,626.0142603701395,560.7507018676927,0,0,0,16.27606588764576,17,22,0,0
1,2015-01-01 00:00:00,12:21:00,0,1,0,2579,545.4,3.926193445891909,103.15548378538922,562.802725056893,0,12.634271816200382,16.296678908713226,0,57.32022325358961,0,1,0,0,16.497620150283463,380.35042173574766,380.35042173574766,2198.6495782642523,0,0,0,821.556910949215,1,61.56494787435045,663.0457908758817,380.35042173574766,0,0,0,16.30216022485654,17,22,0,0
1,2015-01-01 00:00:00,12:22:00,0,1,0,2579,545.4,3.934672523046795,180.84620330248208,986.6730521721993,0,12.631289330478255,16.339700964908484,0,57.37431468052659,0,1,0,0,16.490785414175633,666.9712104021404,666.9712104021404,1912.0287895978595,0,0,0,1440.6578144686234,1,62.95828043442555,534.835302215866,666.9712104021404,0,0,0,16.296678908713226,17,22,0,0
1,2015-01-01 00:00:00,12:23:00,0,1,0,2579,545.4,3.9430667460035727,180.7049517177562,985.902402140954,0,12.628369480861606,16.379716222965403,0,57.447689282174345,0,1,0,0,16.485646487329813,666.6296595686831,666.6296595686831,1912.370340431317,0,0,0,1439.9200646683555,1,63.695024839905585,703.5796849912697,666.6296595686831,0,0,0,16.339700964908484,17,22,0,0
1,2015-01-01 00:00:00,12:24:00,0,1,0,2579,545.4,3.951376136793181,180.55078516154936,985.0612897273245,0,12.625508595651802,16.4176763639057,0,57.530610690252665,0,1,0,0,16.482043417113335,666.2567824350105,666.2567824350105,1912.7432175649897,0,0,0,1439.1146500596226,1,64.10419121876403,787.1642802741362,666.2567824350105,0,0,0,16.379716222965403,17,22,0,0
1,2015-01-01 00:00:00,12:25:00,0,1,0,2579,545.4,3.9596007176975756,180.3837112380947,984.1497564190047,0,12.622704110941024,16.453675741058504,0,57.61822231826443,0,1,0,0,16.479854061562055,665.852571663571,665.852571663571,1913.1474283364291,0,0,0,1438.2415547933135,1,64.34987810539434,828.2711465924318,665.852571663571,0,0,0,16.4176763639057,17,22,0,0
1,2015-01-01 00:00:00,12:26:00,0,1,0,2579,545.4,3.9677405112975945,180.2037381989838,983.1678472355908,0,12.619953577037963,16.487815233197924,0,57.708101382185866,0,1,0,0,16.47896364249731,665.4170192811309,665.4170192811309,1913.582980718869,0,0,0,1437.300761647243,1,64.51386580694866,848.1886291783686,665.4170192811309,0,0,0,16.453675741058504,17,22,0,0
1,2015-01-01 00:00:00,12:27:00,0,1,0,2579,545.4,3.97579554051978,180.01087494537214,982.1156107406139,0,12.617254665786994,16.52018911439294,0,57.799038055134055,0,1,0,0,16.479264717010935,664.9501166739752,664.9501166739752,1914.0498833260249,0,0,0,1436.2922520157865,1,64.63689234082281,857.5263175201118,664.9501166739752,0,0,0,16.487815233197924,17,22,0,0
1,2015-01-01 00:00:00,12:28:00,0,1,0,2579,545.4,3.9837658286822126,179.8051310303667,980.9930990545669,0,12.614605162689756,16.55088585857335,0,57.890426782743845,0,1,0,0,16.480656703316445,664.4518545827355,664.4518545827355,1914.5481454172645,0,0,0,1435.2160058987088,1,64.73924505712475,861.5696399967833,664.4518545827355,0,0,0,16.52018911439294,17,22,0,0
1,2015-01-01 00:00:00,12:29:00,0,1,0,2579,545.4,3.9916513995394016,179.58651666159616,979.8003678689265,0,12.612002959972775,16.57998858267948,0,57.981962987450785,0,1,0,0,16.48304545009389,663.9222230968322,663.9222230968322,1915.077776903168,0,0,0,1434.0720018891577,1,64.83102426177666,862.9511025719938,663.9222230968322,0,0,0,16.55088585857335,17,22,0,0
1,2015-01-01 00:00:00,12:30:00,0,1,0,2579,545.4,3.999452277326266,179.35504270396552,978.5374764611826,0,12.609446050181333,16.60757541812934,0,58.073491988474544,0,1,0,0,16.486342835555984,663.3612116485326,663.3612116485326,1915.6387883514674,0,0,0,1432.8602171608306,1,64.9172566673387,862.9817205650604,663.3612116485326,0,0,0,16.57998858267948,17,22,0,0
1,2015-01-01 00:00:00,12:31:00,0,1,0,2579,545.4,4.0071684868012545,179.11072068259966,977.2044877108978,0,12.606932520215635,16.633719835651565,0,58.16493375700956,0,1,0,0,16.49046639278637,662.7688090066235,662.7688090066235,1916.2311909933765,0,0,0,1431.580627454307,1,65.00044236207124,862.3143495368843,662.7688090066235,0,0,0,16.60757541812934,17,22,0,0
1,2015-01-01 00:00:00,12:32:00,0,1,0,2579,545.4,4.014800053288645,178.8535627859773,975.8014681168055,0,12.604460545754488,16.658490938450345,0,58.25624544425021,0,1,0,0,16.49533895887022,662.1450032696932,662.1450032696932,1916.8549967303068,0,0,0,1430.2332070625375,1,65.08182326685069,861.2740842377721,662.1450032696932,0,0,0,16.633719835651565,17,22,0,0
1,2015-01-01 00:00:00,12:33:00,0,1,0,2579,545.4,4.022347002720058,178.58358186925767,974.3284878149606,0,12.602028386029083,16.68195373163988,0,58.34740272126609,0,1,0,0,16.50088834593077,661.489781859022,661.489781859022,1917.510218140978,0,0,0,1428.8179288154874,1,65.1620148095257,860.0228056476603,661.489781859022,0,0,0,16.658490938450345,17,22,0,0
1,2015-01-01 00:00:00,12:34:00,0,1,0,2579,545.4,4.029809361675229,178.3007914578046,972.7856205979654,0,12.599634378918754,16.704169372385362,0,58.43839048693881,0,1,0,0,16.507047032519512,660.803131511078,660.803131511078,1918.196868488922,0,0,0,1427.3347640639288,1,65.24132047342258,858.6411231207105,660.803131511078,0,0,0,16.68195373163988,17,22,0,0
1,2015-01-01 00:00:00,12:35:00,0,1,0,2579,545.4,4.037187157422068,178.0052057509112,971.1729439352921,0,12.597276936345766,16.725195403414094,0,58.529198240838824,0,1,0,0,16.513751874011547,660.0850382696191,660.0850382696191,1918.914961730381,0,0,0,1425.7836826623773,1,65.31988842352078,857.1691782969548,660.0850382696191,0,0,0,16.704169372385362,17,22,0,0
1,2015-01-01 00:00:00,12:36:00,0,1,0,2579,545.4,4.0444804179560485,177.69683962572674,969.4905389947064,0,12.594954539949294,16.74508597164953,0,58.61981777898303,0,1,0,0,16.520943830793946,659.3354874773887,659.3354874773887,1919.6645125226114,0,0,0,1424.1646529511597,1,65.3977894940877,855.6269630179264,659.3354874773887,0,0,0,16.725195403414094,17,22,0,0
1,2015-01-01 00:00:00,12:37:00,0,1,0,2579,545.4,4.051689172038971,177.3757086413917,967.7384906648283,0,12.592665737020852,16.76389203324168,0,58.71024204622785,0,1,0,0,16.528567713135974,658.5544637674133,658.5544637674133,1920.4455362325866,0,0,0,1422.4776417376127,1,65.475056019112,854.0244361031893,658.5544637674133,0,0,0,16.74508597164953,17,22,0,0
1,2015-01-01 00:00:00,12:38:00,0,1,0,80,45.60000000000001,4.058813449237102,177.0418290433845,965.916887578847,0,12.590409136684913,16.72515970436095,0,58.80046456457801,0,1,0,0,16.536571941711,657.7419510538929,657.7419510538929,-577.7419510538929,0,0,0,1420.7226142764086,1,65.55170116544696,852.3665605834036,80,0,0,0,16.76389203324168,17,22,0,0
1,2015-01-01 00:00:00,12:39:00,0,1,0,80,45.60000000000001,4.065853279958771,176.69521776808253,964.0258221394058,0,12.58811807016698,16.6889494178074,0,58.89046946222591,0,1,0,0,16.542986491460997,656.8979325226799,656.8979325226799,-576.8979325226799,0,0,0,1418.8995342489886,1,65.62772855807664,850.6558117094876,80,0,0,0,16.72515970436095,17,22,0,0
1,2015-01-01 00:00:00,12:40:00,0,1,0,80,45.60000000000001,4.072808695491417,176.33589244754427,962.0653905446918,0,12.5857954522568,16.654189652879374,0,58.98025144691283,0,1,0,0,16.54795121684693,656.0223906213473,656.0223906213473,-576.0223906213473,0,0,0,1417.0083637421103,1,65.7031325517309,848.8946460771922,80,0,0,0,16.6889494178074,17,22,0,0
1,2015-01-01 00:00:00,12:41:00,0,1,0,80,45.60000000000001,4.079679728038131,175.9638714145148,960.0356928157465,0,12.583442952924614,16.62080367133065,0,59.069805038514666,0,1,0,0,16.55156476909293,655.1153070488401,655.1153070488401,-575.1153070488401,0,0,0,1415.0490632254948,1,65.7779076912452,847.083019207077,80,0,0,0,16.654189652879374,17,22,0,0
1,2015-01-01 00:00:00,12:42:00,0,1,0,80,45.60000000000001,4.086466410753741,175.5791737076613,957.9368328250288,0,12.581062150115018,16.588704161746335,0,59.15912474505104,0,1,0,0,16.553919833794893,654.1766627447046,654.1766627447046,-574.1766627447046,0,0,0,1413.0215915285619,1,65.85204852627184,845.2209342440478,80,0,0,0,16.62080367133065,17,22,0,0
1,2015-01-01 00:00:00,12:43:00,0,1,0,80,45.60000000000001,4.093168777780447,175.18181907704343,955.7689183262613,0,12.57865451770423,16.557809171815943,0,59.24820506111491,0,1,0,0,16.555102974201404,653.2064378778988,653.2064378778988,-573.2064378778988,0,0,0,1410.9259058162615,1,65.92554959855576,843.3083964338215,80,0,0,0,16.588704161746335,17,22,0,0
1,2015-01-01 00:00:00,12:44:00,0,1,0,80,45.60000000000001,4.099786864283045,174.77182798982187,953.5320609855756,0,12.576221431904631,16.528041539629633,0,59.337040468873035,0,1,0,0,16.555195021739312,652.2046118351698,652.2046118351698,-572.2046118351698,0,0,0,1408.761961563967,1,65.99840543461393,841.3454117175473,80,0,0,0,16.557809171815943,17,22,0,0
1,2015-01-01 00:00:00,12:45:00,0,1,0,80,45.60000000000001,4.1055252952650365,163.8882683380414,894.1527938291661,0,12.573763517094955,16.492875563427695,0,59.425625438848975,0,1,0,0,16.55427143391245,612.1008934164652,612.1008934164652,-532.1008934164652,0,0,0,1322.137929779565,1,65.81882435926869,839.3319856833526,80,0,0,0,16.528041539629633,17,22,0,0
1,2015-01-01 00:00:00,12:46:00,0,1,0,80,45.60000000000001,4.111319454496887,165.21832083891584,901.4093849912823,0,12.571274626421912,16.460185116973992,0,59.51032760332438,0,1,0,0,16.552183138998004,617.6007662958895,617.6007662958895,-537.6007662958895,0,0,0,1334.0176551991212,1,65.80387992914423,805.5430639728839,80,0,0,0,16.492875563427695,17,22,0,0
1,2015-01-01 00:00:00,12:47:00,0,1,0,80,45.60000000000001,4.116905388413172,163.05827645088,889.6244674743464,0,12.568757511240799,16.42756523480171,0,59.59357473238995,0,1,0,0,16.549053954575417,610.0687500178856,610.0687500178856,-530.0687500178856,0,0,0,1317.748500038633,1,65.78735030322233,792.9875930533015,80,0,0,0,16.460185116973992,17,22,0,0
1,2015-01-01 00:00:00,12:48:00,0,1,0,80,45.60000000000001,4.1231954048086905,173.0059338572413,943.8975753188128,0,12.566212893336775,16.402505352312268,0,59.6753652132675,0,1,0,0,16.54492168519536,647.8808555755946,647.8808555755946,-567.8808555755946,0,0,0,1399.4226480432844,1,66.06154387259015,780.4157219248789,80,0,0,0,16.42756523480171,17,22,0,0
1,2015-01-01 00:00:00,12:49:00,0,1,0,80,45.60000000000001,4.129401265774566,172.53309302407135,941.3178180469661,0,12.563649499548939,16.378096669763043,0,59.75990798141415,0,1,0,0,16.540077592240152,646.7206862091155,646.7206862091155,-566.7206862091155,0,0,0,1396.9166822116895,1,66.2326195967899,804.6585110746541,80,0,0,0,16.402505352312268,17,22,0,0
1,2015-01-01 00:00:00,12:50:00,0,1,0,80,45.60000000000001,4.135523014111032,172.0477539478229,938.66987200798,0,12.561068050400753,16.354399276384235,0,59.845678146736425,0,1,0,0,16.534568037053855,645.5287748552914,645.5287748552914,-565.5287748552914,0,0,0,1394.3421536874296,1,66.35202374224268,815.5616635373445,80,0,0,0,16.378096669763043,17,22,0,0
1,2015-01-01 00:00:00,12:51:00,0,1,0,80,45.60000000000001,4.141560693866531,171.54994229662972,935.9538772438094,0,12.558469334505707,16.3313632597184,0,59.931913875505366,0,1,0,0,16.528439847915433,644.3050950633492,644.3050950633492,-564.3050950633492,0,0,0,1391.6990053368343,1,66.44536402823617,819.7995450337879,80,0,0,0,16.354399276384235,17,22,0,0
1,2015-01-01 00:00:00,12:52:00,0,1,0,80,45.60000000000001,4.147514350370923,171.03968451076926,933.1699780091238,0,12.555854081232237,16.308943181698652,0,60.01823317759913,0,1,0,0,16.52173656260261,643.0496194914987,643.0496194914987,-563.0496194914987,0,0,0,1388.9871781016373,1,66.52538363046398,820.6947192440814,80,0,0,0,16.3313632597184,17,22,0,0
1,2015-01-01 00:00:00,12:53:00,0,1,0,80,45.60000000000001,4.15338403026857,170.517007810818,930.3183228158013,0,12.553222965996452,16.287096129242563,0,60.104443122978225,0,1,0,0,16.514498692503835,641.7623198912908,641.7623198912908,-561.7623198912908,0,0,0,1386.206610965188,1,66.59842198198604,819.9009570609709,80,0,0,0,16.308943181698652,17,22,0,0
1,2015-01-01 00:00:00,12:54:00,0,1,0,80,45.60000000000001,4.159169781551251,169.98194020611461,927.3990644791021,0,12.550576613290188,16.265781622734497,0,60.19044487334901,0,1,0,0,16.506763911440526,640.4431670915081,640.4431670915081,-560.4431670915081,0,0,0,1383.3572409176577,1,66.66763119646383,818.2413362349841,80,0,0,0,16.287096129242563,17,22,0,0
1,2015-01-01 00:00:00,12:55:00,0,1,0,80,45.60000000000001,4.164871653590998,169.4345105035429,924.4123601655881,0,12.547915599597225,16.244961486268824,0,60.27618641413033,0,1,0,0,16.498567234953928,639.0921309815858,639.0921309815858,-559.0921309815858,0,0,0,1380.4390029202254,1,66.7345770716873,816.1254767124675,80,0,0,0,16.265781622734497,17,22,0,0
1,2015-01-01 00:00:00,12:56:00,0,1,0,80,45.60000000000001,4.17036662127678,167.18600083347332,912.1447877283855,0,12.545240354045173,16.223557987469416,0,60.36163902961152,0,1,0,0,16.489941189080284,631.332088689609,631.332088689609,-551.332088689609,0,0,0,1363.6773115695555,1,66.75893911877576,813.757222852178,80,0,0,0,16.244961486268824,17,22,0,0
1,2015-01-01 00:00:00,12:57:00,0,1,0,80,45.60000000000001,4.1696692608840875,82.46831519677019,449.93625952212307,0,12.542545092928936,16.150736975778006,0,60.44619362271683,0,1,0,0,16.480880535964268,311.78419895885816,311.78419895885816,-231.78419895885816,0,0,0,673.4538697511337,1,64.75208669452314,806.0598112346942,80,0,0,0,16.223557987469416,17,22,0,0
1,2015-01-01 00:00:00,12:58:00,0,1,0,80,45.60000000000001,4.168713778154972,78.82762404610911,430.0731283972144,0,12.539770184993253,16.07968735037178,0,60.50060497609708,0,1,0,0,16.469651163168816,298.37828139978274,298.37828139978274,-218.37828139978274,0,0,0,644.4970878235307,1,63.678583066451125,542.5425270475959,80,0,0,0,16.150736975778006,17,22,0,0
1,2015-01-01 00:00:00,12:59:00,0,1,0,80,45.60000000000001,4.167624784931162,76.8760166315177,419.4254155382607,0,12.53691772600066,16.010515097522674,0,60.53875284614806,0,1,0,0,16.45638708790361,291.3495179963899,291.3495179963899,-211.34951799638992,0,0,0,629.3149588722023,1,63.109243546589425,400.4252393846097,80,0,0,0,16.07968735037178,17,22,0,0
1,2015-01-01 00:00:00,13:00:00,0,1,0,80,45.60000000000001,4.166643332706677,78.2611080109912,426.9822915686449,0,12.533990130094875,15.945160518894735,0,60.568134500048934,0,1,0,0,16.441221373945076,296.9730621141923,296.9730621141923,-216.97306211419232,0,0,0,641.4618141666555,1,62.871795390455496,323.8818282556124,80,0,0,0,16.010515097522674,17,22,0,0
1,2015-01-01 00:00:00,13:01:00,0,1,0,80,45.60000000000001,4.162919021563932,39.814090626318745,217.22043150679352,0,12.530989685498628,15.858818729109467,0,60.593657564188305,0,1,0,0,16.424348555746086,151.27549340654588,151.27549340654588,-71.27549340654588,0,0,0,326.7550657581391,1,61.824969901114976,290.26127219122674,80,0,0,0,15.945160518894735,17,22,0,0
1,2015-01-01 00:00:00,13:02:00,0,1,0,60,45.60000000000001,4.16521784806147,123.94421660625885,676.2233116580511,0,12.527897265267868,15.828441464439976,0,60.58598873467372,0,1,0,0,16.405112847357085,471.55455815667176,471.55455815667176,-411.55455815667176,0,0,0,1018.5578456184111,0,63.93933027996693,0,60,0,0,0,15.858818729109467,17,22,0,0
1,2015-01-01 00:00:00,13:03:00,0,1,0,80,45.60000000000001,4.167231646864307,120.16804838347197,655.6210354816418,0,12.524777530409972,15.795970281043543,0,60.62660413053676,0,1,0,0,16.385498174468747,457.8064371837888,457.8064371837888,-377.8064371837888,0,0,0,988.8619043169838,1,64.35520448017506,422.52103470694465,80,0,0,0,15.828441464439976,17,22,0,0
1,2015-01-01 00:00:00,13:04:00,0,1,0,80,45.60000000000001,4.17024065878554,134.44433739244232,733.5105868957403,0,12.52162893952733,15.773537204544816,0,60.6726107240545,0,1,0,0,16.365446205304625,512.9039328504928,512.9039328504928,-432.90393285049277,0,0,0,1107.8724949570644,1,64.94212178933063,469.80364405442566,80,0,0,0,15.795970281043543,17,22,0,0
1,2015-01-01 00:00:00,13:05:00,0,1,0,80,45.60000000000001,4.173189023432789,133.89552461175774,730.5163366903132,0,12.518463107219684,15.751336823129538,0,60.72639469936256,0,1,0,0,16.34531324609511,511.53310214240395,511.53310214240395,-431.53310214240395,0,0,0,1104.9115006275927,1,65.25515913269435,537.958394224792,80,0,0,0,15.773537204544816,17,22,0,0
1,2015-01-01 00:00:00,13:06:00,0,1,0,80,45.60000000000001,4.175619920562804,126.83264219544138,691.9821810178033,0,12.515279907495168,15.72549096472867,0,60.7838988972809,0,1,0,0,16.325109966402405,485.2511272106473,485.2511272106473,-405.2511272106473,0,0,0,1048.1424347749983,1,65.27111207239614,570.6243185998052,80,0,0,0,15.751336823129538,17,22,0,0
1,2015-01-01 00:00:00,13:07:00,0,1,0,80,45.60000000000001,4.177882066787884,124.6728000949522,680.1983671550634,0,12.512075019380369,15.699253045625827,0,60.84079046849983,0,1,0,0,16.304714762263842,477.6929685549578,477.6929685549578,-397.6929685549578,0,0,0,1031.8168120787088,1,65.25745374577912,565.3888600645198,80,0,0,0,15.72549096472867,17,22,0,0
1,2015-01-01 00:00:00,13:08:00,0,1,0,80,45.60000000000001,4.179303235253331,112.8453150046896,615.6691672027058,0,12.508847334879407,15.666624394398742,0,60.896651870420165,0,1,0,0,16.284120826323772,433.0282312132956,433.0282312132956,-353.0282312132956,0,0,0,935.3409794207186,1,64.98922510061534,556.4995729371898,80,0,0,0,15.699253045625827,17,22,0,0
1,2015-01-01 00:00:00,13:09:00,0,1,0,80,45.60000000000001,4.178560889026701,81.85020040687365,446.56390668748867,0,12.505587714379873,15.616168388382743,0,60.94783120593909,0,1,0,0,16.26311754632632,314.57341884313445,314.57341884313445,-234.57341884313445,0,0,0,679.4785847011705,1,64.11471339021455,515.6642270045925,80,0,0,0,15.666624394398742,17,22,0,0
1,2015-01-01 00:00:00,13:10:00,0,1,0,80,45.60000000000001,4.180120560935263,115.02846574238059,627.5801499182605,0,12.502277516413294,15.588472068205446,0,60.98566316719536,0,1,0,0,16.24111247292688,442.7834623493384,442.7834623493384,-362.7834623493384,0,0,0,956.412278674571,1,64.51730271330764,399.0271552187077,80,0,0,0,15.616168388382743,17,22,0,0
1,2015-01-01 00:00:00,13:11:00,0,1,0,80,45.60000000000001,4.180645137965097,100.18331993441599,546.5869907763637,0,12.498942300929867,15.55220875372032,0,61.02873640104241,0,1,0,0,16.21891381970506,386.25988505431553,386.25988505431553,-306.25988505431553,0,0,0,834.3213517173216,1,64.37676520886814,444.98658281014735,80,0,0,0,15.588472068205446,17,22,0,0
1,2015-01-01 00:00:00,13:12:00,0,1,0,80,45.60000000000001,4.182982639061335,126.61502994685563,690.7949172678254,0,12.495573715206486,15.533720972140877,0,61.069152039706985,0,1,0,0,16.196236776644355,488.9698151551985,488.9698151551985,-408.9698151551985,0,0,0,1056.1748007352287,1,64.98686479641023,421.85162978604166,80,0,0,0,15.55220875372032,17,22,0,0
1,2015-01-01 00:00:00,13:13:00,0,1,0,80,45.60000000000001,4.185261700421304,126.0037896861256,687.460070958355,0,12.492192331844725,15.515084620931221,0,61.11776102950621,0,1,0,0,16.173702225470766,487.4248011908437,487.4248011908437,-407.4248011908437,0,0,0,1052.8375705722224,1,65.3080166627757,493.63180734460894,80,0,0,0,15.533720972140877,17,22,0,0
1,2015-01-01 00:00:00,13:14:00,0,1,0,80,45.60000000000001,4.187482305570012,125.38323032443465,684.0743808621713,0,12.48879795596394,15.496579882424678,0,61.17028310895525,0,1,0,0,16.151300266132687,485.85365962566004,485.85365962566004,-405.85365962566004,0,0,0,1049.4439047914257,1,65.48493735364801,527.9722097919554,80,0,0,0,15.515084620931221,17,22,0,0
1,2015-01-01 00:00:00,13:15:00,0,1,0,80,45.60000000000001,4.1889021121636185,113.8374680208492,621.0822233067297,0,12.485390101184494,15.47145860774472,0,61.224584352382855,0,1,0,0,16.129030865326293,441.88391750679665,441.88391750679665,-361.88391750679665,0,0,0,954.4692618146809,1,65.31664630089368,543.646434831287,80,0,0,0,15.496579882424678,17,22,0,0
1,2015-01-01 00:00:00,13:16:00,0,1,0,80,45.60000000000001,4.191218638352012,127.21716381314342,694.0800802893168,0,12.481961887169316,15.45551018773401,0,61.27566665145662,0,1,0,0,16.106664462007192,494.69864310720413,494.69864310720413,-414.69864310720413,0,0,0,1068.549069111561,1,65.59628331004821,515.5998055123639,80,0,0,0,15.47145860774472,17,22,0,0
1,2015-01-01 00:00:00,13:17:00,0,1,0,80,45.60000000000001,4.19357831136135,128.09599518214105,698.874868420662,0,12.478523997217136,15.440349595825047,0,61.33002864737513,0,1,0,0,16.084516357440076,499.0199025756297,499.0199025756297,-419.0199025756297,0,0,0,1077.8829895633603,1,65.79107704843831,544.3976989825403,80,0,0,0,15.45551018773401,17,22,0,0
1,2015-01-01 00:00:00,13:18:00,0,1,0,80,45.60000000000001,4.1957723370549225,125.87878411698777,686.7780570471564,0,12.475077224125197,15.424162260947835,0,61.38640094222732,0,1,0,0,16.06260592337154,491.28962402278336,491.28962402278336,-411.28962402278336,0,0,0,1061.1855878892122,1,65.86632465609728,562.0920985339608,80,0,0,0,15.440349595825047,17,22,0,0
1,2015-01-01 00:00:00,13:19:00,0,1,0,80,45.60000000000001,4.196881457994588,109.92779882763841,599.7515834292822,0,12.471619498177656,15.398554908037593,0,61.443032602790254,0,1,0,0,16.0408901525408,429.844059301766,429.844059301766,-349.844059301766,0,0,0,928.4631680918146,1,65.53518739427763,564.4703879476147,80,0,0,0,15.424162260947835,17,22,0,0
1,2015-01-01 00:00:00,13:20:00,0,1,0,80,45.60000000000001,4.198348132074171,115.39303073690077,629.5691684837027,0,12.468140244889236,15.377308852007982,0,61.49406629275428,0,1,0,0,16.019042014972666,452.0818869728848,452.0818869728848,-372.0818869728848,0,0,0,976.4968758614311,1,65.53556067160615,515.6115037274092,80,0,0,0,15.398554908037593,17,22,0,0
1,2015-01-01 00:00:00,13:21:00,0,1,0,80,45.60000000000001,4.19986191938043,116.25234906124561,634.2574960149735,0,12.464644589304077,15.357163626634078,0,61.54435808196276,0,1,0,0,15.997214356368424,456.3408668874726,456.3408668874726,-376.3408668874726,0,0,0,985.6962724769409,1,65.58704603257905,509.22829173533506,80,0,0,0,15.377308852007982,17,22,0,0
1,2015-01-01 00:00:00,13:22:00,0,1,0,80,45.60000000000001,4.203014625121144,141.10337939507258,769.8414424917997,0,12.46113519665761,15.352917146601827,0,61.59465498368787,0,1,0,0,15.975443923384264,554.9978450792568,554.9978450792568,-474.99784507925676,0,0,0,1198.7953453711948,1,66.2726759381036,509.37868177765256,80,0,0,0,15.357163626634078,17,22,0,0
1,2015-01-01 00:00:00,13:23:00,0,1,0,80,45.60000000000001,4.204709283394106,119.38535653919679,651.3507719273132,0,12.457629269159884,15.334873359397468,0,61.65409133037367,0,1,0,0,15.954269543221596,470.53024950941375,470.53024950941375,-390.53024950941375,0,0,0,1016.3453389403338,1,66.1025689317203,589.4306402563827,80,0,0,0,15.352917146601827,17,22,0,0
1,2015-01-01 00:00:00,13:24:00,0,1,0,80,45.60000000000001,4.204292086482807,87.52194938646323,477.50822166150067,0,12.454109093277731,15.29788390952835,0,61.7102089704666,0,1,0,0,15.933201645812613,345.662784943855,345.662784943855,-265.662784943855,0,0,0,746.6316154787269,1,65.23863963178762,560.5081777696755,80,0,0,0,15.334873359397468,17,22,0,0
1,2015-01-01 00:00:00,13:25:00,0,1,0,80,45.60000000000001,4.204230252062923,92.88834107347522,506.78654748910714,0,12.450553084234011,15.265877232987307,0,61.75306197340775,0,1,0,0,15.911592199000223,367.6315333414502,367.6315333414502,-287.6315333414502,0,0,0,794.0841120175326,1,64.9644562400717,444.5822633264482,80,0,0,0,15.29788390952835,17,22,0,0
1,2015-01-01 00:00:00,13:26:00,0,1,0,80,45.60000000000001,4.203939380314247,89.38350023318779,487.66459775439176,0,12.446966885025804,15.232769774427238,0,61.79133681917793,0,1,0,0,15.889629104918152,354.52084305344505,354.52084305344505,-274.52084305344505,0,0,0,765.7650209954413,1,64.75967714681568,404.635677599657,80,0,0,0,15.265877232987307,17,22,0,0
1,2015-01-01 00:00:00,13:27:00,0,1,0,80,45.60000000000001,4.2039937812919845,94.64513478676832,516.3713824675478,0,12.44334956916831,15.204108433886343,0,61.82609945125967,0,1,0,0,15.867286950819821,376.2120931944579,376.2120931944579,-296.2120931944579,0,0,0,812.6181213000291,1,64.81253755495885,374.0108812823562,80,0,0,0,15.232769774427238,17,22,0,0
1,2015-01-01 00:00:00,13:28:00,0,1,0,80,45.60000000000001,4.203726131555323,89.6982447764558,489.3818025034534,0,12.4397060725605,15.173297020134479,0,61.86111181863568,0,1,0,0,15.844729858407117,357.343460443108,357.343460443108,-277.343460443108,0,0,0,771.8618745571133,1,64.7342121663826,376.2912010660965,80,0,0,0,15.204108433886343,17,22,0,0
1,2015-01-01 00:00:00,13:29:00,0,1,0,80,45.60000000000001,4.202770285486726,79.05175218772632,431.2959420008667,0,12.436033389996531,15.137018317989053,0,61.8944808382492,0,1,0,0,15.821892006765191,315.6446632146067,315.6446632146067,-235.64466321460668,0,0,0,681.7924725435505,1,64.44174053865261,362.0106438161128,80,0,0,0,15.173297020134479,17,22,0,0
1,2015-01-01 00:00:00,13:30:00,0,1,0,80,45.60000000000001,4.2016946874242915,77.09881095677142,420.6409520156124,0,12.432325157966625,15.100936550167019,0,61.92314581293154,0,1,0,0,15.798596983337431,308.5585170595067,308.5585170595067,-228.5585170595067,0,0,0,666.4863968485345,1,64.26195759768473,320.9547222508295,80,0,0,0,15.137018317989053,17,22,0,0
1,2015-01-01 00:00:00,13:31:00,0,1,0,80,45.60000000000001,4.200318812774023,72.32310377982884,394.58532303083774,0,12.428581425676487,15.063206573314309,0,61.948798038186936,0,1,0,0,15.774867036630955,290.1268424388398,290.1268424388398,-210.1268424388398,0,0,0,626.673979667894,1,64.06452065955621,294.69028487890193,80,0,0,0,15.100936550167019,17,22,0,0
1,2015-01-01 00:00:00,13:32:00,0,1,0,80,45.60000000000001,4.199281591401743,77.45860198346367,422.6039244417288,0,12.424800638675848,15.030040707939934,0,61.97122691396925,0,1,0,0,15.750660898422906,311.47259436888544,311.47259436888544,-231.47259436888544,0,0,0,672.7808038367926,1,64.11297332077656,266.5810502925283,80,0,0,0,15.063206573314309,17,22,0,0
1,2015-01-01 00:00:00,13:33:00,0,1,0,80,45.60000000000001,4.1983059662424225,78.3143698688817,427.272881246114,0,12.420988199387256,14.998482944389472,0,61.99402100173481,0,1,0,0,15.726150007590151,315.6818096344986,315.6818096344986,-235.68180963449862,0,0,0,681.8727088105171,1,64.17534307440674,269.8600472577216,80,0,0,0,15.030040707939934,17,22,0,0
1,2015-01-01 00:00:00,13:34:00,0,1,0,80,45.60000000000001,4.196947174915866,72.20193802593774,393.9242586455903,0,12.417145712317721,14.96420092603225,0,62.0173756616286,0,1,0,0,15.701399427209175,291.7653463708646,291.7653463708646,-211.76534637086462,0,0,0,630.2131481610676,1,64.06375267471742,274.84658115666343,80,0,0,0,14.998482944389472,17,22,0,0
1,2015-01-01 00:00:00,13:35:00,0,1,0,80,45.60000000000001,4.195564035855046,71.67798054834412,391.0656156982399,0,12.413270066738571,14.930832050000847,0,62.03877723209097,0,1,0,0,15.676324648257578,290.37984723849706,290.37984723849706,-210.37984723849706,0,0,0,627.2204700351537,1,64.00857958887549,257.8435036491916,80,0,0,0,14.96420092603225,17,22,0,0
1,2015-01-01 00:00:00,13:36:00,0,1,0,60,45.60000000000001,4.1944163680213205,75.25338274231386,410.5725388796285,0,12.409362579774434,14.900801063937209,0,62.03070158434547,0,1,0,0,15.65096775716041,305.64829025538603,305.64829025538603,-245.64829025538603,0,0,0,660.2003069516338,0,65.00793563296119,0,60,0,0,0,14.930832050000847,17,22,0,0
1,2015-01-01 00:00:00,13:37:00,0,1,0,80,45.60000000000001,4.192554847361215,63.82418730427203,348.2163547806807,0,12.40542658220517,14.864649838951182,0,62.06549434312775,0,1,0,0,15.625451883241254,259.9058905437145,259.9058905437145,-179.90589054371452,0,0,0,561.3967235744234,1,64.30153572614708,375.1314901255808,80,0,0,0,14.900801063937209,17,22,0,0
1,2015-01-01 00:00:00,13:38:00,0,1,0,80,45.60000000000001,4.190674752172659,63.336157193987276,345.5537268146338,0,12.40145503807842,14.829563206020447,0,62.089601765699655,0,1,0,0,15.59957426268717,258.6052646111528,258.6052646111528,-178.6052646111528,0,0,0,558.5873715600901,1,63.94786964644275,281.74121426043513,80,0,0,0,14.864649838951182,17,22,0,0
1,2015-01-01 00:00:00,13:39:00,0,1,0,60,45.60000000000001,4.189111336639695,68.19175643063622,372.0452363484901,0,12.39744951176466,14.798669660298385,0,62.08150004480371,0,1,0,0,15.573383410419595,279.18532266733075,279.18532266733075,-219.18532266733075,0,0,0,603.0402969614345,0,64.77788624746819,0,60,0,0,0,14.829563206020447,17,22,0,0
1,2015-01-01 00:00:00,13:40:00,0,1,0,80,45.60000000000001,4.187192661356777,62.34590423516132,340.1510371730208,0,12.393414624709049,14.765113860690375,0,62.11222237805617,0,1,0,0,15.547032602592344,255.9553548299944,255.9553548299944,-175.9553548299944,0,0,0,552.8635664327879,1,64.1819561011808,339.74466153572416,80,0,0,0,14.798669660298385,17,22,0,0
1,2015-01-01 00:00:00,13:41:00,0,1,0,80,45.60000000000001,4.188370195696382,111.84509607139816,610.2121045177877,0,12.389349925449121,14.763269183601636,0,62.13390989649476,0,1,0,0,15.520436727017447,460.4576207018151,460.4576207018151,-380.4576207018151,0,0,0,994.5884607159206,1,65.20918665798504,260.786449113704,80,0,0,0,14.765113860690375,17,22,0,0
1,2015-01-01 00:00:00,13:42:00,0,1,0,80,45.60000000000001,4.189969503658542,118.7588487147639,647.9326278023352,0,12.385292492401653,14.764852006457215,0,62.17007320059515,0,1,0,0,15.49468272894208,490.3162439264609,490.3162439264609,-410.3162439264609,0,0,0,1059.0830868811556,1,65.9374036581486,387.48487194777607,80,0,0,0,14.763269183601636,17,22,0,0
1,2015-01-01 00:00:00,13:43:00,0,1,0,80,45.60000000000001,4.191817714081979,122.94542563213638,670.7740397301735,0,12.381246481039156,14.76846880925331,0,62.21619614983635,0,1,0,0,15.4698585547079,509.07497196685335,509.07497196685335,-429.07497196685335,0,0,0,1099.6019394484033,1,66.4477307289522,474.6836376517345,80,0,0,0,14.764852006457215,17,22,0,0
1,2015-01-01 00:00:00,13:44:00,0,1,0,80,45.60000000000001,4.193748126104469,124.46902225287586,679.0865821038161,0,12.377214288877157,14.77241620490247,0,62.26899635166009,0,1,0,0,15.446001760644819,516.9059563879375,516.9059563879375,-436.9059563879375,0,0,0,1116.5168657979452,1,66.78076874723735,533.1733569685964,80,0,0,0,14.76846880925331,17,22,0,0
1,2015-01-01 00:00:00,13:45:00,0,1,0,80,45.60000000000001,4.1956001830317,123.39500658876123,673.2268941809224,0,12.373196205746828,14.775115309862368,0,62.3258236032741,0,1,0,0,15.423090687320249,513.9855320163199,513.9855320163199,-433.9855320163199,0,0,0,1110.208749155251,1,66.95693862350808,568.4833218427339,80,0,0,0,14.77241620490247,17,22,0,0
1,2015-01-01 00:00:00,13:46:00,0,1,0,80,45.60000000000001,4.197374067216883,122.3117938959897,667.3170284817187,0,12.369190695306386,14.776654942902711,0,62.38436010957231,0,1,0,0,15.40105070849515,511.0309591914599,511.0309591914599,-431.0309591914599,0,0,0,1103.8268718535535,1,67.05453950876111,583.5204925494811,80,0,0,0,14.775115309862368,17,22,0,0
1,2015-01-01 00:00:00,13:47:00,0,1,0,80,45.60000000000001,4.198993586455227,119.96979141219633,654.5393715739082,0,12.36519626375916,14.776321941279367,0,62.44344937203492,0,1,0,0,15.379812757284522,502.80458042958577,502.80458042958577,-422.80458042958577,0,0,0,1086.0578937279054,1,67.07878532685993,588.4426042977884,80,0,0,0,14.776654942902711,17,22,0,0
1,2015-01-01 00:00:00,13:48:00,0,1,0,80,45.60000000000001,4.200536481395225,118.87981835705664,648.5926222285467,0,12.361210660103062,14.77499654543378,0,62.50202670222484,0,1,0,0,15.359285858780945,499.8125461070701,499.8125461070701,-419.8125461070701,0,0,0,1079.5950995912715,1,67.09951084115745,584.0523303079513,80,0,0,0,14.776321941279367,17,22,0,0
1,2015-01-01 00:00:00,13:49:00,0,1,0,80,45.60000000000001,4.2020029391761025,117.78102425471738,642.5977464121573,0,12.357232655831483,14.772714305571869,0,62.56004869722716,0,1,0,0,15.339412072612674,496.7863826021181,496.7863826021181,-416.7863826021181,0,0,0,1073.0585864205752,1,67.11797582679466,579.2830015055094,80,0,0,0,14.77499654543378,17,22,0,0
1,2015-01-01 00:00:00,13:50:00,0,1,0,80,45.60000000000001,4.203393150527486,116.67350716730269,636.5552791387661,0,12.35326106614449,14.769521495447606,0,62.61749073342579,0,1,0,0,15.320136638359585,493.7259743782119,493.7259743782119,-413.7259743782119,0,0,0,1066.4481046569379,1,67.13480343363092,574.2988183255053,80,0,0,0,14.772714305571869,17,22,0,0
1,2015-01-01 00:00:00,13:51:00,0,1,0,80,45.60000000000001,4.204198765734588,107.13130938615538,584.4943055754566,0,12.349294340357325,14.760263832587336,0,62.674337527296515,0,1,0,0,15.301408232138089,454.85601163672334,454.85601163672334,-374.85601163672334,0,0,0,982.4889851353224,1,66.91974880638212,569.1814002258466,80,0,0,0,14.769521495447606,17,22,0,0
1,2015-01-01 00:00:00,13:52:00,0,1,0,80,45.60000000000001,4.204864911560284,104.89664872862053,572.3022915255339,0,12.345325339983079,14.749817631360646,0,62.72725760851054,0,1,0,0,15.283001960044526,446.8767874403314,446.8767874403314,-366.8767874403314,0,0,0,965.2538608711159,1,66.78491468962609,534.9218211647858,80,0,0,0,14.760263832587336,17,22,0,0
1,2015-01-01 00:00:00,13:53:00,0,1,0,80,45.60000000000001,4.205252260667904,100.31738344314331,547.3184236122505,0,12.341352463867128,14.736719710946982,0,62.77746316648252,0,1,0,0,15.264866438660722,428.84101799266335,428.84101799266335,-348.84101799266335,0,0,0,926.2965988641529,1,66.62444921048784,511.26479222055934,80,0,0,0,14.749817631360646,17,22,0,0
1,2015-01-01 00:00:00,13:54:00,0,1,0,80,45.60000000000001,4.205506927148024,98.13846967008148,535.4305572173387,0,12.337372543301349,14.722599431153073,0,62.82462420949525,0,1,0,0,15.246902264248689,420.9970638406761,420.9970638406761,-340.9970638406761,0,0,0,909.3536578958605,1,66.51528094553947,484.7202415446703,80,0,0,0,14.736719710946982,17,22,0,0
1,2015-01-01 00:00:00,13:55:00,0,1,0,80,45.60000000000001,4.2057689902345015,98.28892810803968,536.2514386264827,0,12.333384416202906,14.708917361886197,0,62.86952360510371,0,1,0,0,15.22906883455156,423.1459857316147,423.1459857316147,-343.1459857316147,0,0,0,913.9953291802879,1,66.49531641641117,465.02274874157234,80,0,0,0,14.722599431153073,17,22,0,0
1,2015-01-01 00:00:00,13:56:00,0,1,0,80,45.60000000000001,4.206716519767208,109.85100784730322,599.33262196057,0,12.329389174286101,14.702670569360498,0,62.91347891765913,0,1,0,0,15.211376607590154,474.6376200254893,474.6376200254893,-394.6376200254893,0,0,0,1025.217259255057,1,66.83790036722829,456.8498942247403,80,0,0,0,14.708917361886197,17,22,0,0
1,2015-01-01 00:00:00,13:57:00,0,1,0,80,45.60000000000001,4.2075891807097,108.68537475194864,592.9730814067505,0,12.325395367380617,14.695554374139245,0,62.96172587653036,0,1,0,0,15.194073681119757,471.3340661066346,471.3340661066346,-391.3340661066346,0,0,0,1018.0815827903308,1,67.0123312157955,494.47710264571407,80,0,0,0,14.702670569360498,17,22,0,0
1,2015-01-01 00:00:00,13:58:00,0,1,0,80,45.60000000000001,4.207858042743001,98.5525664114513,537.6898144659884,0,12.321401486364023,14.682211223083863,0,63.01178039258679,0,1,0,0,15.177117242106815,428.9956534117373,428.9956534117373,-348.9956534117373,0,0,0,926.6306113693527,1,66.85120888783374,510.37627274740754,80,0,0,0,14.695554374139245,17,22,0,0
1,2015-01-01 00:00:00,13:59:00,0,1,0,80,45.60000000000001,4.206984359051295,85.28606345458041,465.3095226762097,0,12.317399382916557,14.661084986989547,0,63.05878309391786,0,1,0,0,15.16028370404481,372.66480830343363,372.66480830343363,-292.66480830343363,0,0,0,804.9559859354167,1,66.42916695651505,483.7679904011147,80,0,0,0,14.682211223083863,17,22,0,0
1,2015-01-01 00:00:00,14:00:00,0,1,0,80,45.60000000000001,4.206458020426036,88.71344132340711,484.0088446471912,0,12.31338036153569,14.642861041247539,0,63.099019873292356,0,1,0,0,15.143304155845652,389.1470607603217,389.1470607603217,-309.1470607603217,0,0,0,840.5576512422949,1,66.34147972280911,424.6683666872455,80,0,0,0,14.661084986989547,17,22,0,0
1,2015-01-01 00:00:00,14:01:00,0,1,0,80,45.60000000000001,4.205942173349978,88.78683015431196,484.4092444369679,0,12.309347820600196,14.625166818745077,0,63.137404525039905,0,1,0,0,15.126282281199456,391.00839983780253,391.00839983780253,-311.00839983780253,0,0,0,844.5781436496535,1,66.32739567857108,408.5499410391112,80,0,0,0,14.642861041247539,17,22,0,0
1,2015-01-01 00:00:00,14:02:00,0,1,0,80,45.60000000000001,4.2025673625130215,59.932780411890455,326.9853516098369,0,12.305300027600097,14.59016764824531,0,63.17502401404396,0,1,0,0,15.10923753757856,264.9994180765497,264.9994180765497,-184.99941807654972,0,0,0,572.3987430453474,1,65.52603635266678,401.93888534492794,80,0,0,0,14.625166818745077,17,22,0,0
1,2015-01-01 00:00:00,14:03:00,0,1,0,80,45.60000000000001,4.1990384395703755,58.168828344471,317.36146159465557,0,12.301216874318955,14.555655310961017,0,63.20054975920028,0,1,0,0,15.091582099165864,258.25223694218266,258.25223694218266,-178.25223694218266,0,0,0,557.8248317951146,1,65.09014127854044,296.2275546664748,80,0,0,0,14.59016764824531,17,22,0,0
1,2015-01-01 00:00:00,14:04:00,0,1,0,60,45.60000000000001,4.195874015703305,61.65076161953995,336.3584306724414,0,12.29709929633628,14.524558420896838,0,63.19221063443772,0,1,0,0,15.073353296845971,274.85042802054204,274.85042802054204,-214.85042802054204,0,0,0,593.6769245243709,0,65.8677445000627,0,60,0,0,0,14.555655310961017,17,22,0,0
1,2015-01-01 00:00:00,14:05:00,0,1,0,80,45.60000000000001,4.192451614695399,58.83363233546515,320.98854455748295,0,12.292951097458213,14.492773262409752,0,63.22239529600897,0,1,0,0,15.05468680446675,263.40217223463986,263.40217223463986,-183.40217223463986,0,0,0,568.9486920268222,1,65.30600157166498,337.1172670687472,80,0,0,0,14.524558420896838,17,22,0,0
1,2015-01-01 00:00:00,14:06:00,0,1,0,80,45.60000000000001,4.188977972491164,58.10232492158515,316.99862768362823,0,12.288771500103865,14.461682288835588,0,63.24404557688694,0,1,0,0,15.035574098954607,261.2492605154648,261.2492605154648,-181.2492605154648,0,0,0,564.298402713404,1,65.01877471892183,262.5343907326572,80,0,0,0,14.492773262409752,17,22,0,0
1,2015-01-01 00:00:00,14:07:00,0,1,0,60,45.60000000000001,4.185551505774076,58.37351039414831,318.4781798834116,0,12.284561408492657,14.431842524943676,0,63.23568288603756,0,1,0,0,15.016053969358722,263.6198066036152,263.6198066036152,-203.6198066036152,0,0,0,569.4187822638088,0,65.72533202131969,0,60,0,0,0,14.461682288835588,17,22,0,0
1,2015-01-01 00:00:00,14:08:00,0,1,0,80,45.60000000000001,4.182265681905891,59.60837790335726,325.2154542750756,0,12.280322446710334,14.403770683336116,0,63.26316746095229,0,1,0,0,14.996182831793584,270.3981162603272,270.3981162603272,-190.39811626032719,0,0,0,584.0599311223068,1,65.29830151705963,313.6957910455482,80,0,0,0,14.431842524943676,17,22,0,0
1,2015-01-01 00:00:00,14:09:00,0,1,0,80,45.60000000000001,4.178732866983613,56.86552239123681,310.25079607163696,0,12.276056511523864,14.374923581776287,0,63.28409749476979,0,1,0,0,14.9760327587168,259.12760268173383,259.12760268173383,-179.12760268173383,0,0,0,559.7156217925451,1,65.01996811881172,256.42689106952463,80,0,0,0,14.403770683336116,17,22,0,0
1,2015-01-01 00:00:00,14:10:00,0,1,0,60,45.60000000000001,4.177957961041867,85.12615940824143,464.4371072725417,0,12.271765048095576,14.364497108527072,0,63.275713064956136,0,1,0,0,14.955586868344673,389.7003848587486,389.7003848587486,-329.7003848587486,0,0,0,841.752831294897,0,66.5387967517526,0,60,0,0,0,14.374923581776287,17,22,0,0
1,2015-01-01 00:00:00,14:11:00,0,1,0,80,45.60000000000001,4.176707215730552,80.15134715660787,437.2951872395676,0,12.267469013120726,14.350825147561428,0,63.31431669016776,0,1,0,0,14.935481774473326,368.65265806539963,368.65265806539963,-288.65265806539963,0,0,0,796.2897414212632,1,66.36606665892008,411.14854453635434,80,0,0,0,14.364497108527072,17,22,0,0
1,2015-01-01 00:00:00,14:12:00,0,1,0,80,45.60000000000001,4.173363712773279,58.33962779405309,318.2933208825535,0,12.263162926511917,14.32401818378069,0,63.349868148310485,0,1,0,0,14.915595494646391,269.61577660404026,269.61577660404026,-189.61577660404026,0,0,0,582.370077464727,1,65.65748195723766,384.5204960627921,80,0,0,0,14.350825147561428,17,22,0,0
1,2015-01-01 00:00:00,14:13:00,0,1,0,80,45.60000000000001,4.169248249221465,50.09480729425839,273.3106667897943,0,12.258830979067264,14.293211419239235,0,63.37469335573655,0,1,0,0,14.895473817406062,232.64118378408543,232.64118378408543,-152.64118378408543,0,0,0,502.50495697362453,1,65.07329204347205,290.7593399248246,80,0,0,0,14.32401818378069,17,22,0,0
1,2015-01-01 00:00:00,14:14:00,0,1,0,60,45.60000000000001,4.165000319642356,48.46024149860059,264.3926912220107,0,12.25446848706078,14.262522511962931,0,63.366279387404575,0,1,0,0,14.874988701822156,226.16721457485767,226.16721457485767,-166.16721457485767,0,0,0,488.5211834816926,0,65.53687833893854,0,60,0,0,0,14.293211419239235,17,22,0,0
1,2015-01-01 00:00:00,14:15:00,0,1,0,80,45.60000000000001,4.160537360515432,45.94851719931481,250.6890544558781,0,12.250075469041631,14.231330377159892,0,63.38911822541373,0,1,0,0,14.85415651849361,215.52841866234485,215.52841866234485,-135.52841866234485,0,0,0,465.5413843106649,1,64.90879117535395,273.49546789327906,80,0,0,0,14.262522511962931,17,22,0,0
1,2015-01-01 00:00:00,14:16:00,0,1,0,60,45.60000000000001,4.156035011919148,45.26275370027803,246.94761917934548,0,12.245651371045959,14.20079462723872,0,63.38069117606832,0,1,0,0,14.832971955863211,213.4040329205407,213.4040329205407,-153.4040329205407,0,0,0,460.9527111083679,0,65.29350264504554,0,60,0,0,0,14.231330377159892,17,22,0,0
1,2015-01-01 00:00:00,14:17:00,0,1,0,60,45.60000000000001,4.151493366219379,44.57436444971099,243.19185814850167,0,12.241196981209404,14.170854670143653,0,63.37226033665995,0,1,0,0,14.811469325637889,211.25935675292357,211.25935675292357,-151.25935675292357,0,0,0,456.32021058631494,0,65.6559485455712,0,60,0,0,0,14.20079462723872,17,22,0,0
1,2015-01-01 00:00:00,14:18:00,0,1,0,80,45.60000000000001,4.148785068808879,63.6740314104289,347.39712401235744,0,12.236714569655872,14.153685996945793,0,63.396710920182585,0,1,0,0,14.789679711505432,303.39173142652294,303.39173142652294,-223.39173142652294,0,0,0,655.3261398812896,1,65.5384286812096,287.7447143228185,80,0,0,0,14.170854670143653,17,22,0,0
1,2015-01-01 00:00:00,14:19:00,0,1,0,80,45.60000000000001,4.1467165099884085,70.28981965877054,383.49199282526894,0,12.232219490916243,14.140805967604134,0,63.41910999452596,0,1,0,0,14.768047272234696,336.7338939017706,336.7338939017706,-256.7338939017706,0,0,0,727.3452108278245,1,65.70453454682217,269.85643788940325,80,0,0,0,14.153685996945793,17,22,0,0
1,2015-01-01 00:00:00,14:20:00,0,1,0,80,45.60000000000001,4.144866847603464,72.49062320559256,395.49928694104466,0,12.227716910943847,14.129423088054619,0,63.44357239881727,0,1,0,0,14.746712533981956,349.19872147209526,349.19872147209526,-269.19872147209526,0,0,0,754.2692383797258,1,65.88024170404938,287.96349358932287,80,0,0,0,14.140805967604134,17,22,0,0
1,2015-01-01 00:00:00,14:21:00,0,1,0,80,45.60000000000001,4.141532268831562,56.548459069902194,308.520940375027,0,12.223207343927221,14.10832190162839,0,63.47020658264505,0,1,0,0,14.725716294324563,273.9380843820707,273.9380843820707,-193.9380843820707,0,0,0,591.7062622652728,1,65.4964807049935,307.0203324592465,80,0,0,0,14.129423088054619,17,22,0,0
1,2015-01-01 00:00:00,14:22:00,0,1,0,80,45.60000000000001,4.138203493162502,56.407370889480234,307.75118185612945,0,12.218679570751952,14.087879567849324,0,63.49092289263298,0,1,0,0,14.704716485049182,274.8234601547543,274.8234601547543,-194.8234601547543,0,0,0,593.6186739342693,1,65.31823728606541,255.3105394159052,80,0,0,0,14.10832190162839,17,22,0,0
1,2015-01-01 00:00:00,14:23:00,0,1,0,60,45.60000000000001,4.13569031990864,64.9487569563755,354.3518585997202,0,12.214135066097837,14.073259684354689,0,63.48245379949159,0,1,0,0,14.683735637525377,318.28902844655033,318.28902844655033,-258.28902844655033,0,0,0,687.5043014445488,0,66.36950483060275,0,60,0,0,0,14.087879567849324,17,22,0,0
1,2015-01-01 00:00:00,14:24:00,0,1,0,80,45.60000000000001,4.133086155503101,63.81736893761928,348.1791546707904,0,12.209580520518603,14.058138971677355,0,63.515557186776995,0,1,0,0,14.662971149322292,314.608396573606,314.608396573606,-234.608396573606,0,0,0,679.554136598989,1,66.02675763801449,363.76842992000655,80,0,0,0,14.073259684354689,17,22,0,0
1,2015-01-01 00:00:00,14:25:00,0,1,0,80,45.60000000000001,4.130391517483738,62.683246882996016,341.9915342024785,0,12.205015299759097,14.042645748217636,0,63.543240058723654,0,1,0,0,14.642398626273145,310.8940239394869,310.8940239394869,-230.89402393948689,0,0,0,671.5310917092917,1,65.84291722891476,316.411256855924,80,0,0,0,14.058138971677355,17,22,0,0
1,2015-01-01 00:00:00,14:26:00,0,1,0,80,45.60000000000001,4.127606937081776,61.54660190375018,335.7901489899126,0,12.200438919646045,14.026794678122075,0,63.56786959380689,0,1,0,0,14.621998868516155,307.14577987735333,307.14577987735333,-227.14577987735333,0,0,0,663.4348845350833,1,65.737589919962,289.759323444079,80,0,0,0,14.042645748217636,17,22,0,0
1,2015-01-01 00:00:00,14:27:00,0,1,0,80,45.60000000000001,4.124732959610664,60.40765141287778,329.576185209747,0,12.195850914377097,14.010601795504918,0,63.59062081080369,0,1,0,0,14.60175382802656,303.3635374186371,303.3635374186371,-223.36353741863712,0,0,0,655.2652408242562,1,65.67077242678732,273.3847610955445,80,0,0,0,14.026794678122075,17,22,0,0
1,2015-01-01 00:00:00,14:28:00,0,1,0,80,45.60000000000001,4.122036028234632,62.15767396920362,339.12407764811985,0,12.191251058667703,13.995865940743649,0,63.612075562242666,0,1,0,0,14.581646616036029,314.1592312179944,314.1592312179944,-234.15923121799437,0,0,0,678.5839394308679,1,65.7167203835911,262.09910361393753,80,0,0,0,14.010601795504918,17,22,0,0
1,2015-01-01 00:00:00,14:29:00,0,1,0,80,45.60000000000001,4.1193092429495035,61.667866787960186,336.4517542171159,0,12.186641036125094,13.98111065686694,0,63.63387681173497,0,1,0,0,14.56172210327098,313.72685072512246,313.72685072512246,-233.72685072512246,0,0,0,677.6499975662646,1,65.74739095174273,265.1852474899021,80,0,0,0,13.995865940743649,17,22,0,0
1,2015-01-01 00:00:00,14:30:00,0,1,0,80,45.60000000000001,4.11642304679031,59.758715813869685,326.03567810235927,0,12.182020712220135,13.965485794794459,0,63.65579951258168,0,1,0,0,14.541973414617782,306.046332912114,306.046332912114,-226.046332912114,0,0,0,661.0600790901663,1,65.72369731368443,266.30278164097757,80,0,0,0,13.98111065686694,17,22,0,0
1,2015-01-01 00:00:00,14:31:00,0,1,0,80,45.60000000000001,4.113443283136679,58.55695630732097,319.4790366100294,0,12.17738902424362,13.949482980185262,0,63.67705890142308,0,1,0,0,14.522364992174813,301.9357350265401,301.9357350265401,-221.9357350265401,0,0,0,652.1811876573266,1,65.69525469152802,260.5551229389459,80,0,0,0,13.965485794794459,17,22,0,0
1,2015-01-01 00:00:00,14:32:00,0,1,0,80,45.60000000000001,4.1100066975964005,53.352583532410385,291.08466461498045,0,12.172745178720321,13.930644116223903,0,63.697596193499805,0,1,0,0,14.50287920945408,277.0129296559824,277.0129296559824,-197.01292965598242,0,0,0,598.3479280569221,1,65.52994807059616,254.29266955322245,80,0,0,0,13.949482980185262,17,22,0,0
1,2015-01-01 00:00:00,14:33:00,0,1,0,60,45.60000000000001,4.105362406898958,39.827468981192844,217.29342204790316,0,12.168084918358298,13.904007081286629,0,63.68906471600084,0,1,0,0,14.483415430772782,208.25522938415733,208.25522938415733,-148.25522938415733,0,0,0,449.8312954697799,0,65.86688880569766,0,60,0,0,0,13.930644116223903,17,22,0,0
1,2015-01-01 00:00:00,14:34:00,0,1,0,80,45.60000000000001,4.101995541590082,53.66795450108135,292.8052870584864,0,12.163400318111174,13.886887865650591,0,63.71189080158367,0,1,0,0,14.463707663783456,282.65624367067085,282.65624367067085,-202.65624367067085,0,0,0,610.537486328649,1,65.65953483932952,274.4058353017984,80,0,0,0,13.904007081286629,17,22,0,0
1,2015-01-01 00:00:00,14:35:00,0,1,0,60,45.60000000000001,4.098541034358407,52.4912098864037,286.3851235195858,0,12.158702359577106,13.86931363077321,0,63.70334937250894,0,1,0,0,14.444087942758529,278.49915941255995,278.49915941255995,-218.49915941255995,0,0,0,601.5581843311295,0,66.44616013205261,0,60,0,0,0,13.886887865650591,17,22,0,0
1,2015-01-01 00:00:00,14:36:00,0,1,0,80,45.60000000000001,4.094999603545179,51.31444300065833,279.9648384726748,0,12.15399047100696,13.851454592759902,0,63.73430286989064,0,1,0,0,14.42453779609236,274.30638405625376,274.30638405625376,-194.30638405625376,0,0,0,592.5017895615082,1,65.90850485271203,345.59415570250275,80,0,0,0,13.86931363077321,17,22,0,0
1,2015-01-01 00:00:00,14:37:00,0,1,0,80,45.60000000000001,4.09131844298494,49.541076210424876,270.28958297055146,0,12.14926423480716,13.832960315811679,0,63.75706003302433,0,1,0,0,14.405045170128671,266.8626631400593,266.8626631400593,-186.86266314005928,0,0,0,576.423352382528,1,65.59992488429724,273.94944983549476,80,0,0,0,13.851454592759902,17,22,0,0
1,2015-01-01 00:00:00,14:38:00,0,1,0,60,45.60000000000001,4.087553398223103,48.3791817711042,263.95044003134933,0,12.144522875317183,13.81424172396879,0,63.74850161592995,0,1,0,0,14.385586501614489,262.649161854254,262.649161854254,-202.64916185425398,0,0,0,567.3221896051887,0,66.28547248024631,0,60,0,0,0,13.832960315811679,17,22,0,0
1,2015-01-01 00:00:00,14:39:00,0,1,0,80,45.60000000000001,4.0837052338573,47.2181925136043,257.61623564487087,0,12.139766094225054,13.795297985105767,0,63.77647383753749,0,1,0,0,14.3661530057762,258.4003206180156,258.4003206180156,-178.4003206180156,0,0,0,558.1446925349137,1,65.74465304796111,319.6583289038612,80,0,0,0,13.81424172396879,17,22,0,0
1,2015-01-01 00:00:00,14:40:00,0,1,0,60,45.60000000000001,4.079774735522519,46.05843802590733,251.28876799971144,0,12.134993593500802,13.776146257117224,0,63.767905635962784,0,1,0,0,14.34673616833843,254.11615188271966,254.11615188271966,-194.11615188271966,0,0,0,548.8908880666745,0,66.37188771795472,0,60,0,0,0,13.795297985105767,17,22,0,0
1,2015-01-01 00:00:00,14:41:00,0,1,0,80,45.60000000000001,4.0758107139917055,45.441225824215216,247.92133956737166,0,12.13020513604226,13.75712404612911,0,63.796832962049955,0,1,0,0,14.327328348228864,252.8062888439215,252.8062888439215,-172.8062888439215,0,0,0,546.0615839028704,1,65.76168071427163,328.10174233098405,80,0,0,0,13.776146257117224,17,22,0,0
1,2015-01-01 00:00:00,14:42:00,0,1,0,60,45.60000000000001,4.071764504043262,44.271043151025076,241.53697711645316,0,12.125400835120217,13.73788484795135,0,63.7882547262358,0,1,0,0,14.307933644075812,248.39912696216646,248.39912696216646,-188.39912696216646,0,0,0,536.5421142382796,0,66.35152841665068,0,60,0,0,0,13.75712404612911,17,22,0,0
1,2015-01-01 00:00:00,14:43:00,0,1,0,80,45.60000000000001,4.067229374537982,38.484981356455116,209.96898648876746,0,12.120580065658968,13.715589841427507,0,63.816585803970064,0,1,0,0,14.288544229241646,217.8182088128521,217.8182088128521,-137.8182088128521,0,0,0,470.4873310357606,1,65.53511077230084,322.97248499227504,80,0,0,0,13.73788484795135,17,22,0,0
1,2015-01-01 00:00:00,14:44:00,0,1,0,60,45.60000000000001,4.062758828955332,38.942441923919056,212.46483105782997,0,12.11573938034939,13.694282411447666,0,63.807997061805054,0,1,0,0,14.269055984758172,222.37262106075792,222.37262106075792,-162.37262106075792,0,0,0,480.32486149123713,0,65.96198591913277,0,60,0,0,0,13.715589841427507,17,22,0,0
1,2015-01-01 00:00:00,14:45:00,0,1,0,80,45.60000000000001,4.058260076110956,38.34880312341057,209.22601599569748,0,12.110879937330681,13.673197622396781,0,63.83042357883908,0,1,0,0,14.249505863216998,220.97872353891918,220.97872353891918,-140.97872353891918,0,0,0,477.31404284406545,1,65.36526862801495,271.40259602329246,80,0,0,0,13.694282411447666,17,22,0,0
1,2015-01-01 00:00:00,14:46:00,0,1,0,60,45.60000000000001,4.052740175070334,26.411580528554037,144.09810268017154,0,12.106001184123075,13.64534308029969,0,63.82182519724655,0,1,0,0,14.229903542100663,153.61074456002126,153.61074456002126,-93.61074456002126,0,0,0,331.799208249646,0,65.35251456488004,0,60,0,0,0,13.673197622396781,17,22,0,0
1,2015-01-01 00:00:00,14:47:00,0,1,0,60,45.60000000000001,4.048461876607277,40.29427834394379,219.8402724120087,0,12.101096360925752,13.62706335072784,0,63.81322351459793,0,1,0,0,14.210020533195868,236.5865665291352,236.5865665291352,-176.5865665291352,0,0,0,511.0269837029321,0,65.87465098778505,0,60,0,0,0,13.64534308029969,17,22,0,0
1,2015-01-01 00:00:00,14:48:00,0,1,0,80,45.60000000000001,4.0442173799928725,40.421795540757,220.5359894328062,0,12.096176619431668,13.609170673395381,0,63.83430472846945,0,1,0,0,14.190192057601717,239.64908359965642,239.64908359965642,-159.64908359965642,0,0,0,517.6420205752579,1,65.4430455739681,259.73986162157667,80,0,0,0,13.62706335072784,17,22,0,0
1,2015-01-01 00:00:00,14:49:00,0,1,0,60,45.60000000000001,4.03999974766951,40.47252917685442,220.81278546535717,0,12.091242459125608,13.591746491165965,0,63.82569470548858,0,1,0,0,14.170429425485855,242.34337351623284,242.34337351623284,-182.34337351623284,0,0,0,523.461686795063,0,66.00012526512462,0,60,0,0,0,13.609170673395381,17,22,0,0
1,2015-01-01 00:00:00,14:50:00,1,1,0,1201,447.2,4.035693837517376,39.19657866160886,213.85136760693342,0,12.0862943771508,13.619344923266457,2,62.98718385627993,0,1,0,0,14.150746332481777,237.0992072037474,237.0992072037474,963.9007927962526,0,0,0,512.1342875600944,1,65.49642423543229,273.97825051414145,237.0992072037474,0,0,0,13.591746491165965,17,22,0,0
1,2015-01-01 00:00:00,14:51:00,1,1,0,1201,447.2,4.031266042068151,37.523591751274026,204.72377150084722,0,12.081384362124615,13.643387785989502,0,63.01485385963692,0,1,0,0,14.132671454617311,229.35145388686226,229.35145388686226,971.6485461131377,0,0,0,495.3991403956225,1,64.79745104355203,316.16428777319726,229.35145388686226,0,0,0,13.619344923266457,17,22,0,0
1,2015-01-01 00:00:00,14:52:00,1,1,0,1181,447.2,4.026753851489431,36.27451790626249,197.90898921324427,0,12.076508156931245,13.665218402319368,0,63.00639017973858,0,1,0,0,14.116029152963304,224.08955234154598,224.08955234154598,956.910447658454,0,0,0,484.03343305773933,0,65.25063630419112,0,224.08955234154598,0,0,0,13.643387785989502,17,22,0,0
1,2015-01-01 00:00:00,14:53:00,1,1,0,1201,447.2,4.021834805671917,31.265962045385297,170.5829684951813,0,12.071662798741242,13.682611466055201,0,63.03024883734028,0,1,0,0,14.100695453961809,195.26581455421837,195.26581455421837,1005.7341854457816,0,0,0,421.7741594371117,1,64.4608193864246,282.77501168101975,195.26581455421837,0,0,0,13.665218402319368,17,22,0,0
1,2015-01-01 00:00:00,14:54:00,1,1,0,1181,447.2,4.016847077473558,30.165116371926786,164.57689957713416,0,12.066843037928457,13.698240243804536,0,63.021789242362345,0,1,0,0,14.086474910155461,190.50640302897173,190.50640302897173,990.4935969710283,0,0,0,411.49383054257896,0,64.70465916553611,0,190.50640302897173,0,0,0,13.682611466055201,17,22,0,0
1,2015-01-01 00:00:00,14:55:00,1,1,0,1181,447.2,4.011791868054902,29.07204345463127,158.6132377923698,0,12.062046727532099,13.712158691336132,0,63.013333776819735,0,1,0,0,14.073269649395225,185.71641233856377,185.71641233856377,995.2835876614363,0,0,0,401.1474506512978,0,64.91224824092747,0,185.71641233856377,0,0,0,13.698240243804536,17,22,0,0
1,2015-01-01 00:00:00,14:56:00,1,1,0,1181,447.2,4.0066704145157725,27.987311063222418,152.6950808176763,0,12.057271788273551,13.724463298020959,0,63.00488214680508,0,1,0,0,14.060986963746958,180.89668527683617,180.89668527683617,1000.1033147231639,0,0,0,390.73684019796616,0,65.08416893181354,0,180.89668527683617,0,0,0,13.712158691336132,17,22,0,0
1,2015-01-01 00:00:00,14:57:00,1,1,60,1201,507.2,4.001456412315384,26.58727201689957,145.05665228685925,0,12.052516234756254,13.741827549836112,0,63.026375804706554,0,1,0,0,14.049540580558999,173.9271094733817,173.9271094733817,1087.0728905266183,0,0,0,375.6825564625045,1,64.23699822708629,261.99013491106547,173.9271094733817,0,0,0,13.724463298020959,17,22,0,0
1,2015-01-01 00:00:00,14:58:00,1,1,60,1181,507.2,3.9961799854267466,25.53385154256727,139.30932900525477,0,12.04778582743228,13.757357907299065,0,63.01792702500572,0,1,0,0,14.039074150942573,169.1096270721113,169.1096270721113,1071.8903729278886,0,0,0,365.2767944757604,0,64.34733981160585,0,169.1096270721113,0,0,0,13.741827549836112,17,22,0,0
1,2015-01-01 00:00:00,14:59:00,1,1,60,1181,507.2,3.9908424664734663,24.49047552271755,133.61680694358606,0,12.043078345045652,13.771259442766551,0,63.00948235601411,0,1,0,0,14.029491965784631,164.26594272141452,164.26594272141452,1076.7340572785854,0,0,0,354.81443627825536,0,64.4239713517008,0,164.26594272141452,0,0,0,13.757357907299065,17,22,0,0
1,2015-01-01 00:00:00,15:00:00,1,1,60,1181,507.2,3.985445228747058,23.457788146907355,127.98260071518048,0,12.03839180902741,13.783622459214017,0,63.00104151780041,0,1,0,0,14.020708546634356,159.39737975556622,159.39737975556622,1081.6026202444339,0,0,0,344.29834027202304,0,64.46745727960652,0,159.39737975556622,0,0,0,13.771259442766551,17,22,0,0
1,2015-01-01 00:00:00,15:01:00,1,1,60,1181,507.2,3.9799896875719876,22.436456012566428,122.41034718776635,0,12.03372435033445,13.79453418603339,0,62.99260424596179,0,1,0,0,14.012644394001011,154.50541590362965,154.50541590362965,1086.4945840963703,0,0,0,333.73169835184007,0,64.47836083940506,0,154.50541590362965,0,0,0,13.783622459214017,17,22,0,0
1,2015-01-01 00:00:00,15:02:00,1,1,60,1181,507.2,3.974543127859144,22.211089519771402,121.18077730328562,0,12.029074260325833,13.804560869910162,0,62.98417029109438,0,1,0,0,14.005225679444289,155.0645654649218,155.0645654649218,1085.9354345350782,0,0,0,334.9394614042311,0,64.49251418866051,0,155.0645654649218,0,0,0,13.79453418603339,17,22,0,0
1,2015-01-01 00:00:00,15:03:00,1,1,60,1181,507.2,3.9690378375792945,21.178101799531674,115.5449324352538,0,12.024440432359173,13.813244858439626,0,62.97573950090789,0,1,0,0,13.998400345786665,149.95042889420728,149.95042889420728,1091.0495711057927,0,0,0,323.89292641148774,0,64.47328603453843,0,149.95042889420728,0,0,0,13.804560869910162,17,22,0,0
1,2015-01-01 00:00:00,15:04:00,1,1,60,1181,507.2,3.9634754337296014,20.159102934834728,109.98540891952432,0,12.019821234123109,13.82067181989843,0,62.96731164468347,0,1,0,0,13.992102540094589,144.81775561689432,144.81775561689432,1096.1822443831056,0,0,0,312.8063521324917,0,64.4212773370873,0,144.81775561689432,0,0,0,13.813244858439626,17,22,0,0
1,2015-01-01 00:00:00,15:05:00,1,1,60,1181,507.2,3.9578951402427167,19.60558550566572,106.96549077197425,0,12.015215168152608,13.827192753316835,0,62.958886506427795,0,1,0,0,13.986271563217167,142.95521701980792,142.95521701980792,1098.0447829801922,0,0,0,308.7832687627851,0,64.35826952255593,0,142.95521701980792,0,0,0,13.82067181989843,17,22,0,0
1,2015-01-01 00:00:00,15:06:00,1,1,60,1181,507.2,3.9513885336331955,8.121384719276596,44.30920474139321,0,12.01062039217238,13.826107414589334,0,62.95046393035583,0,1,0,0,13.980860719343006,60.13228720233323,60.13228720233323,1180.8677127976669,0,0,0,129.8857403570398,0,63.762754674430504,0,60.13228720233323,0,0,0,13.827192753316835,17,22,0,0
1,2015-01-01 00:00:00,15:07:00,1,1,60,1181,507.2,3.9448452109833374,7.282191233036908,39.73067567464682,0,12.00602805775468,13.824445529355094,0,62.94204261209598,0,1,0,0,13.975597001494242,54.776439183628625,54.776439183628625,1186.2235608163714,0,0,0,118.31710863663784,0,63.14541646817525,0,54.776439183628625,0,0,0,13.826107414589334,17,22,0,0
1,2015-01-01 00:00:00,15:08:00,1,1,60,1181,507.2,3.9383172057357827,7.068815749737406,38.56652715772327,0,12.001437506066512,13.822513376513772,0,62.93362245259608,0,1,0,0,13.970455794958896,54.04287742207462,54.04287742207462,1186.9571225779255,0,0,0,116.73261523168118,0,62.536447828551374,0,54.04287742207462,0,0,0,13.824445529355094,17,22,0,0
1,2015-01-01 00:00:00,15:09:00,1,1,120,1181,567.2,3.931773517469265,6.48104782084594,35.359742797433,0,11.99684840803106,13.826872313292805,0,62.925203405325895,0,1,0,0,13.965423739909742,50.3863801009519,50.3863801009519,1250.613619899048,0,0,0,108.8345810180561,0,61.91676848745155,0,50.3863801009519,0,0,0,13.822513376513772,17,22,0,0
1,2015-01-01 00:00:00,15:10:00,1,1,120,1181,567.2,3.9252445767160733,6.261657488698434,34.162778057869225,0,11.99226804772448,13.830572547856946,0,62.91678654856726,0,1,0,0,13.960711106351342,49.52907100151813,49.52907100151813,1251.470928998482,0,0,0,106.98279336327917,0,61.30458013497695,0,49.52907100151813,0,0,0,13.826872313292805,17,22,0,0
1,2015-01-01 00:00:00,15:11:00,1,1,60,1181,507.2,3.9187162124359354,5.87096784081024,32.03122682652173,0,11.987695646578889,13.826867407346413,0,62.90837176902428,0,1,0,0,13.9562846247699,47.27395014005119,47.27395014005119,1193.7260498599487,0,0,0,102.11173230251057,0,60.69065086500145,0,47.27395014005119,0,0,0,13.830572547856946,17,22,0,0
1,2015-01-01 00:00:00,15:12:00,1,1,100,1181,547.2,3.9121891695289355,5.489428728273776,29.94959971013836,0,11.983122626647035,13.827521263378841,0,62.89995779684799,0,1,0,0,13.951882678599032,45.02269406242792,45.02269406242792,1235.977305937572,0,0,0,97.2490191748443,0,60.07497740834709,0,45.02269406242792,0,0,0,13.826867407346413,17,22,0,0
1,2015-01-01 00:00:00,15:13:00,1,1,100,1181,547.2,3.905675516796809,5.255780641386979,28.674846539693302,0,11.978554040810852,13.827718361864594,0,62.89154537915654,0,1,0,0,13.947652698489502,43.93371487216745,43.93371487216745,1237.0662851278325,0,0,0,94.8968241238817,0,59.4650213424605,0,43.93371487216745,0,0,0,13.827521263378841,17,22,0,0
1,2015-01-01 00:00:00,15:14:00,1,1,100,1181,547.2,3.899153434671405,4.755532907972672,25.945560831966503,0,11.973989345097396,13.827391998325277,0,62.88313443738215,0,1,0,0,13.943573299284573,40.54104805062789,40.54104805062789,1240.458951949372,0,0,0,87.56866378935625,0,58.84575291931294,0,40.54104805062789,0,0,0,13.827718361864594,17,22,0,0
1,2015-01-01 00:00:00,15:15:00,1,1,112,1181,559.2,3.892644749940142,4.523091508849663,24.677391190935793,0,11.969427937588385,13.828091293978332,0,62.87472488153545,0,1,0,0,13.939621554353984,39.351439751017885,39.351439751017885,1253.6485602489822,0,0,0,84.99910986219864,0,58.23149744904002,0,39.351439751017885,0,0,0,13.827391998325277,17,22,0,0
1,2015-01-01 00:00:00,15:16:00,1,1,100,1181,547.2,3.8861042402242236,3.734039809785758,20.372429107021492,0,11.964870971375557,13.826689434641521,0,62.86631688720615,0,1,0,0,13.935828008082703,33.17760616337239,33.17760616337239,1247.8223938366277,0,0,0,71.66362931288437,0,57.58996552210369,0,33.17760616337239,0,0,0,13.828091293978332,17,22,0,0
1,2015-01-01 00:00:00,15:17:00,1,1,100,1181,547.2,3.8795551650650504,3.2297034840840397,17.620836578594897,0,11.960316000852876,13.824867022239747,0,62.857910093928574,0,1,0,0,13.932115811707153,29.329148208917495,29.329148208917495,1251.6708517910824,0,0,0,63.35096013126179,0,56.93663415394386,0,29.329148208917495,0,0,0,13.826689434641521,17,22,0,0
1,2015-01-01 00:00:00,15:18:00,1,1,100,1181,547.2,3.873008682709684,2.862905245011454,15.619633725185759,0,11.955762537899695,13.822703618972932,0,62.849504429401996,0,1,0,0,13.928467893698057,26.592821478992917,26.592821478992917,1254.4071785210072,0,0,0,57.44049439462471,0,56.27883874873228,0,26.592821478992917,0,0,0,13.824867022239747,17,22,0,0
1,2015-01-01 00:00:00,15:19:00,1,1,100,1181,547.2,3.8664737253405272,2.6073417920441626,14.225313205549819,0,11.951210194777346,13.820283341157866,0,62.84109983497735,0,1,0,0,13.92487046938768,24.794077825238567,24.794077825238567,1256.2059221747613,0,0,0,53.55520810251531,0,55.622637934717325,0,24.794077825238567,0,0,0,13.822703618972932,17,22,0,0
1,2015-01-01 00:00:00,15:20:00,1,1,112,1181,559.2,3.8599877724016274,2.819720110526061,15.384021322641145,0,11.946658712879865,13.819262773531785,0,62.832696266435555,0,1,0,0,13.92131308407374,27.47542888175388,27.47542888175388,1265.524571118246,0,0,0,59.346926384588386,0,54.996796870126545,0,27.47542888175388,0,0,0,13.820283341157866,17,22,0,0
1,2015-01-01 00:00:00,15:21:00,1,1,112,1181,559.2,3.853478118917368,2.128661716529251,11.61369779700099,0,11.942109689394748,13.817637561533216,0,62.82429396355106,0,1,0,0,13.917841985075714,21.274331421016928,21.274331421016928,1271.725668578983,0,0,0,45.95255586939657,0,54.34339356146576,0,21.274331421016928,0,0,0,13.819262773531785,17,22,0,0
1,2015-01-01 00:00:00,15:22:00,1,1,112,1181,559.2,3.8469872908845835,1.9677828024842015,10.735963643602815,0,11.937562435874863,13.815794981350766,0,62.81589282245357,0,1,0,0,13.914433671349778,20.19242900350013,20.19242900350013,1272.8075709964999,0,0,0,43.61564664756028,0,53.69589752386248,0,20.19242900350013,0,0,0,13.817637561533216,17,22,0,0
1,2015-01-01 00:00:00,15:23:00,1,1,112,1181,559.2,3.840510648769665,1.7504045298271125,9.549976435456948,0,11.933016709219645,13.813705162543256,0,62.80749280568081,0,1,0,0,13.911078613866819,18.46270639553847,18.46270639553847,1274.5372936044616,0,0,0,39.879445814363095,0,53.049943897766624,0,18.46270639553847,0,0,0,13.815794981350766,17,22,0,0
1,2015-01-01 00:00:00,15:24:00,1,1,112,1181,559.2,3.8340452444882933,1.4972384428458059,8.168735628700626,0,11.928472229824669,13.81135872090661,0,62.79909387065627,0,1,0,0,13.907766591712956,16.252207174975663,16.252207174975663,1276.7477928250244,0,0,0,35.104767497947435,0,52.402331903003734,0,16.252207174975663,0,0,0,13.813705162543256,17,22,0,0
1,2015-01-01 00:00:00,15:25:00,1,1,112,1181,559.2,3.8276063830453086,1.4380873778013992,7.84601521311643,0,11.923928720486963,13.80888802573843,0,62.79069597320203,0,1,0,0,13.904487412433829,16.085312552029624,16.085312552029624,1276.9146874479704,0,0,0,34.74427511238399,0,51.766191914069324,0,16.085312552029624,0,0,0,13.81135872090661,17,22,0,0
1,2015-01-01 00:00:00,15:26:00,1,1,222,1181,669.2,3.8211835110106533,1.2479668911775226,6.808742893365886,0,11.919386048864341,13.818651868657454,0,62.782299091839604,0,1,0,0,13.901235732614257,14.40365198780588,14.40365198780588,1388.596348012194,0,0,0,31.1118882936607,0,51.13146756234674,0,14.40365198780588,0,0,0,13.80888802573843,17,22,0,0
1,2015-01-01 00:00:00,15:27:00,1,1,222,1181,669.2,3.8147975396327647,1.32426123796038,7.224994794865954,0,11.914858391367,13.827616876856734,0,62.7739053237442,0,1,0,0,13.89842675764974,15.795028752478125,15.795028752478125,1387.2049712475218,0,0,0,34.11726210535275,0,50.51786594911082,0,15.795028752478125,0,0,0,13.818651868657454,17,22,0,0
1,2015-01-01 00:00:00,15:28:00,1,1,162,1181,609.2,3.8084370227274618,1.2585509816735032,6.866488296274174,0,11.910344815559116,13.829156478354054,0,62.765514531439024,0,1,0,0,13.896018258303037,15.538254750067887,15.538254750067887,1327.4617452499322,0,0,0,33.56263026014664,0,49.914291559344576,0,15.538254750067887,0,0,0,13.827616876856734,17,22,0,0
1,2015-01-01 00:00:00,15:29:00,1,1,162,1181,609.2,3.802068042423472,0.7633475434878776,4.164723598546222,0,11.905836700052655,13.83024311656724,0,62.75712544148707,0,1,0,0,13.893744048100691,9.772569656143109,9.772569656143109,1333.227430343857,0,0,0,21.108750457269117,0,49.284986687699124,0,9.772569656143109,0,0,0,13.829156478354054,17,22,0,0
1,2015-01-01 00:00:00,15:30:00,1,1,162,1181,609.2,3.7957190747385954,0.6307751874522608,3.4414262952318855,0,11.901333526820741,13.831015810491781,0,62.74873797594565,0,1,0,0,13.891584152470301,8.389923101247817,8.389923101247817,1334.6100768987521,0,0,0,18.122233898695285,0,48.65862269915553,0,8.389923101247817,0,0,0,13.83024311656724,17,22,0,0
1,2015-01-01 00:00:00,15:31:00,1,1,162,1170,598.2,3.789391106740276,0.5126582378068859,2.7969957841586544,0,11.896834940439406,13.830253959561999,0,62.74035208071729,0,1,0,0,13.889524004783956,7.099567493227133,7.099567493227133,1324.9004325067729,0,0,0,15.33506578537061,0,48.035670848074936,0,7.099567493227133,0,0,0,13.831015810491781,17,22,0,0
1,2015-01-01 00:00:00,15:32:00,1,1,162,1142,570.2,3.7830897903642056,0.46893309069991523,2.5584371439169598,0,11.892339179433009,13.826173512118064,0,62.731967492467945,0,1,0,0,13.887508016851237,6.7772446148520356,6.7772446148520356,1297.222755385148,0,0,0,14.638848368080398,0,47.42223819763544,0,6.7772446148520356,0,0,0,13.830253959561999,17,22,0,0
1,2015-01-01 00:00:00,15:33:00,1,1,162,3229,2657.1999999999994,3.7768059371787523,0.3095429514299082,1.688825549491348,0,11.887842415205451,14.05798486362409,0,62.72358364207131,0,1,0,0,13.885421809207251,4.6808886299472166,4.6808886299472166,3386.3191113700527,0,0,0,10.110719440685989,0,46.80664806951234,0,4.6808886299472166,0,0,0,13.826173512118064,17,22,0,0
1,2015-01-01 00:00:00,15:34:00,1,1,162,3229,2657.1999999999994,3.7705454852310747,0.2282519101088471,1.2453123410865639,0,11.883617443639485,14.275082685137065,0,62.71524096799501,0,1,0,0,13.891291300854082,3.621937632571025,3.621937632571025,3387.378062367429,0,0,0,7.823385286353414,0,46.1955612876844,0,3.621937632571025,0,0,0,14.05798486362409,17,22,0,0
1,2015-01-01 00:00:00,15:35:00,1,1,212,3229,2707.1999999999994,3.76430870897515,0.15264342636677786,0.8328024179497053,0,11.879646730546632,14.487775894733643,0,62.70693694086081,0,1,0,0,13.90434542957119,2.5499266331727517,2.5499266331727517,3438.4500733668274,0,0,0,5.507841527653144,0,45.58874566105779,0,2.5499266331727517,0,0,0,14.275082685137065,17,22,0,0
1,2015-01-01 00:00:00,15:36:00,1,1,212,1142,620.2,3.758098466498615,0.11619482642747597,0.6339436601058195,0,11.875924699693229,14.45464004762507,0,62.698670798967186,0,1,0,0,13.924190003216172,2.050884994471618,2.050884994471618,1351.9491150055285,0,0,0,4.429911588058695,0,44.98975132538274,0,2.050884994471618,0,0,0,14.487775894733643,17,22,0,0
1,2015-01-01 00:00:00,15:37:00,1,1,152,1142,560.2,3.751914338058972,0.07672455089816368,0.41859903845818486,0,11.872166613397624,14.420127167052453,0,62.690400393695526,0,1,0,0,13.942232521733482,1.4367774316200006,1.4367774316200006,1292.56322256838,0,0,0,3.1034392522992014,0,44.39763112900448,0,1.4367774316200006,0,0,0,14.45464004762507,17,22,0,0
1,2015-01-01 00:00:00,15:38:00,1,1,162,1142,570.2,3.745756969973776,0.04804603394040692,0.26213282937137417,0,11.868370973128656,14.388429348966818,0,62.68212548971382,0,1,0,0,13.95848744164229,0.9591108196031901,0.9591108196031901,1303.0408891803968,0,0,0,2.0716793703428906,0,43.81307833853938,0,0.9591108196031901,0,0,0,14.420127167052453,17,22,0,0
1,2015-01-01 00:00:00,15:39:00,1,1,162,1142,570.2,3.739627005859151,0.03020280133131236,0.1647825037491817,0,11.864541131413024,14.358205027096462,0,62.6738465703754,0,1,0,0,13.973111316041084,0.6462343701127954,0.6462343701127954,1303.3537656298872,0,0,0,1.395866239443638,0,43.236958560417285,0,0.6462343701127954,0,0,0,14.388429348966818,17,22,0,0
1,2015-01-01 00:00:00,15:40:00,1,1,162,1142,570.2,3.7335246045944523,0.016939526259748535,0.09241982287624731,0,11.860678882925335,14.329389239119259,0,62.66556388896798,0,1,0,0,13.986209741587185,0.3909772683876303,0.3909772683876303,1303.6090227316124,0,0,0,0.8445108997172815,0,42.66943355638153,0,0.3909772683876303,0,0,0,14.358205027096462,17,22,0,0
1,2015-01-01 00:00:00,15:41:00,1,1,162,1142,570.2,3.7274499261495584,0.00828984743362689,0.045228315109816064,0,11.856785943789243,14.301901644649067,0,62.65727768759943,0,1,0,0,13.997882513612085,0.20796494901354248,0.20796494901354248,1303.7920350509864,0,0,0,0.4492042898692518,0,42.11075899623588,0,0.20796494901354248,0,0,0,14.329389239119259,17,22,0,0
1,2015-01-01 00:00:00,15:42:00,1,1,210,1142,618.2,3.721403026733912,0.00291116363484644,0.015882925140332366,0,11.852863933864885,14.281092603774663,0,62.6489881945635,0,1,0,0,14.00822330038205,0.08010386685073552,0.08010386685073552,1351.9198961331492,0,0,0,0.17302435239758873,0,41.56107840843315,0,0.08010386685073552,0,0,0,14.301901644649067,17,22,0,0
1,2015-01-01 00:00:00,15:43:00,1,1,210,1142,618.2,3.715383982787452,0.0010765100699779199,0.0058732970725553744,0,11.84892065677022,14.261127124802792,0,62.640696555319366,0,1,0,0,14.01750456920493,0.03285373686049728,0.03285373686049728,1351.9671462631395,0,0,0,0.07096407161867413,0,41.02069944574677,0,0.03285373686049728,0,0,0,14.281092603774663,17,22,0,0
1,2015-01-01 00:00:00,15:44:00,1,1,210,59,401.6,3.7093926822935974,0.00030980131930126345,0.0016902351705481249,0,11.844957153215107,14.2175573608615,0,62.632402914845564,0,1,0,0,14.02579105068785,0.010633785137647588,0.010633785137647588,268.98936621486234,0,0,0,0.02296897589731879,0,40.48956876085125,0,0.010633785137647588,0,0,0,14.261127124802792,17,22,0,0
1,2015-01-01 00:00:00,15:45:00,1,1,210,59,401.6,3.7034289727280347,6.193334999934364e-05,0.0003379001956313825,0,11.840946191345267,14.17633891034266,0,62.62410322703631,0,1,0,0,14.0323137142992,0.0024343048449644725,0.0024343048449644725,268.99756569515506,0,0,0,0.005258098465123261,0,39.96756560443803,0,0.0024343048449644725,0,0,0,14.2175573608615,17,22,0,0
1,2015-01-01 00:00:00,15:46:00,1,1,210,59,401.6,3.6974926783993025,7.380278116815186e-06,4.0265824786036786e-05,0,11.836890607108517,14.136940034872136,0,62.61579789601059,0,1,0,0,14.037212530491153,0.00034026008339410965,0.00034026008339410965,268.9996597399166,0,0,0,0.0007349617801312769,0,39.45452287213984,0,0.00034026008339410965,0,0,0,14.17633891034266,17,22,0,0
1,2015-01-01 00:00:00,15:47:00,1,1,210,59,401.6,3.6915836142478176,3.330569335676836e-07,1.8171147372151082e-06,0,11.832792615789053,14.099264028336442,0,62.60748723466297,0,1,0,0,14.0406046224769,1.863051920328237e-05,1.863051920328237e-05,268.9999813694808,0,0,0,4.024192147908992e-05,0,38.95025090000803,0,1.863051920328237e-05,0,0,0,14.136940034872136,17,22,0,0
1,2015-01-01 00:00:00,15:48:00,1,1,210,59,401.6,3.685701593843364,2.587781760730448e-09,1.4118596252445713e-08,0,11.828654316290345,14.063213370877508,0,62.59917153925617,0,1,0,0,14.042599840363279,1.848275978010947e-07,1.848275978010947e-07,268.99999981517243,0,0,0,3.992276112503646e-07,0,38.45455620472257,0,1.848275978010947e-07,0,0,0,14.099264028336442,17,22,0,0
1,2015-01-01 00:00:00,15:49:00,1,1,210,59,401.6,3.679846431979376,5.700536607810993e-13,3.1101376479773913e-12,0,11.824477690426301,14.028696425044801,0,62.59085108928445,0,1,0,0,14.04330098085696,5.6659784711067395e-11,5.6659784711067395e-11,268.9999999999433,0,0,0,1.223851349759056e-10,0,37.967249073388,0,5.6659784711067395e-11,0,0,0,14.063213370877508,17,22,0,0
1,2015-01-01 00:00:00,15:50:00,1,1,350,59,541.6,3.6740179451124915,1.30723135034325e-21,7.132081972332221e-21,0,11.820264609957334,14.0114538238152,0,62.58252614848487,0,1,0,0,14.042804227257907,2.1588255225866511e-19,2.1588255225866511e-19,409,0,0,0,4.663063128787167e-19,0,37.488145113116055,0,2.1588255225866511e-19,0,0,0,14.028696425044801,17,22,0,0
1,2015-01-01 00:00:00,15:51:00,1,1,350,59,541.6,3.684405733330163,1.7018858236838341e-65,9.285264768838413e-65,0,11.816048576195108,13.994612608198468,0,62.57419967894349,0,1,0,0,14.041737887004754,8.584835953575869e-63,8.584835953575869e-63,409,0,0,0,1.8543245659723878e-62,0,37.01706517448438,0,8.584835953575869e-63,0,0,0,14.0114538238152,17,22,0,0
1,2015-01-01 00:00:00,15:52:00,1,1,350,59,541.6,3.6945435215478346,0,0,0,11.811829851739073,13.97840744370031,0,62.565871749731365,0,1,0,0,14.040134986365084,0,0,409,0,0,0,0,0,36.55410762563334,0,0,0,0,0,13.994612608198468,17,22,0,0
1,2015-01-01 00:00:00,15:53:00,1,1,350,1142,758.2,3.704681309765506,0,0,0,11.807609177433323,13.987285201150021,0,62.55754247013604,0,1,0,0,14.03803541008397,0,0,1492,0,0,0,0,0,36.099091410841744,0,0,0,0,0,13.97840744370031,17,22,0,0
1,2015-01-01 00:00:00,15:54:00,1,1,310,1142,718.2,3.7148190979831774,0,0,0,11.80341556189274,13.990681928373267,0,62.5492161403185,0,1,0,0,14.036309212501182,0,0,1452,0,0,0,0,0,35.65184475191188,0,0,0,0,0,13.987285201150021,17,22,0,0
1,2015-01-01 00:00:00,15:55:00,1,1,310,1142,718.2,3.725706886200849,0,0,0,11.799243235595544,13.9938533582357,0,62.54089182016788,0,1,0,0,14.034757264061458,0,0,1452,0,0,0,0,0,35.21220067294335,0,0,0,0,0,13.990681928373267,17,22,0,0
1,2015-01-01 00:00:00,15:56:00,1,1,310,1142,718.2,3.7363446744185205,0,0,0,11.795091688328181,13.996731354292107,0,62.53256947071726,0,1,0,0,14.033365974747657,0,0,1452,0,0,0,0,0,34.78000920988798,0,0,0,0,0,13.9938533582357,17,22,0,0
1,2015-01-01 00:00:00,15:57:00,1,1,310,1142,718.2,3.7474824626361922,0,0,0,11.79096095432965,13.999333805703316,0,62.524249041325874,0,1,0,0,14.032119899221957,0,0,1452,0,0,0,0,0,34.35510807081594,0,0,0,0,0,13.996731354292107,17,22,0,0
1,2015-01-01 00:00:00,15:58:00,1,1,310,1142,718.2,3.749870250853864,0,0,0,11.786843414297751,14.001665316664278,0,62.51593048442834,0,1,0,0,14.031004725973023,0,0,1452,0,0,0,0,0,33.937351681484266,0,0,0,0,0,13.999333805703316,17,22,0,0
1,2015-01-01 00:00:00,15:59:00,1,1,310,1142,718.2,3.7440080390715353,0,0,0,11.78273188420567,14.003730651138559,0,62.50761375325672,0,1,0,0,14.03000678688089,0,0,1452,0,0,0,0,0,33.5264478842897,0,0,0,0,0,14.001665316664278,17,22,0,0
1,2015-01-01 00:00:00,16:00:00,1,1,310,1459,1035.2000000000003,3.7381458272892067,0,0,0,11.778626044323408,14.041380214940137,0,62.49929880186779,0,1,0,0,14.029113040767205,0,0,1769,0,0,0,0,0,33.122120888377125,0,0,0,0,0,14.003730651138559,17,22,0,0
1,2015-01-01 00:00:00,16:01:00,1,1,310,1459,1035.2000000000003,3.732283615506878,0,0,0,11.774567031323784,14.076562040677732,0,62.49099173011003,0,1,0,0,14.029530291589413,0,0,1769,0,0,0,0,0,32.72423567783535,0,0,0,0,0,14.041380214940137,17,22,0,0
1,2015-01-01 00:00:00,16:02:00,1,1,310,1459,1035.2000000000003,3.72742140372455,0,0,0,11.77055272826848,14.109996094314974,0,62.482692113591845,0,1,0,0,14.031130010946159,0,0,1769,0,0,0,0,0,32.332660791620704,0,0,0,0,0,14.076562040677732,17,22,0,0
1,2015-01-01 00:00:00,16:03:00,1,1,210,1459,935.2000000000002,3.7230591919422213,0,0,0,11.766581440139651,14.130463594579282,0,62.47439965141711,0,1,0,0,14.033812530788635,0,0,1669,0,0,0,0,0,31.947284201273597,0,0,0,0,0,14.109996094314974,17,22,0,0
1,2015-01-01 00:00:00,16:04:00,1,1,210,1153,629.2,3.719446980159893,0,0,0,11.762638709810457,14.115470409787536,0,62.466112119521654,0,1,0,0,14.037099981937978,0,0,1363,0,0,0,0,0,31.567988785421825,0,0,0,0,0,14.130463594579282,17,22,0,0
1,2015-01-01 00:00:00,16:05:00,1,1,310,1153,729.2,3.7158347683775643,0,0,0,11.758683475452704,14.112927246639455,0,62.4578234380857,0,1,0,0,14.039765642749186,0,0,1463,0,0,0,0,0,31.194664393932786,0,0,0,0,0,14.115470409787536,17,22,0,0
1,2015-01-01 00:00:00,16:06:00,1,1,310,3240,2816.1999999999994,3.712472556595236,0,0,0,11.754730365944017,14.346133934109481,0,62.44953574159573,0,1,0,0,14.042254132677426,0,0,3550,0,0,0,0,0,30.827191829400746,0,0,0,0,0,14.112927246639455,17,22,0,0
1,2015-01-01 00:00:00,16:07:00,1,1,310,3240,2816.1999999999994,3.708360344812908,0,0,0,11.751051365168552,14.56468701986271,0,62.44128944414302,0,1,0,0,14.052590180345183,0,0,3550,0,0,0,0,0,30.46545887008623,0,0,0,0,0,14.346133934109481,17,22,0,0
1,2015-01-01 00:00:00,16:08:00,1,1,370,3240,2876.1999999999994,3.7042481330305796,0,0,0,11.747628983994167,14.780015317658702,0,62.43308202658457,0,1,0,0,14.070008440192717,0,0,3610,0,0,0,0,0,30.109340463332416,0,0,0,0,0,14.56468701986271,17,22,0,0
1,2015-01-01 00:00:00,16:09:00,1,1,370,1153,789.2,3.7001359212482514,0,0,0,11.74445898377897,14.749466190642371,0,62.42491292943447,0,1,0,0,14.094158333984078,0,0,1523,0,0,0,0,0,29.758726440369006,0,0,0,0,0,14.780015317658702,17,22,0,0
1,2015-01-01 00:00:00,16:10:00,1,1,370,1153,789.2,3.696023709465923,0,0,0,11.74125654189979,14.724297096936368,0,62.41673999570782,0,1,0,0,14.116447716863611,0,0,1523,0,0,0,0,0,29.41350939041985,0,0,0,0,0,14.749466190642371,17,22,0,0
1,2015-01-01 00:00:00,16:11:00,1,1,370,1153,789.2,3.6906614976835947,0,0,0,11.738026906961174,14.70035708362617,0,62.40856414835375,0,1,0,0,14.137122865845678,0,0,1523,0,0,0,0,0,29.073584574829965,0,0,0,0,0,14.724297096936368,17,22,0,0
1,2015-01-01 00:00:00,16:12:00,1,1,370,1153,789.2,3.6850492859012665,0,0,0,11.734771346810927,14.677633228713765,0,62.40038559857122,0,1,0,0,14.156280492300796,0,0,1523,0,0,0,0,0,28.738830562133803,0,0,0,0,0,14.70035708362617,17,22,0,0
1,2015-01-01 00:00:00,16:13:00,1,1,370,1153,789.2,3.679687074118938,0,0,0,11.731491526655942,14.656051112379366,0,62.39220455530781,0,1,0,0,14.174013578573346,0,0,1523,0,0,0,0,0,28.409144312784665,0,0,0,0,0,14.677633228713765,17,22,0,0
1,2015-01-01 00:00:00,16:14:00,1,1,370,1153,789.2,3.6743248623366096,0,0,0,11.728188814930638,14.63554155585132,0,62.3840212147176,0,1,0,0,14.190409413056544,0,0,1523,0,0,0,0,0,28.084432964001458,0,0,0,0,0,14.656051112379366,17,22,0,0
1,2015-01-01 00:00:00,16:15:00,1,1,370,1153,789.2,3.6679626505542813,0,0,0,11.72486366771771,14.616038384666538,0,62.37583576106179,0,1,0,0,14.205549962131197,0,0,1523,0,0,0,0,0,27.764602082481506,0,0,0,0,0,14.63554155585132,17,22,0,0
1,2015-01-01 00:00:00,16:16:00,1,1,370,1153,789.2,3.661850438771953,0,0,0,11.721517500721527,14.59748089441009,0,62.36764836722584,0,1,0,0,14.219512153373897,0,0,1523,0,0,0,0,0,27.449544311552742,0,0,0,0,0,14.616038384666538,17,22,0,0
1,2015-01-01 00:00:00,16:17:00,1,1,370,1153,789.2,3.6544882269896246,0,0,0,11.718150412180792,14.579810277827436,0,62.35945919565907,0,1,0,0,14.232368233000978,0,0,1523,0,0,0,0,0,27.139173826446385,0,0,0,0,0,14.59748089441009,17,22,0,0
1,2015-01-01 00:00:00,16:18:00,1,1,370,1153,789.2,3.6471260152072964,0,0,0,11.714763469185657,14.56297274816035,0,62.35126839870173,0,1,0,0,14.244185989627727,0,0,1523,0,0,0,0,0,26.833384200106792,0,0,0,0,0,14.579810277827436,17,22,0,0
1,2015-01-01 00:00:00,16:19:00,1,1,370,1153,789.2,3.639763803424968,0,0,0,11.711357674510497,14.546917759371185,0,62.343076119447346,0,1,0,0,14.255029076652646,0,0,1523,0,0,0,0,0,26.53209035602961,0,0,0,0,0,14.56297274816035,17,22,0,0
1,2015-01-01 00:00:00,16:20:00,1,1,370,1153,789.2,3.63240159164264,0,0,0,11.707933970489059,14.531597833096967,0,62.334882492299904,0,1,0,0,14.26495726313967,0,0,1523,0,0,0,0,0,26.235209215850354,0,0,0,0,0,14.546917759371185,17,22,0,0
1,2015-01-01 00:00:00,16:21:00,1,1,310,1153,729.2,3.6250393798603118,0,0,0,11.704493242681817,14.510185437709456,0,62.32668764350118,0,1,0,0,14.274026670281076,0,0,1463,0,0,0,0,0,25.9426596410365,0,0,0,0,0,14.531597833096967,17,22,0,0
1,2015-01-01 00:00:00,16:22:00,1,1,310,1164,740.2,3.6176771680779836,0,0,0,11.70102847984556,14.491086936565145,0,62.31849052883733,0,1,0,0,14.282059281418096,0,0,1474,0,0,0,0,0,25.654362376617915,0,0,0,0,0,14.510185437709456,17,22,0,0
1,2015-01-01 00:00:00,16:23:00,1,1,310,1164,740.2,3.6103149562956554,0,0,0,11.697542405395048,14.472808379742855,0,62.31029154536437,0,1,0,0,14.289169065606771,0,0,1474,0,0,0,0,0,25.370239996872858,0,0,0,0,0,14.491086936565145,17,22,0,0
1,2015-01-01 00:00:00,16:24:00,1,1,310,1164,740.2,3.602952744513327,0,0,0,11.694036009801069,14.455323307683532,0,62.30209083396455,0,1,0,0,14.295415300781467,0,0,1474,0,0,0,0,0,25.09021685289058,0,0,0,0,0,14.472808379742855,17,22,0,0
1,2015-01-01 00:00:00,16:25:00,1,1,310,1164,740.2,3.596590532730999,0,0,0,11.69051108060958,14.438585749192905,0,62.29388853096005,0,1,0,0,14.30085434863528,0,0,1474,0,0,0,0,0,24.81421902193523,0,0,0,0,0,14.455323307683532,17,22,0,0
1,2015-01-01 00:00:00,16:26:00,1,1,310,1164,740.2,3.5902283209486705,0,0,0,11.686968519018642,14.422551698514402,0,62.28568476476889,0,1,0,0,14.305539090150845,0,0,1474,0,0,0,0,0,24.542188950119538,0,0,0,0,0,14.438585749192905,17,22,0,0
1,2015-01-01 00:00:00,16:27:00,1,1,310,1164,740.2,3.5861161091663423,0,0,0,11.683411040237724,14.40718246912738,0,62.277479656243244,0,1,0,0,14.309519110843482,0,0,1474,0,0,0,0,0,24.274055713331038,0,0,0,0,0,14.422551698514402,17,22,0,0
1,2015-01-01 00:00:00,16:28:00,1,1,250,1164,680.2,3.583003897384014,0,0,0,11.67984027230002,14.385657341217595,0,62.269273319582595,0,1,0,0,14.312840993778309,0,0,1414,0,0,0,0,0,24.009782826588612,0,0,0,0,0,14.40718246912738,17,22,0,0
1,2015-01-01 00:00:00,16:29:00,1,1,250,1164,680.2,3.5798916856016856,0,0,0,11.676249123198504,14.365144397914758,0,62.26106469970059,0,1,0,0,14.31531774028985,0,0,1414,0,0,0,0,0,23.749316375901476,0,0,0,0,0,14.385657341217595,17,22,0,0
1,2015-01-01 00:00:00,16:30:00,1,1,250,1164,680.2,3.5765294738193574,0,0,0,11.67263859644425,14.345475189670822,0,62.252853970505996,0,1,0,0,14.317012524562806,0,0,1414,0,0,0,0,0,23.492589117936326,0,0,0,0,0,14.365144397914758,17,22,0,0
1,2015-01-01 00:00:00,16:31:00,1,1,250,1164,680.2,3.572417262037029,0,0,0,11.66900908394859,14.326602469750501,0,62.24464127700071,0,1,0,0,14.317980642423622,0,0,1414,0,0,0,0,0,23.23953168450648,0,0,0,0,0,14.345475189670822,17,22,0,0
1,2015-01-01 00:00:00,16:32:00,1,1,250,1164,680.2,3.5685550502547008,0,0,0,11.665361751849417,14.30848115340355,0,62.23642675606232,0,1,0,0,14.318273901856509,0,0,1414,0,0,0,0,0,22.990069033178145,0,0,0,0,0,14.326602469750501,17,22,0,0
1,2015-01-01 00:00:00,16:33:00,1,1,250,1164,680.2,3.5646928384723724,0,0,0,11.661697504425032,14.291068560520252,0,62.22821053681615,0,1,0,0,14.317940815174435,0,0,1414,0,0,0,0,0,22.744142157152456,0,0,0,0,0,14.30848115340355,17,22,0,0
1,2015-01-01 00:00:00,16:34:00,1,1,250,1164,680.2,3.560580626690044,0,0,0,11.6580169873948,14.27432425324403,0,62.219992741048785,0,1,0,0,14.317026792907285,0,0,1414,0,0,0,0,0,22.501689746826226,0,0,0,0,0,14.291068560520252,17,22,0,0
1,2015-01-01 00:00:00,16:35:00,1,1,250,1164,680.2,3.5559684149077158,0,0,0,11.654320591025499,14.258209889730729,0,62.21177348359373,0,1,0,0,14.3155743255718,0,0,1414,0,0,0,0,0,22.262648248925057,0,0,0,0,0,14.27432425324403,17,22,0,0
1,2015-01-01 00:00:00,16:36:00,1,1,250,1164,680.2,3.5538562031253873,0,0,0,11.650611149388647,14.242692933242683,0,62.20355287269193,0,1,0,0,14.31362315428469,0,0,1414,0,0,0,0,0,22.026951923095073,0,0,0,0,0,14.258209889730729,17,22,0,0
1,2015-01-01 00:00:00,16:37:00,1,1,250,1164,680.2,3.551743991343059,0,0,0,11.646889379206186,14.227739866111241,0,62.19533101098802,0,1,0,0,14.31121056173224,0,0,1414,0,0,0,0,0,21.794579071518474,0,0,0,0,0,14.242692933242683,17,22,0,0
1,2015-01-01 00:00:00,16:38:00,1,1,250,1164,680.2,3.5486317795607305,0,0,0,11.643155127379503,14.213318015630703,0,62.187107995363185,0,1,0,0,14.308371422425404,0,0,1414,0,0,0,0,0,21.56547299129634,0,0,0,0,0,14.227739866111241,17,22,0,0
1,2015-01-01 00:00:00,16:39:00,1,1,250,1164,680.2,3.5452695677784023,0,0,0,11.639408825561953,14.1993975007257,0,62.178883917080945,0,1,0,0,14.305138313350755,0,0,1414,0,0,0,0,0,21.339564058322686,0,0,0,0,0,14.213318015630703,17,22,0,0
1,2015-01-01 00:00:00,16:40:00,1,1,150,1164,580.2,3.541657355996074,0,0,0,11.635650869996528,14.174645287380368,0,62.17065886226671,0,1,0,0,14.30154168707099,0,0,1314,0,0,0,0,0,21.116794705382176,0,0,0,0,0,14.1993975007257,17,22,0,0
1,2015-01-01 00:00:00,16:41:00,1,1,150,1164,580.2,3.5342951442137456,0,0,0,11.631865647401646,14.151038598191548,2,61.32770043242903,0,1,0,0,14.297225482999881,0,0,1314,0,0,0,0,0,20.89710857982822,0,0,0,0,0,14.174645287380368,17,22,0,0
1,2015-01-01 00:00:00,16:42:00,1,1,150,1164,580.2,3.5269329324314174,0,0,0,11.628054536561125,14.128188499068179,0,61.31961300468602,0,1,0,0,14.29225313997919,0,0,1314,0,0,0,0,0,20.680401471261206,0,0,0,0,0,14.151038598191548,17,22,0,0
1,2015-01-01 00:00:00,16:43:00,1,1,150,1164,580.2,3.519570720649089,0,0,0,11.624218463774952,14.106198880292473,0,61.31152304619934,0,1,0,0,14.28667271001623,0,0,1314,0,0,0,0,0,20.466623800240026,0,0,0,0,0,14.128188499068179,17,22,0,0
1,2015-01-01 00:00:00,16:44:00,1,1,150,1164,580.2,3.512208508866761,0,0,0,11.620358473637452,14.085020175291572,0,61.30343070491376,0,1,0,0,14.280534144379368,0,0,1314,0,0,0,0,0,20.25572700826872,0,0,0,0,0,14.106198880292473,17,22,0,0
1,2015-01-01 00:00:00,16:45:00,1,1,150,1164,580.2,3.5048462970844327,0,0,0,11.616475551351883,14.064608102931365,0,61.295336120251534,0,1,0,0,14.273884009376381,0,0,1314,0,0,0,0,0,20.047663531793887,0,0,0,0,0,14.085020175291572,17,22,0,0
1,2015-01-01 00:00:00,16:46:00,1,1,162,1164,592.2,3.4974840853021045,0,0,0,11.612570628960214,14.046277518225756,0,61.287239424019994,0,1,0,0,14.266765781266006,0,0,1326,0,0,0,0,0,19.842386776997227,0,0,0,0,0,14.064608102931365,17,22,0,0
1,2015-01-01 00:00:00,16:47:00,1,1,162,1164,592.2,3.4901218735197763,0,0,0,11.608646157091526,14.028548181506196,0,61.27914097340757,0,1,0,0,14.259266180482324,0,0,1326,0,0,0,0,0,19.639851095354963,0,0,0,0,0,14.046277518225756,17,22,0,0
1,2015-01-01 00:00:00,16:48:00,1,1,162,1164,592.2,3.482759661737448,0,0,0,11.604702869826585,14.01140983244661,0,61.271040871786106,0,1,0,0,14.251418629496742,0,0,1326,0,0,0,0,0,19.44001175993695,0,0,0,0,0,14.028548181506196,17,22,0,0
1,2015-01-01 00:00:00,16:49:00,1,1,162,1164,592.2,3.47539744995512,0,0,0,11.600741487923711,13.994830418467915,0,61.26293922075079,0,1,0,0,14.243255064971228,0,0,1326,0,0,0,0,0,19.24282494241946,0,0,0,0,0,14.01140983244661,17,22,0,0
1,2015-01-01 00:00:00,16:50:00,1,1,150,1164,580.2,3.4680352381727917,0,0,0,11.596762693645665,13.977423520867722,0,61.25483611638468,0,1,0,0,14.234805247062951,0,0,1314,0,0,0,0,0,19.04824769078657,0,0,0,0,0,13.994830418467915,17,22,0,0
1,2015-01-01 00:00:00,16:51:00,1,1,150,1164,580.2,3.4606730263904635,0,0,0,11.592765564709131,13.960601971708952,0,61.24673141708259,0,1,0,0,14.226050766580121,0,0,1314,0,0,0,0,0,18.856237907696222,0,0,0,0,0,13.977423520867722,17,22,0,0
1,2015-01-01 00:00:00,16:52:00,1,1,210,1164,640.2,3.4533108146081353,0,0,0,11.58875081439675,13.951095470461908,0,61.23862522346339,0,1,0,0,14.21702189600627,0,0,1374,0,0,0,0,0,18.666754329487812,0,0,0,0,0,13.960601971708952,17,22,0,0
1,2015-01-01 00:00:00,16:53:00,1,1,210,81,423.6,3.445948602825807,0,0,0,11.584726936490933,13.917185143731238,0,61.23051878979145,0,1,0,0,14.207976779491156,0,0,291,0,0,0,0,0,18.479756505809224,0,0,0,0,0,13.951095470461908,17,22,0,0
1,2015-01-01 00:00:00,16:54:00,1,1,210,81,423.6,3.438586391043479,0,0,0,11.580665729652576,13.884987228682839,0,61.222407932594976,0,1,0,0,14.198085907526533,0,0,291,0,0,0,0,0,18.29520477984197,0,0,0,0,0,13.917185143731238,17,22,0,0
1,2015-01-01 00:00:00,16:55:00,1,1,210,81,423.6,3.4312241792611506,0,0,0,11.576569248171149,13.85400796150883,0,61.21429294618859,0,1,0,0,14.187436292599877,0,0,291,0,0,0,0,0,18.113060269104047,0,0,0,0,0,13.884987228682839,17,22,0,0
1,2015-01-01 00:00:00,16:56:00,1,1,210,81,423.6,3.4238619674788224,0,0,0,11.57243897129045,13.82418819164277,0,61.20617404019122,0,1,0,0,14.176095192902903,0,0,291,0,0,0,0,0,17.933284846810803,0,0,0,0,0,13.85400796150883,17,22,0,0
1,2015-01-01 00:00:00,16:57:00,1,1,210,81,423.6,3.4164997556964942,0,0,0,11.56827630691751,13.79546564142862,2,60.3787526294027,0,1,0,0,14.164125567009702,0,0,291,0,0,0,0,0,17.755841123774967,0,0,0,0,0,13.82418819164277,17,22,0,0
1,2015-01-01 00:00:00,16:58:00,1,1,210,81,423.6,3.409387543914166,0,0,0,11.564082795557942,13.767643118261972,0,60.3707669230619,0,1,0,0,14.151586113758645,0,0,291,0,0,0,0,0,17.580692430827636,0,0,0,0,0,13.79546564142862,17,22,0,0
1,2015-01-01 00:00:00,16:59:00,1,1,210,81,423.6,3.4022753321318375,0,0,0,11.559859539223721,13.74081303785865,0,60.36277781612394,0,1,0,0,14.138526828197534,0,0,291,0,0,0,0,0,17.407806164019416,0,0,0,0,0,13.767643118261972,17,22,0,0
1,2015-01-01 00:00:00,17:00:00,1,1,170,81,383.6,3.3949131203495093,0,0,0,11.555607537193815,13.710398423536779,0,60.35478547930481,0,1,0,0,14.124999148254036,0,0,251,0,0,0,0,0,17.237146983753192,0,0,0,0,0,13.74081303785865,17,22,0,0
1,2015-01-01 00:00:00,17:01:00,1,1,170,81,383.6,3.387550908567181,0,0,0,11.551322701566075,13.68115315814686,0,60.34678929866668,0,1,0,0,14.110897082787462,0,0,251,0,0,0,0,0,17.068676874292276,0,0,0,0,0,13.710398423536779,17,22,0,0
1,2015-01-01 00:00:00,17:02:00,1,1,170,81,383.6,3.380188696784853,0,0,0,11.547006449729366,13.65294161753338,0,60.338789475328305,0,1,0,0,14.096279942493563,0,0,251,0,0,0,0,0,16.902361882527245,0,0,0,0,0,13.68115315814686,17,22,0,0
1,2015-01-01 00:00:00,17:03:00,1,1,170,81,383.6,3.3728264850025247,0,0,0,11.54266003942806,13.625710661197713,0,60.33078618712411,0,1,0,0,14.081200407630972,0,0,251,0,0,0,0,0,16.738168694652728,0,0,0,0,0,13.65294161753338,17,22,0,0
1,2015-01-01 00:00:00,17:04:00,1,1,170,91,383.6,3.3654642732201965,0,0,21749.999999999996,11.538284664459422,13.599408999837129,0,60.32277960274824,1,1,1,0,21.459010579518374,0,0,261,21749.999999999996,0,2.61,0,0,16.57606462137106,0,0,0,0,0,13.625710661197713,17,22,0,0
1,2015-01-01 00:00:00,17:05:00,1,1,110,91,323.6,3.3581020614378683,0,0,21749.999999999996,11.53388145694124,13.650838492415202,0,60.314769882073456,1,1,1,0,28.584980212859925,0,0,201,21749.999999999996,0,2.61,0,0,16.416017583507667,0,0,0,0,0,13.599408999837129,17,22,0,0
1,2015-01-01 00:00:00,17:06:00,1,1,110,408,640.5999999999999,3.35073984965554,0,0,21749.999999999996,11.529540356896188,13.814949585879958,0,60.306770350978084,1,1,1,0,35.47031922916871,0,0,518,21749.999999999996,0,2.61,0,0,16.257996098024776,0,0,0,0,0,13.650838492415202,17,22,0,0
1,2015-01-01 00:00:00,17:07:00,1,1,110,408,640.5999999999999,3.343377637873212,0,0,21749.999999999996,11.525391540823293,14.04737804672896,0,60.29880032456121,1,1,1,0,42.12704505082293,0,0,518,21749.999999999996,0,2.61,0,0,16.101969264420642,0,0,0,0,0,13.814949585879958,17,22,0,0
1,2015-01-01 00:00:00,17:08:00,1,1,110,408,640.5999999999999,3.3430154260908833,0,0,21749.999999999996,11.521519433395573,14.343042636856264,0,60.29087150931358,1,1,1,0,48.56525735680351,0,0,518,21749.999999999996,0,2.61,0,0,15.947906751501867,0,0,0,0,0,14.04737804672896,17,22,0,0
1,2015-01-01 00:00:00,17:09:00,1,1,110,408,640.5999999999999,3.342153214308555,0,0,21749.999999999996,11.517996193616725,14.696601996601453,0,60.282994738649734,1,1,1,0,54.794539468367304,0,0,518,21749.999999999996,0,2.61,0,0,15.795870999097797,0,0,0,0,0,14.343042636856264,17,22,0,0
1,2015-01-01 00:00:00,17:10:00,1,1,110,91,323.6,3.3410410025262265,0,0,4616.753424736583,11.51488786808912,15.067243189527465,0,60.275179928465384,1,1,1,0,55,0,0,201,4616.753424736583,0,0.55401041096839,0,0,15.645824625027016,0,0,0,0,0,14.696601996601453,17,22,0,0
1,2015-01-01 00:00:00,17:11:00,1,1,110,91,323.6,3.337928790743898,0,0,0,11.512211726168008,15.422503832512708,0,60.267429996453,1,1,0,0,53.641742965630186,0,0,201,0,0,0,0,0,15.497734219615486,0,0,0,0,0,15.067243189527465,17,22,0,0
1,2015-01-01 00:00:00,17:12:00,1,1,110,91,323.6,3.33481657896157,0,0,0,11.509949124176002,15.745929785311327,0,60.25974229482489,1,1,0,0,52.34176884545612,0,0,201,0,0,0,0,0,15.351544072118294,0,0,0,0,0,15.422503832512708,17,22,0,0
1,2015-01-01 00:00:00,17:13:00,1,1,170,91,383.6,3.3317043671792415,0,0,0,11.508062428647515,16.0467197107346,3,59.045877540461746,1,1,0,0,51.09701241483895,0,0,261,0,0,0,0,0,15.207225642010146,0,0,0,0,0,15.745929785311327,17,22,0,0
1,2015-01-01 00:00:00,17:14:00,1,1,170,91,383.6,3.328592155396913,0,0,0,11.506524717769272,16.31944008757765,0,59.038506256262366,1,1,0,0,49.904825588168734,0,0,261,0,0,0,0,0,15.06475090487304,0,0,0,0,0,16.0467197107346,17,22,0,0
1,2015-01-01 00:00:00,17:15:00,1,1,170,91,383.6,3.3254799436145848,0,0,0,11.505302840119388,16.56629834647775,0,59.031182987776305,1,1,0,0,48.76246553712822,0,0,261,0,0,0,0,0,14.92409234096225,0,0,0,0,0,16.31944008757765,17,22,0,0
1,2015-01-01 00:00:00,17:16:00,1,1,182,91,395.6,3.3221177318322566,0,0,0,11.504366055276476,16.790400391754297,0,59.023903293266365,1,1,0,0,47.66735780955508,0,0,273,0,0,0,0,0,14.785222924076944,0,0,0,0,0,16.56629834647775,17,22,0,0
1,2015-01-01 00:00:00,17:17:00,1,1,182,80,384.6,3.318505520049928,0,0,0,11.503687275394965,16.9907061615024,0,59.01666326419753,1,1,0,0,46.617121162691106,0,0,262,0,0,0,0,0,14.648112867837819,0,0,0,0,0,16.790400391754297,17,22,0,0
1,2015-01-01 00:00:00,17:18:00,1,1,182,80,384.6,3.3148933082675995,0,0,0,11.503238471155303,17.170104275754127,0,59.0094588144085,1,1,0,0,45.609419972174486,0,0,262,0,0,0,0,0,14.512732917702532,0,0,0,0,0,16.9907061615024,17,22,0,0
1,2015-01-01 00:00:00,17:19:00,1,1,182,80,384.6,3.311281096485271,0,0,0,11.502995009171917,17.33001677338088,0,59.00228635363044,1,1,0,0,44.64209630903093,0,0,262,0,0,0,0,0,14.379057570336629,0,0,0,0,0,17.170104275754127,17,22,0,0
1,2015-01-01 00:00:00,17:20:00,1,1,182,80,384.6,3.3081688847029427,0,0,21749.999999999996,11.50293436418104,17.471797165853268,0,58.99514253598811,1,1,1,0,51.106417032305515,0,0,262,21749.999999999996,0,2.61,0,0,14.247061772034582,0,0,0,0,0,17.33001677338088,17,22,0,0
1,2015-01-01 00:00:00,17:21:00,1,1,182,80,384.6,3.305556672920614,0,0,14819.923346572587,11.503035620792614,17.680346050245095,0,58.98802424821037,1,1,1,0,55,0,0,262,14819.923346572587,0,1.7783908015887107,0,0,14.116727348631885,0,0,0,0,0,17.471797165853268,17,22,0,0
1,2015-01-01 00:00:00,17:22:00,1,1,182,69,373.6,3.3041944611382856,0,0,0,11.503376702546747,17.920915123341537,0,58.980942931947865,1,1,0,0,53.73062401531446,0,0,251,0,0,0,0,0,13.988036440037373,0,0,0,0,0,17.680346050245095,17,22,0,0
1,2015-01-01 00:00:00,17:23:00,1,1,182,69,373.6,3.3050822493559573,0,0,0,11.503996026519935,18.135394151384947,0,58.97390407003782,1,1,0,0,52.51260670606368,0,0,251,0,0,0,0,0,13.86098111952508,0,0,0,0,0,17.920915123341537,17,22,0,0
1,2015-01-01 00:00:00,17:24:00,1,1,182,69,373.6,3.302970037573629,0,0,0,11.504860381874954,18.326486328917312,0,58.96690318262319,1,1,0,0,51.34331376202699,0,0,251,0,0,0,0,0,13.73556640013279,0,0,0,0,0,18.135394151384947,17,22,0,0
1,2015-01-01 00:00:00,17:25:00,1,1,182,69,373.6,3.3008578257913004,0,0,0,11.505942238498033,18.49580299868153,0,58.9599362540197,1,1,0,0,50.22029242076476,0,0,251,0,0,0,0,0,13.611730044789484,0,0,0,0,0,18.326486328917312,17,22,0,0
1,2015-01-01 00:00:00,17:26:00,1,1,182,69,373.6,3.295995614008972,0,0,0,11.507213702726139,18.64486506370099,0,58.952999545461644,1,1,0,0,49.141228154707505,0,0,251,0,0,0,0,0,13.489449219828167,0,0,0,0,0,18.49580299868153,17,22,0,0
1,2015-01-01 00:00:00,17:27:00,1,1,182,69,373.6,3.291133402226644,0,0,0,11.50865097650233,18.775099829733158,0,58.94608957955049,1,1,0,0,48.103936893108646,0,0,251,0,0,0,0,0,13.368666428739147,0,0,0,0,0,18.64486506370099,17,22,0,0
1,2015-01-01 00:00:00,17:28:00,1,1,182,69,373.6,3.2895211904443156,0,0,0,11.51023465582975,18.887847637532417,0,58.939203124164806,1,1,0,0,47.1063574011571,0,0,251,0,0,0,0,0,13.24936017489088,0,0,0,0,0,18.775099829733158,17,22,0,0
1,2015-01-01 00:00:00,17:29:00,1,1,182,69,373.6,3.2879089786619873,0,0,0,11.511944228830142,18.984359673007464,0,58.93233717750996,1,1,0,0,46.14654414389095,0,0,251,0,0,0,0,0,13.131550623784324,0,0,0,0,0,18.887847637532417,17,22,0,0
1,2015-01-01 00:00:00,17:30:00,1,1,194,69,385.6,3.285546766879659,0,0,0,11.513760048946658,19.067162986467874,0,58.9254889527949,1,1,0,0,45.2226603183507,0,0,263,0,0,0,0,0,13.015216346034935,0,0,0,0,0,18.984359673007464,17,22,0,0
1,2015-01-01 00:00:00,17:31:00,1,1,194,176,502.59999999999997,3.2806845550973307,0,0,0,11.515663978937651,19.14913681744264,0,58.91865609691496,1,1,0,0,44.333017551960126,0,0,370,0,0,0,0,0,12.900326776269614,0,0,0,0,0,19.067162986467874,17,22,0,0
1,2015-01-01 00:00:00,17:32:00,1,1,182,176,490.59999999999997,3.2793223433150023,0,0,0,11.517657788377948,19.21593245782784,0,58.91183846503848,1,1,0,0,43.47642296915341,0,0,358,0,0,0,0,0,12.78682973863948,0,0,0,0,0,19.14913681744264,17,22,0,0
1,2015-01-01 00:00:00,17:33:00,1,1,182,176,490.59999999999997,3.277960131532674,0,0,0,11.519723747402933,19.27021443207212,0,58.9050334525801,1,1,0,0,42.651236217067506,0,0,358,0,0,0,0,0,12.67474970950147,0,0,0,0,0,19.21593245782784,17,22,0,0
1,2015-01-01 00:00:00,17:34:00,1,1,182,176,490.59999999999997,3.2753479197503452,0,0,0,11.52184620544489,19.312883014234075,0,58.89823891217658,1,1,0,0,41.855963367237734,0,0,358,0,0,0,0,0,12.56406660737739,0,0,0,0,0,19.27021443207212,17,22,0,0
1,2015-01-01 00:00:00,17:35:00,1,1,182,176,490.59999999999997,3.2727357079680166,0,0,0,11.524011621102284,19.344807644408952,3,57.717895117273265,1,1,0,0,41.08919192665938,0,0,358,0,0,0,0,0,12.45474495146573,0,0,0,0,0,19.312883014234075,17,22,0,0
1,2015-01-01 00:00:00,17:36:00,1,1,182,176,490.59999999999997,3.2653734961856884,0,0,0,11.526203544462874,19.366596519311724,0,57.71131687370649,1,1,0,0,40.34958701909984,0,0,358,0,0,0,0,0,12.346765570108937,0,0,0,0,0,19.344807644408952,17,22,0,0
1,2015-01-01 00:00:00,17:37:00,1,1,242,176,550.5999999999999,3.25801128440336,0,0,0,11.528410202359222,19.386004364911432,0,57.704743493074304,1,1,0,0,39.635879859243104,0,0,418,0,0,0,0,0,12.2400499908575,0,0,0,0,0,19.366596519311724,17,22,0,0
1,2015-01-01 00:00:00,17:38:00,1,1,242,176,550.5999999999999,3.250649072621032,0,0,0,11.530628812215372,19.396533416422816,0,57.69817456636662,1,1,0,0,38.9471085839257,0,0,418,0,0,0,0,0,12.13458058818272,0,0,0,0,0,19.386004364911432,17,22,0,0
1,2015-01-01 00:00:00,17:39:00,1,1,182,176,490.59999999999997,3.2440368608387034,0,0,0,11.532849705492998,19.392199491629995,0,57.69160857074091,1,1,0,0,38.28212303401063,0,0,358,0,0,0,0,0,12.030340023589204,0,0,0,0,0,19.396533416422816,17,22,0,0
1,2015-01-01 00:00:00,17:40:00,1,1,182,176,490.59999999999997,3.236674649056375,0,0,0,11.535055068562816,19.38084104383744,0,57.68504295775592,1,1,0,0,37.639608627807206,0,0,358,0,0,0,0,0,11.927320614728535,0,0,0,0,0,19.392199491629995,17,22,0,0
1,2015-01-01 00:00:00,17:41:00,1,1,242,176,550.5999999999999,3.229312437274047,0,0,0,11.537236809430938,19.369702208789796,0,57.6784765231421,1,1,0,0,37.01856211134565,0,0,418,0,0,0,0,0,11.825496075971213,0,0,0,0,0,19.38084104383744,17,22,0,0
1,2015-01-01 00:00:00,17:42:00,1,1,242,176,550.5999999999999,3.2229502254917186,0,0,0,11.539396058599872,19.35212126266387,0,57.671909304688214,1,1,0,0,36.41826075411586,0,0,418,0,0,0,0,0,11.724849898717101,0,0,0,0,0,19.369702208789796,17,22,0,0
1,2015-01-01 00:00:00,17:43:00,1,1,302,176,610.5999999999999,3.2165880137093903,0,0,0,11.54152541137568,19.335519019225607,0,57.665340198166724,1,1,0,0,35.83777981903246,0,0,478,0,0,0,0,0,11.62537828913901,0,0,0,0,0,19.35212126266387,17,22,0,0
1,2015-01-01 00:00:00,17:44:00,1,1,302,176,610.5999999999999,3.2099758019270617,0,0,0,11.543625851449658,19.31317520647149,0,57.65876937167891,1,1,0,0,35.27647843128393,0,0,478,0,0,0,0,0,11.52706507652346,0,0,0,0,0,19.335519019225607,17,22,0,0
1,2015-01-01 00:00:00,17:45:00,1,1,302,176,610.5999999999999,3.2181135901447333,0,0,0,11.54570303412747,19.285695379853525,0,57.65219584125059,1,1,0,0,34.73350893384133,0,0,478,0,0,0,0,0,11.429891244582938,0,0,0,0,0,19.31317520647149,17,22,0,0
1,2015-01-01 00:00:00,17:46:00,1,1,302,176,610.5999999999999,3.226001378362405,0,0,0,11.547750859137155,19.253516626727624,0,57.64561872688578,1,1,0,0,34.208073098671676,0,0,478,0,0,0,0,0,11.334024075511376,0,0,0,0,0,19.285695379853525,17,22,0,0
1,2015-01-01 00:00:00,17:47:00,1,1,252,176,560.5999999999999,3.2343891665800766,0,0,0,11.549764365978795,19.211397400892135,0,57.63903722366861,1,1,0,0,33.69941471527222,0,0,428,0,0,0,0,0,11.239442342542329,0,0,0,0,0,19.253516626727624,17,22,0,0
1,2015-01-01 00:00:00,17:48:00,1,1,292,176,600.5999999999999,3.242026954797748,0,0,0,11.551731505871386,19.170245476639078,0,57.63244962827042,1,1,0,0,33.206625010701465,0,0,468,0,0,0,0,0,11.146134438185257,0,0,0,0,0,19.211397400892135,17,22,0,0
1,2015-01-01 00:00:00,17:49:00,1,1,292,176,600.5999999999999,3.2501647430154197,0,0,0,11.553653904262056,19.12550392839184,0,57.62585610755871,1,1,0,0,32.72919713539322,0,0,468,0,0,0,0,0,11.054073511083166,0,0,0,0,0,19.170245476639078,17,22,0,0
1,2015-01-01 00:00:00,17:50:00,1,1,352,176,660.5999999999999,3.2583025312330913,0,0,0,11.555527499130285,19.084366071614376,0,57.61925604718514,1,1,0,0,32.26648648209385,0,0,528,0,0,0,0,0,10.963248557049278,0,0,0,0,0,19.12550392839184,17,22,0,0
1,2015-01-01 00:00:00,17:51:00,1,1,352,176,660.5999999999999,3.266440319450763,0,0,0,11.557356554543349,19.03993432877901,0,57.61265006604647,1,1,0,0,31.81811503956054,0,0,528,0,0,0,0,0,10.873642592490313,0,0,0,0,0,19.084366071614376,17,22,0,0
1,2015-01-01 00:00:00,17:52:00,1,1,352,176,660.5999999999999,3.2745781076684346,0,0,0,11.55913735005727,18.992629797889066,0,57.60603760049151,1,1,0,0,31.38348304259518,0,0,528,0,0,0,0,0,10.785238907270175,0,0,0,0,0,19.03993432877901,17,22,0,0
1,2015-01-01 00:00:00,17:53:00,1,1,352,176,660.5999999999999,3.2827158958861062,0,0,0,11.560866659555304,18.942734081987652,0,57.59941815915392,1,1,0,0,30.96202544923783,0,0,528,0,0,0,0,0,10.698021059389205,0,0,0,0,0,18.992629797889066,17,22,0,0
1,2015-01-01 00:00:00,17:54:00,1,1,352,176,660.5999999999999,3.290603684103778,0,0,0,11.562541381550897,18.890510971124325,0,57.59279129902641,1,1,0,0,30.553206014977622,0,0,528,0,0,0,0,0,10.611972869787902,0,0,0,0,0,18.942734081987652,17,22,0,0
1,2015-01-01 00:00:00,17:55:00,1,1,352,176,660.5999999999999,3.29849147232145,0,0,0,11.564158933161481,18.83620632004075,3.54,56.23832877281034,1,1,0,0,30.156515707363564,0,0,528,0,0,0,0,0,10.527075356951235,0,0,0,0,0,18.890510971124325,17,22,0,0
1,2015-01-01 00:00:00,17:56:00,1,1,352,176,660.5999999999999,3.3061292605391213,0,0,0,11.565716813519526,18.779820066706836,1.4600000000000004,55.691853300323444,1,1,0,0,29.771471170379794,0,0,528,0,0,0,0,0,10.443312898195002,0,0,0,0,0,18.83620632004075,17,22,0,0
1,2015-01-01 00:00:00,17:57:00,1,1,292,176,600.5999999999999,3.313267048756793,0,0,0,11.56721231924276,18.714932732413633,0,55.68552552319768,1,1,0,0,29.397605486581394,0,0,468,0,0,0,0,0,10.360667065842339,0,0,0,0,0,18.779820066706836,17,22,0,0
1,2015-01-01 00:00:00,17:58:00,1,1,292,176,600.5999999999999,3.3081548369744644,0,0,0,11.568625580870012,18.649025188698364,0,55.679187707290694,1,1,0,0,29.034249270453238,0,0,468,0,0,0,0,0,10.279116675623653,0,0,0,0,0,18.714932732413633,17,22,0,0
1,2015-01-01 00:00:00,17:59:00,1,1,292,176,600.5999999999999,3.303542625192136,0,0,0,11.56995599683345,18.582146411425196,0,55.67283967943036,1,1,0,0,28.681010356107834,0,0,468,0,0,0,0,0,10.198497780828157,0,0,0,0,0,18.649025188698364,17,22,0,0
1,2015-01-01 00:00:00,18:00:00,1,1,292,176,600.5999999999999,3.2986804134098078,0,0,0,11.571202401164255,18.51445238254373,0,55.66648127487013,1,1,0,0,28.337511582479173,0,0,468,0,0,0,0,0,10.11880410164618,0,0,0,0,0,18.582146411425196,17,22,0,0
1,2015-01-01 00:00:00,18:01:00,1,1,292,176,600.5999999999999,3.2943182016274792,0,0,0,11.572364432808744,18.44608672150697,0,55.66011235563145,1,1,0,0,28.003393922617423,0,0,468,0,0,0,0,0,10.040020337289766,0,0,0,0,0,18.51445238254373,17,22,0,0
1,2015-01-01 00:00:00,18:02:00,1,1,172,176,480.59999999999997,3.2892059898451507,0,0,0,11.573440860456671,18.363615101735757,0,55.653732808379885,1,1,0,0,27.678315446389178,0,0,348,0,0,0,0,0,9.962140524141171,0,0,0,0,0,18.44608672150697,17,22,0,0
1,2015-01-01 00:00:00,18:03:00,1,1,172,187,491.59999999999997,3.2843437780628224,0,0,0,11.574415750041869,18.282813346319713,0,55.64734021677303,1,1,0,0,27.361488904054028,0,0,359,0,0,0,0,0,9.885143628461655,0,0,0,0,0,18.363615101735757,17,22,0,0
1,2015-01-01 00:00:00,18:04:00,1,1,172,187,491.59999999999997,3.279231566280494,0,0,0,11.575291026763194,18.202206075412164,0,55.640934869309525,1,1,0,0,27.052690415695718,0,0,359,0,0,0,0,0,9.809021049327939,0,0,0,0,0,18.282813346319713,17,22,0,0
1,2015-01-01 00:00:00,18:05:00,1,1,184,187,503.59999999999997,3.2746193544981654,0,0,0,11.576067528163515,18.123251547677174,0,55.634516801516284,1,1,0,0,26.751653533373148,0,0,371,0,0,0,0,0,9.733758263207688,0,0,0,0,0,18.202206075412164,17,22,0,0
1,2015-01-01 00:00:00,18:06:00,1,1,184,187,503.59999999999997,3.273257142715837,0,0,0,11.576750057892745,18.044581680165543,0,55.62808629890134,1,1,0,0,26.45817047263519,0,0,371,0,0,0,0,0,9.659350031386788,0,0,0,0,0,18.123251547677174,17,22,0,0
1,2015-01-01 00:00:00,18:07:00,1,1,184,187,503.59999999999997,3.2721449309335084,0,0,0,11.577339339155735,17.966286805176548,0,55.621643412395265,1,1,0,0,26.171993983095405,0,0,371,0,0,0,0,0,9.585824402619824,0,0,0,0,0,18.044581680165543,17,22,0,0
1,2015-01-01 00:00:00,18:08:00,1,1,184,187,503.59999999999997,3.27103271915118,0,0,0,11.577835990767475,17.888427466435655,0,55.615188208405456,1,1,0,0,25.892888296771634,0,0,371,0,0,0,0,0,9.51317280465985,0,0,0,0,0,17.966286805176548,17,22,0,0
1,2015-01-01 00:00:00,18:09:00,1,1,144,187,463.59999999999997,3.2711705073688515,0,0,0,11.578241737372556,17.806538713738888,0,55.608720763706835,1,1,0,0,25.620627724311227,0,0,331,0,0,0,0,0,9.441383780046895,0,0,0,0,0,17.888427466435655,17,22,0,0
1,2015-01-01 00:00:00,18:10:00,1,1,144,187,463.59999999999997,3.2718082955865233,0,0,0,11.57855251489731,17.725474704920508,2,54.87250085742182,1,1,0,0,25.35484238381557,0,0,331,0,0,0,0,0,9.3704610903796,0,0,0,0,0,17.806538713738888,17,22,0,0
1,2015-01-01 00:00:00,18:11:00,1,1,144,187,463.59999999999997,3.271946083804195,0,0,0,11.578769050826306,17.64506767119603,0,54.86613279579568,1,1,0,0,25.095340081812335,0,0,331,0,0,0,0,0,9.300399418044744,0,0,0,0,0,17.725474704920508,17,22,0,0
1,2015-01-01 00:00:00,18:12:00,1,1,184,187,503.59999999999997,3.2700838720218663,0,0,0,11.578890632740906,17.570000695267595,0,54.85975204177432,1,1,0,0,24.841929455600894,0,0,371,0,0,0,0,0,9.231181509928465,0,0,0,0,0,17.64506767119603,17,22,0,0
1,2015-01-01 00:00:00,18:13:00,1,1,184,198,514.5999999999999,3.2682216602395378,0,0,0,11.578923624217461,17.496739102315132,0,54.85335951297206,1,1,0,0,24.5945849399433,0,0,382,0,0,0,0,0,9.162772368520443,0,0,0,0,0,17.570000695267595,17,22,0,0
1,2015-01-01 00:00:00,18:14:00,1,1,184,198,514.5999999999999,3.266359448457209,0,0,0,11.57887028885818,17.424075060917076,0,54.846955520901666,1,1,0,0,24.35316161213282,0,0,382,0,0,0,0,0,9.095161497059376,0,0,0,0,0,17.496739102315132,17,22,0,0
1,2015-01-01 00:00:00,18:15:00,1,1,184,198,514.5999999999999,3.2644972366748806,0,0,0,11.578731489088817,17.352063297943253,0,54.84054016996567,1,1,0,0,24.117478396105074,0,0,382,0,0,0,0,0,9.028338552984714,0,0,0,0,0,17.424075060917076,17,22,0,0
1,2015-01-01 00:00:00,18:16:00,1,1,184,198,514.5999999999999,3.262635024892552,0,0,0,11.578508148906003,17.28073448690608,0,54.834113573930466,1,1,0,0,23.88736223630365,0,0,382,0,0,0,0,0,8.962293345264595,0,0,0,0,0,17.352063297943253,17,22,0,0
1,2015-01-01 00:00:00,18:17:00,1,1,184,198,514.5999999999999,3.2607728131102234,0,0,0,11.578201225940765,17.210116312050506,0,54.82767585180126,1,1,0,0,23.662647006732307,0,0,382,0,0,0,0,0,8.897015831779127,0,0,0,0,0,17.28073448690608,17,22,0,0
1,2015-01-01 00:00:00,18:18:00,1,1,244,198,574.5999999999999,3.256910601327895,0,0,0,11.577810048657362,17.14701392977831,0,54.82122712730873,1,1,0,0,23.443173173579865,0,0,442,0,0,0,0,0,8.832496116757673,0,0,0,0,0,17.210116312050506,17,22,0,0
1,2015-01-01 00:00:00,18:19:00,1,1,184,198,514.5999999999999,3.2522983895455666,0,0,0,11.57734285307357,17.077460608280738,0,54.81476869076058,1,1,0,0,23.229018097260084,0,0,382,0,0,0,0,0,8.768700581646987,0,0,0,0,0,17.14701392977831,17,22,0,0
1,2015-01-01 00:00:00,18:20:00,1,1,184,198,514.5999999999999,3.247936177763238,0,0,0,11.576792538000165,17.008814223186757,0,54.80829943794644,1,1,0,0,23.019781447975074,0,0,382,0,0,0,0,0,8.705611001174935,0,0,0,0,0,17.077460608280738,17,22,0,0
1,2015-01-01 00:00:00,18:21:00,1,1,172,198,502.59999999999997,3.2433239659809097,0,0,0,11.576160109841892,16.939614788760714,0,54.80181952619534,1,1,0,0,22.815326780465266,0,0,370,0,0,0,0,0,8.643221326120258,0,0,0,0,0,17.008814223186757,17,22,0,0
1,2015-01-01 00:00:00,18:22:00,1,1,172,198,502.59999999999997,3.2384617541985814,0,0,0,11.57544488474413,16.871318268692313,0,54.79532886252606,1,1,0,0,22.61547263108756,0,0,370,0,0,0,0,0,8.581519642193145,0,0,0,0,0,16.939614788760714,17,22,0,0
1,2015-01-01 00:00:00,18:23:00,1,1,172,198,502.59999999999997,3.234099542416253,0,0,0,11.574648486049277,16.80390979438671,0,54.78882760356712,1,1,0,0,22.42009323100609,0,0,370,0,0,0,0,0,8.520494205825322,0,0,0,0,0,16.871318268692313,17,22,0,0
1,2015-01-01 00:00:00,18:24:00,1,1,172,226,530.5999999999999,3.2297373306339243,0,0,0,11.573772101862994,16.74056129091281,0,54.78231590337126,1,1,0,0,22.22906658350203,0,0,398,0,0,0,0,0,8.460142353116877,0,0,0,0,0,16.80390979438671,17,22,0,0
1,2015-01-01 00:00:00,18:25:00,1,1,172,226,530.5999999999999,3.226125118851596,0,0,0,11.572821208029437,16.677916023955632,0,54.775794459723414,1,1,0,0,22.042382730012598,0,0,398,0,0,0,0,0,8.400455520787277,0,0,0,0,0,16.74056129091281,17,22,0,0
1,2015-01-01 00:00:00,18:26:00,1,1,172,226,530.5999999999999,3.2225129070692673,0,0,0,11.571796765714755,16.616039475016056,0,54.769263394848714,1,1,0,0,21.859917876065083,0,0,398,0,0,0,0,0,8.341434164193165,0,0,0,0,0,16.677916023955632,17,22,0,0
1,2015-01-01 00:00:00,18:27:00,1,1,172,226,530.5999999999999,3.2174006952869387,0,0,0,11.57069856543776,16.554938131642867,0,54.76272284217674,1,1,0,0,21.681554665145047,0,0,398,0,0,0,0,0,8.283069841096758,0,0,0,0,0,16.616039475016056,17,22,0,0
1,2015-01-01 00:00:00,18:28:00,1,1,172,226,530.5999999999999,3.2232884835046103,0,0,0,11.569536776120884,16.49463254794897,0,54.75617293622636,1,1,0,0,21.507179953121163,0,0,398,0,0,0,0,0,8.225336463579115,0,0,0,0,0,16.554938131642867,17,22,0,0
1,2015-01-01 00:00:00,18:29:00,1,1,172,226,530.5999999999999,3.227426271722282,0,0,0,11.56831099236358,16.43512607637858,0,54.74961381501694,1,1,0,0,21.33668514342143,0,0,398,0,0,0,0,0,8.168356231509112,0,0,0,0,0,16.49463254794897,17,22,0,0
1,2015-01-01 00:00:00,18:30:00,1,1,172,226,530.5999999999999,3.2335640599399533,0,0,0,11.567023924592746,16.376425374090726,0,54.74304561711889,1,1,0,0,21.16996544726351,0,0,398,0,0,0,0,0,8.112098840610901,0,0,0,0,0,16.43512607637858,17,22,0,0
1,2015-01-01 00:00:00,18:31:00,1,1,172,226,530.5999999999999,3.2397018481576247,0,0,0,11.565676626272714,16.318533275923688,0,54.73646848222008,1,1,0,0,21.00691986654335,0,0,398,0,0,0,0,0,8.056578716391039,0,0,0,0,0,16.376425374090726,17,22,0,0
1,2015-01-01 00:00:00,18:32:00,1,1,172,226,530.5999999999999,3.2438396363752964,0,0,0,11.564268492776009,16.261449069445593,0,54.729882550470435,1,1,0,0,20.84745093488962,0,0,398,0,0,0,0,0,8.001786472921486,0,0,0,0,0,16.318533275923688,17,22,0,0
1,2015-01-01 00:00:00,18:33:00,1,1,172,226,530.5999999999999,3.2452274245929678,0,0,0,11.562798297622978,16.205170119451243,0,54.72328796187369,1,1,0,0,20.69146447688132,0,0,398,0,0,0,0,0,7.947689280680527,0,0,0,0,0,16.261449069445593,17,22,0,0
1,2015-01-01 00:00:00,18:34:00,1,1,172,226,530.5999999999999,3.246615212810639,0,0,0,11.561267095229368,16.149696091309295,0,54.716684855957844,1,1,0,0,20.53886943071023,0,0,398,0,0,0,0,0,7.894245947287325,0,0,0,0,0,16.205170119451243,17,22,0,0
1,2015-01-01 00:00:00,18:35:00,1,1,172,226,530.5999999999999,3.2467530010283108,0,0,0,11.559674900481344,16.09502415697124,0,54.71007337216962,1,1,0,0,20.389577820526522,0,0,398,0,0,0,0,0,7.841448234130004,0,0,0,0,0,16.149696091309295,17,22,0,0
1,2015-01-01 00:00:00,18:36:00,1,1,172,226,530.5999999999999,3.245640789245982,0,0,0,11.558021724965279,16.041150664430575,0,54.70345364944701,1,1,0,0,20.243504566664097,0,0,398,0,0,0,0,0,7.789273317916474,0,0,0,0,0,16.09502415697124,17,22,0,0
1,2015-01-01 00:00:00,18:37:00,1,1,132,226,490.59999999999997,3.244278577463654,0,0,0,11.556308405660381,15.983550410596264,0,54.696825826078154,1,1,0,0,20.100567359105135,0,0,358,0,0,0,0,0,7.7376986966421795,0,0,0,0,0,16.041150664430575,17,22,0,0
1,2015-01-01 00:00:00,18:38:00,1,1,120,226,478.59999999999997,3.2421663656813253,0,0,0,11.55453013032653,15.92566535758152,0,54.69018926457836,1,1,0,0,19.9605327690198,0,0,346,0,0,0,0,0,7.686713925892893,0,0,0,0,0,15.983550410596264,17,22,0,0
1,2015-01-01 00:00:00,18:39:00,1,1,120,226,478.59999999999997,3.240054153898997,0,0,0,11.552686698637213,15.868842933288827,0,54.68354391762287,1,1,0,0,19.82329238087564,0,0,346,0,0,0,0,0,7.6363028393837515,0,0,0,0,0,15.92566535758152,17,22,0,0
1,2015-01-01 00:00:00,18:40:00,1,1,120,226,478.59999999999997,3.2379419421166684,0,0,0,11.550779468767706,15.813042052391074,3,53.60448491485975,1,1,0,0,19.688787297624387,0,0,346,0,0,0,0,0,7.586458289237411,0,0,0,0,0,15.868842933288827,17,22,0,0
1,2015-01-01 00:00:00,18:41:00,1,1,120,226,478.59999999999997,3.23332973033434,0,0,0,11.548807674589622,15.758059538931573,0,53.59800638179762,1,1,0,0,19.556959228058627,0,0,346,0,0,0,0,0,7.53717322598573,0,0,0,0,0,15.813042052391074,17,22,0,0
1,2015-01-01 00:00:00,18:42:00,1,1,120,226,478.59999999999997,3.2287175185520116,0,0,0,11.546772390649865,15.704070224522429,0,53.59151953376741,1,1,0,0,19.42774495291825,0,0,346,0,0,0,0,0,7.48841142442245,0,0,0,0,0,15.758059538931573,17,22,0,0
1,2015-01-01 00:00:00,18:43:00,1,1,120,226,478.59999999999997,3.224105306769683,0,0,0,11.544674891528572,15.651052374165731,0,53.585024542457255,1,1,0,0,19.30108934991159,0,0,346,0,0,0,0,0,7.440166409765749,0,0,0,0,0,15.704070224522429,17,22,0,0
1,2015-01-01 00:00:00,18:44:00,1,1,180,226,538.5999999999999,3.226743094987355,0,0,0,11.542522439022912,15.605779236219632,0,53.57852157579983,1,1,0,0,19.176938432369212,0,0,406,0,0,0,0,0,7.392431795168376,0,0,0,0,0,15.651052374165731,17,22,0,0
1,2015-01-01 00:00:00,18:45:00,1,1,120,226,478.59999999999997,3.224880883205026,0,0,0,11.54032036452591,15.554239470741088,0,53.57201196282733,1,1,0,0,19.05547043250018,0,0,346,0,0,0,0,0,7.345286000465419,0,0,0,0,0,15.605779236219632,17,22,0,0
1,2015-01-01 00:00:00,18:46:00,1,1,120,226,478.59999999999997,3.221518671422698,0,0,0,11.538060275687057,15.503752036065906,0,53.56549463040012,1,1,0,0,18.936380944004974,0,0,346,0,0,0,0,0,7.298669158858167,0,0,0,0,0,15.554239470741088,17,22,0,0
1,2015-01-01 00:00:00,18:47:00,1,1,255,226,613.5999999999999,3.21815645964037,0,0,0,11.535743504589595,15.469441357977141,0,53.55896976024109,1,1,0,0,18.819624858700923,0,0,481,0,0,0,0,0,7.252557232719025,0,0,0,0,0,15.503752036065906,17,22,0,0
1,2015-01-01 00:00:00,18:48:00,1,1,215,226,573.5999999999999,3.2147942478580416,0,0,0,11.533388869864746,15.430558654558517,0,53.552440126800704,1,1,0,0,18.70567303894841,0,0,441,0,0,0,0,0,7.20694400398656,0,0,0,0,0,15.469441357977141,17,22,0,0
1,2015-01-01 00:00:00,18:49:00,1,1,215,226,573.5999999999999,3.214182036075713,0,0,0,11.530993441335506,15.39219340298507,0,53.54590494711975,1,1,0,0,18.594274590499776,0,0,441,0,0,0,0,0,7.161823338484071,0,0,0,0,0,15.430558654558517,17,22,0,0
1,2015-01-01 00:00:00,18:50:00,1,1,155,226,513.5999999999999,3.212569824293385,0,0,0,11.528557068736852,15.34748627527593,0,53.53936431085504,1,1,0,0,18.485360264393833,0,0,381,0,0,0,0,0,7.117221213023664,0,0,0,0,0,15.39219340298507,17,22,0,0
1,2015-01-01 00:00:00,18:51:00,1,1,155,226,513.5999999999999,3.2112076125110565,0,0,0,11.526072707337944,15.303649543584974,0,53.53281713176323,1,1,0,0,18.378629856600707,0,0,381,0,0,0,0,0,7.0731196044309765,0,0,0,0,0,15.34748627527593,17,22,0,0
1,2015-01-01 00:00:00,18:52:00,1,1,155,226,513.5999999999999,3.211595400728728,0,0,0,11.523542910798305,15.260556396299307,0,53.52626356017669,1,1,0,0,18.274038689491327,0,0,381,0,0,0,0,0,7.029515273003846,0,0,0,0,0,15.303649543584974,17,22,0,0
1,2015-01-01 00:00:00,18:53:00,1,1,155,226,513.5999999999999,3.2112331889463994,0,0,0,11.52096800696963,15.218195782780548,0,53.51970372466288,1,1,0,0,18.171539291763708,0,0,381,0,0,0,0,0,6.986422457923243,0,0,0,0,0,15.260556396299307,17,22,0,0
1,2015-01-01 00:00:00,18:54:00,1,1,255,226,613.5999999999999,3.209370977164071,0,0,0,11.518347688044907,15.18785886023784,0,53.51313775187285,1,1,0,0,18.07108543091394,0,0,481,0,0,0,0,0,6.943826164270135,0,0,0,0,0,15.218195782780548,17,22,0,0
1,2015-01-01 00:00:00,18:55:00,1,1,255,226,613.5999999999999,3.206758765381742,0,0,0,11.515695325634791,15.15752507164648,0,53.50656770406285,1,1,0,0,17.973016499938563,0,0,481,0,0,0,0,0,6.901702893116445,0,0,0,0,0,15.18785886023784,17,22,0,0
1,2015-01-01 00:00:00,18:56:00,1,1,255,226,613.5999999999999,3.204396553599414,0,0,0,11.513011194411092,15.127405874302234,0,53.499993582468726,1,1,0,0,17.877251485370806,0,0,481,0,0,0,0,0,6.860038162656739,0,0,0,0,0,15.15752507164648,17,22,0,0
1,2015-01-01 00:00:00,18:57:00,1,1,215,226,573.5999999999999,3.2092843418170856,0,0,0,11.510301620491648,15.092999575520322,0,53.4934154245759,1,1,0,0,17.783719321729016,0,0,441,0,0,0,0,0,6.818829279615925,0,0,0,0,0,15.127405874302234,17,22,0,0
1,2015-01-01 00:00:00,18:58:00,1,1,180,226,538.5999999999999,3.2139221300347574,0,0,0,11.507561489587946,15.055165408638931,0,53.486832496144636,1,1,0,0,17.692198241926,0,0,406,0,0,0,0,0,6.778154698428804,0,0,0,0,0,15.092999575520322,17,22,0,0
1,2015-01-01 00:00:00,18:59:00,1,1,180,226,538.5999999999999,3.219059918252429,0,0,0,11.504787313375653,15.018029408263812,0,53.48024421035821,1,1,0,0,17.60250324759651,0,0,406,0,0,0,0,0,6.738004963176713,0,0,0,0,0,15.055165408638931,17,22,0,0
1,2015-01-01 00:00:00,19:00:00,1,1,180,226,538.5999999999999,3.2244477064701003,0,0,0,11.501980174206011,14.981515074870494,0,53.47365068782071,1,1,0,0,17.51459597414982,0,0,406,0,0,0,0,0,6.698379424348728,0,0,0,0,0,15.018029408263812,17,22,0,0
1,2015-01-01 00:00:00,19:01:00,1,1,180,236,538.5999999999999,3.230085494687772,0,0,21749.999999999996,11.499141063820172,14.945613914854937,2,52.77147362499621,1,1,1,0,24.82173978029416,0,0,416,21749.999999999996,0,2.61,0,0,6.659274549813934,0,0,0,0,0,14.981515074870494,17,22,0,0
1,2015-01-01 00:00:00,19:02:00,1,1,180,236,538.5999999999999,3.2357232829054436,0,0,21749.999999999996,11.496270754758369,14.993831237352117,0,52.76498919190304,1,1,1,0,31.87912015221537,0,0,416,21749.999999999996,0,2.61,0,0,6.620686854783998,0,0,0,0,0,14.945613914854937,17,22,0,0
1,2015-01-01 00:00:00,19:03:00,1,1,180,225,527.5999999999999,3.2423610711231152,0,0,21749.999999999996,11.493467409381548,15.116994992266893,0,52.75851413625369,1,1,1,0,38.69809361769359,0,0,405,21749.999999999996,0,2.61,0,0,6.582610014312259,0,0,0,0,0,14.993831237352117,17,22,0,0
1,2015-01-01 00:00:00,19:04:00,1,1,180,225,527.5999999999999,3.2492488593407867,0,0,21749.999999999996,11.490817766732967,15.31029161366368,0,52.752061304400435,1,1,1,0,45.2893184535608,0,0,405,21749.999999999996,0,2.61,0,0,6.545049327978462,0,0,0,0,0,15.116994992266893,17,22,0,0
1,2015-01-01 00:00:00,19:05:00,1,1,180,225,527.5999999999999,3.2566366475584583,0,0,21749.999999999996,11.488403034815201,15.567945657960207,0,52.745642715310595,1,1,1,0,51.66292668349365,0,0,405,21749.999999999996,0,2.61,0,0,6.508001374094417,0,0,0,0,0,15.31029161366368,17,22,0,0
1,2015-01-01 00:00:00,19:06:00,1,1,180,225,527.5999999999999,3.26327443577613,0,0,13428.945627715333,11.486296544845207,15.884582468869223,0,52.73926939581505,1,1,1,0,55,0,0,405,13428.945627715333,0,1.6114734753258402,0,0,6.471465657585867,0,0,0,0,0,15.567945657960207,17,22,0,0
1,2015-01-01 00:00:00,19:07:00,1,1,180,225,527.5999999999999,3.2631622239938016,0,0,0,11.484560289565069,16.22318028188269,0,52.732951449484716,1,1,0,0,53.66954362139011,0,0,405,0,0,0,0,0,6.435427294431434,0,0,0,0,0,15.884582468869223,17,22,0,0
1,2015-01-01 00:00:00,19:08:00,1,1,180,225,527.5999999999999,3.2678000122114734,0,0,0,11.483222869173153,16.53050244536956,0,52.72669263157027,1,1,0,0,52.39585779351571,0,0,405,0,0,0,0,0,6.399802545502019,0,0,0,0,0,16.22318028188269,17,22,0,0
1,2015-01-01 00:00:00,19:09:00,1,1,120,225,467.59999999999997,3.274687800429145,0,0,0,11.482249192544428,16.802708055215604,0,52.7204875703955,1,1,0,0,51.1759477476604,0,0,345,0,0,0,0,0,6.3646410647426634,0,0,0,0,0,16.53050244536956,17,22,0,0
1,2015-01-01 00:00:00,19:10:00,1,1,180,542,844.6000000000001,3.2813255886468164,0,0,0,11.481597722701803,17.091521117474603,0,52.714330236764326,1,1,0,0,50.00678993499221,0,0,722,0,0,0,0,0,6.3299631054838805,0,0,0,0,0,16.802708055215604,17,22,0,0
1,2015-01-01 00:00:00,19:11:00,1,1,180,542,844.6000000000001,3.287713376864488,0,0,0,11.481286816432702,17.353332612923737,0,52.70822346948673,1,1,0,0,48.88722296840998,0,0,722,0,0,0,0,0,6.2957599293665965,0,0,0,0,0,17.091521117474603,17,22,0,0
1,2015-01-01 00:00:00,19:12:00,1,1,180,542,844.6000000000001,3.29410116508216,0,0,0,11.48128457400466,17.590650347587893,0,52.70216263105418,1,1,0,0,47.8146416638016,0,0,722,0,0,0,0,0,6.26202291438557,0,0,0,0,0,17.353332612923737,17,22,0,0
1,2015-01-01 00:00:00,19:13:00,1,1,180,542,844.6000000000001,3.2984889532998314,0,0,0,11.481560399672215,17.805120569873164,0,52.69614351466273,1,1,0,0,46.78661474828413,0,0,722,0,0,0,0,0,6.228746421455598,0,0,0,0,0,17.590650347587893,17,22,0,0
1,2015-01-01 00:00:00,19:14:00,1,1,180,225,527.5999999999999,3.302626741517503,0,0,0,11.482087113967124,17.96246286634948,0,52.69016219644362,1,1,0,0,45.80084964017491,0,0,405,0,0,0,0,0,6.19590195227388,0,0,0,0,0,17.805120569873164,17,22,0,0
1,2015-01-01 00:00:00,19:15:00,1,1,120,225,467.59999999999997,3.3070145297351745,0,0,0,11.482798365918272,18.095417675876348,0,52.684208876558465,1,1,0,0,44.853965736303294,0,0,345,0,0,0,0,0,6.163481440392207,0,0,0,0,0,17.96246286634948,17,22,0,0
1,2015-01-01 00:00:00,19:16:00,1,1,120,225,467.59999999999997,3.308652317952846,0,0,21749.999999999996,11.483663306954998,18.211846059252018,0,52.67827936949549,1,1,1,0,51.337114060775946,0,0,345,21749.999999999996,0,2.61,0,0,6.131482652146607,0,0,0,0,0,18.095417675876348,17,22,0,0
1,2015-01-01 00:00:00,19:17:00,1,1,180,225,527.5999999999999,3.3105401061705177,0,0,14090.279669716672,11.484662728859032,18.403236561729596,0,52.672370838070876,1,1,1,0,55,0,0,405,14090.279669716672,0,1.690833560366001,0,0,6.09986903925926,0,0,0,0,0,18.211846059252018,17,22,0,0
1,2015-01-01 00:00:00,19:18:00,1,1,180,225,527.5999999999999,3.312677894388189,0,0,0,11.485883254724337,18.625992004074085,0,52.66649612933779,1,1,0,0,53.75521212794999,0,0,405,0,0,0,0,0,6.068638855534489,0,0,0,0,0,18.403236561729596,17,22,0,0
1,2015-01-01 00:00:00,19:19:00,1,1,180,225,527.5999999999999,3.315065682605861,0,0,0,11.487360921830083,18.823810532564252,0,52.660660614344884,1,1,0,0,52.560340695165095,0,0,405,0,0,0,0,0,6.037790377142117,0,0,0,0,0,18.625992004074085,17,22,0,0
1,2015-01-01 00:00:00,19:20:00,1,1,280,225,627.5999999999999,3.3217034708235325,0,0,0,11.489069909555262,19.010609965728218,0,52.65486001147372,1,1,0,0,51.412839669226294,0,0,505,0,0,0,0,0,6.0073219023112285,0,0,0,0,0,18.823810532564252,17,22,0,0
1,2015-01-01 00:00:00,19:21:00,1,1,180,215,527.5999999999999,3.333341259041204,0,0,0,11.491001164715685,19.164630723752207,1,52.3078535456598,1,1,0,0,50.31072301264473,0,0,395,0,0,0,0,0,5.977277448152008,0,0,0,0,0,19.010609965728218,17,22,0,0
1,2015-01-01 00:00:00,19:22:00,1,1,180,215,527.5999999999999,3.3447290472588755,0,0,0,11.493116134720923,19.299508807547443,0,52.302171850318906,1,1,0,0,49.25133211846471,0,0,395,0,0,0,0,0,5.947709015768654,0,0,0,0,0,19.164630723752207,17,22,0,0
1,2015-01-01 00:00:00,19:23:00,1,1,180,215,527.5999999999999,3.356366835476547,0,0,0,11.495392526412266,19.416476691581597,0,52.29651425094015,1,1,0,0,48.232562618093375,0,0,395,0,0,0,0,0,5.918608015425681,0,0,0,0,0,19.299508807547443,17,22,0,0
1,2015-01-01 00:00:00,19:24:00,1,1,180,215,527.5999999999999,3.3532546236942187,0,0,0,11.497797071499283,19.516800359496703,0,52.29087767307283,1,1,0,0,47.25242364100114,0,0,395,0,0,0,0,0,5.889971672167936,0,0,0,0,0,19.416476691581597,17,22,0,0
1,2015-01-01 00:00:00,19:25:00,1,1,180,215,527.5999999999999,3.3498924119118905,0,0,0,11.500310061451056,19.601679590057447,0,52.28525925981907,1,1,0,0,46.30903509401119,0,0,395,0,0,0,0,0,5.861626302073194,0,0,0,0,0,19.516800359496703,17,22,0,0
1,2015-01-01 00:00:00,19:26:00,1,1,170,204,506.59999999999997,3.3465302001295623,0,0,0,11.502913421656618,19.669863413544785,0,52.27965636044711,1,1,0,0,45.40062164149576,0,0,374,0,0,0,0,0,5.833565626845352,0,0,0,0,0,19.601679590057447,17,22,0,0
1,2015-01-01 00:00:00,19:27:00,1,1,170,204,506.59999999999997,3.3429179883472337,0,0,0,11.50558745942723,19.72492421513064,0,52.27406611022764,1,1,0,0,44.52542578340219,0,0,374,0,0,0,0,0,5.8057862940746,0,0,0,0,0,19.669863413544785,17,22,0,0
1,2015-01-01 00:00:00,19:28:00,1,1,170,204,506.59999999999997,3.3413057765649055,0,0,0,11.508318518813772,19.76780102510493,0,52.26848625733134,1,1,0,0,43.681871308290916,0,0,374,0,0,0,0,0,5.778282147078677,0,0,0,0,0,19.72492421513064,17,22,0,0
1,2015-01-01 00:00:00,19:29:00,1,1,170,204,506.59999999999997,3.339943564782577,0,0,0,11.511092604971376,19.799409220499008,0,52.26291471129153,1,1,0,0,42.86846755716214,0,0,374,0,0,0,0,0,5.7510727116773115,0,0,0,0,0,19.76780102510493,17,22,0,0
1,2015-01-01 00:00:00,19:30:00,1,1,170,204,506.59999999999997,3.3385813530002486,0,0,0,11.513896601939217,19.820604106773455,0,52.25734953892168,1,1,0,0,42.08380570897632,0,0,374,0,0,0,0,0,5.724157361049008,0,0,0,0,0,19.799409220499008,17,22,0,0
1,2015-01-01 00:00:00,19:31:00,1,1,182,204,518.5999999999999,3.3369691412179203,0,0,0,11.51671820143104,19.83354183095863,0,52.251788953990456,1,1,0,0,41.326553953799355,0,0,386,0,0,0,0,0,5.697532633360473,0,0,0,0,0,19.820604106773455,17,22,0,0
1,2015-01-01 00:00:00,19:32:00,1,1,182,204,518.5999999999999,3.346606929435592,0,0,0,11.519557153721292,19.837542609949658,0,52.24623154019794,1,1,0,0,40.59549911968912,0,0,386,0,0,0,0,0,5.671192268454477,0,0,0,0,0,19.83354183095863,17,22,0,0
1,2015-01-01 00:00:00,19:33:00,1,1,182,204,518.5999999999999,3.3559947176532634,0,0,0,11.522402882663487,19.83333143481319,0,52.240675764952755,1,1,0,0,39.88944617718098,0,0,386,0,0,0,0,0,5.645260739230707,0,0,0,0,0,19.837542609949658,17,22,0,0
1,2015-01-01 00:00:00,19:34:00,1,1,182,204,518.5999999999999,3.365382505870935,0,0,0,11.525245878871479,19.821564145443396,0,52.23512022021045,1,1,0,0,39.207265403631055,0,0,386,0,0,0,0,0,5.619730337045055,0,0,0,0,0,19.83333143481319,17,22,0,0
1,2015-01-01 00:00:00,19:35:00,1,1,182,204,518.5999999999999,3.374770294088606,0,0,0,11.528077410227922,19.802853879134485,0,52.22956361059763,1,1,0,0,38.54788780981515,0,0,386,0,0,0,0,0,5.594596290016438,0,0,0,0,0,19.821564145443396,17,22,0,0
1,2015-01-01 00:00:00,19:36:00,1,1,182,204,518.5999999999999,3.3841580823062776,0,0,0,11.530889470961293,19.777773372800034,0,52.22400474607224,1,1,0,0,37.91030162169676,0,0,386,0,0,0,0,0,5.5698538877944435,0,0,0,0,0,19.802853879134485,17,22,0,0
1,2015-01-01 00:00:00,19:37:00,1,1,182,176,490.59999999999997,3.393545870523949,0,0,0,11.533674733486215,19.743692119199817,0,52.21844253497968,1,1,0,0,37.29354896016966,0,0,358,0,0,0,0,0,5.545498480661878,0,0,0,0,0,19.777773372800034,17,22,0,0
1,2015-01-01 00:00:00,19:38:00,1,1,182,176,490.59999999999997,3.4034336587416205,0,0,0,11.53642325779114,19.704472263322867,0,52.212875434908405,1,1,0,0,36.696615054014224,0,0,358,0,0,0,0,0,5.521525478652625,0,0,0,0,0,19.743692119199817,17,22,0,0
1,2015-01-01 00:00:00,19:39:00,1,1,122,176,430.59999999999997,3.412571446959292,0,0,0,11.539128552564382,19.653733612651063,0,52.20730256579328,1,1,0,0,36.118651013514516,0,0,298,0,0,0,0,0,5.497936012637531,0,0,0,0,0,19.704472263322867,17,22,0,0
1,2015-01-01 00:00:00,19:40:00,1,1,122,176,430.59999999999997,3.4224592351769636,0,0,0,11.541778006081728,19.599110108814568,0,52.201721953972736,1,1,0,0,35.55861980940352,0,0,298,0,0,0,0,0,5.474717051105552,0,0,0,0,0,19.653733612651063,17,22,0,0
1,2015-01-01 00:00:00,19:41:00,1,1,122,176,430.59999999999997,3.433847023394635,0,0,0,11.54436848143548,19.54086836732534,0,52.19613293479928,1,1,0,0,35.01577934339709,0,0,298,0,0,0,0,0,5.451872698167477,0,0,0,0,0,19.599110108814568,17,22,0,0
1,2015-01-01 00:00:00,19:42:00,1,1,122,176,430.59999999999997,3.444984811612307,0,0,0,11.546895704381791,19.479365608962098,0,52.190534889444855,1,1,0,0,34.489421827204175,0,0,298,0,0,0,0,0,5.429415484599109,0,0,0,0,0,19.54086836732534,17,22,0,0
1,2015-01-01 00:00:00,19:43:00,1,1,122,286,540.5999999999999,3.4561225998299787,0,0,0,11.5493560296489,19.42736847700442,0,52.18492726042535,1,1,0,0,33.97887569733199,0,0,408,0,0,0,0,0,5.407338003954781,0,0,0,0,0,19.479365608962098,17,22,0,0
1,2015-01-01 00:00:00,19:44:00,1,1,122,286,540.5999999999999,3.4672603880476505,0,0,0,11.551760581966285,19.371976777807635,0,52.17931167891962,1,1,0,0,33.483926472150785,0,0,408,0,0,0,0,0,5.385635768378114,0,0,0,0,0,19.42736847700442,17,22,0,0
1,2015-01-01 00:00:00,19:45:00,1,1,122,286,540.5999999999999,3.478648176265322,0,0,0,11.55410575418622,19.313723049752877,0,52.17368756436514,1,1,0,0,33.00392818322755,0,0,408,0,0,0,0,0,5.3643043473463,0,0,0,0,0,19.371976777807635,17,22,0,0
1,2015-01-01 00:00:00,19:46:00,1,1,122,286,540.5999999999999,3.4882859644829938,0,0,0,11.556386902850042,19.252897927486703,0,52.16805442759121,1,1,0,0,32.53827494739508,0,0,408,0,0,0,0,0,5.343342187569417,0,0,0,0,0,19.313723049752877,17,22,0,0
1,2015-01-01 00:00:00,19:47:00,1,1,122,286,540.5999999999999,3.4979237527006655,0,0,0,11.558601181665553,19.189777246882663,0,52.16241182933405,1,1,0,0,32.08639137528935,0,0,408,0,0,0,0,0,5.3227252007507655,0,0,0,0,0,19.252897927486703,17,22,0,0
1,2015-01-01 00:00:00,19:48:00,1,1,122,286,540.5999999999999,3.507811540918337,0,0,0,11.560746276366967,19.124617864672143,0,52.156759377691344,1,1,0,0,31.647731030785724,0,0,408,0,0,0,0,0,5.3024493309614025,0,0,0,0,0,19.189777246882663,17,22,0,0
1,2015-01-01 00:00:00,19:49:00,1,1,122,286,540.5999999999999,3.5179493291360084,0,0,0,11.562820174301974,19.057658660119646,0,52.151096724860544,1,1,0,0,31.221774800645807,0,0,408,0,0,0,0,0,5.282513390207171,0,0,0,0,0,19.124617864672143,17,22,0,0
1,2015-01-01 00:00:00,19:50:00,0,1,0,60,45.60000000000001,3.52783711735368,0,0,0,11.564820728224996,18.933161880827754,0,52.145423564049445,1,1,0,0,30.808029353689136,0,0,60,0,0,0,0,0,5.26291620532635,0,0,0,0,0,19.057658660119646,17,22,0,0
1,2015-01-01 00:00:00,19:51:00,0,1,0,60,45.60000000000001,3.5374749055713517,0,0,0,11.56668134257,18.810772156877754,0,52.139730033475175,1,1,0,0,30.40412229678909,0,0,60,0,0,0,0,0,5.24365098965065,0,0,0,0,0,18.933161880827754,17,22,0,0
1,2015-01-01 00:00:00,19:52:00,0,1,0,60,45.60000000000001,3.546862693789023,0,0,0,11.568404524348628,18.689577143094766,0,52.134016497839184,1,1,0,0,30.00979065937714,0,0,60,0,0,0,0,0,5.2247110420526255,0,0,0,0,0,18.810772156877754,17,22,0,0
1,2015-01-01 00:00:00,19:53:00,0,1,0,60,45.60000000000001,3.5565004820066948,0,0,0,11.569992135418854,18.56963897553779,0,52.12828316537837,1,1,0,0,29.624749383313112,0,0,60,0,0,0,0,0,5.206089745664767,0,0,0,0,0,18.689577143094766,17,22,0,0
1,2015-01-01 00:00:00,19:54:00,0,1,0,60,45.60000000000001,3.5661382702243665,0,0,0,11.571445898382596,18.450998396150087,0,52.12253025494583,1,1,0,0,29.24872521978334,0,0,60,0,0,0,0,0,5.187786187271835,0,0,0,0,0,18.56963897553779,17,22,0,0
1,2015-01-01 00:00:00,19:55:00,0,1,0,60,45.60000000000001,3.576026058442038,0,0,0,11.572767786942524,18.33369183556107,0,52.11675799234146,1,1,0,0,28.88145559993187,0,0,60,0,0,0,0,0,5.1697966558692,0,0,0,0,0,18.450998396150087,17,22,0,0
1,2015-01-01 00:00:00,19:56:00,0,1,0,60,45.60000000000001,3.5864138466597097,0,0,0,11.573960020417982,18.217751480535796,0,52.110966609571726,1,1,0,0,28.52268812495327,0,0,60,0,0,0,0,0,5.152120294687263,0,0,0,0,0,18.33369183556107,17,22,0,0
1,2015-01-01 00:00:00,19:57:00,0,1,0,60,45.60000000000001,3.5970516348773813,0,0,0,11.575024643530341,18.103205003003218,0,52.105156344121035,1,1,0,0,28.172180075823423,0,0,60,0,0,0,0,0,5.13475906414095,0,0,0,0,0,18.217751480535796,17,22,0,0
1,2015-01-01 00:00:00,19:58:00,0,1,0,60,45.60000000000001,3.6071894230950527,0,0,0,11.575963106709583,17.990075287102524,0,52.09932743817684,1,1,0,0,27.829697930489402,0,0,60,0,0,0,0,0,5.117712094496335,0,0,0,0,0,18.103205003003218,17,22,0,0
1,2015-01-01 00:00:00,19:59:00,0,1,0,60,45.60000000000001,3.617327211312724,0,0,0,11.576777298786745,17.87838222049012,0,52.093480137808086,1,1,0,0,27.49501688819733,0,0,60,0,0,0,0,0,5.100970114237632,0,0,0,0,0,17.990075287102524,17,22,0,0
1,2015-01-01 00:00:00,20:00:00,0,1,0,60,45.60000000000001,3.627714999530396,0,0,0,11.577469335248544,17.768142624527005,0,52.087614692450835,1,1,0,0,27.16792047092838,0,0,60,0,0,0,0,0,5.084529573530862,0,0,0,0,0,17.87838222049012,17,22,0,0
1,2015-01-01 00:00:00,20:01:00,0,1,0,60,45.60000000000001,3.6378527877480673,0,0,0,11.578040932012387,17.659369612929343,0,52.08173135438205,1,1,0,0,26.848200136016768,0,0,60,0,0,0,0,0,5.068389768484469,0,0,0,0,0,17.768142624527005,17,22,0,0
1,2015-01-01 00:00:00,20:02:00,0,1,0,60,45.60000000000001,3.648240575965739,0,0,0,11.578494231571401,17.552074034728996,0,52.075830378083516,1,1,0,0,26.535654880129442,0,0,60,0,0,0,0,0,5.052544402528158,0,0,0,0,0,17.659369612929343,17,22,0,0
1,2015-01-01 00:00:00,20:03:00,0,1,0,60,45.60000000000001,3.6536283641834104,0,0,0,11.578827029105076,17.44625785223991,0,52.06991201985323,1,1,0,0,26.230090905796093,0,0,60,0,0,0,0,0,5.036992856281809,0,0,0,0,0,17.552074034728996,17,22,0,0
1,2015-01-01 00:00:00,20:04:00,0,1,0,60,45.60000000000001,3.662016152401082,0,0,0,11.579043763551628,17.341930274256192,0,52.063976536281636,1,1,0,0,25.931321074042483,0,0,60,0,0,0,0,0,5.02167575019198,0,0,0,0,0,17.44625785223991,17,22,0,0
1,2015-01-01 00:00:00,20:05:00,0,1,0,60,45.60000000000001,3.6704039406187534,0,0,0,11.579146386765636,17.239094450978147,0,52.05802418549386,1,1,0,0,25.63916492438989,0,0,60,0,0,0,0,0,5.00662395461293,0,0,0,0,0,17.341930274256192,17,22,0,0
1,2015-01-01 00:00:00,20:06:00,0,1,0,60,45.60000000000001,3.678541728836425,0,0,0,11.579136642958346,17.137751208092556,0,52.0520552261108,1,1,0,0,25.353448241620782,0,0,60,0,0,0,0,0,4.99183440270879,0,0,0,0,0,17.239094450978147,17,22,0,0
1,2015-01-01 00:00:00,20:07:00,0,1,0,60,45.60000000000001,3.6869295170540966,0,0,0,11.579016688651222,17.03790004910183,0,52.04606991685057,1,1,0,0,25.07400276428989,0,0,60,0,0,0,0,0,4.977301269741837,0,0,0,0,0,17.137751208092556,17,22,0,0
1,2015-01-01 00:00:00,20:08:00,0,1,0,60,45.60000000000001,3.695817305271768,0,0,0,11.578788882918483,16.93953898719931,0,52.040068516301815,1,1,0,0,24.800665937242677,0,0,60,0,0,0,0,0,4.963024391276831,0,0,0,0,0,17.03790004910183,17,22,0,0
1,2015-01-01 00:00:00,20:09:00,0,1,0,60,45.60000000000001,3.70470509348944,0,0,0,11.578455163032356,16.842663801327667,0,52.03405128266826,1,1,0,0,24.53328066683304,0,0,60,0,0,0,0,0,4.949006398257738,0,0,0,0,0,16.93953898719931,17,22,0,0
1,2015-01-01 00:00:00,20:10:00,0,1,0,60,45.60000000000001,3.7090928817071114,0,0,0,11.57801372416178,16.747263465265753,0,52.02801847338574,1,1,0,0,24.271695059162788,0,0,60,0,0,0,0,0,4.935244304379425,0,0,0,0,0,16.842663801327667,17,22,0,0
1,2015-01-01 00:00:00,20:11:00,0,1,0,60,45.60000000000001,3.713480669924783,0,0,0,11.577466485684702,16.653331119650232,0,52.02197034395578,1,1,0,0,24.015762011751324,0,0,60,0,0,0,0,0,4.921684911925627,0,0,0,0,0,16.747263465265753,17,22,0,0
1,2015-01-01 00:00:00,20:12:00,0,1,0,60,45.60000000000001,3.7183684581424545,0,0,0,11.576815770054777,16.560859154805385,0,52.01590714866018,1,1,0,0,23.765339192292103,0,0,60,0,0,0,0,0,4.9083258999736685,0,0,0,0,0,16.653331119650232,17,22,0,0
1,2015-01-01 00:00:00,20:13:00,0,1,0,60,45.60000000000001,3.723256246360126,0,0,0,11.57606347149437,16.46983820581304,0,52.009829140432664,1,1,0,0,23.52028885088099,0,0,60,0,0,0,0,0,4.895170555556069,0,0,0,0,0,16.560859154805385,17,22,0,0
1,2015-01-01 00:00:00,20:14:00,0,1,0,60,45.60000000000001,3.727394034577798,0,0,0,11.57521084740563,16.380256991430283,0,52.00373657055816,1,1,0,0,23.28047760445011,0,0,60,0,0,0,0,0,4.882216547646314,0,0,0,0,0,16.46983820581304,17,22,0,0
1,2015-01-01 00:00:00,20:15:00,0,1,0,60,45.60000000000001,3.7315318227954695,0,0,0,11.574259761877546,16.292104209209878,0,51.997629688344595,1,1,0,0,23.045776223054876,0,0,60,0,0,0,0,0,4.869453207697574,0,0,0,0,0,16.380256991430283,17,22,0,0
1,2015-01-01 00:00:00,20:16:00,0,1,0,60,45.60000000000001,3.734919611013141,0,0,0,11.573211439998262,16.205366799575405,0,51.9915087411196,1,1,0,0,22.81605948789008,0,0,60,0,0,0,0,0,4.856878358059046,0,0,0,0,0,16.292104209209878,17,22,0,0
1,2015-01-01 00:00:00,20:17:00,0,1,0,60,45.60000000000001,3.7323073992308125,0,0,0,11.572062733717424,16.120024752307124,0,51.985373973929626,1,1,0,0,22.59120599509026,0,0,60,0,0,0,0,0,4.84448148594292,0,0,0,0,0,16.205366799575405,17,22,0,0
1,2015-01-01 00:00:00,20:18:00,0,1,0,60,45.60000000000001,3.729945187448484,0,0,0,11.57081566334062,16.036065016701762,0,51.97922562834878,1,1,0,0,22.371097789553417,0,0,60,0,0,0,0,0,4.83219368696927,0,0,0,0,0,16.120024752307124,17,22,0,0
1,2015-01-01 00:00:00,20:19:00,0,1,0,60,45.60000000000001,3.7280829756661555,0,0,0,11.569472437479607,15.953474075419898,0,51.9730639436725,1,1,0,0,22.15562048435438,0,0,60,0,0,0,0,0,4.820016514853424,0,0,0,0,0,16.036065016701762,17,22,0,0
1,2015-01-01 00:00:00,20:20:00,0,1,0,60,45.60000000000001,3.725970763883827,0,0,0,11.568034622499884,15.872236944074963,0,51.966889156837944,1,1,0,0,21.944663123506267,0,0,60,0,0,0,0,0,4.807954290995738,0,0,0,0,0,15.953474075419898,17,22,0,0
1,2015-01-01 00:00:00,20:21:00,0,1,0,60,45.60000000000001,3.7236085521014988,0,0,0,11.566503764328894,15.792338159848416,0,51.960701502172896,1,1,0,0,21.738118015362346,0,0,60,0,0,0,0,0,4.7960029306952565,0,0,0,0,0,15.872236944074963,17,22,0,0
1,2015-01-01 00:00:00,20:22:00,0,1,0,60,45.60000000000001,3.7212463403191705,0,0,0,11.564881595353103,15.71376212073025,0,51.95450121131421,1,1,0,0,21.53588060531085,0,0,60,0,0,0,0,0,4.7841583966732655,0,0,0,0,0,15.792338159848416,17,22,0,0
1,2015-01-01 00:00:00,20:23:00,0,1,0,60,45.60000000000001,3.718884128536842,0,0,0,11.563169826477015,15.636492832745763,0,51.948288513184394,1,1,0,0,21.337849364338723,0,0,60,0,0,0,0,0,4.772419482906759,0,0,0,0,0,15.71376212073025,17,22,0,0
1,2015-01-01 00:00:00,20:24:00,0,1,0,60,45.60000000000001,3.719771916754514,0,0,0,11.561372843038871,15.560517812258626,0,51.94206363392489,1,1,0,0,21.14392567278794,0,0,60,0,0,0,0,0,4.760784997339012,0,0,0,0,0,15.636492832745763,17,22,0,0
1,2015-01-01 00:00:00,20:25:00,0,1,0,60,45.60000000000001,3.7199097049721854,0,0,0,11.559491688676733,15.485819404888383,0,51.935826797498315,1,1,0,0,20.95401384079715,0,0,60,0,0,0,0,0,4.749289947983475,0,0,0,0,0,15.560517812258626,17,22,0,0
1,2015-01-01 00:00:00,20:26:00,0,1,0,60,45.60000000000001,3.719797493189857,0,0,0,11.557527799360717,15.412380406445543,0,51.92957822480244,1,1,0,0,20.76802083277304,0,0,60,0,0,0,0,0,4.737924406146361,0,0,0,0,0,15.485819404888383,17,22,0,0
1,2015-01-01 00:00:00,20:27:00,0,1,0,60,45.60000000000001,3.715185281407529,0,0,0,11.555479062349841,15.340178376646056,0,51.92331813374786,1,1,0,0,20.585856192421765,0,0,60,0,0,0,0,0,4.726684124093378,0,0,0,0,0,15.412380406445543,17,22,0,0
1,2015-01-01 00:00:00,20:28:00,0,1,0,60,45.60000000000001,3.7098230696252004,0,0,0,11.5533464542958,15.269195348358378,0,51.91704673836093,1,1,0,0,20.40743177691919,0,0,60,0,0,0,0,0,4.715517608033675,0,0,0,0,0,15.340178376646056,17,22,0,0
1,2015-01-01 00:00:00,20:29:00,0,1,0,60,45.60000000000001,3.704460857842872,0,0,0,11.551131551363442,15.199414049481582,0,51.910764249551214,1,1,0,0,20.2326618303695,0,0,60,0,0,0,0,0,4.704415683640443,0,0,0,0,0,15.269195348358378,17,22,0,0
1,2015-01-01 00:00:00,20:30:00,0,1,0,60,45.60000000000001,3.6995986460605437,0,0,0,11.548836321434118,15.13081768027494,0,51.904470875231205,1,1,0,0,20.06146292625767,0,0,60,0,0,0,0,0,4.693377626280965,0,0,0,0,0,15.199414049481582,17,22,0,0
1,2015-01-01 00:00:00,20:31:00,0,1,0,60,45.60000000000001,3.6949864342782153,0,0,0,11.54646250164482,15.063389046737145,0,51.89816682039778,1,1,0,0,19.893753904285468,0,0,60,0,0,0,0,0,4.682408282414279,0,0,0,0,0,15.13081768027494,17,22,0,0
1,2015-01-01 00:00:00,20:32:00,0,1,0,60,45.60000000000001,3.690374222495887,0,0,0,11.544011598390526,14.99711061017733,0,51.891852287065156,1,1,0,0,19.729455779879064,0,0,60,0,0,0,0,0,4.6715096620404015,0,0,0,0,0,15.063389046737145,17,22,0,0
1,2015-01-01 00:00:00,20:33:00,0,1,0,70,45.60000000000001,3.6907620107135584,0,0,21749.999999999996,11.541489242987861,14.931970733024416,0,51.88552747420626,1,1,1,0,26.961794678866177,0,0,70,21749.999999999996,0,2.61,0,0,4.660680971348869,0,0,0,0,0,14.99711061017733,17,22,0,0
1,2015-01-01 00:00:00,20:34:00,0,1,0,70,45.60000000000001,3.6968997989312298,0,0,21749.999999999996,11.538901664341683,14.95159155758525,0,51.879192578764915,1,1,1,0,33.945920014039004,0,0,70,21749.999999999996,0,2.61,0,0,4.649977034877944,0,0,0,0,0,14.931970733024416,17,22,0,0
1,2015-01-01 00:00:00,20:35:00,0,1,0,70,45.60000000000001,3.7032875871489015,0,0,21749.999999999996,11.53634721278923,15.047910252796267,0,51.87286213287557,1,1,1,0,40.693157440687614,0,0,70,21749.999999999996,0,2.61,0,0,4.639460377229282,0,0,0,0,0,14.95159155758525,17,22,0,0
1,2015-01-01 00:00:00,20:36:00,0,1,0,70,45.60000000000001,3.710675375366573,0,0,21749.999999999996,11.53391534208512,15.214787627921705,0,51.86654928398184,1,1,1,0,47.214173141777124,0,0,70,21749.999999999996,0,2.61,0,0,4.629131645566293,0,0,0,0,0,15.047910252796267,17,22,0,0
1,2015-01-01 00:00:00,20:37:00,0,1,0,70,45.60000000000001,3.717813163584245,0,0,21749.999999999996,11.53168719220178,15.446464100678543,0,51.8602661248408,1,1,1,0,53.51906168892228,0,0,70,21749.999999999996,0,2.61,0,0,4.618999813606207,0,0,0,0,0,15.214787627921705,17,22,0,0
1,2015-01-01 00:00:00,20:38:00,0,1,0,70,45.60000000000001,3.7252009518019165,0,0,8166.358175327957,11.529737496670402,15.737561086666052,0,51.85402375877951,1,1,1,0,55,0,0,70,8166.358175327957,0,0.979962981039355,0,0,4.609059861282546,0,0,0,0,0,15.446464100678543,17,22,0,0
1,2015-01-01 00:00:00,20:39:00,0,1,0,70,45.60000000000001,3.732838740019588,0,0,0,11.528134621053164,16.030824422892344,0,51.847832365178576,1,1,0,0,53.66454289410429,0,0,70,0,0,0,0,0,4.599312381508794,0,0,0,0,0,15.737561086666052,17,22,0,0
1,2015-01-01 00:00:00,20:40:00,0,1,0,70,45.60000000000001,3.7399765282372597,0,0,0,11.526879966816923,16.295188136488097,0,51.84169230667418,1,1,0,0,52.38448444270252,0,0,70,0,0,0,0,0,4.589757960082496,0,0,0,0,0,16.030824422892344,17,22,0,0
1,2015-01-01 00:00:00,20:41:00,0,1,0,70,45.60000000000001,3.747614316454931,0,0,0,11.525939839015441,16.533121850392376,0,51.83559862024501,1,1,0,0,51.15695735745713,0,0,70,0,0,0,0,0,4.580388850644253,0,0,0,0,0,16.295188136488097,17,22,0,0
1,2015-01-01 00:00:00,20:42:00,0,1,0,70,45.60000000000001,3.7550021046726028,0,0,0,11.525282843150164,16.74642793989433,0,51.82954676708446,1,1,0,0,49.979275877625,0,0,70,0,0,0,0,0,4.571208496241536,0,0,0,0,0,16.533121850392376,17,22,0,0
1,2015-01-01 00:00:00,20:43:00,0,1,0,70,45.60000000000001,3.7613898928902745,0,0,0,11.524879109026912,16.93680245826058,0,51.823532518142656,1,1,0,0,48.848906900151164,0,0,70,0,0,0,0,0,4.56221197820756,0,0,0,0,0,16.74642793989433,17,22,0,0
1,2015-01-01 00:00:00,20:44:00,0,1,0,70,45.60000000000001,3.768027681107946,0,0,0,11.524701824060418,17.105835601557974,0,51.81755193584667,1,1,0,0,47.76346117083516,0,0,70,0,0,0,0,0,4.5533861176248545,0,0,0,0,0,16.93680245826058,17,22,0,0
1,2015-01-01 00:00:00,20:45:00,0,1,0,70,45.60000000000001,3.768665469325618,0,0,0,11.524720882502098,17.255009505877265,0,51.811601355903655,1,1,0,0,46.72068479092777,0,0,70,0,0,0,0,0,4.544731752582665,0,0,0,0,0,17.105835601557974,17,22,0,0
1,2015-01-01 00:00:00,20:46:00,0,1,0,70,45.60000000000001,3.7698032575432894,0,0,0,11.524913344920051,17.385719843285298,0,51.80567736872936,1,1,0,0,45.71845093769476,0,0,70,0,0,0,0,0,4.536180419448779,0,0,0,0,0,17.255009505877265,17,22,0,0
1,2015-01-01 00:00:00,20:47:00,0,1,0,70,45.60000000000001,3.770191045760961,0,0,0,11.525256894282638,17.49927204075874,0,51.799776804582145,1,1,0,0,44.75475260115022,0,0,70,0,0,0,0,0,4.527736503613639,0,0,0,0,0,17.385719843285298,17,22,0,0
1,2015-01-01 00:00:00,20:48:00,0,1,0,70,45.60000000000001,3.7730788339786323,0,0,21749.999999999996,11.525733463741949,17.59689226076358,0,51.7938967180512,1,1,1,0,51.220998459637684,0,0,70,21749.999999999996,0,2.61,0,0,4.519390485001327,0,0,0,0,0,17.49927204075874,17,22,0,0
1,2015-01-01 00:00:00,20:49:00,0,1,0,70,45.60000000000001,3.777716622196304,0,0,14481.789767313592,11.526325817979707,17.763360740166043,0,51.78803437442995,1,1,1,0,55,0,0,70,14481.789767313592,0,1.7378147720776314,0,0,4.511168970445915,0,0,0,0,0,17.59689226076358,17,22,0,0
1,2015-01-01 00:00:00,20:50:00,0,1,0,70,45.60000000000001,3.781604410413976,0,0,0,11.52711271779389,17.963755461545684,0,51.782201573235504,1,1,0,0,53.73344764422333,0,0,70,0,0,0,0,0,4.503089947972717,0,0,0,0,0,17.763360740166043,17,22,0,0
1,2015-01-01 00:00:00,20:51:00,0,1,0,70,45.60000000000001,3.7857421986316475,0,0,0,11.528133214980928,18.13996038567551,0,51.77640412533064,1,1,0,0,52.51679144753361,0,0,70,0,0,0,0,0,4.495143501814093,0,0,0,0,0,17.963755461545684,17,22,0,0
1,2015-01-01 00:00:00,20:52:00,0,1,0,70,45.60000000000001,3.7896299868493193,0,0,0,11.529358666234351,18.29457513340575,0,51.770637877832414,1,1,0,0,51.3475114794432,0,0,70,0,0,0,0,0,4.487330907245302,0,0,0,0,0,18.13996038567551,17,22,0,0
1,2015-01-01 00:00:00,20:53:00,0,1,0,70,45.60000000000001,3.793017775066991,0,0,0,11.530763283805916,18.42911142780677,0,51.764899124219085,1,1,0,0,50.22326194386369,0,0,70,0,0,0,0,0,4.479647887982206,0,0,0,0,0,18.29457513340575,17,22,0,0
1,2015-01-01 00:00:00,20:54:00,0,1,0,70,45.60000000000001,3.7966555632846624,0,0,0,11.532323701478148,18.54500056113459,0,51.75918441775684,1,1,0,0,49.14182825284134,0,0,70,0,0,0,0,0,4.472087449599741,0,0,0,0,0,18.42911142780677,17,22,0,0
1,2015-01-01 00:00:00,20:55:00,0,1,0,70,45.60000000000001,3.802293351502334,0,0,0,11.534019706387554,18.6435843653151,0,51.753490557667135,1,1,0,0,48.101119827953355,0,0,70,0,0,0,0,0,4.46465098095401,0,0,0,0,0,18.54500056113459,17,22,0,0
1,2015-01-01 00:00:00,20:56:00,0,1,0,70,45.60000000000001,3.8086811397200058,0,0,0,11.53583164039767,18.72611749381915,0,51.74781457374844,1,1,0,0,47.099162839428246,0,0,70,0,0,0,0,0,4.457359222622264,0,0,0,0,0,18.6435843653151,17,22,0,0
1,2015-01-01 00:00:00,20:57:00,0,1,0,70,45.60000000000001,3.8160689279376774,0,0,0,11.53774154264651,18.793774577667595,0,51.742153711391886,1,1,0,0,46.13409326984971,0,0,70,0,0,0,0,0,4.450218841891469,0,0,0,0,0,18.72611749381915,17,22,0,0
1,2015-01-01 00:00:00,20:58:00,0,1,0,70,45.60000000000001,3.822706716155349,0,0,0,11.539731394363757,18.847652789665045,0,51.7365054178261,1,1,0,0,45.20415045719045,0,0,70,0,0,0,0,0,4.443239193472355,0,0,0,0,0,18.793774577667595,17,22,0,0
1,2015-01-01 00:00:00,20:59:00,0,1,0,70,45.60000000000001,3.8298445043730207,0,0,0,11.541785518333223,18.888780144506192,0,51.73086732880413,1,1,0,0,44.30767094468959,0,0,70,0,0,0,0,0,4.436410167694178,0,0,0,0,0,18.847652789665045,17,22,0,0
1,2015-01-01 00:00:00,21:00:00,0,1,0,70,45.60000000000001,3.835982292590692,0,0,21749.999999999996,11.543888212764395,18.918116529047815,0,51.725237256715396,1,1,1,0,50.83638584263991,0,0,70,21749.999999999996,0,2.61,0,0,4.429735595059497,0,0,0,0,0,18.888780144506192,17,22,0,0
1,2015-01-01 00:00:00,21:01:00,0,1,0,70,45.60000000000001,3.8403700808083636,0,0,15442.57187444002,11.546024294790486,19.020191911246737,0,51.719613178876365,1,1,1,0,55,0,0,70,15442.57187444002,0,1.8531086249328026,0,0,4.423202678706656,0,0,0,0,0,18.918116529047815,17,22,0,0
1,2015-01-01 00:00:00,21:02:00,0,1,0,60,45.60000000000001,3.8450078690260354,0,0,0,11.548278017560145,19.163548676884087,0,51.714007563801914,1,1,0,0,53.7761970037839,0,0,60,0,0,0,0,0,4.416790481217945,0,0,0,0,0,19.020191911246737,17,22,0,0
1,2015-01-01 00:00:00,21:03:00,0,1,0,60,45.60000000000001,3.849645657243707,0,0,0,11.550696883341375,19.285803358640937,0,51.70842748513559,1,1,0,0,52.598896040283904,0,0,60,0,0,0,0,0,4.410500410280449,0,0,0,0,0,19.163548676884087,17,22,0,0
1,2015-01-01 00:00:00,21:04:00,0,1,0,60,45.60000000000001,3.8557834454613786,0,0,0,11.55325740713596,19.38943837216566,0,51.70286932099962,1,1,0,0,51.46579764975183,0,0,60,0,0,0,0,0,4.404331094954754,0,0,0,0,0,19.285803358640937,17,22,0,0
1,2015-01-01 00:00:00,21:05:00,0,1,0,60,45.60000000000001,3.8589212336790504,0,0,0,11.555935287763678,19.475787336183753,0,51.6973298756941,1,1,0,0,50.374765021262505,0,0,60,0,0,0,0,0,4.398297751030927,0,0,0,0,0,19.38943837216566,17,22,0,0
1,2015-01-01 00:00:00,21:06:00,0,1,0,60,45.60000000000001,3.861559021896722,0,0,0,11.558709888539049,19.54611719176105,0,51.69180618268733,1,1,0,0,49.32377938571561,0,0,60,0,0,0,0,0,4.392365714288575,0,0,0,0,0,19.475787336183753,17,22,0,0
1,2015-01-01 00:00:00,21:07:00,0,1,0,60,45.60000000000001,3.8634468101143935,0,0,0,11.561561871383839,19.60161283324541,0,51.68629549314603,1,1,0,0,48.310933732860015,0,0,60,0,0,0,0,0,4.3865283290977555,0,0,0,0,0,19.54611719176105,17,22,0,0
1,2015-01-01 00:00:00,21:08:00,0,1,0,60,45.60000000000001,3.864584598332065,0,0,0,11.564473306782675,19.643382786057014,0,51.6807952618329,1,1,0,0,47.334426219267684,0,0,60,0,0,0,0,0,4.380776255397752,0,0,0,0,0,19.60161283324541,17,22,0,0
1,2015-01-01 00:00:00,21:09:00,0,1,0,60,45.60000000000001,3.8597223865497368,0,0,0,11.567423227072128,19.672457713915687,0,51.67530313397991,1,1,0,0,46.39255399364827,0,0,60,0,0,0,0,0,4.375100259706847,0,0,0,0,0,19.643382786057014,17,22,0,0
1,2015-01-01 00:00:00,21:10:00,0,1,0,60,45.60000000000001,3.8548601747674085,0,0,0,11.570396875875868,19.689808413837195,0,51.669816931907896,1,1,0,0,45.48370718141247,0,0,60,0,0,0,0,0,4.369433249283342,0,0,0,0,0,19.672457713915687,17,22,0,0
1,2015-01-01 00:00:00,21:11:00,0,1,0,60,45.60000000000001,3.8499979629850802,0,0,0,11.57338064870885,19.69634249992314,0,51.66433464473337,1,1,0,0,44.60636368591671,0,0,60,0,0,0,0,0,4.363775124802978,0,0,0,0,0,19.689808413837195,17,22,0,0
1,2015-01-01 00:00:00,21:12:00,0,1,0,60,45.60000000000001,3.845135751202752,0,0,0,11.57636201762783,19.692908441032724,0,51.65885441750855,1,1,0,0,43.75908405374006,0,0,60,0,0,0,0,0,4.3581257880419555,0,0,0,0,0,19.69634249992314,17,22,0,0
1,2015-01-01 00:00:00,21:13:00,0,1,0,60,45.60000000000001,3.8427735394204237,0,0,0,11.579331534797651,19.680302194482028,0,51.65337454105544,1,1,0,0,42.940506651947295,0,0,60,0,0,0,0,0,4.352485141864692,0,0,0,0,0,19.692908441032724,17,22,0,0
1,2015-01-01 00:00:00,21:14:00,0,1,0,60,45.60000000000001,3.840161327638095,0,0,0,11.58227841004824,19.65926433064991,0,51.64789344293889,1,1,0,0,42.149343235026706,0,0,60,0,0,0,0,0,4.346880691443585,0,0,0,0,0,19.680302194482028,17,22,0,0
1,2015-01-01 00:00:00,21:15:00,0,1,0,60,45.60000000000001,3.8372991158557666,0,0,0,11.5851927310004,19.630486706306684,0,51.64240967794821,1,1,0,0,41.38437456480981,0,0,60,0,0,0,0,0,4.341309275362645,0,0,0,0,0,19.65926433064991,17,22,0,0
1,2015-01-01 00:00:00,21:16:00,0,1,0,60,45.60000000000001,3.834686904073438,0,0,0,11.588065819811776,19.59461604174176,0,51.6369219197245,1,1,0,0,40.644446406357325,0,0,60,0,0,0,0,0,4.335767767558584,0,0,0,0,0,19.630486706306684,17,22,0,0
1,2015-01-01 00:00:00,21:17:00,0,1,0,60,45.60000000000001,3.8315746922911096,0,0,0,11.590889141482734,19.55225527402304,0,51.63142895300256,1,1,0,0,39.928465781710536,0,0,60,0,0,0,0,0,4.330258596279157,0,0,0,0,0,19.59461604174176,17,22,0,0
1,2015-01-01 00:00:00,21:18:00,0,1,0,60,45.60000000000001,3.8284624805087812,0,0,0,11.593655289992338,19.503967760598872,0,51.625929666086165,1,1,0,0,39.23539739709531,0,0,60,0,0,0,0,0,4.324775883931248,0,0,0,0,0,19.55225527402304,17,22,0,0
1,2015-01-01 00:00:00,21:19:00,0,1,0,60,45.60000000000001,3.824350268726453,0,0,0,11.596356695829861,19.450277980783454,0,51.620423044045225,1,1,0,0,38.564260334629445,0,0,60,0,0,0,0,0,4.319319337450583,0,0,0,0,0,19.503967760598872,17,22,0,0
1,2015-01-01 00:00:00,21:20:00,1,1,0,603,735.6000000000001,3.8194880569441247,0,0,0,11.598986618411155,19.46967917474307,0,51.61490816203438,1,1,0,0,37.914124880417,0,0,603,0,0,0,0,0,4.313877629455974,0,0,0,0,0,19.450277980783454,17,22,0,0
1,2015-01-01 00:00:00,21:21:00,1,1,0,603,735.6000000000001,3.8146258451617965,0,0,0,11.601629718757009,19.479774386903816,0,51.609397551350845,1,1,0,0,37.28676278158455,0,0,603,0,0,0,0,0,4.308442317721425,0,0,0,0,0,19.46967917474307,17,22,0,0
1,2015-01-01 00:00:00,21:22:00,1,1,0,631,763.6000000000001,3.810013633379468,0,0,0,11.604275417094915,19.485693480688024,0,51.603889615951225,1,1,0,0,36.681082904214456,0,0,631,0,0,0,0,0,4.3030133315892,0,0,0,0,0,19.479774386903816,17,22,0,0
1,2015-01-01 00:00:00,21:23:00,1,1,0,631,763.6000000000001,3.8056514215971395,0,0,0,11.606919086602911,19.484632875455535,0,51.598383639470896,1,1,0,0,36.096205712938044,0,0,631,0,0,0,0,0,4.297593360520317,0,0,0,0,0,19.485693480688024,17,22,0,0
1,2015-01-01 00:00:00,21:24:00,1,1,60,314,506.59999999999997,3.810539209814811,0,0,0,11.609560334465279,19.448154802167473,0,51.59287842505421,1,1,0,0,35.53118622866993,0,0,374,0,0,0,0,0,4.292185064186561,0,0,0,0,0,19.484632875455535,17,22,0,0
1,2015-01-01 00:00:00,21:25:00,1,1,60,314,506.59999999999997,3.815176998032483,0,0,0,11.612158002943236,19.40763177849916,0,51.58736790100457,1,1,0,0,34.98414434341475,0,0,374,0,0,0,0,0,4.286890397825457,0,0,0,0,0,19.448154802167473,17,22,0,0
1,2015-01-01 00:00:00,21:26:00,1,1,60,314,506.59999999999997,3.8203147862501545,0,0,0,11.614707916009147,19.36297146829798,0,51.58185137481214,1,1,0,0,34.4543309908666,0,0,374,0,0,0,0,0,4.281705330619423,0,0,0,0,0,19.40763177849916,17,22,0,0
1,2015-01-01 00:00:00,21:27:00,1,1,60,314,506.59999999999997,3.825452574467826,0,0,0,11.617205384336213,19.314562005198365,0,51.576328138256734,1,1,0,0,33.94101944247991,0,0,374,0,0,0,0,0,4.2766341519927344,0,0,0,0,0,19.36297146829798,17,22,0,0
1,2015-01-01 00:00:00,21:28:00,1,1,60,314,506.59999999999997,3.8303403626854977,0,0,0,11.619645969320855,19.262757286571713,0,51.570797549776785,1,1,0,0,33.44352089019142,0,0,374,0,0,0,0,0,4.271675586972036,0,0,0,0,0,19.314562005198365,17,22,0,0
1,2015-01-01 00:00:00,21:29:00,1,1,60,2401,2593.5999999999995,3.8264781509031693,0,0,0,11.622018598474977,19.44381024726311,0,51.565259028588805,1,1,0,0,32.96118199210912,0,0,2461,0,0,0,0,0,4.266825618211067,0,0,0,0,0,19.262757286571713,17,22,0,0
1,2015-01-01 00:00:00,21:30:00,1,1,60,2401,2593.5999999999995,3.8318659391208407,0,0,0,11.624600346876562,19.60743579308742,0,51.559752494512004,1,1,0,0,32.5014074429647,0,0,2461,0,0,0,0,0,4.2619865425616235,0,0,0,0,0,19.44381024726311,17,22,0,0
1,2015-01-01 00:00:00,21:31:00,1,1,60,2401,2593.5999999999995,3.836253727338512,0,0,0,11.627369817312756,19.75857075009562,0,51.55427495450605,1,1,0,0,32.06283697868316,0,0,2461,0,0,0,0,0,4.25726023997656,0,0,0,0,0,19.60743579308742,17,22,0,0
1,2015-01-01 00:00:00,21:32:00,1,1,60,314,506.59999999999997,3.8398915155561837,0,0,0,11.630311571194742,19.662035311569046,0,51.548824262356725,1,1,0,0,31.644324521928482,0,0,374,0,0,0,0,0,4.252634424210567,0,0,0,0,0,19.75857075009562,17,22,0,0
1,2015-01-01 00:00:00,21:33:00,1,1,100,314,546.5999999999999,3.8397793037738555,0,0,0,11.633135760517504,19.573721031678716,0,51.54335795567945,1,1,0,0,31.236763664433262,0,0,414,0,0,0,0,0,4.2480997056162035,0,0,0,0,0,19.662035311569046,17,22,0,0
1,2015-01-01 00:00:00,21:34:00,1,1,100,314,546.5999999999999,3.839917091991527,0,0,0,11.635852332744589,19.48489447646861,0,51.53787744649247,1,1,0,0,30.840061534067463,0,0,414,0,0,0,0,0,4.243613735363332,0,0,0,0,0,19.573721031678716,17,22,0,0
1,2015-01-01 00:00:00,21:35:00,1,1,100,314,546.5999999999999,3.8425548802091987,0,0,0,11.638462983328214,19.395836437560533,0,51.5323826494119,1,1,0,0,30.45383136204029,0,0,414,0,0,0,0,0,4.239178728118168,0,0,0,0,0,19.48489447646861,17,22,0,0
1,2015-01-01 00:00:00,21:36:00,1,1,100,314,546.5999999999999,3.8391926684268705,0,0,0,11.64096267711775,19.30666115117842,0,51.52687352720415,1,1,0,0,30.077709085697443,0,0,414,0,0,0,0,0,4.234821669842398,0,0,0,0,0,19.395836437560533,17,22,0,0
1,2015-01-01 00:00:00,21:37:00,1,1,100,314,546.5999999999999,3.836830456644542,0,0,0,11.643352328531867,19.217484076346626,0,51.5213500622254,1,1,0,0,29.711346911053937,0,0,414,0,0,0,0,0,4.230475575018733,0,0,0,0,0,19.30666115117842,17,22,0,0
1,2015-01-01 00:00:00,21:38:00,1,1,100,314,546.5999999999999,3.834468244862214,0,0,0,11.645632154045876,19.128410168012827,0,51.515812256627825,1,1,0,0,29.354412801029877,0,0,414,0,0,0,0,0,4.22615134255128,0,0,0,0,0,19.217484076346626,17,22,0,0
1,2015-01-01 00:00:00,21:39:00,1,1,100,314,546.5999999999999,3.8323560330798854,0,0,0,11.647802698479982,19.039536182991178,0,51.510260130555494,1,1,0,0,29.006589582219775,0,0,414,0,0,0,0,0,4.221848730834729,0,0,0,0,0,19.128410168012827,17,22,0,0
1,2015-01-01 00:00:00,21:40:00,1,1,100,314,546.5999999999999,3.827243821297557,0,0,0,11.649861921131253,18.95094706457628,0,51.504693720735915,1,1,0,0,28.667574160477304,0,0,414,0,0,0,0,0,4.217570255723084,0,0,0,0,0,19.039536182991178,17,22,0,0
1,2015-01-01 00:00:00,21:41:00,1,1,100,314,546.5999999999999,3.8221316095152282,0,0,0,11.651810372490678,18.862724019080297,0,51.499113078452005,1,1,0,0,28.33707664020856,0,0,414,0,0,0,0,0,4.213282593542958,0,0,0,0,0,18.95094706457628,17,22,0,0
1,2015-01-01 00:00:00,21:42:00,1,1,100,314,546.5999999999999,3.8182693977329,0,0,0,11.653649732907807,18.77494273238745,0,51.49351826889897,1,1,0,0,28.01481974833345,0,0,414,0,0,0,0,0,4.208985845407484,0,0,0,0,0,18.862724019080297,17,22,0,0
1,2015-01-01 00:00:00,21:43:00,1,1,100,2401,2633.5999999999995,3.8144071859505715,0,0,0,11.655380729866149,18.923603938225945,0,51.48790937023556,1,1,0,0,27.700538217178824,0,0,2501,0,0,0,0,0,4.204693885571235,0,0,0,0,0,18.77494273238745,17,22,0,0
1,2015-01-01 00:00:00,21:44:00,1,1,100,2401,2633.5999999999995,3.810794974168243,0,0,0,11.657277197257125,19.05816551639377,0,51.48232691787579,1,1,0,0,27.402003037622602,0,0,2501,0,0,0,0,0,4.20040666123762,0,0,0,0,0,18.923603938225945,17,22,0,0
1,2015-01-01 00:00:00,21:45:00,1,1,100,2401,2633.5999999999995,3.8104327623859144,0,0,0,11.659325198620008,19.183339074616704,0,51.476768490206965,1,1,0,0,27.118199040301892,0,0,2501,0,0,0,0,0,4.196126874972504,0,0,0,0,0,19.05816551639377,17,22,0,0
1,2015-01-01 00:00:00,21:46:00,1,1,150,314,596.5999999999999,3.805320550603586,0,0,0,11.661509636348393,19.06937646674658,0,51.47123247373572,1,1,0,0,26.84830584419015,0,0,464,0,0,0,0,0,4.191890255484977,0,0,0,0,0,19.183339074616704,17,22,0,0
1,2015-01-01 00:00:00,21:47:00,1,1,190,314,636.5999999999999,3.8004583388212576,0,0,0,11.663553920776913,18.965967950994237,0,51.465677869848804,1,1,0,0,26.583716409583225,0,0,504,0,0,0,0,0,4.18764398829883,0,0,0,0,0,19.06937646674658,17,22,0,0
1,2015-01-01 00:00:00,21:48:00,1,1,190,314,636.5999999999999,3.7930961270389294,0,0,0,11.66546846042081,18.864298755404707,0,51.46010649100557,1,1,0,0,26.324609319155027,0,0,504,0,0,0,0,0,4.183390934256765,0,0,0,0,0,18.965967950994237,17,22,0,0
1,2015-01-01 00:00:00,21:49:00,1,1,190,314,636.5999999999999,3.785733915256601,0,0,0,11.667255524222526,18.764481115921367,0,51.454518638250896,1,1,0,0,26.070857259163517,0,0,504,0,0,0,0,0,4.179103620583785,0,0,0,0,0,18.864298755404707,17,22,0,0
1,2015-01-01 00:00:00,21:50:00,1,1,190,314,636.5999999999999,3.778371703474273,0,0,0,11.668917506402906,18.66648295457322,0,51.448914631818496,1,1,0,0,25.822341063815145,0,0,504,0,0,0,0,0,4.174782423108408,0,0,0,0,0,18.764481115921367,17,22,0,0
1,2015-01-01 00:00:00,21:51:00,1,1,190,314,636.5999999999999,3.7710094916919448,0,0,0,11.670456759334392,18.5702746530582,0,51.44329478638811,1,1,0,0,25.578944529487188,0,0,504,0,0,0,0,0,4.170427713573133,0,0,0,0,0,18.66648295457322,17,22,0,0
1,2015-01-01 00:00:00,21:52:00,1,1,190,314,636.5999999999999,3.7636472799096166,0,0,0,11.671875596468384,18.475826705764504,0,51.43765941150811,1,1,0,0,25.340554397635863,0,0,504,0,0,0,0,0,4.166039859678054,0,0,0,0,0,18.5702746530582,17,22,0,0
1,2015-01-01 00:00:00,21:53:00,1,1,190,314,636.5999999999999,3.7562850681272884,0,0,0,11.673176292542841,18.383109782691704,0,51.432008811615695,1,1,0,0,25.107060258456563,0,0,504,0,0,0,0,0,4.161619225124025,0,0,0,0,0,18.475826705764504,17,22,0,0
1,2015-01-01 00:00:00,21:54:00,1,1,190,314,636.5999999999999,3.74892285634496,0,0,0,11.674361083862243,18.292094751173277,0,51.426343286067876,1,1,0,0,24.87835445996116,0,0,504,0,0,0,0,0,4.157166169655387,0,0,0,0,0,18.383109782691704,17,22,0,0
1,2015-01-01 00:00:00,21:55:00,1,1,250,314,696.5999999999999,3.741560644562632,0,0,0,11.675432168602098,18.20953563037085,0,51.42066312917618,1,1,0,0,24.65433202088674,0,0,564,0,0,0,0,0,4.152681049102244,0,0,0,0,0,18.292094751173277,17,22,0,0
1,2015-01-01 00:00:00,21:56:00,1,1,250,314,696.5999999999999,3.7341984327803037,0,0,0,11.67639955061088,18.12819902435087,0,51.41496979303352,1,1,0,0,24.43512125930457,0,0,564,0,0,0,0,0,4.148164215422318,0,0,0,0,0,18.20953563037085,17,22,0,0
1,2015-01-01 00:00:00,21:57:00,1,1,262,314,708.5999999999999,3.7268362209979755,0,0,0,11.67726484950161,18.04954682879775,0,51.409263489473176,1,1,0,0,24.22060009485036,0,0,576,0,0,0,0,0,4.143616016742358,0,0,0,0,0,18.12819902435087,17,22,0,0
1,2015-01-01 00:00:00,21:58:00,1,1,262,314,708.5999999999999,3.7194740092156473,0,0,0,11.67803137214001,17.972123956507126,0,51.403544680902776,1,1,0,0,24.01070032389619,0,0,576,0,0,0,0,0,4.139036797399139,0,0,0,0,0,18.04954682879775,17,22,0,0
1,2015-01-01 00:00:00,21:59:00,1,1,222,314,668.5999999999999,3.712111797433319,0,0,0,11.67870073622817,17.891422324326452,0,51.39781358020716,1,1,0,0,23.805306569903365,0,0,536,0,0,0,0,0,4.1344268979800205,0,0,0,0,0,17.972123956507126,17,22,0,0
1,2015-01-01 00:00:00,22:00:00,1,1,210,314,656.5999999999999,3.704749585650991,0,0,0,11.679269343314479,17.81087780503462,0,51.39206962742044,1,1,0,0,23.604154044543606,0,0,524,0,0,0,0,0,4.129786655363102,0,0,0,0,0,17.891422324326452,17,22,0,0
1,2015-01-01 00:00:00,22:01:00,1,1,245,314,691.5999999999999,3.6993873738686625,0,0,0,11.679739234457507,17.73579025764567,0,51.38631285167946,1,1,0,0,23.407103832315407,0,0,559,0,0,0,0,0,4.125116402756949,0,0,0,0,0,17.81087780503462,17,22,0,0
1,2015-01-01 00:00:00,22:02:00,1,1,185,314,631.5999999999999,3.695775162086334,0,0,0,11.680118367766886,17.655128238351825,0,51.38054419066334,1,1,0,0,23.214202010047728,0,0,499,0,0,0,0,0,4.120438521021646,0,0,0,0,0,17.73579025764567,17,22,0,0
1,2015-01-01 00:00:00,22:03:00,1,1,185,314,631.5999999999999,3.6921629503040054,0,0,0,11.680400477422964,17.57614932522295,3,50.381629630209886,1,1,0,0,23.02511786815331,0,0,499,0,0,0,0,0,4.115772388692505,0,0,0,0,0,17.655128238351825,17,22,0,0
1,2015-01-01 00:00:00,22:04:00,1,1,185,314,631.5999999999999,3.688550738521677,0,0,0,11.680587702380953,17.49853433571498,0,50.37600583358618,1,1,0,0,22.839778802067244,0,0,499,0,0,0,0,0,4.111117876031028,0,0,0,0,0,17.57614932522295,17,22,0,0
1,2015-01-01 00:00:00,22:05:00,1,1,185,314,631.5999999999999,3.6849385267393484,0,0,0,11.68068180826003,17.422431984879793,0,50.37036969561511,1,1,0,0,22.65810382021853,0,0,499,0,0,0,0,0,4.106474854735627,0,0,0,0,0,17.49853433571498,17,22,0,0
1,2015-01-01 00:00:00,22:06:00,1,1,197,314,643.5999999999999,3.68132631495702,0,0,0,11.680684729140145,17.349164109800505,0,50.364721477721844,1,1,0,0,22.4800197441866,0,0,511,0,0,0,0,0,4.101843197925604,0,0,0,0,0,17.422431984879793,17,22,0,0
1,2015-01-01 00:00:00,22:07:00,1,1,162,314,608.5999999999999,3.6779641031746917,0,0,0,11.680600131181773,17.273302294644942,3.54,49.21593275563826,1,1,0,0,22.30550084505782,0,0,476,0,0,0,0,0,4.097222780125333,0,0,0,0,0,17.349164109800505,17,22,0,0
1,2015-01-01 00:00:00,22:08:00,1,1,162,324,608.5999999999999,3.6758518913923632,0,0,21749.999999999996,11.680426225731752,17.198853251845016,1.4600000000000004,51.238129067259095,1,1,1,1,22.134337629057384,0,0,486,0,21749.999999999996,2.61,0,0,4.092616233335037,0,0,0,0,0,17.273302294644942,17,22,0,0
1,2015-01-01 00:00:00,22:09:00,1,1,90,324,536.5999999999999,3.673489679610035,0,0,21749.999999999996,11.680164616409694,17.118121930806225,0,53.71800804854788,1,1,1,1,21.966464010784854,0,0,414,0,21749.999999999996,2.61,0,0,4.088037184352754,0,0,0,0,0,17.198853251845016,17,22,0,0
1,2015-01-01 00:00:00,22:10:00,1,1,90,324,536.5999999999999,3.6711274678277066,0,0,11272.329404382665,11.679808212855965,17.039772128496306,0,55,1,1,1,1,21.80155441622776,0,0,414,0,11272.329404382665,1.3526795285259199,0,0,4.0834825730931135,0,0,0,0,0,17.118121930806225,17,22,0,0
1,2015-01-01 00:00:00,22:11:00,1,1,90,324,536.5999999999999,3.668515256045378,0,0,56.94034180725554,11.679359749800756,16.96338571967864,0,55,1,1,1,1,21.639589032291315,0,0,414,0,56.94034180725554,0.0068328410168706655,0,0,4.078952129310048,0,0,0,0,0,17.039772128496306,17,22,0,0
1,2015-01-01 00:00:00,22:12:00,1,1,90,324,536.5999999999999,3.6659030442630494,0,0,57.05492142048204,11.67882168045194,16.88869012554369,0,55,1,1,1,1,21.48053449784871,0,0,414,0,57.05492142048204,0.0068465905704578455,0,0,4.074442830078132,0,0,0,0,0,16.96338571967864,17,22,0,0
1,2015-01-01 00:00:00,22:13:00,1,1,90,324,536.5999999999999,3.6632908324807207,0,0,57.166964811684466,11.678196137947676,16.815640365187427,0,55,1,1,1,1,21.324349315117246,0,0,414,0,57.166964811684466,0.006860035777402137,0,0,4.069954441684201,0,0,0,0,0,16.88869012554369,17,22,0,0
1,2015-01-01 00:00:00,22:14:00,1,1,90,324,536.5999999999999,3.6609286206983924,0,0,57.276539452218856,11.677485406585586,16.74418994928664,0,55,1,1,1,1,21.170991867840723,0,0,414,0,57.276539452218856,0.006873184734266263,0,0,4.06548673301232,0,0,0,0,0,16.815640365187427,17,22,0,0
1,2015-01-01 00:00:00,22:15:00,1,1,150,324,596.5999999999999,3.658316408916064,0,0,57.38371507607004,11.676691297549135,16.68107653501195,0,55,1,1,1,1,21.020420374012353,0,0,474,0,57.38371507607004,0.006886045809128405,0,0,4.061042230953046,0,0,0,0,0,16.74418994928664,17,22,0,0
1,2015-01-01 00:00:00,22:16:00,1,1,150,324,596.5999999999999,3.656454197133735,0,0,57.478385197482076,11.675824239181916,16.619052999372567,0,55,1,1,1,1,20.872823644794654,0,0,474,0,57.478385197482076,0.00689740622369785,0,0,4.056617923609597,0,0,0,0,0,16.68107653501195,17,22,0,0
1,2015-01-01 00:00:00,22:17:00,1,1,150,324,596.5999999999999,3.654841985351407,0,0,57.57142050094115,11.674885844056256,16.558211632101095,0,55,1,1,1,1,20.728137568419754,0,0,474,0,57.57142050094115,0.006908570460112939,0,0,4.052221853589532,0,0,0,0,0,16.619052999372567,17,22,0,0
1,2015-01-01 00:00:00,22:18:00,1,1,150,324,596.5999999999999,3.6519797735690784,0,0,57.662682551848356,11.67387658380327,16.498524748215615,0,55,1,1,1,1,20.58630335289871,0,0,474,0,57.662682551848356,0.006919521906221804,0,0,4.047856463667803,0,0,0,0,0,16.558211632101095,17,22,0,0
1,2015-01-01 00:00:00,22:19:00,1,1,150,324,596.5999999999999,3.64911756178675,0,0,57.75221287767658,11.672797934152339,16.439968638359048,0,55,1,1,1,1,20.44726326430405,0,0,474,0,57.75221287767658,0.00693026554532119,0,0,4.043507639270478,0,0,0,0,0,16.498524748215615,17,22,0,0
1,2015-01-01 00:00:00,22:20:00,1,0,0,70,129.60000000000002,3.6445053500044216,0,0,57.84004704246143,11.671649888617642,16.329724128795185,0,55,1,1,1,1,20.3109607260066,0,0,70,0,57.84004704246143,0.0069408056450953725,0,0,4.039175197448112,0,0,0,0,0,16.439968638359048,17,22,0,0
1,2015-01-01 00:00:00,22:21:00,1,0,0,70,129.60000000000002,3.637393138222093,0,0,58.005413806807226,11.670370740822966,16.2238422792689,0,55,1,1,1,1,20.175544515217094,0,0,70,0,58.005413806807226,0.0069606496568168676,0,0,4.0348396725709925,0,0,0,0,0,16.329724128795185,17,22,0,0
1,2015-01-01 00:00:00,22:22:00,1,0,0,70,129.60000000000002,3.630030926439765,0,0,58.164236581096645,11.668965588507094,16.121259749641183,0,55,1,1,1,1,20.041132874538583,0,0,70,0,58.164236581096645,0.006979708389731598,0,0,4.030473547957264,0,0,0,0,0,16.2238422792689,17,22,0,0
1,2015-01-01 00:00:00,22:23:00,1,0,0,70,129.60000000000002,3.622668714657437,0,0,58.318110375538225,11.667438497096601,16.021845742472458,0,55,1,1,1,1,19.90780385668493,0,0,70,0,58.318110375538225,0.0069981732450645874,0,0,4.026074404240116,0,0,0,0,0,16.121259749641183,17,22,0,0
1,2015-01-01 00:00:00,22:24:00,1,0,0,70,129.60000000000002,3.6153065028751086,0,0,58.46723138629132,11.665793372695983,15.925462212706906,0,55,1,1,1,1,19.77562841062328,0,0,70,0,58.46723138629132,0.007016067766354959,0,0,4.0216426037578925,0,0,0,0,0,16.021845742472458,17,22,0,0
1,2015-01-01 00:00:00,22:25:00,1,0,0,70,129.60000000000002,3.6079442910927804,0,0,58.611806680939644,11.664033954023255,15.831978617468891,0,55,1,1,1,1,19.644670376680548,0,0,70,0,58.611806680939644,0.0070334168017127585,0,0,4.017178504906976,0,0,0,0,0,15.925462212706906,17,22,0,0
1,2015-01-01 00:00:00,22:26:00,1,0,0,70,129.60000000000002,3.600582079310452,0,0,58.75203207379666,11.66216382141756,15.741271251637817,0,55,1,1,1,1,19.514986983510084,0,0,70,0,58.75203207379666,0.007050243848855601,0,0,4.012682462183928,0,0,0,0,0,15.831978617468891,17,22,0,0
1,2015-01-01 00:00:00,22:27:00,1,0,0,70,129.60000000000002,3.593219867528124,0,0,58.888093122543275,11.660186405060577,15.65322285819019,0,55,1,1,1,1,19.386629305555246,0,0,70,0,58.888093122543275,0.007066571174705194,0,0,4.008154826227185,0,0,0,0,0,15.741271251637817,17,22,0,0
1,2015-01-01 00:00:00,22:28:00,1,0,0,70,129.60000000000002,3.5858576557457957,0,0,59.020165712714714,11.658104992731012,15.567722257977811,0,55,1,1,1,1,19.25964269169929,0,0,70,0,59.020165712714714,0.007082419885525767,0,0,4.003595943858327,0,0,0,0,0,15.65322285819019,17,22,0,0
1,2015-01-01 00:00:00,22:29:00,1,0,0,70,129.60000000000002,3.5784954439634675,0,0,59.148416613033284,11.65592273711559,15.484664001630062,0,55,1,1,1,1,19.134067166742778,0,0,70,0,59.148416613033284,0.007097809993563995,0,0,3.999006158122928,0,0,0,0,0,15.567722257977811,17,22,0,0
1,2015-01-01 00:00:00,22:30:00,1,0,0,70,129.60000000000002,3.5711332321811393,0,0,59.27300399755491,11.653642662703,15.403948042181845,0,55,1,1,1,1,19.009937807385203,0,0,70,0,59.27300399755491,0.00711276047970659,0,0,3.994385808330971,0,0,0,0,0,15.484664001630062,17,22,0,0
1,2015-01-01 00:00:00,22:31:00,1,0,0,70,129.60000000000002,3.563771020398811,0,0,59.39407793672723,11.651267672285583,15.325479427177058,0,55,1,1,1,1,18.887285094283047,0,0,70,0,59.39407793672723,0.0071272893524072685,0,0,3.9897352300968576,0,0,0,0,0,15.403948042181845,17,22,0,0
1,2015-01-01 00:00:00,22:32:00,1,0,0,70,129.60000000000002,3.556408808616483,0,0,59.51178085923441,11.648800553092086,15.249168009072246,0,55,1,1,1,1,18.766135241660393,0,0,70,0,59.51178085923441,0.007141413703108131,0,0,3.9850547553789997,0,0,0,0,0,15.325479427177058,17,22,0,0
1,2015-01-01 00:00:00,22:33:00,1,0,0,70,129.60000000000002,3.5490465968341547,0,0,59.62624798639163,11.646243982573344,15.174928172836413,0,55,1,1,1,1,18.646510505858075,0,0,70,0,59.62624798639163,0.007155149758366996,0,0,3.9803447125190003,0,0,0,0,0,15.249168009072246,17,22,0,0
1,2015-01-01 00:00:00,22:34:00,1,0,0,70,129.60000000000002,3.5416843850518265,0,0,59.73760774074538,11.643600533861495,15.102678579709867,0,55,1,1,1,1,18.528429474122643,0,0,70,0,59.73760774074538,0.007168512928889446,0,0,3.9756054262804303,0,0,0,0,0,15.174928172836413,17,22,0,0
1,2015-01-01 00:00:00,22:35:00,1,0,0,70,129.60000000000002,3.5343221732694983,0,0,59.8459821304352,11.640872680922033,15.032341926147895,0,55,1,1,1,1,18.411907334856902,0,0,70,0,59.8459821304352,0.007181517855652225,0,0,3.970837217887204,0,0,0,0,0,15.102678579709867,17,22,0,0
1,2015-01-01 00:00:00,22:36:00,1,0,0,70,129.60000000000002,3.52695996148717,0,0,59.95148711077816,11.638062803416899,14.963844717034126,0,55,1,1,1,1,18.296956130479046,0,0,70,0,59.95148711077816,0.00719417845329338,0,0,3.9660404050615528,0,0,0,0,0,15.032341926147895,17,22,0,0
1,2015-01-01 00:00:00,22:37:00,1,0,0,70,129.60000000000002,3.519597749704842,0,0,21749.999999999996,11.635173191295648,14.897117052303871,0,55,1,1,1,1,25.556474260732926,0,0,70,21689.945767075547,60.05423292444881,2.61,0,0,3.9612153020616123,0,0,0,0,0,14.963844717034126,17,22,0,0
1,2015-01-01 00:00:00,22:38:00,1,0,0,70,129.60000000000002,3.5122355379225136,0,0,21749.999999999996,11.632206049130781,14.915494622489346,0,55,1,1,1,1,32.56676633384414,0,0,70,21689.845675578454,60.154324421544196,2.61,0,0,3.9563622197186104,0,0,0,0,0,14.897117052303871,17,22,0,0
1,2015-01-01 00:00:00,22:39:00,1,0,0,70,129.60000000000002,3.5058733261401853,0,0,21749.999999999996,11.62926077233232,15.010891922156903,0,55,1,1,1,1,39.33924755617742,0,0,70,21689.873241933732,60.12675806626598,2.61,0,0,3.9514814654736745,0,0,0,0,0,14.915494622489346,17,22,0,0
1,2015-01-01 00:00:00,22:40:00,1,0,0,70,129.60000000000002,3.5000111143578567,0,0,21749.999999999996,11.626426794383978,15.177143644219147,0,55,1,1,1,1,45.88466572191903,0,0,70,21690.016337883233,59.98366211676465,2.61,0,0,3.946584372472041,0,0,0,0,0,15.010891922156903,17,22,0,0
1,2015-01-01 00:00:00,22:41:00,1,0,0,70,129.60000000000002,3.494148902575528,0,0,21749.999999999996,11.623785827056935,15.408467172209946,0,55,1,1,1,1,52.21319020611665,0,0,70,21690.265715466325,59.73428453367128,2.61,0,0,3.9416766351225716,0,0,0,0,0,15.177143644219147,17,22,0,0
1,2015-01-01 00:00:00,22:42:00,1,0,0,70,129.60000000000002,3.4882866907931995,0,0,11940.558225368479,11.62141273309044,15.699462188860268,0,55,1,1,1,1,55,0,0,70,11881.170926126793,59.387299241685085,1.4328669870442177,0,0,3.936758370660834,0,0,0,0,0,15.408467172209946,17,22,0,0
1,2015-01-01 00:00:00,22:43:00,1,0,0,70,129.60000000000002,3.482174479010871,0,0,58.9508067167096,11.619375774457513,16.00736683318718,0,55,1,1,1,1,53.66324701322654,0,0,70,0,58.9508067167096,0.007074096806005153,0,0,3.931829695034723,0,0,0,0,0,15.699462188860268,17,22,0,0
1,2015-01-01 00:00:00,22:44:00,1,0,0,70,129.60000000000002,3.476562267228543,0,0,58.48894975021923,11.617694251934362,16.28541634381676,0,55,1,1,1,1,52.38243476220479,0,0,70,0,58.48894975021923,0.007018673970026308,0,0,3.9268879655032354,0,0,0,0,0,16.00736683318718,17,22,0,0
1,2015-01-01 00:00:00,22:45:00,1,0,0,70,129.60000000000002,3.4712000554462143,0,0,58.07187548427486,11.616333143927386,16.536373255535516,0,55,1,1,1,1,51.15464502008275,0,0,70,0,58.07187548427486,0.006968625058112984,0,0,3.9219388407252924,0,0,0,0,0,16.28541634381676,17,22,0,0
1,2015-01-01 00:00:00,22:46:00,1,0,0,70,129.60000000000002,3.471337843663886,0,0,57.69544011669673,11.61526504846836,16.762078960979853,0,55,1,1,1,1,49.97715278319338,0,0,70,0,57.69544011669673,0.0069234528140036085,0,0,3.916985159664675,0,0,0,0,0,16.536373255535516,17,22,0,0
1,2015-01-01 00:00:00,22:47:00,1,0,0,70,129.60000000000002,3.4719756318815578,0,0,57.35688155853022,11.614460599117036,16.96426528567223,0,55,1,1,1,1,48.84738836747184,0,0,70,0,57.35688155853022,0.006882825787023627,0,0,3.9120876345846325,0,0,0,0,0,16.762078960979853,17,22,0,0
1,2015-01-01 00:00:00,22:48:00,1,0,0,70,129.60000000000002,3.4726134200992296,0,0,57.05360207149165,11.613892075539026,17.144554108220973,0,55,1,1,1,1,47.762928398703146,0,0,70,0,57.05360207149165,0.006846432248578999,0,0,3.9072511556438676,0,0,0,0,0,16.96426528567223,17,22,0,0
1,2015-01-01 00:00:00,22:49:00,1,0,0,70,129.60000000000002,3.473751208316901,0,0,56.78316883766854,11.613534102737923,17.30446540176162,0,55,1,1,1,1,46.72148709630579,0,0,70,0,56.78316883766854,0.006813980260520226,0,0,3.902475044282384,0,0,0,0,0,17.144554108220973,17,22,0,0
1,2015-01-01 00:00:00,22:50:00,1,0,0,70,129.60000000000002,3.4756389965345726,0,0,56.543301897357566,11.613363321148944,17.44542321528438,0,55,1,1,1,1,45.72090812710361,0,0,70,0,56.543301897357566,0.006785196227682908,0,0,3.8977641426171448,0,0,0,0,0,17.30446540176162,17,22,0,0
1,2015-01-01 00:00:00,22:51:00,1,0,0,70,129.60000000000002,3.477526784752244,0,0,56.33186517707343,11.613357442075149,17.568760415997286,0,55,1,1,1,1,44.75915693962677,0,0,70,0,56.33186517707343,0.006759823821248813,0,0,3.893125994218912,0,0,0,0,0,17.44542321528438,17,22,0,0
1,2015-01-01 00:00:00,22:52:00,1,0,0,70,129.60000000000002,3.4789145729699156,0,0,21749.999999999996,11.61349534753198,17.67572458959855,0,55,1,1,1,1,51.20853098936649,0,0,70,21693.853140623993,56.14685937600407,2.61,0,0,3.8885597894020796,0,0,0,0,0,17.568760415997286,17,22,0,0
1,2015-01-01 00:00:00,22:53:00,1,0,0,70,129.60000000000002,3.475302361187587,0,0,14565.31789745473,11.613753670751183,17.850895759076472,0,55,1,1,1,1,55,0,0,70,14509.331484339127,55.986413115602176,1.747838147694568,0,0,3.884059216364694,0,0,0,0,0,17.67572458959855,17,22,0,0
1,2015-01-01 00:00:00,22:54:00,1,0,0,70,129.60000000000002,3.471940149405259,0,0,55.723656361385295,11.614211251440745,18.05971820398772,0,55,1,1,1,1,53.736425025818924,0,0,70,0,55.723656361385295,0.006686838763366236,0,0,3.87956843533395,0,0,0,0,0,17.850895759076472,17,22,0,0
1,2015-01-01 00:00:00,22:55:00,1,0,0,70,129.60000000000002,3.4723279376229303,0,0,55.41042269401842,11.614909717816571,18.243980037672962,0,55,1,1,1,1,52.52293159650494,0,0,70,0,55.41042269401842,0.006649250723282212,0,0,3.8750900938138706,0,0,0,0,0,18.05971820398772,17,22,0,0
1,2015-01-01 00:00:00,22:56:00,1,0,0,70,129.60000000000002,3.471965725840602,0,0,55.13402994349056,11.615819568485925,18.40630144558458,0,55,1,1,1,1,51.356980863211334,0,0,70,0,55.13402994349056,0.006616083593218868,0,0,3.870665386016748,0,0,0,0,0,18.243980037672962,17,22,0,0
1,2015-01-01 00:00:00,22:57:00,1,0,0,70,129.60000000000002,3.4711035140582736,0,0,54.890547831623124,11.616914597917837,18.54821230736359,0,55,1,1,1,1,50.23620945444852,0,0,70,0,54.890547831623124,0.006586865739794776,0,0,3.866285451219254,0,0,0,0,0,18.40630144558458,17,22,0,0
1,2015-01-01 00:00:00,22:58:00,1,0,0,70,129.60000000000002,3.471991302275945,0,0,54.677681538954616,11.618172288395531,18.671162822944815,0,55,1,1,1,1,49.15838642223475,0,0,70,0,54.677681538954616,0.006561321784674555,0,0,3.86194428309638,0,0,0,0,0,18.54821230736359,17,22,0,0
1,2015-01-01 00:00:00,22:59:00,1,0,0,70,129.60000000000002,3.4731290904936167,0,0,54.493255765582774,11.619570599408783,18.776508834134574,0,55,1,1,1,1,48.12140602770108,0,0,70,0,54.493255765582774,0.006539190691869934,0,0,3.8576607360722734,0,0,0,0,0,18.671162822944815,17,22,0,0
1,2015-01-01 00:00:00,23:00:00,1,0,0,70,129.60000000000002,3.472016878711288,0,0,54.33523674879814,11.621087027955923,18.865516712051868,0,55,1,1,1,1,47.123280272817865,0,0,70,0,54.33523674879814,0.006520228409855777,0,0,3.8534369249985874,0,0,0,0,0,18.776508834134574,17,22,0,0
1,2015-01-01 00:00:00,23:01:00,1,0,0,70,129.60000000000002,3.4709046669289596,0,0,54.2017249319222,11.622702446787086,18.939374403209424,0,55,1,1,1,1,46.162131852383645,0,0,70,0,54.2017249319222,0.006504206991830665,0,0,3.849247397296572,0,0,0,0,0,18.865516712051868,17,22,0,0
1,2015-01-01 00:00:00,23:02:00,1,0,0,70,129.60000000000002,3.470542455146631,0,0,54.090938395185866,11.624399762555091,18.999194517958752,0,55,1,1,1,1,45.23618772145935,0,0,70,0,54.090938395185866,0.006490912607422305,0,0,3.8450917735555366,0,0,0,0,0,18.939374403209424,17,22,0,0
1,2015-01-01 00:00:00,23:03:00,1,0,0,70,129.60000000000002,3.4701802433643025,0,0,54.00120822306187,11.626162580202555,19.04601727876555,0,55,1,1,1,1,44.34377298664641,0,0,70,0,54.00120822306187,0.006480144986767426,0,0,3.840977940980392,0,0,0,0,0,18.999194517958752,17,22,0,0
1,2015-01-01 00:00:00,23:04:00,1,0,0,70,129.60000000000002,3.4805680315819743,0,0,53.93097408185167,11.627984658715887,19.080828604492773,0,55,1,1,1,1,43.48330510542597,0,0,70,0,53.93097408185167,0.006471716889822202,0,0,3.8369054366718025,0,0,0,0,0,19.04601727876555,17,22,0,0
1,2015-01-01 00:00:00,23:05:00,1,0,0,70,129.60000000000002,3.4892058197996456,0,0,53.878757093260845,11.629850539061849,19.104536243521476,0,55,1,1,1,1,42.65328889791124,0,0,70,0,53.878757093260845,0.0064654508511913025,0,0,3.83299220531642,0,0,0,0,0,19.080828604492773,17,22,0,0
1,2015-01-01 00:00:00,23:06:00,1,0,0,70,129.60000000000002,3.498593608017317,0,0,53.84319563471779,11.631747916684542,19.117992224410397,0,55,1,1,1,1,41.85231091646941,0,0,70,0,53.84319563471779,0.006461183476166135,0,0,3.829217187331264,0,0,0,0,0,19.104536243521476,17,22,0,0
1,2015-01-01 00:00:00,23:07:00,1,0,0,70,129.60000000000002,3.5077313962349885,0,0,53.823011663384406,11.633664667072788,19.12199200452702,0,55,1,1,1,1,41.07903477048101,0,0,70,0,53.823011663384406,0.00645876139960613,0,0,3.825587089946727,0,0,0,0,0,19.117992224410397,17,22,0,0
1,2015-01-01 00:00:00,23:08:00,1,0,0,70,129.60000000000002,3.51661918445266,0,0,53.81701199320947,11.63558960962508,19.117279189678676,0,55,1,1,1,1,40.33219658116285,0,0,70,0,53.81701199320947,0.006458041439185137,0,0,3.822097535955849,0,0,0,0,0,19.12199200452702,17,22,0,0
1,2015-01-01 00:00:00,23:09:00,1,0,0,70,129.60000000000002,3.5252569726703316,0,0,53.82408121548198,11.637512445816224,19.104548738192925,0,55,1,1,1,1,39.61060075152053,0,0,70,0,53.82408121548198,0.006458889745857839,0,0,3.8187441989867796,0,0,0,0,0,19.117279189678676,17,22,0,0
1,2015-01-01 00:00:00,23:10:00,1,0,0,70,129.60000000000002,3.533894760888003,0,0,53.843176892710616,11.639423908601524,19.084450284493947,0,55,1,1,1,1,38.91311598916245,0,0,70,0,53.843176892710616,0.006461181227125275,0,0,3.815522802823987,0,0,0,0,0,19.104548738192925,17,22,0,0
1,2015-01-01 00:00:00,23:11:00,1,0,0,70,129.60000000000002,3.5422825491056744,0,0,53.87332457325908,11.64131529313836,19.057590377863995,0,55,1,1,1,1,38.23867157743903,0,0,70,0,53.87332457325908,0.006464798948791091,0,0,3.812431870760122,0,0,0,0,0,19.084450284493947,17,22,0,0
1,2015-01-01 00:00:00,23:12:00,1,0,0,70,129.60000000000002,3.550420337323346,0,0,53.913614433204,11.643178613257694,19.024535462753274,0,55,1,1,1,1,37.586253849562326,0,0,70,0,53.913614433204,0.0064696337319844815,0,0,3.809467193653645,0,0,0,0,0,19.057590377863995,17,22,0,0
1,2015-01-01 00:00:00,23:13:00,1,0,0,70,129.60000000000002,3.5585581255410177,0,0,53.96319680587009,11.645006761071102,18.985814673748994,0,55,1,1,1,1,36.954902884024605,0,0,70,0,53.96319680587009,0.0064755836167044115,0,0,3.8066246109571495,0,0,0,0,0,19.024535462753274,17,22,0,0
1,2015-01-01 00:00:00,23:14:00,1,0,0,70,129.60000000000002,3.566945913758689,0,0,54.02127798937651,11.646793462083098,18.941922174886546,0,55,1,1,1,1,36.34370940748462,0,0,70,0,54.02127798937651,0.006482553358725182,0,0,3.803902758614987,0,0,0,0,0,18.985814673748994,17,22,0,0
1,2015-01-01 00:00:00,23:15:00,1,0,0,70,129.60000000000002,3.574333701976361,0,0,54.08711673767018,11.648531988639398,18.893317584697815,0,55,1,1,1,1,35.751811882566315,0,0,70,0,54.08711673767018,0.006490454008520422,0,0,3.801303036325229,0,0,0,0,0,18.941922174886546,17,22,0,0
1,2015-01-01 00:00:00,23:16:00,1,0,0,70,129.60000000000002,3.5822214901940326,0,0,54.160023622953275,11.650217402386904,18.840431364257444,0,55,1,1,1,1,35.17839370916943,0,0,70,0,54.160023622953275,0.006499202834754394,0,0,3.798813089757034,0,0,0,0,0,18.893317584697815,17,22,0,0
1,2015-01-01 00:00:00,23:17:00,1,0,0,70,129.60000000000002,3.590359278411704,0,0,54.23935295361383,11.651845065135815,18.783664595493747,0,55,1,1,1,1,34.622680704240445,0,0,70,0,54.23935295361383,0.006508722354433661,0,0,3.7964371893502236,0,0,0,0,0,18.840431364257444,17,22,0,0
1,2015-01-01 00:00:00,23:18:00,1,0,0,70,129.60000000000002,3.5987470666293757,0,0,54.32450310675938,11.653410811700521,18.723391144249558,0,55,1,1,1,1,34.08393865972525,0,0,70,0,54.32450310675938,0.0065189403728111266,0,0,3.7941768098061126,0,0,0,0,0,18.783664595493747,17,22,0,0
1,2015-01-01 00:00:00,23:19:00,1,0,0,70,129.60000000000002,3.607384854847047,0,0,54.414913283625665,11.654910917488785,18.659959367794926,0,55,1,1,1,1,33.561471057158045,0,0,70,0,54.414913283625665,0.006529789594035081,0,0,3.7920334088705467,0,0,0,0,0,18.723391144249558,17,22,0,0
1,2015-01-01 00:00:00,23:20:00,1,0,0,70,129.60000000000002,3.6160226430647184,0,0,54.51006094830761,11.656341860720067,18.59369342667925,0,55,1,1,1,1,33.05461691806406,0,0,70,0,54.51006094830761,0.006541207313796914,0,0,3.7900084275215655,0,0,0,0,0,18.659959367794926,17,22,0,0
1,2015-01-01 00:00:00,23:21:00,1,0,0,70,129.60000000000002,3.62466043128239,0,0,54.60945985998113,11.657700501452476,18.524895100707106,0,55,1,1,1,1,32.562748772098594,0,0,70,0,54.60945985998113,0.006553135183197736,0,0,3.7881005448913996,0,0,0,0,0,18.59369342667925,17,22,0,0
1,2015-01-01 00:00:00,23:22:00,1,0,0,70,129.60000000000002,3.6337982195000613,0,0,54.712657348939345,11.658984469763801,18.45384579123736,0,55,1,1,1,1,32.08527075606487,0,0,70,0,54.712657348939345,0.006565518881872722,0,0,3.7863084552822834,0,0,0,0,0,18.524895100707106,17,22,0,0
1,2015-01-01 00:00:00,23:23:00,1,0,0,70,129.60000000000002,3.643686007717733,0,0,54.81923131314396,11.660191933247843,18.380807531042564,0,55,1,1,1,1,31.62161684569659,0,0,70,0,54.81923131314396,0.0065783077575772755,0,0,3.784636356650137,0,0,0,0,0,18.45384579123736,17,22,0,0
1,2015-01-01 00:00:00,23:24:00,1,0,0,70,129.60000000000002,3.6528237959354044,0,0,54.928788703436155,11.661320121681962,18.30602215898364,0,55,1,1,1,1,31.171249181932847,0,0,70,0,54.928788703436155,0.0065914546444123395,0,0,3.783091142474391,0,0,0,0,0,18.380807531042564,17,22,0,0
1,2015-01-01 00:00:00,23:25:00,1,0,0,70,129.60000000000002,3.661711584153076,0,0,55.04096676152454,11.662366964815979,18.22971493071856,0,55,1,1,1,1,30.73365642605022,0,0,70,0,55.04096676152454,0.0066049160113829455,0,0,3.781663166884539,0,0,0,0,0,18.30602215898364,17,22,0,0
1,2015-01-01 00:00:00,23:26:00,1,0,0,70,129.60000000000002,3.6705993723707477,0,0,55.155427603922156,11.663330864396258,18.152095266365162,0,55,1,1,1,1,30.308352293555945,0,0,70,0,55.155427603922156,0.006618651312470659,0,0,3.780348380593222,0,0,0,0,0,18.22971493071856,17,22,0,0
1,2015-01-01 00:00:00,23:27:00,1,0,0,70,129.60000000000002,3.6794871605884194,0,0,55.27185710045226,11.66421046750712,18.07335748301213,0,55,1,1,1,1,29.894874163379388,0,0,70,0,55.27185710045226,0.006632622852054272,0,0,3.7791455231800644,0,0,0,0,0,18.152095266365162,17,22,0,0
1,2015-01-01 00:00:00,23:28:00,1,0,0,70,129.60000000000002,3.688374948806091,0,0,55.3899637754818,11.665004648619153,17.99368176564424,0,55,1,1,1,1,29.492781759285265,0,0,70,0,55.3899637754818,0.0066467956530578175,0,0,3.778053348659802,0,0,0,0,0,18.07335748301213,17,22,0,0
1,2015-01-01 00:00:00,23:29:00,1,0,0,70,129.60000000000002,3.6970127370237624,0,0,55.50947735153364,11.66571228538619,17.91323477757297,0,55,1,1,1,1,29.10165590916142,0,0,70,0,55.50947735153364,0.0066611372821840376,0,0,3.777070625308334,0,0,0,0,0,17.99368176564424,17,22,0,0
1,2015-01-01 00:00:00,23:30:00,1,0,0,70,129.60000000000002,3.705650525241434,0,0,55.63014783364054,11.666332657822572,17.83217111388038,0,55,1,1,1,1,28.721097367270655,0,0,70,0,55.63014783364054,0.006675617740036866,0,0,3.7761933943676183,0,0,0,0,0,17.91323477757297,17,22,0,0
1,2015-01-01 00:00:00,23:31:00,1,0,0,70,129.60000000000002,3.7140383134591053,0,0,55.751743329179426,11.666865018729489,17.750633490621667,0,55,1,1,1,1,28.350725725998878,0,0,70,0,55.751743329179426,0.0066902091995015315,0,0,3.7754204830232494,0,0,0,0,0,17.83217111388038,17,22,0,0
1,2015-01-01 00:00:00,23:32:00,1,0,0,70,129.60000000000002,3.722426101676777,0,0,55.8740497640675,11.667308994832085,17.66875410129135,0,55,1,1,1,1,27.990178371054075,0,0,70,0,55.8740497640675,0.0067048859716881005,0,0,3.774747991546986,0,0,0,0,0,17.750633490621667,17,22,0,0
1,2015-01-01 00:00:00,23:33:00,1,0,0,70,129.60000000000002,3.7290638898944484,0,0,55.996868848062974,11.667662914591336,17.586652934805212,0,55,1,1,1,1,27.63910951834106,0,0,70,0,55.996868848062974,0.006719624261767558,0,0,3.774174804579084,0,0,0,0,0,17.66875410129135,17,22,0,0
1,2015-01-01 00:00:00,23:34:00,1,0,0,70,129.60000000000002,3.73620167811212,0,0,56.120020597792184,11.667927115224995,17.5044432524811,0,55,1,1,1,1,27.297189226384056,0,0,70,0,56.120020597792184,0.006734402471735063,0,0,3.7736806426137957,0,0,0,0,0,17.586652934805212,17,22,0,0
1,2015-01-01 00:00:00,23:35:00,1,0,0,70,129.60000000000002,3.7428394663297917,0,0,56.24333512127835,11.668101234612449,17.42222821923064,0,55,1,1,1,1,26.964102628632254,0,0,70,0,56.24333512127835,0.006749200214553402,0,0,3.7732701091249643,0,0,0,0,0,17.5044432524811,17,22,0,0
1,2015-01-01 00:00:00,23:36:00,1,0,0,70,129.60000000000002,3.748977254547463,0,0,56.366657671154044,11.668185030647434,17.340102757857075,0,55,1,1,1,1,26.639549077292063,0,0,70,0,56.366657671154044,0.006763998920538486,0,0,3.7729367997758225,0,0,0,0,0,17.42222821923064,17,22,0,0
1,2015-01-01 00:00:00,23:37:00,1,0,0,70,129.60000000000002,3.755365042765135,0,0,56.489845863214384,11.668178993698035,17.258154958439547,0,55,1,1,1,1,26.323241379352098,0,0,70,0,56.489845863214384,0.006778781503585727,0,0,3.7726743825626414,0,0,0,0,0,17.340102757857075,17,22,0,0
1,2015-01-01 00:00:00,23:38:00,1,0,0,70,129.60000000000002,3.7625028309828066,0,0,56.61276756234068,11.668084129841228,17.176466257354953,0,55,1,1,1,1,26.01490510653194,0,0,70,0,56.61276756234068,0.006793532107480882,0,0,3.7724848119542194,0,0,0,0,0,17.258154958439547,17,22,0,0
1,2015-01-01 00:00:00,23:39:00,1,0,0,70,129.60000000000002,3.7671406192004784,0,0,56.73530061396757,11.667898840998948,17.095107469237256,0,55,1,1,1,1,25.714277934791227,0,0,70,0,56.73530061396757,0.006808236073676109,0,0,3.7723754964855325,0,0,0,0,0,17.176466257354953,17,22,0,0
1,2015-01-01 00:00:00,23:40:00,1,0,0,70,129.60000000000002,3.77327840741815,0,0,56.85733879614412,11.66762493270912,17.014147973814804,0,55,1,1,1,1,25.42110887133701,0,0,70,0,56.85733879614412,0.006822880655537295,0,0,3.772318170069379,0,0,0,0,0,17.095107469237256,17,22,0,0
1,2015-01-01 00:00:00,23:41:00,1,0,0,70,129.60000000000002,3.7796661956358215,0,0,56.97877803927779,11.66726325010286,16.93364967179561,0,55,1,1,1,1,25.13515782040088,0,0,70,0,56.97877803927779,0.006837453364713336,0,0,3.7723286849711544,0,0,0,0,0,17.014147973814804,17,22,0,0
1,2015-01-01 00:00:00,23:42:00,1,0,0,70,129.60000000000002,3.785803983853493,0,0,57.09952549230658,11.66681429339257,16.85366840599871,0,55,1,1,1,1,24.856194958203425,0,0,70,0,57.09952549230658,0.00685194305907679,0,0,3.772409028901485,0,0,0,0,0,16.93364967179561,17,22,0,0
1,2015-01-01 00:00:00,23:43:00,1,0,0,70,129.60000000000002,3.7919417720711643,0,0,57.21949739100194,11.666278833781032,16.77425521479514,0,55,1,1,1,1,24.584000177516188,0,0,70,0,57.21949739100194,0.006866339686920233,0,0,3.7725556931980995,0,0,0,0,0,16.85366840599871,17,22,0,0
1,2015-01-01 00:00:00,23:44:00,1,0,0,70,129.60000000000002,3.797829560288836,0,0,57.33861717780729,11.665657492548144,16.695456064787155,0,55,1,1,1,1,24.318362593750166,0,0,70,0,57.33861717780729,0.006880634061336876,0,0,3.772767945383895,0,0,0,0,0,16.77425521479514,17,22,0,0
1,2015-01-01 00:00:00,23:45:00,1,0,0,70,129.60000000000002,3.8032173485065073,0,0,57.456815902819265,11.664950735483908,16.617312191290274,0,55,1,1,1,1,24.059080058751423,0,0,70,0,57.456815902819265,0.006894817908338313,0,0,3.773042324719817,0,0,0,0,0,16.695456064787155,17,22,0,0
1,2015-01-01 00:00:00,23:46:00,1,0,0,70,129.60000000000002,3.807355136724179,0,0,57.574031713064585,11.66415845290676,16.539859816047713,0,55,1,1,1,1,23.80595870271533,0,0,70,0,57.574031713064585,0.006908883805567751,0,0,3.7733726730277843,0,0,0,0,0,16.617312191290274,17,22,0,0
1,2015-01-01 00:00:00,23:47:00,1,0,0,70,129.60000000000002,3.8112429249418507,0,0,57.69021027592843,11.66328140687698,16.463132531269835,0,55,1,1,1,1,23.558812482080377,0,0,70,0,57.69021027592843,0.006922825233111413,0,0,3.773744692790386,0,0,0,0,0,16.539859816047713,17,22,0,0
1,2015-01-01 00:00:00,23:48:00,1,0,0,70,129.60000000000002,3.8161307131595223,0,0,57.80530120309525,11.66232143383447,16.38716179995088,0,55,1,1,1,1,23.317462823889542,0,0,70,0,57.80530120309525,0.00693663614437143,0,0,3.774155189468426,0,0,0,0,0,16.463132531269835,17,22,0,0
1,2015-01-01 00:00:00,23:49:00,1,0,0,70,129.60000000000002,3.8215185013771937,0,0,57.91925730007368,11.661279988134908,16.3119750976063,0,55,1,1,1,1,23.08173829926578,0,0,70,0,57.91925730007368,0.006950310876008842,0,0,3.774614682910018,0,0,0,0,0,16.38716179995088,17,22,0,0
1,2015-01-01 00:00:00,23:50:00,1,0,0,70,129.60000000000002,3.8241562895948653,0,0,58.03203735359055,11.660155856690784,16.237592940367808,0,55,1,1,1,1,22.851474244787568,0,0,70,0,58.03203735359055,0.006963844482430867,0,0,3.7751281045345655,0,0,0,0,0,16.3119750976063,17,22,0,0
1,2015-01-01 00:00:00,23:51:00,1,0,0,70,129.60000000000002,3.827294077812537,0,0,58.143610589448286,11.658950548873966,16.164036934988925,0,55,1,1,1,1,22.626512295657644,0,0,70,0,58.143610589448286,0.006977233270733795,0,0,3.7756647708565096,0,0,0,0,0,16.237592940367808,17,22,0,0
1,2015-01-01 00:00:00,23:52:00,1,0,0,70,129.60000000000002,3.8301818660302085,0,0,58.253944597516615,11.657664973814637,16.09132503348317,0,55,1,1,1,1,22.406700208560068,0,0,70,0,58.253944597516615,0.0069904733517019944,0,0,3.7762298974213975,0,0,0,0,0,16.164036934988925,17,22,0,0
1,2015-01-01 00:00:00,23:53:00,1,0,0,70,129.60000000000002,3.83256965424788,0,0,58.36301244977525,11.656299852186628,16.019472417774654,0,55,1,1,1,1,22.191891529135685,0,0,70,0,58.36301244977525,0.00700356149397303,0,0,3.7768204364410085,0,0,0,0,0,16.09132503348317,17,22,0,0
1,2015-01-01 00:00:00,23:54:00,1,0,0,70,129.60000000000002,3.835707442465552,0,0,58.47079137333802,11.654856957836767,15.948493449980562,0,55,1,1,1,1,21.981945300858097,0,0,70,0,58.47079137333802,0.007016494964800563,0,0,3.7774306386765795,0,0,0,0,0,16.019472417774654,17,22,0,0
1,2015-01-01 00:00:00,23:55:00,1,0,0,70,129.60000000000002,3.8388452306832237,0,0,58.57725982502916,11.653337455467588,15.878399411627349,0,55,1,1,1,1,21.776725850147976,0,0,70,0,58.57725982502916,0.0070292711790035,0,0,3.7780684935810447,0,0,0,0,0,15.948493449980562,17,22,0,0
1,2015-01-01 00:00:00,23:56:00,1,0,0,70,129.60000000000002,3.8419830189008954,0,0,58.68240088255898,11.651742520513974,15.809199609231849,0,55,1,1,1,1,21.576102501898976,0,0,70,0,58.68240088255898,0.007041888105907079,0,0,3.7787336975165626,0,0,0,0,0,15.878399411627349,17,22,0,0
1,2015-01-01 00:00:00,23:57:00,1,0,0,70,129.60000000000002,3.843370807118567,0,0,58.786200586152226,11.650071884970037,15.740899435264838,0,55,1,1,1,1,21.379949342284448,0,0,70,0,58.786200586152226,0.007054344070338268,0,0,3.7794259502034278,0,0,0,0,0,15.809199609231849,17,22,0,0
1,2015-01-01 00:00:00,23:58:00,1,0,0,70,129.60000000000002,3.8415085953362382,0,0,58.888650847102745,11.648324043139471,15.67350088161295,0,55,1,1,1,1,21.18814492367834,0,0,70,0,58.888650847102745,0.00706663810165233,0,0,3.780125811483224,0,0,0,0,0,15.740899435264838,17,22,0,0
1,2015-01-01 00:00:00,23:59:00,1,0,0,70,129.60000000000002,3.83914638355391,0,0,58.98974867758057,11.646499776126449,15.607007729135118,0,55,1,1,1,1,21.000571997077476,0,0,70,0,58.98974867758057,0.00707876984130967,0,0,3.7807976453462113,0,0,0,0,0,15.67350088161295,17,22,0,0
2,2015-01-01 00:00:00,00:00:00,2,0,0,60,215.60000000000002,3.83914638355391,0,0,0,17.181605281098367,19.55104692747194,0,60.288237849764926,0,1,0,0,19.65647546481341,0,0,60,0,0,0,0,0,3.83914638355391,0,0,0,0,0,19.65647546481341,17,22,0,0
2,2015-01-01 00:00:00,00:01:00,2,0,0,60,215.60000000000002,3.8317841717715817,0,0,0,17.16845278494976,19.450988824247485,0,60.2812543313211,0,1,0,0,19.65288946014193,0,0,60,0,0,0,0,0,0,0,0,0,0,0,19.55104692747194,17,22,0,0
2,2015-01-01 00:00:00,00:02:00,2,0,0,60,215.60000000000002,3.8246719599892534,0,0,0,17.155221923380616,19.354275388865222,0,60.274254857234176,0,1,0,0,19.646022091574093,0,0,60,0,0,0,0,0,0,0,0,0,0,0,19.450988824247485,17,22,0,0
2,2015-01-01 00:00:00,00:03:00,2,0,0,60,215.60000000000002,3.817559748206925,0,0,0,17.141916149792515,19.260772123990147,0,60.26724000361103,0,1,0,0,19.636098734339097,0,0,60,0,0,0,0,0,0,0,0,0,0,0,19.354275388865222,17,22,0,0
2,2015-01-01 00:00:00,00:04:00,2,0,0,60,215.60000000000002,3.8111975364245967,0,0,0,17.128539647747953,19.1703252167615,0,60.26021032340309,0,1,0,0,19.62333252310274,0,0,60,0,0,0,0,0,0,0,0,0,0,0,19.260772123990147,17,22,0,0
2,2015-01-01 00:00:00,00:05:00,2,0,0,60,215.60000000000002,3.8050853246422682,0,0,0,17.11509586096922,19.082787435440014,0,60.253166343099096,0,1,0,0,19.607924111322426,0,0,60,0,0,0,0,0,0,0,0,0,0,0,19.1703252167615,17,22,0,0
2,2015-01-01 00:00:00,00:06:00,2,0,0,60,215.60000000000002,3.80847311285994,0,0,0,17.101598807199736,18.998059340231784,0,60.24610856385778,0,1,0,0,19.590062319625744,0,0,60,0,0,0,0,0,0,0,0,0,0,0,19.082787435440014,17,22,0,0
2,2015-01-01 00:00:00,00:07:00,2,0,0,60,215.60000000000002,3.8118609010776114,0,0,0,17.08805136055691,18.91600605709775,0,60.23903746970516,0,1,0,0,19.569926163864046,0,0,60,0,0,0,0,0,0,0,0,0,0,0,18.998059340231784,17,22,0,0
2,2015-01-01 00:00:00,00:08:00,2,0,0,60,215.60000000000002,3.817248689295283,0,0,0,17.074458575652848,18.836509183646854,0,60.231953521463,0,1,0,0,19.547683983361793,0,0,60,0,0,0,0,0,0,0,0,0,0,0,18.91600605709775,17,22,0,0
2,2015-01-01 00:00:00,00:09:00,2,0,0,60,215.60000000000002,3.8203864775129546,0,0,0,17.060820451789155,18.75943830515308,0,60.224857159576516,0,1,0,0,19.52349436432387,0,0,60,0,0,0,0,0,0,0,0,0,0,0,18.836509183646854,17,22,0,0
2,2015-01-01 00:00:00,00:10:00,2,0,0,60,215.60000000000002,3.8130242657306264,0,0,0,17.047127293703074,18.684634435632933,0,60.217748802058615,0,1,0,0,19.49750606299153,0,0,60,0,0,0,0,0,0,0,0,0,0,0,18.75943830515308,17,22,0,0
2,2015-01-01 00:00:00,00:11:00,2,0,0,60,215.60000000000002,3.805662053948298,0,0,0,17.033381446211887,18.61199188408886,0,60.2106288395958,0,1,0,0,19.469857368183416,0,0,60,0,0,0,0,0,0,0,0,0,0,0,18.684634435632933,17,22,0,0
2,2015-01-01 00:00:00,00:12:00,2,0,0,60,215.60000000000002,3.79829984216597,0,0,0,17.01958514528761,18.541409786356418,0,60.20349764468914,0,1,0,0,19.440678270084963,0,0,60,0,0,0,0,0,0,0,0,0,0,0,18.61199188408886,17,22,0,0
2,2015-01-01 00:00:00,00:13:00,2,0,0,60,215.60000000000002,3.7909376303836417,0,0,0,17.00574052303164,18.4727926005585,0,60.196355572484855,0,0,0,0,19.410090906692837,0,0,60,0,0,0,0,0,0,0,0,0,0,0,18.541409786356418,17,22,0,0
2,2015-01-01 00:00:00,00:14:00,2,0,0,60,215.60000000000002,3.7835754186013135,0,0,0,16.991849613125456,18.40604980282964,0,60.189202961689666,0,0,0,0,19.378210011926363,0,0,60,0,0,0,0,0,0,0,0,0,0,0,18.4727926005585,17,22,0,0
2,2015-01-01 00:00:00,00:15:00,2,0,0,60,215.60000000000002,3.7762132068189853,0,0,0,16.977914355970743,18.34109561280414,0,60.18204013543386,0,0,0,0,19.34514333814756,0,0,60,0,0,0,0,0,0,0,0,0,0,0,18.40604980282964,17,22,0,0
2,2015-01-01 00:00:00,00:16:00,2,0,0,60,215.60000000000002,3.768850995036657,0,0,0,16.963936603548845,18.277848734111327,0,60.17486740208712,0,0,0,0,19.310992054972616,0,0,60,0,0,0,0,0,0,0,0,0,0,0,18.34109561280414,17,22,0,0
2,2015-01-01 00:00:00,00:17:00,2,0,0,60,215.60000000000002,3.761488783254329,0,0,0,16.949918124014896,18.21623210926118,0,60.167685056029754,0,0,0,0,19.27585112569162,0,0,60,0,0,0,0,0,0,0,0,0,0,0,18.277848734111327,17,22,0,0
2,2015-01-01 00:00:00,00:18:00,2,0,0,60,215.60000000000002,3.7541265714720007,0,0,0,16.93586060604132,18.15617268811573,0,60.16049337838174,0,0,0,0,19.239809662547728,0,0,60,0,0,0,0,0,0,0,0,0,0,0,18.21623210926118,17,22,0,0
2,2015-01-01 00:00:00,00:19:00,2,0,0,60,215.60000000000002,3.7467643596896725,0,0,0,16.9217656629246,18.09760120919015,0,60.153292637691976,0,0,0,0,19.202951262056843,0,0,60,0,0,0,0,0,0,0,0,0,0,0,18.15617268811573,17,22,0,0
2,2015-01-01 00:00:00,00:20:00,2,0,0,60,215.60000000000002,3.7394021479073443,0,0,0,16.90763483646841,18.040451993069514,0,60.14608309058995,0,0,0,0,19.165354321483147,0,0,60,0,0,0,0,0,0,0,0,0,0,0,18.09760120919015,17,22,0,0
2,2015-01-01 00:00:00,00:21:00,2,0,0,60,215.60000000000002,3.732039936125016,0,0,0,16.893469600655518,17.984662747267077,0,60.1388649824018,0,0,0,0,19.1270923375235,0,0,60,0,0,0,0,0,0,0,0,0,0,0,18.040451993069514,17,22,0,0
2,2015-01-01 00:00:00,00:22:00,2,0,0,60,215.60000000000002,3.724677724342688,0,0,0,16.879271365120093,17.930174381887344,0,60.13163854773292,0,0,0,0,19.08823418819505,0,0,60,0,0,0,0,0,0,0,0,0,0,0,17.984662747267077,17,22,0,0
2,2015-01-01 00:00:00,00:23:00,2,0,0,60,215.60000000000002,3.7173155125603596,0,0,0,16.865041478431532,17.87693083549282,0,60.124404011018775,0,0,0,0,19.048844398864855,0,0,60,0,0,0,0,0,0,0,0,0,0,0,17.930174381887344,17,22,0,0
2,2015-01-01 00:00:00,00:24:00,2,0,0,60,215.60000000000002,3.7099533007780314,0,0,0,16.850781231200187,17.824878910606742,0,60.11716158704583,0,0,0,0,19.008983393307982,0,0,60,0,0,0,0,0,0,0,0,0,0,0,17.87693083549282,17,22,0,0
2,2015-01-01 00:00:00,00:25:00,2,0,0,60,215.60000000000002,3.702591088995703,0,0,0,16.83649185901484,17.773968118315732,0,60.10991148144415,0,0,0,0,18.96870773063107,0,0,60,0,0,0,0,0,0,0,0,0,0,0,17.824878910606742,17,22,0,0
2,2015-01-01 00:00:00,00:26:00,2,0,0,60,215.60000000000002,3.695228877213375,0,0,0,16.822174545221237,17.724150531466254,0,60.10265389115333,0,0,0,0,18.928070328851636,0,0,60,0,0,0,0,0,0,0,0,0,0,0,17.773968118315732,17,22,0,0
2,2015-01-01 00:00:00,00:27:00,2,0,0,60,215.60000000000002,3.687866665431047,0,0,0,16.807830423550495,17.6753806459768,0,60.0953890048631,0,0,0,0,18.887120675879345,0,0,60,0,0,0,0,0,0,0,0,0,0,0,17.724150531466254,17,22,0,0
2,2015-01-01 00:00:00,00:28:00,2,0,0,60,215.60000000000002,3.6805044536487186,0,0,0,16.793460580605586,17.627615249814564,0,60.08811700343015,0,0,0,0,18.84590502860375,0,0,60,0,0,0,0,0,0,0,0,0,0,0,17.6753806459768,17,22,0,0
2,2015-01-01 00:00:00,00:29:00,2,0,0,60,215.60000000000002,3.6731422418663904,0,0,0,16.779066058213832,17.58081329921031,0,60.080838060272384,0,0,0,0,18.804466600753777,0,0,60,0,0,0,0,0,0,0,0,0,0,0,17.627615249814564,17,22,0,0
2,2015-01-01 00:00:00,00:30:00,2,0,0,60,215.60000000000002,3.666780030084062,0,0,0,16.764649015223192,17.534940113404048,0,60.073552341741916,0,0,0,0,18.76284574015706,0,0,60,0,0,0,0,0,0,0,0,0,0,0,17.58081329921031,17,22,0,0
2,2015-01-01 00:00:00,00:31:00,2,0,0,60,215.60000000000002,3.671417818301734,0,0,0,16.750223167494315,17.49000586201433,0,60.06626000821706,0,0,0,0,18.721080242648455,0,0,60,0,0,0,0,0,0,0,0,0,0,0,17.534940113404048,17,22,0,0
2,2015-01-01 00:00:00,00:32:00,2,0,0,60,215.60000000000002,3.6760556065194057,0,0,0,16.73578945622484,17.4459729233193,0,60.058961221791996,0,0,0,0,18.679206964395593,0,0,60,0,0,0,0,0,0,0,0,0,0,0,17.49000586201433,17,22,0,0
2,2015-01-01 00:00:00,00:33:00,2,0,0,60,215.60000000000002,3.6791933947370774,0,0,0,16.72134704428402,17.402799855021875,0,60.051656138083686,0,0,0,0,18.637260228304562,0,0,60,0,0,0,0,0,0,0,0,0,0,0,17.4459729233193,17,22,0,0
2,2015-01-01 00:00:00,00:34:00,2,0,0,60,215.60000000000002,3.680081182954749,0,0,0,16.706894185946517,17.360443998158882,0,60.044344905578015,0,0,0,0,18.595271780233723,0,0,60,0,0,0,0,0,0,0,0,0,0,0,17.402799855021875,17,22,0,0
2,2015-01-01 00:00:00,00:35:00,2,0,0,60,215.60000000000002,3.6804689711724206,0,0,0,16.69243112656947,17.31887221053725,0,60.03702766542246,0,0,0,0,18.55327083526519,0,0,60,0,0,0,0,0,0,0,0,0,0,0,17.360443998158882,17,22,0,0
2,2015-01-01 00:00:00,00:36:00,2,0,0,60,215.60000000000002,3.6811067593900924,0,0,0,16.677958948105918,17.278056035606213,0,60.029704553058764,0,0,0,0,18.51128448748533,0,0,60,0,0,0,0,0,0,0,0,0,0,0,17.31887221053725,17,22,0,0
2,2015-01-01 00:00:00,00:37:00,2,0,0,60,215.60000000000002,3.681494547607764,0,0,0,16.66347812245266,17.237966206123673,0,60.0223756990272,0,0,0,0,18.469337941503046,0,0,60,0,0,0,0,0,0,0,0,0,0,0,17.278056035606213,17,22,0,0
2,2015-01-01 00:00:00,00:38:00,2,0,0,60,215.60000000000002,3.6811323358254353,0,0,0,16.64898851196057,17.198572727639593,0,60.015041228828416,0,0,0,0,18.427454549143203,0,0,60,0,0,0,0,0,0,0,0,0,0,0,17.237966206123673,17,22,0,0
2,2015-01-01 00:00:00,00:39:00,2,0,0,60,215.60000000000002,3.6800201240431067,0,0,0,16.634489949811062,17.159847025499122,0,60.00770126279964,0,0,0,0,18.385655847731517,0,0,60,0,0,0,0,0,0,0,0,0,0,0,17.198572727639593,17,22,0,0
2,2015-01-01 00:00:00,00:40:00,2,0,0,60,215.60000000000002,3.6784079122607785,0,0,0,16.61998253136586,17.121762912507307,0,60.00035591635896,0,0,0,0,18.343961670104566,0,0,60,0,0,0,0,0,0,0,0,0,0,0,17.159847025499122,17,22,0,0
2,2015-01-01 00:00:00,00:41:00,2,0,0,60,215.60000000000002,3.6710457004784502,0,0,0,16.605460238313242,17.084272754253337,0,59.99300530041545,0,0,0,0,18.302390283791734,0,0,60,0,0,0,0,0,0,0,0,0,0,0,17.121762912507307,17,22,0,0
2,2015-01-01 00:00:00,00:42:00,2,0,0,60,215.60000000000002,3.663683488696122,0,0,0,16.590923685969685,17.047355941768767,0,59.98564951769325,0,0,0,0,18.260957714759815,0,0,60,0,0,0,0,0,0,0,0,0,0,0,17.084272754253337,17,22,0,0
2,2015-01-01 00:00:00,00:43:00,2,0,0,60,215.60000000000002,3.656321276913794,0,0,0,16.57637346808902,17.010992414760914,0,59.978288667365945,0,1,0,0,18.21967874288937,0,0,60,0,0,0,0,0,0,0,0,0,0,0,17.047355941768767,17,22,0,0
2,2015-01-01 00:00:00,00:44:00,2,0,0,60,215.60000000000002,3.6489590651314656,0,0,0,16.561810157447592,16.975163050890647,0,59.970922845151215,0,1,0,0,18.178566963021055,0,0,60,0,0,0,0,0,0,0,0,0,0,0,17.010992414760914,17,22,0,0
2,2015-01-01 00:00:00,00:45:00,2,0,0,60,215.60000000000002,3.6415968533491374,0,0,0,16.54723430681056,16.939849609582893,0,59.9635521434722,0,1,0,0,18.13763485716628,0,0,60,0,0,0,0,0,0,0,0,0,0,0,16.975163050890647,17,22,0,0
2,2015-01-01 00:00:00,00:46:00,2,0,0,60,215.60000000000002,3.634234641566809,0,0,0,16.532646449840946,16.905034685990778,0,59.95617665160925,0,1,0,0,18.09689386235052,0,0,60,0,0,0,0,0,0,0,0,0,0,0,16.939849609582893,17,22,0,0
2,2015-01-01 00:00:00,00:47:00,2,0,0,60,215.60000000000002,3.626872429784481,0,0,0,16.51804710196151,16.870701667359096,0,59.94879645584371,0,1,0,0,18.05635443458318,0,0,60,0,0,0,0,0,0,0,0,0,0,0,16.905034685990778,17,22,0,0
2,2015-01-01 00:00:00,00:48:00,2,0,0,60,215.60000000000002,3.619510218002153,0,0,0,16.503436761171898,16.836834691774122,0,59.94141163959426,0,1,0,0,18.016026109167395,0,0,60,0,0,0,0,0,0,0,0,0,0,0,16.870701667359096,17,22,0,0
2,2015-01-01 00:00:00,00:49:00,2,0,0,60,215.60000000000002,3.6121480062198246,0,0,0,16.488815908823536,16.803418609165522,0,59.93402228354606,0,1,0,0,17.97591755755538,0,0,60,0,0,0,0,0,0,0,0,0,0,0,16.836834691774122,17,22,0,0
2,2015-01-01 00:00:00,00:50:00,2,0,0,60,215.60000000000002,3.6047857944374964,0,0,0,16.47418501035456,16.770438944435604,0,59.926628465773305,0,1,0,0,17.93603664094348,0,0,60,0,0,0,0,0,0,0,0,0,0,0,16.803418609165522,17,22,0,0
2,2015-01-01 00:00:00,00:51:00,2,0,0,60,215.60000000000002,3.597423582655168,0,0,0,16.459544515986927,16.73788186259807,0,59.91923026185536,0,1,0,0,17.89639046079015,0,0,60,0,0,0,0,0,0,0,0,0,0,0,16.770438944435604,17,22,0,0
2,2015-01-01 00:00:00,00:52:00,2,0,0,60,215.60000000000002,3.59006137087284,0,0,0,16.444894861387816,16.70573413581501,0,59.911827744986915,0,1,0,0,17.856985406429875,0,0,60,0,0,0,0,0,0,0,0,0,0,0,16.73788186259807,17,22,0,0
2,2015-01-01 00:00:00,00:53:00,2,0,0,60,215.60000000000002,3.5886991590905115,0,0,0,16.43024342571991,16.674008982397083,0,59.904420986082485,0,1,0,0,17.817827199946375,0,0,60,0,0,0,0,0,0,0,0,0,0,0,16.70573413581501,17,22,0,0
2,2015-01-01 00:00:00,00:54:00,2,0,0,60,215.60000000000002,3.5878369473081833,0,0,0,16.415591207687704,16.64269520848193,0,59.89701005831042,0,1,0,0,17.77892181839708,0,0,60,0,0,0,0,0,0,0,0,0,0,0,16.674008982397083,17,22,0,0
2,2015-01-01 00:00:00,00:55:00,2,0,0,60,215.60000000000002,3.5874747355258547,0,0,0,16.40093919286056,16.611782528305767,0,59.88959503290759,0,1,0,0,17.740274654794526,0,0,60,0,0,0,0,0,0,0,0,0,0,0,16.64269520848193,17,22,0,0
2,2015-01-01 00:00:00,00:56:00,2,0,0,60,215.60000000000002,3.5841125237435265,0,0,0,16.386284296096314,16.581246025081775,0,59.88217597933537,0,1,0,0,17.701890568859532,0,0,60,0,0,0,0,0,0,0,0,0,0,0,16.611782528305767,17,22,0,0
2,2015-01-01 00:00:00,00:57:00,2,0,0,60,215.60000000000002,3.578500311961198,0,0,0,16.371624284062317,16.551065184808692,0,59.87475296277179,0,1,0,0,17.663773407506547,0,0,60,0,0,0,0,0,0,0,0,0,0,0,16.581246025081775,17,22,0,0
2,2015-01-01 00:00:00,00:58:00,2,0,0,60,215.60000000000002,3.57388810017887,0,0,0,16.35696067666202,16.521234209630105,0,59.86732604486699,0,1,0,0,17.625926189047437,0,0,60,0,0,0,0,0,0,0,0,0,0,0,16.551065184808692,17,22,0,0
2,2015-01-01 00:00:00,00:59:00,2,0,0,60,215.60000000000002,3.5685258883965414,0,0,0,16.342292955599735,16.49173980802487,0,59.859895286266664,0,1,0,0,17.5883516319244,0,0,60,0,0,0,0,0,0,0,0,0,0,0,16.521234209630105,17,22,0,0
2,2015-01-01 00:00:00,01:00:00,2,0,0,60,215.60000000000002,3.563163676614213,0,0,0,16.32762146031115,16.46257256679463,0,59.852460745327534,0,1,0,0,17.551051910023055,0,0,60,0,0,0,0,0,0,0,0,0,0,0,16.49173980802487,17,22,0,0
2,2015-01-01 00:00:00,01:01:00,2,0,0,60,215.60000000000002,3.5580514648318844,0,0,0,16.312946810150713,16.43372447789083,0,59.845022478782646,0,1,0,0,17.514028803110524,0,0,60,0,0,0,0,0,0,0,0,0,0,0,16.46257256679463,17,22,0,0
2,2015-01-01 00:00:00,01:02:00,2,0,0,60,215.60000000000002,3.553439253049556,0,0,0,16.298269905172383,16.405188926343207,0,59.83758054198249,0,1,0,0,17.477283758035025,0,0,60,0,0,0,0,0,0,0,0,0,0,0,16.43372447789083,17,22,0,0
2,2015-01-01 00:00:00,01:03:00,2,0,0,60,215.60000000000002,3.5515770412672274,0,0,0,16.283594246037758,16.376969263249244,0,59.830134989134095,0,1,0,0,17.440817947433263,0,0,60,0,0,0,0,0,0,0,0,0,0,0,16.405188926343207,17,22,0,0
2,2015-01-01 00:00:00,01:04:00,2,0,0,60,215.60000000000002,3.544714829484899,0,0,0,16.268914342531268,16.349035226871788,0,59.822685875009654,0,1,0,0,17.404632618039248,0,0,60,0,0,0,0,0,0,0,0,0,0,0,16.376969263249244,17,22,0,0
2,2015-01-01 00:00:00,01:05:00,2,0,0,60,215.60000000000002,3.5413526177025707,0,0,0,16.254234542818768,16.321394786439487,0,59.81523324918426,0,1,0,0,17.368727944870287,0,0,60,0,0,0,0,0,0,0,0,0,0,0,16.349035226871788,17,22,0,0
2,2015-01-01 00:00:00,01:06:00,2,0,0,60,215.60000000000002,3.5367404059202423,0,0,0,16.239553685621537,16.294034611235613,0,59.80777716259065,0,1,0,0,17.33310436805291,0,0,60,0,0,0,0,0,0,0,0,0,0,0,16.321394786439487,17,22,0,0
2,2015-01-01 00:00:00,01:07:00,2,0,0,60,215.60000000000002,3.531878194137914,0,0,0,16.224871758623543,16.266946509211053,0,59.80031766386756,0,1,0,0,17.297761859317628,0,0,60,0,0,0,0,0,0,0,0,0,0,0,16.294034611235613,17,22,0,0
2,2015-01-01 00:00:00,01:08:00,2,0,0,271,426.59999999999997,3.5272659823555856,0,0,0,16.210189321273102,16.252478134476515,0,59.792854800241045,0,1,0,0,17.262700112715365,0,0,271,0,0,0,0,0,0,0,0,0,0,0,16.266946509211053,17,22,0,0
2,2015-01-01 00:00:00,01:09:00,2,0,0,271,426.59999999999997,3.5224037705732574,0,0,0,16.195518481445102,16.23760195548057,0,59.78539073566977,0,1,0,0,17.228338820938532,0,0,271,0,0,0,0,0,0,0,0,0,0,0,16.252478134476515,17,22,0,0
2,2015-01-01 00:00:00,01:10:00,2,0,0,271,426.59999999999997,3.518041558790929,0,0,0,16.180859393487747,16.222553290260674,0,59.77792540045031,0,1,0,0,17.194640288099826,0,0,271,0,0,0,0,0,0,0,0,0,0,0,16.23760195548057,17,22,0,0
2,2015-01-01 00:00:00,01:11:00,2,0,0,271,426.59999999999997,3.5164293470086005,0,0,0,16.166215051610948,16.20735481021671,0,59.77045876523142,0,1,0,0,17.161576104499854,0,0,271,0,0,0,0,0,0,0,0,0,0,0,16.222553290260674,17,22,0,0
2,2015-01-01 00:00:00,01:12:00,2,0,0,271,426.59999999999997,3.5148171352262723,0,0,0,16.151585277063287,16.192019616262822,0,59.76299080455342,0,1,0,0,17.129119597891584,0,0,271,0,0,0,0,0,0,0,0,0,0,0,16.20735481021671,17,22,0,0
2,2015-01-01 00:00:00,01:13:00,2,0,0,271,426.59999999999997,3.5152049234439438,0,0,0,16.136972223486463,16.17656877218697,0,59.75552149520686,0,1,0,0,17.097245448856594,0,0,271,0,0,0,0,0,0,0,0,0,0,0,16.192019616262822,17,22,0,0
2,2015-01-01 00:00:00,01:14:00,2,0,0,271,426.59999999999997,3.516592711661615,0,0,0,16.122376901030343,16.161017852930048,0,59.748050817597196,0,1,0,0,17.065929915636538,0,0,271,0,0,0,0,0,0,0,0,0,0,0,16.17656877218697,17,22,0,0
2,2015-01-01 00:00:00,01:15:00,2,0,0,271,426.59999999999997,3.5177304998792867,0,0,0,16.107798883517745,16.14537628435371,0,59.74057875480325,0,1,0,0,17.03515059377577,0,0,271,0,0,0,0,0,0,0,0,0,0,0,16.161017852930048,17,22,0,0
2,2015-01-01 00:00:00,01:16:00,2,0,0,271,426.59999999999997,3.518118288096958,0,0,0,16.093237175158354,16.12965080510058,0,59.733105291522605,0,1,0,0,17.004886161482503,0,0,271,0,0,0,0,0,0,0,0,0,0,0,16.14537628435371,17,22,0,0
2,2015-01-01 00:00:00,01:17:00,2,0,0,394,549.5999999999999,3.5185060763146296,0,0,0,16.07869165859211,16.121052210690802,0,59.725630413610645,0,1,0,0,16.975116251401484,0,0,394,0,0,0,0,0,0,0,0,0,0,0,16.12965080510058,17,22,0,0
2,2015-01-01 00:00:00,01:18:00,2,0,0,394,549.5999999999999,3.5201438645323013,0,0,0,16.06417074951853,16.11200501630136,0,59.718155343061575,0,1,0,0,16.9460664540984,0,0,394,0,0,0,0,0,0,0,0,0,0,0,16.121052210690802,17,22,0,0
2,2015-01-01 00:00:00,01:19:00,2,0,0,394,549.5999999999999,3.5230316527499728,0,0,0,16.049675404023002,16.102662275850644,0,59.71068000300556,0,1,0,0,16.917697017438638,0,0,394,0,0,0,0,0,0,0,0,0,0,0,16.11200501630136,17,22,0,0
2,2015-01-01 00:00:00,01:20:00,2,0,0,394,549.5999999999999,3.525169440967644,0,0,0,16.03520440735087,16.093038059072367,0,59.70320434282376,0,1,0,0,16.889974747316597,0,0,394,0,0,0,0,0,0,0,0,0,0,0,16.102662275850644,17,22,0,0
2,2015-01-01 00:00:00,01:21:00,2,0,0,394,549.5999999999999,3.5238072291853157,0,0,0,16.020753372351678,16.083135860352314,0,59.695728314317975,0,1,0,0,16.862868057240263,0,0,394,0,0,0,0,0,0,0,0,0,0,0,16.093038059072367,17,22,0,0
2,2015-01-01 00:00:00,01:22:00,2,0,0,394,549.5999999999999,3.5214450174029874,0,0,0,16.006320823630528,16.072969523596637,0,59.68825186989729,0,1,0,0,16.836346553944754,0,0,394,0,0,0,0,0,0,0,0,0,0,0,16.083135860352314,17,22,0,0
2,2015-01-01 00:00:00,01:23:00,2,0,0,394,549.5999999999999,3.519082805620659,0,0,0,15.991906462122332,16.062556123882544,0,59.68077496435221,0,1,0,0,16.810381348830873,0,0,394,0,0,0,0,0,0,0,0,0,0,0,16.072969523596637,17,22,0,0
2,2015-01-01 00:00:00,01:24:00,2,0,0,394,549.5999999999999,3.5162205938383306,0,0,0,15.977509426390622,16.05190953509464,0,59.673297555408126,0,1,0,0,16.784945116689773,0,0,394,0,0,0,0,0,0,0,0,0,0,0,16.062556123882544,17,22,0,0
2,2015-01-01 00:00:00,01:25:00,2,0,0,394,549.5999999999999,3.513358382056002,0,0,0,15.963129450257922,16.041044972378533,0,59.665819603176075,0,1,0,0,16.76001193364232,0,0,394,0,0,0,0,0,0,0,0,0,0,0,16.05190953509464,17,22,0,0
2,2015-01-01 00:00:00,01:26:00,2,0,0,394,549.5999999999999,3.5112461702736737,0,0,0,15.94876715274094,16.029979975733767,0,59.65834107038222,0,1,0,0,16.735557275095935,0,0,394,0,0,0,0,0,0,0,0,0,0,0,16.041044972378533,17,22,0,0
2,2015-01-01 00:00:00,01:27:00,2,0,0,394,549.5999999999999,3.5103839584913454,0,0,0,15.934423748545717,16.018733263925334,0,59.650861922766,0,1,0,0,16.711558047226475,0,0,394,0,0,0,0,0,0,0,0,0,0,0,16.029979975733767,17,22,0,0
2,2015-01-01 00:00:00,01:28:00,2,0,0,394,549.5999999999999,3.509521746709017,0,0,0,15.920099018701373,16.007317192552403,0,59.643382129281626,0,1,0,0,16.687992578406707,0,0,394,0,0,0,0,0,0,0,0,0,0,0,16.018733263925334,17,22,0,0
2,2015-01-01 00:00:00,01:29:00,2,0,0,394,549.5999999999999,3.5084095349266886,0,0,0,15.905792466950643,15.995742413514904,0,59.635901661006756,0,1,0,0,16.664840354398056,0,0,394,0,0,0,0,0,0,0,0,0,0,0,16.007317192552403,17,22,0,0
2,2015-01-01 00:00:00,01:30:00,2,0,0,183,338.59999999999997,3.5010473231443604,0,0,0,15.891496651140127,15.97163961693427,0,59.62842049085004,0,1,0,0,16.642081921034684,0,0,183,0,0,0,0,0,0,0,0,0,0,0,15.995742413514904,17,22,0,0
2,2015-01-01 00:00:00,01:31:00,2,0,0,183,338.59999999999997,3.493685111362032,0,0,0,15.877199241688961,15.94804029629949,0,59.620936471271655,0,1,0,0,16.61927776103127,0,0,183,0,0,0,0,0,0,0,0,0,0,0,15.97163961693427,17,22,0,0
2,2015-01-01 00:00:00,01:32:00,2,0,0,183,338.59999999999997,3.486322899579704,0,0,0,15.862900736587598,15.924715529528752,0,59.61344968907023,0,1,0,0,16.596446554747878,0,0,183,0,0,0,0,0,0,0,0,0,0,0,15.94804029629949,17,22,0,0
2,2015-01-01 00:00:00,01:33:00,2,0,0,183,338.59999999999997,3.4789606877973758,0,0,0,15.848601407883946,15.901658251359589,0,59.605960191785734,0,1,0,0,16.573598560692805,0,0,183,0,0,0,0,0,0,0,0,0,0,0,15.924715529528752,17,22,0,0
2,2015-01-01 00:00:00,01:34:00,2,0,0,183,338.59999999999997,3.473848476015047,0,0,0,15.834304129136344,15.878867929267377,0,59.5984680257388,0,1,0,0,16.55074344813045,0,0,183,0,0,0,0,0,0,0,0,0,0,0,15.901658251359589,17,22,0,0
2,2015-01-01 00:00:00,01:35:00,2,0,0,60,215.60000000000002,3.473986264232719,0,0,0,15.820015245936501,15.849155749403185,0,59.590973237150834,0,1,0,0,16.527890539325583,0,0,60,0,0,0,0,0,0,0,0,0,0,0,15.878867929267377,17,22,0,0
2,2015-01-01 00:00:00,01:36:00,2,0,0,60,215.60000000000002,3.4721240524503902,0,0,0,15.805725621646774,15.820092227236431,0,59.58347463986722,0,1,0,0,16.504804321981283,0,0,60,0,0,0,0,0,0,0,0,0,0,0,15.849155749403185,17,22,0,0
2,2015-01-01 00:00:00,01:37:00,2,0,0,60,215.60000000000002,3.4655118406680616,0,0,0,15.791430387087578,15.79150797088514,0,59.57597234573934,0,1,0,0,16.481514794949145,0,0,60,0,0,0,0,0,0,0,0,0,0,0,15.820092227236431,17,22,0,0
2,2015-01-01 00:00:00,01:38:00,2,0,0,60,215.60000000000002,3.4583996288857333,0,0,0,15.777129445285123,15.763382875587165,0,59.568466437560794,0,1,0,0,16.458045175083022,0,0,60,0,0,0,0,0,0,0,0,0,0,0,15.79150797088514,17,22,0,0
2,2015-01-01 00:00:00,01:39:00,2,0,0,60,215.60000000000002,3.452787417103405,0,0,0,15.76282499886481,15.735704095318935,0,59.56095699466446,0,1,0,0,16.434417205712414,0,0,60,0,0,0,0,0,0,0,0,0,0,0,15.763382875587165,17,22,0,0
2,2015-01-01 00:00:00,01:40:00,2,0,0,60,215.60000000000002,3.4474252053210765,0,0,0,15.748517783652215,15.708454068300345,0,59.553444094167425,0,1,0,0,16.410651453658215,0,0,60,0,0,0,0,0,0,0,0,0,0,0,15.735704095318935,17,22,0,0
2,2015-01-01 00:00:00,01:41:00,2,0,0,60,215.60000000000002,3.442312993538748,0,0,0,15.734208516645477,15.681616231847872,0,59.54592781016299,0,1,0,0,16.386767188850122,0,0,60,0,0,0,0,0,0,0,0,0,0,0,15.708454068300345,17,22,0,0
2,2015-01-01 00:00:00,01:42:00,2,0,0,60,215.60000000000002,3.4372007817564194,0,0,0,15.719897607144448,15.655173799148962,0,59.538408213892424,0,1,0,0,16.362782462421475,0,0,60,0,0,0,0,0,0,0,0,0,0,0,15.681616231847872,17,22,0,0
2,2015-01-01 00:00:00,01:43:00,2,0,0,60,215.60000000000002,3.431588569974091,0,0,0,15.70558486729697,15.629108688440853,0,59.53088537370704,0,1,0,0,16.33871414054146,0,0,60,0,0,0,0,0,0,0,0,0,0,0,15.655173799148962,17,22,0,0
2,2015-01-01 00:00:00,01:44:00,2,0,0,60,215.60000000000002,3.4249763581917625,0,0,0,15.691269512105853,15.603401562341729,0,59.523359354846704,0,1,0,0,16.31457790067409,0,0,60,0,0,0,0,0,0,0,0,0,0,0,15.629108688440853,17,22,0,0
2,2015-01-01 00:00:00,01:45:00,2,0,0,60,215.60000000000002,3.419614146409434,0,0,0,15.676953348293203,15.578043704981017,0,59.51583021922513,0,1,0,0,16.29038822930224,0,0,60,0,0,0,0,0,0,0,0,0,0,0,15.603401562341729,17,22,0,0
2,2015-01-01 00:00:00,01:46:00,2,0,0,60,215.60000000000002,3.4145019346271055,0,0,0,15.662637010579052,15.553022458159946,0,59.50829802725126,0,1,0,0,16.266158823713084,0,0,60,0,0,0,0,0,0,0,0,0,0,0,15.578043704981017,17,22,0,0
2,2015-01-01 00:00:00,01:47:00,2,0,0,60,215.60000000000002,3.409389722844777,0,0,0,15.648320829996848,15.528324803604539,0,59.5007628371537,0,1,0,0,16.241902484748692,0,0,60,0,0,0,0,0,0,0,0,0,0,0,15.553022458159946,17,22,0,0
2,2015-01-01 00:00:00,01:48:00,2,0,0,60,215.60000000000002,3.4050275110624484,0,0,0,15.634005993760658,15.503941613622315,0,59.49322470491938,0,1,0,0,16.217631135049913,0,0,60,0,0,0,0,0,0,0,0,0,0,0,15.528324803604539,17,22,0,0
2,2015-01-01 00:00:00,01:49:00,2,0,0,60,215.60000000000002,3.40091529928012,0,0,0,15.619693097790076,15.479862054095594,0,59.48568368496087,0,1,0,0,16.19335598125986,0,0,60,0,0,0,0,0,0,0,0,0,0,0,15.503941613622315,17,22,0,0
2,2015-01-01 00:00:00,01:50:00,2,0,0,60,215.60000000000002,3.408053087497792,0,0,0,15.605395481360617,15.45612330222874,0,59.47813982982415,0,1,0,0,16.169087480335904,0,0,60,0,0,0,0,0,0,0,0,0,0,0,15.479862054095594,17,22,0,0
2,2015-01-01 00:00:00,01:51:00,2,0,0,60,215.60000000000002,3.4149408757154633,0,0,0,15.591113156636391,15.43271118417738,0,59.47059319841942,0,1,0,0,16.14483699808736,0,0,60,0,0,0,0,0,0,0,0,0,0,0,15.45612330222874,17,22,0,0
2,2015-01-01 00:00:00,01:52:00,2,0,0,60,215.60000000000002,3.422078663933135,0,0,0,15.57684670161736,15.409615177592125,0,59.46304384721698,0,1,0,0,16.120615031627835,0,0,60,0,0,0,0,0,0,0,0,0,0,0,15.43271118417738,17,22,0,0
2,2015-01-01 00:00:00,01:53:00,2,0,0,60,215.60000000000002,3.429216452150807,0,0,0,15.562596392836488,15.386824158278033,0,59.45549183087362,0,1,0,0,16.09643136312322,0,0,60,0,0,0,0,0,0,0,0,0,0,0,15.409615177592125,17,22,0,0
2,2015-01-01 00:00:00,01:54:00,2,0,0,60,215.60000000000002,3.4366042403684784,0,0,0,15.548362785199473,15.364328632182366,0,59.447937202129744,0,1,0,0,16.072295063638688,0,0,60,0,0,0,0,0,0,0,0,0,0,0,15.386824158278033,17,22,0,0
2,2015-01-01 00:00:00,01:55:00,2,0,0,60,215.60000000000002,3.44374202858615,0,0,0,15.53414584331199,15.342117401700882,0,59.44038001208918,0,1,0,0,16.048214572772828,0,0,60,0,0,0,0,0,0,0,0,0,0,0,15.364328632182366,17,22,0,0
2,2015-01-01 00:00:00,01:56:00,2,0,0,60,215.60000000000002,3.4503798168038218,0,0,0,15.519945230963227,15.320178741416896,0,59.4328203099274,0,1,0,0,16.02419766219215,0,0,60,0,0,0,0,0,0,0,0,0,0,0,15.342117401700882,17,22,0,0
2,2015-01-01 00:00:00,01:57:00,2,0,0,60,215.60000000000002,3.4570176050214934,0,0,0,15.505761180929555,15.298503618588333,0,59.42525814280137,0,1,0,0,16.000251440397076,0,0,60,0,0,0,0,0,0,0,0,0,0,0,15.320178741416896,17,22,0,0
2,2015-01-01 00:00:00,01:58:00,2,0,0,60,215.60000000000002,3.463405393239165,0,0,0,15.491593626723063,15.277082310205234,0,59.417693556311505,0,1,0,0,15.976382466866166,0,0,60,0,0,0,0,0,0,0,0,0,0,0,15.298503618588333,17,22,0,0
2,2015-01-01 00:00:00,01:59:00,2,0,0,60,215.60000000000002,3.4702931814568365,0,0,0,15.477443362124925,15.25590878219792,0,59.4101265943836,0,1,0,0,15.95259674725185,0,0,60,0,0,0,0,0,0,0,0,0,0,0,15.277082310205234,17,22,0,0
2,2015-01-01 00:00:00,02:00:00,2,0,0,60,215.60000000000002,3.4774309696745083,0,0,0,15.46331088339609,15.234976179835915,0,59.40255729990151,0,1,0,0,15.928899877692192,0,0,60,0,0,0,0,0,0,0,0,0,0,0,15.25590878219792,17,22,0,0
2,2015-01-01 00:00:00,02:01:00,2,0,0,60,215.60000000000002,3.48456875789218,0,0,0,15.449196389108387,15.214276919954301,0,59.394985714566644,0,1,0,0,15.905297030826333,0,0,60,0,0,0,0,0,0,0,0,0,0,0,15.234976179835915,17,22,0,0
2,2015-01-01 00:00:00,02:02:00,2,0,0,60,215.60000000000002,3.4882065461098515,0,0,0,15.435096011462615,15.193788692606827,0,59.387411878773285,0,1,0,0,15.881792945422522,0,0,60,0,0,0,0,0,0,0,0,0,0,0,15.214276919954301,17,22,0,0
2,2015-01-01 00:00:00,02:03:00,2,0,0,60,215.60000000000002,3.492594334327523,0,0,0,15.421010797202788,15.17350856595508,0,59.37983582908423,0,1,0,0,15.85839144022471,0,0,60,0,0,0,0,0,0,0,0,0,0,0,15.193788692606827,17,22,0,0
2,2015-01-01 00:00:00,02:04:00,2,0,0,60,215.60000000000002,3.4924821225451947,0,0,0,15.406935700206024,15.153410839297468,0,59.37225760155341,0,1,0,0,15.835096104365197,0,0,60,0,0,0,0,0,0,0,0,0,0,0,15.17350856595508,17,22,0,0
2,2015-01-01 00:00:00,02:05:00,2,0,0,60,215.60000000000002,3.4871199107628663,0,0,0,15.39286479023343,15.133467850037093,0,59.36467722782273,0,1,0,0,15.811909530723439,0,0,60,0,0,0,0,0,0,0,0,0,0,0,15.153410839297468,17,22,0,0
2,2015-01-01 00:00:00,02:06:00,2,0,0,60,215.60000000000002,3.481757698980538,0,0,0,15.378798210319262,15.113675553093838,0,59.35709473478654,0,1,0,0,15.788833283081045,0,0,60,0,0,0,0,0,0,0,0,0,0,0,15.133467850037093,17,22,0,0
2,2015-01-01 00:00:00,02:07:00,2,0,0,60,215.60000000000002,3.4751454871982093,0,0,0,15.364734649754764,15.094024309219467,0,59.34951014864111,0,1,0,0,15.765868734442025,0,0,60,0,0,0,0,0,0,0,0,0,0,0,15.113675553093838,17,22,0,0
2,2015-01-01 00:00:00,02:08:00,2,0,0,60,215.60000000000002,3.479283275415881,0,0,0,15.350686706015098,15.074556662174357,0,59.341923493925776,0,1,0,0,15.743016883243978,0,0,60,0,0,0,0,0,0,0,0,0,0,0,15.094024309219467,17,22,0,0
2,2015-01-01 00:00:00,02:09:00,2,0,0,60,215.60000000000002,3.4839210636335527,0,0,0,15.33665510578765,15.05526879653653,0,59.3343348024689,0,1,0,0,15.720280141030726,0,0,60,0,0,0,0,0,0,0,0,0,0,0,15.074556662174357,17,22,0,0
2,2015-01-01 00:00:00,02:10:00,2,0,0,60,215.60000000000002,3.4885588518512245,0,0,0,15.322639990670101,15.036155674227102,0,59.32674410543931,0,1,0,0,15.697660707544529,0,0,60,0,0,0,0,0,0,0,0,0,0,0,15.05526879653653,17,22,0,0
2,2015-01-01 00:00:00,02:11:00,2,0,0,60,215.60000000000002,3.4931966400688963,0,0,0,15.308641497007823,15.017212496607923,0,59.31915143313682,0,1,0,0,15.675160536343256,0,0,60,0,0,0,0,0,0,0,0,0,0,0,15.036155674227102,17,22,0,0
2,2015-01-01 00:00:00,02:12:00,2,0,0,60,215.60000000000002,3.491834428286568,0,0,0,15.294652798717628,14.99840879874855,0,59.31155681503341,0,1,0,0,15.652781351318245,0,0,60,0,0,0,0,0,0,0,0,0,0,0,15.017212496607923,17,22,0,0
2,2015-01-01 00:00:00,02:13:00,2,0,0,60,215.60000000000002,3.4847222165042395,0,0,0,15.280667344303236,14.97971663190857,0,59.30396027537348,0,1,0,0,15.63052378150295,0,0,60,0,0,0,0,0,0,0,0,0,0,0,14.99840879874855,17,22,0,0
2,2015-01-01 00:00:00,02:14:00,2,0,0,60,215.60000000000002,3.4773600047219113,0,0,0,15.266684946483705,14.961132645100525,0,59.29636183360603,0,1,0,0,15.6083874838977,0,0,60,0,0,0,0,0,0,0,0,0,0,0,14.97971663190857,17,22,0,0
2,2015-01-01 00:00:00,02:15:00,2,0,0,60,215.60000000000002,3.469997792939583,0,0,0,15.252705704980086,14.942654289055083,0,59.288761508602285,0,1,0,0,15.586372013190312,0,0,60,0,0,0,0,0,0,0,0,0,0,0,14.961132645100525,17,22,0,0
2,2015-01-01 00:00:00,02:16:00,2,0,0,60,215.60000000000002,3.462635581157255,0,0,0,15.238729716795623,14.924279095105854,0,59.28115931879322,0,1,0,0,15.56447685250544,0,0,60,0,0,0,0,0,0,0,0,0,0,0,14.942654289055083,17,22,0,0
2,2015-01-01 00:00:00,02:17:00,2,0,0,60,215.60000000000002,3.4552733693749267,0,0,0,15.224757076300762,14.906004682815365,0,59.273555282183445,0,1,0,0,15.542701418580284,0,0,60,0,0,0,0,0,0,0,0,0,0,0,14.924279095105854,17,22,0,0
2,2015-01-01 00:00:00,02:18:00,2,0,0,60,215.60000000000002,3.4479111575925985,0,0,0,15.210787875325448,14.88782875567179,0,59.26594941636641,0,1,0,0,15.521045067023655,0,0,60,0,0,0,0,0,0,0,0,0,0,0,14.906004682815365,17,22,0,0
2,2015-01-01 00:00:00,02:19:00,2,0,0,60,215.60000000000002,3.44229894581027,0,0,0,15.196824232495304,14.869756642670465,0,59.25834173853886,0,1,0,0,15.499507097249783,0,0,60,0,0,0,0,0,0,0,0,0,0,0,14.88782875567179,17,22,0,0
2,2015-01-01 00:00:00,02:20:00,2,0,0,60,215.60000000000002,3.4369367340279418,0,0,0,15.182866527777211,14.85178691868448,0,59.25073226680814,0,1,0,0,15.47808701376069,0,0,60,0,0,0,0,0,0,0,0,0,0,0,14.869756642670465,17,22,0,0
2,2015-01-01 00:00:00,02:21:00,2,0,0,60,215.60000000000002,3.4315745222456133,0,0,0,15.16891484903165,14.833917245520743,0,59.24312101903418,0,1,0,0,15.456784289438371,0,0,60,0,0,0,0,0,0,0,0,0,0,0,14.85178691868448,17,22,0,0
2,2015-01-01 00:00:00,02:22:00,2,0,0,271,426.59999999999997,3.425962310463285,0,0,0,15.154968991741432,14.828497769136066,0,59.235508012673,0,1,0,0,15.435598335563622,0,0,271,0,0,0,0,0,0,0,0,0,0,0,14.833917245520743,17,22,0,0
2,2015-01-01 00:00:00,02:23:00,2,0,0,271,426.59999999999997,3.418600098680957,0,0,0,15.141039144329639,14.82249907782954,0,59.22789538234554,0,1,0,0,15.414948656433433,0,0,271,0,0,0,0,0,0,0,0,0,0,0,14.828497769136066,17,22,0,0
2,2015-01-01 00:00:00,02:24:00,2,0,0,271,426.59999999999997,3.4142378868986283,0,0,0,15.127128182238796,14.81617195382113,0,59.22028302869333,0,1,0,0,15.394797310222415,0,0,271,0,0,0,0,0,0,0,0,0,0,0,14.82249907782954,17,22,0,0
2,2015-01-01 00:00:00,02:25:00,2,0,0,271,426.59999999999997,3.4098756751162997,0,0,0,15.113235742390845,14.80953108817565,0,59.21267089536621,0,1,0,0,15.375116175650943,0,0,271,0,0,0,0,0,0,0,0,0,0,0,14.81617195382113,17,22,0,0
2,2015-01-01 00:00:00,02:26:00,2,0,0,271,426.59999999999997,3.4057634633339715,0,0,0,15.099361766809418,14.802595145871173,0,59.20505892854212,0,1,0,0,15.355878587641579,0,0,271,0,0,0,0,0,0,0,0,0,0,0,14.80953108817565,17,22,0,0
2,2015-01-01 00:00:00,02:27:00,2,0,0,271,426.59999999999997,3.4016512515516433,0,0,0,15.085505926084787,14.79538062788641,0,59.19744707760795,0,1,0,0,15.33705942295551,0,0,271,0,0,0,0,0,0,0,0,0,0,0,14.802595145871173,17,22,0,0
2,2015-01-01 00:00:00,02:28:00,2,0,0,271,426.59999999999997,3.397539039769315,0,0,0,15.071667907722112,14.78790314192879,0,59.189835294788,0,1,0,0,15.318634974143636,0,0,271,0,0,0,0,0,0,0,0,0,0,0,14.79538062788641,17,22,0,0
2,2015-01-01 00:00:00,02:29:00,2,0,0,271,426.59999999999997,3.393426827986987,0,0,0,15.057847415227725,14.780177432902056,0,59.182223534990364,0,1,0,0,15.300582871007077,0,0,271,0,0,0,0,0,0,0,0,0,0,0,14.78790314192879,17,22,0,0
2,2015-01-01 00:00:00,02:30:00,2,0,0,271,426.59999999999997,3.3898146162046583,0,0,0,15.044044747012531,14.772219587040473,0,59.174611755658574,0,1,0,0,15.282882005765408,0,0,271,0,0,0,0,0,0,0,0,0,0,0,14.780177432902056,17,22,0,0
2,2015-01-01 00:00:00,02:31:00,2,0,0,271,426.59999999999997,3.38595240442233,0,0,0,15.030259346972343,14.76404158386519,0,59.1669999170011,0,1,0,0,15.26551253574075,0,0,271,0,0,0,0,0,0,0,0,0,0,0,14.772219587040473,17,22,0,0
2,2015-01-01 00:00:00,02:32:00,2,0,0,271,426.59999999999997,3.3820901926400015,0,0,0,15.01649096185449,14.755655847275552,0,59.15938798128685,0,1,0,0,15.248455700642943,0,0,271,0,0,0,0,0,0,0,0,0,0,0,14.76404158386519,17,22,0,0
2,2015-01-01 00:00:00,02:33:00,2,0,0,271,426.59999999999997,3.3859779808576733,0,0,0,15.002748337824025,14.747107512661357,0,59.15177591292102,0,1,0,0,15.231693800868541,0,0,271,0,0,0,0,0,0,0,0,0,0,0,14.755655847275552,17,22,0,0
2,2015-01-01 00:00:00,02:34:00,2,0,0,271,426.59999999999997,3.387865769075345,0,0,0,14.989028940838379,14.738397422834494,0,59.1441636840524,0,1,0,0,15.215211274058772,0,0,271,0,0,0,0,0,0,0,0,0,0,0,14.747107512661357,17,22,0,0
2,2015-01-01 00:00:00,02:35:00,2,0,0,271,426.59999999999997,3.3890035572930164,0,0,0,14.975331692573613,14.729532251350566,0,59.13655126697905,0,1,0,0,15.198993115853865,0,0,271,0,0,0,0,0,0,0,0,0,0,0,14.738397422834494,17,22,0,0
2,2015-01-01 00:00:00,02:36:00,2,0,0,271,426.59999999999997,3.386141345510688,0,0,0,14.961651754967088,14.720504112240565,0,59.1289386351478,0,1,0,0,15.183025059238107,0,0,271,0,0,0,0,0,0,0,0,0,0,0,14.729532251350566,17,22,0,0
2,2015-01-01 00:00:00,02:37:00,2,0,0,271,426.59999999999997,3.3830291337283596,0,0,0,14.947988640961386,14.711321547892044,0,59.12132576065816,0,1,0,0,15.16729305423819,0,0,271,0,0,0,0,0,0,0,0,0,0,0,14.720504112240565,17,22,0,0
2,2015-01-01 00:00:00,02:38:00,2,0,0,271,426.59999999999997,3.379916921946031,0,0,0,14.93434216282633,14.701993415194057,0,59.113712617078825,0,1,0,0,15.151783819328458,0,0,271,0,0,0,0,0,0,0,0,0,0,0,14.711321547892044,17,22,0,0
2,2015-01-01 00:00:00,02:39:00,2,0,0,271,426.59999999999997,3.372554710163703,0,0,0,14.920707213759776,14.692509745322932,0,59.106099179501356,0,1,0,0,15.136484825990554,0,0,271,0,0,0,0,0,0,0,0,0,0,0,14.701993415194057,17,22,0,0
2,2015-01-01 00:00:00,02:40:00,2,0,0,271,426.59999999999997,3.365192498381375,0,0,0,14.907083616279602,14.682879315705392,0,59.09848542131264,0,1,0,0,15.121383632770566,0,0,271,0,0,0,0,0,0,0,0,0,0,0,14.692509745322932,17,22,0,0
2,2015-01-01 00:00:00,02:41:00,2,0,0,271,426.59999999999997,3.3578302865990466,0,0,0,14.893471201906118,14.673110119880636,0,59.09087131740882,0,1,0,0,15.10646851994522,0,0,271,0,0,0,0,0,0,0,0,0,0,0,14.682879315705392,17,22,0,0
2,2015-01-01 00:00:00,02:42:00,2,0,0,271,426.59999999999997,3.3504680748167184,0,0,0,14.879869810372757,14.663209719530096,0,59.08325684406067,0,1,0,0,15.091728438310371,0,0,271,0,0,0,0,0,0,0,0,0,0,0,14.673110119880636,17,22,0,0
2,2015-01-01 00:00:00,02:43:00,2,0,0,271,426.59999999999997,3.34460586303439,0,0,0,14.866281028539925,14.653191730798731,0,59.07564197883932,0,1,0,0,15.07715297168519,0,0,271,0,0,0,0,0,0,0,0,0,0,0,14.663209719530096,17,22,0,0
2,2015-01-01 00:00:00,02:44:00,2,0,0,60,215.60000000000002,3.338743651252061,0,0,0,14.852704713888949,14.630709137942056,0,59.06802670165394,0,1,0,0,15.062732521314903,0,0,60,0,0,0,0,0,0,0,0,0,0,0,14.653191730798731,17,22,0,0
2,2015-01-01 00:00:00,02:45:00,2,0,0,60,215.60000000000002,3.3328814394697326,0,0,0,14.839128595423416,14.608787900110078,0,59.060408875785875,0,1,0,0,15.048037848411065,0,0,60,0,0,0,0,0,0,0,0,0,0,0,14.630709137942056,17,22,0,0
2,2015-01-01 00:00:00,02:46:00,2,0,0,60,215.60000000000002,3.327519227687404,0,0,0,14.825553803941453,14.587196495582036,0,59.05278859790433,0,1,0,0,15.033097373979059,0,0,60,0,0,0,0,0,0,0,0,0,0,0,14.608787900110078,17,22,0,0
2,2015-01-01 00:00:00,02:47:00,2,0,0,60,215.60000000000002,3.321907015905076,0,0,0,14.811980370711707,14.565922205468038,0,59.04516592497251,0,1,0,0,15.017930677434942,0,0,60,0,0,0,0,0,0,0,0,0,0,0,14.587196495582036,17,22,0,0
2,2015-01-01 00:00:00,02:48:00,2,0,0,60,215.60000000000002,3.3260448041227475,0,0,0,14.798419910146256,14.544992626984163,0,59.03754091176345,0,1,0,0,15.002556239612938,0,0,60,0,0,0,0,0,0,0,0,0,0,0,14.565922205468038,17,22,0,0
2,2015-01-01 00:00:00,02:49:00,2,0,0,60,215.60000000000002,3.324682592340419,0,0,0,14.784866355440416,14.524368380944962,0,59.029913617771776,0,1,0,0,14.986992851428285,0,0,60,0,0,0,0,0,0,0,0,0,0,0,14.544992626984163,17,22,0,0
2,2015-01-01 00:00:00,02:50:00,2,0,0,60,215.60000000000002,3.3233203805580906,0,0,0,14.771319991738267,14.504036459287843,0,59.02228409573117,0,1,0,0,14.97125732522137,0,0,60,0,0,0,0,0,0,0,0,0,0,0,14.524368380944962,17,22,0,0
2,2015-01-01 00:00:00,02:51:00,2,0,0,60,215.60000000000002,3.322208168775762,0,0,0,14.757781380687609,14.48398520525542,0,59.014652396136356,0,1,0,0,14.955365459033155,0,0,60,0,0,0,0,0,0,0,0,0,0,0,14.504036459287843,17,22,0,0
2,2015-01-01 00:00:00,02:52:00,2,0,0,60,215.60000000000002,3.3210959569934335,0,0,0,14.744250781389916,14.464202502225163,0,59.007018567475065,0,1,0,0,14.939332117067925,0,0,60,0,0,0,0,0,0,0,0,0,0,0,14.48398520525542,17,22,0,0
2,2015-01-01 00:00:00,02:53:00,2,0,0,60,215.60000000000002,3.319983745211105,0,0,0,14.730728440489228,14.444676880574455,0,58.99938265614959,0,1,0,0,14.92317124581477,0,0,60,0,0,0,0,0,0,0,0,0,0,0,14.464202502225163,17,22,0,0
2,2015-01-01 00:00:00,02:54:00,2,0,0,60,215.60000000000002,3.3266215334287765,0,0,0,14.717223579505387,14.425430879956867,0,58.991744706588065,0,1,0,0,14.906895927269181,0,0,60,0,0,0,0,0,0,0,0,0,0,0,14.444676880574455,17,22,0,0
2,2015-01-01 00:00:00,02:55:00,2,0,0,60,215.60000000000002,3.333259321646448,0,0,0,14.703736435676982,14.406452578675035,0,58.98410476707493,0,1,0,0,14.890519565115701,0,0,60,0,0,0,0,0,0,0,0,0,0,0,14.425430879956867,17,22,0,0
2,2015-01-01 00:00:00,02:56:00,2,0,0,60,215.60000000000002,3.33964710986412,0,0,0,14.690266944130874,14.387730145095743,0,58.976462883842636,0,1,0,0,14.874054701631325,0,0,60,0,0,0,0,0,0,0,0,0,0,0,14.406452578675035,17,22,0,0
2,2015-01-01 00:00:00,02:57:00,2,0,0,60,215.60000000000002,3.3472848980817913,0,0,0,14.676816767866036,14.369258808126665,0,58.96881910108742,0,1,0,0,14.857513050048482,0,0,60,0,0,0,0,0,0,0,0,0,0,0,14.387730145095743,17,22,0,0
2,2015-01-01 00:00:00,02:58:00,2,0,0,60,215.60000000000002,3.355672686299463,0,0,0,14.663386981847484,14.351031882187655,0,58.96117346218006,0,1,0,0,14.840905762908283,0,0,60,0,0,0,0,0,0,0,0,0,0,0,14.369258808126665,17,22,0,0
2,2015-01-01 00:00:00,02:59:00,2,0,0,60,215.60000000000002,3.3648104745171343,0,0,0,14.649978652170358,14.33304312034268,0,58.95352600933777,0,1,0,0,14.824243386013023,0,0,60,0,0,0,0,0,0,0,0,0,0,0,14.351031882187655,17,22,0,0
2,2015-01-01 00:00:00,03:00:00,2,0,0,183,338.59999999999997,3.3741982627348057,0,0,0,14.636592256724587,14.322485804611278,0,58.94587678369966,0,1,0,0,14.80753589398342,0,0,183,0,0,0,0,0,0,0,0,0,0,0,14.33304312034268,17,22,0,0
2,2015-01-01 00:00:00,03:01:00,2,0,0,183,338.59999999999997,3.3838360509524774,0,0,0,14.62323533851771,14.311762653371586,0,58.93822705953182,0,1,0,0,14.791037591623823,0,0,183,0,0,0,0,0,0,0,0,0,0,0,14.322485804611278,17,22,0,0
2,2015-01-01 00:00:00,03:02:00,2,0,0,183,338.59999999999997,3.393473839170149,0,0,0,14.609907671508186,14.301005059422762,0,58.93057680849076,0,1,0,0,14.774735722975787,0,0,183,0,0,0,0,0,0,0,0,0,0,0,14.311762653371586,17,22,0,0
2,2015-01-01 00:00:00,03:03:00,2,0,0,183,338.59999999999997,3.403111627387821,0,0,0,14.59660915920907,14.290215165318626,0,58.922926024762354,0,1,0,0,14.758622435099834,0,0,183,0,0,0,0,0,0,0,0,0,0,0,14.301005059422762,17,22,0,0
2,2015-01-01 00:00:00,03:04:00,2,0,0,183,338.59999999999997,3.4067494156054923,0,0,0,14.583332750022073,14.279371143403782,0,58.91527470290074,0,1,0,0,14.742690215039248,0,0,183,0,0,0,0,0,0,0,0,0,0,0,14.290215165318626,17,22,0,0
2,2015-01-01 00:00:00,03:05:00,2,0,0,183,338.59999999999997,3.409887203823164,0,0,0,14.570077763648309,14.268475850546691,0,58.90762283371911,0,1,0,0,14.726931062942803,0,0,183,0,0,0,0,0,0,0,0,0,0,0,14.279371143403782,17,22,0,0
2,2015-01-01 00:00:00,03:06:00,2,0,0,183,338.59999999999997,3.4127749920408355,0,0,0,14.556843813945004,14.25753260793445,0,58.899970408521995,0,1,0,0,14.711337348235453,0,0,183,0,0,0,0,0,0,0,0,0,0,0,14.268475850546691,17,22,0,0
2,2015-01-01 00:00:00,03:07:00,2,0,0,183,338.59999999999997,3.415912780258507,0,0,0,14.543631098644177,14.246546661105725,0,58.89231741918475,0,1,0,0,14.695901812851066,0,0,183,0,0,0,0,0,0,0,0,0,0,0,14.25753260793445,17,22,0,0
2,2015-01-01 00:00:00,03:08:00,2,0,0,183,338.59999999999997,3.4185505684761788,0,0,0,14.530438950529309,14.235519711054343,0,58.884663858483364,0,1,0,0,14.68061762401619,0,0,183,0,0,0,0,0,0,0,0,0,0,0,14.246546661105725,17,22,0,0
2,2015-01-01 00:00:00,03:09:00,2,0,0,183,338.59999999999997,3.4219383566938504,0,0,0,14.51726815494698,14.224458745940678,0,58.877009719486665,0,1,0,0,14.665478239221569,0,0,183,0,0,0,0,0,0,0,0,0,0,0,14.235519711054343,17,22,0,0
2,2015-01-01 00:00:00,03:10:00,2,0,0,183,338.59999999999997,3.420826144911522,0,0,0,14.504113414681427,14.213347707921946,0,58.869354996462626,0,1,0,0,14.650477576184803,0,0,183,0,0,0,0,0,0,0,0,0,0,0,14.224458745940678,17,22,0,0
2,2015-01-01 00:00:00,03:11:00,2,0,0,183,338.59999999999997,3.4174639331291936,0,0,0,14.49097203712246,14.202181032207712,0,58.861699680927444,0,1,0,0,14.63560921331872,0,0,183,0,0,0,0,0,0,0,0,0,0,0,14.213347707921946,17,22,0,0
2,2015-01-01 00:00:00,03:12:00,2,0,0,183,338.59999999999997,3.4141017213468654,0,0,0,14.477843938994257,14.190962763525512,0,58.85404376344481,0,1,0,0,14.62086675817889,0,0,183,0,0,0,0,0,0,0,0,0,0,0,14.202181032207712,17,22,0,0
2,2015-01-01 00:00:00,03:13:00,2,0,0,183,338.59999999999997,3.410739509564537,0,0,0,14.464729041172596,14.17969656198832,0,58.84638723527339,0,1,0,0,14.606244173326735,0,0,183,0,0,0,0,0,0,0,0,0,0,0,14.190962763525512,17,22,0,0
2,2015-01-01 00:00:00,03:14:00,2,0,0,183,338.59999999999997,3.4071272977822087,0,0,0,14.451626978405544,14.168384804510115,0,58.83873008830083,0,1,0,0,14.591735751172367,0,0,183,0,0,0,0,0,0,0,0,0,0,0,14.17969656198832,17,22,0,0
2,2015-01-01 00:00:00,03:15:00,2,0,0,183,338.59999999999997,3.40351508599988,0,0,0,14.438537678451013,14.157030801362763,0,58.83107231482361,0,1,0,0,14.577336059109024,0,0,183,0,0,0,0,0,0,0,0,0,0,0,14.168384804510115,17,22,0,0
2,2015-01-01 00:00:00,03:16:00,2,0,0,183,338.59999999999997,3.400152874217552,0,0,0,14.425461362366025,14.1456387348239,0,58.823413907707014,0,1,0,0,14.563039961906771,0,0,183,0,0,0,0,0,0,0,0,0,0,0,14.157030801362763,17,22,0,0
2,2015-01-01 00:00:00,03:17:00,2,0,0,183,338.59999999999997,3.3980406624352235,0,0,0,14.412399414412926,14.134216870771876,0,58.81575486053452,0,1,0,0,14.548842641257695,0,0,183,0,0,0,0,0,0,0,0,0,0,0,14.1456387348239,17,22,0,0
2,2015-01-01 00:00:00,03:18:00,2,0,0,60,215.60000000000002,3.396178450652895,0,0,0,14.399352064438446,14.115567450119938,0,58.8080951683077,0,1,0,0,14.534739723894232,0,0,60,0,0,0,0,0,0,0,0,0,0,0,14.134216870771876,17,22,0,0
2,2015-01-01 00:00:00,03:19:00,2,0,0,60,215.60000000000002,3.3968162388705667,0,0,0,14.386315080291384,14.097293333961606,0,58.80043359212744,0,1,0,0,14.520482163561773,0,0,60,0,0,0,0,0,0,0,0,0,0,0,14.115567450119938,17,22,0,0
2,2015-01-01 00:00:00,03:20:00,2,0,0,60,215.60000000000002,3.3979540270882382,0,0,0,14.373289388225455,14.079258768600926,0,58.792770196654615,0,1,0,0,14.506087985684216,0,0,60,0,0,0,0,0,0,0,0,0,0,0,14.097293333961606,17,22,0,0
2,2015-01-01 00:00:00,03:21:00,2,0,0,60,215.60000000000002,3.3993418153059096,0,0,0,14.360275489263566,14.061456574731235,0,58.78510502326695,0,1,0,0,14.491569985103151,0,0,60,0,0,0,0,0,0,0,0,0,0,0,14.079258768600926,17,22,0,0
2,2015-01-01 00:00:00,03:22:00,2,0,0,60,215.60000000000002,3.3994796035235813,0,0,0,14.347272136947398,14.043871474152093,0,58.77743811210434,0,1,0,0,14.476940277267373,0,0,60,0,0,0,0,0,0,0,0,0,0,0,14.061456574731235,17,22,0,0
2,2015-01-01 00:00:00,03:23:00,2,0,0,60,215.60000000000002,3.3991173917412527,0,0,0,14.334278942158091,14.026492246818826,0,58.769769500680695,0,1,0,0,14.462210045868893,0,0,60,0,0,0,0,0,0,0,0,0,0,0,14.043871474152093,17,22,0,0
2,2015-01-01 00:00:00,03:24:00,2,0,0,60,215.60000000000002,3.3970051799589243,0,0,0,14.32129405612545,14.009302766139367,0,58.762099224580034,0,1,0,0,14.44738971256787,0,0,60,0,0,0,0,0,0,0,0,0,0,0,14.026492246818826,17,22,0,0
2,2015-01-01 00:00:00,03:25:00,2,0,0,60,215.60000000000002,3.3951429681765957,0,0,0,14.308317937338488,13.992296301144584,0,58.75442731661573,0,1,0,0,14.432488796022684,0,0,60,0,0,0,0,0,0,0,0,0,0,0,14.009302766139367,17,22,0,0
2,2015-01-01 00:00:00,03:26:00,2,0,0,60,215.60000000000002,3.393030756394267,0,0,0,14.295350456906966,13.975464191126186,0,58.74675380844165,0,1,0,0,14.417516262183293,0,0,60,0,0,0,0,0,0,0,0,0,0,0,13.992296301144584,17,22,0,0
2,2015-01-01 00:00:00,03:27:00,2,0,0,60,215.60000000000002,3.3909185446119388,0,0,0,14.282391767601691,13.958799315123368,0,58.73907873022154,0,1,0,0,14.402480477453459,0,0,60,0,0,0,0,0,0,0,0,0,0,0,13.975464191126186,17,22,0,0
2,2015-01-01 00:00:00,03:28:00,2,0,0,60,215.60000000000002,3.3888063328296103,0,0,0,14.269442014871155,13.942294899012024,0,58.73140211089324,0,1,0,0,14.387389281455837,0,0,60,0,0,0,0,0,0,0,0,0,0,0,13.958799315123368,17,22,0,0
2,2015-01-01 00:00:00,03:29:00,2,0,0,60,215.60000000000002,3.386444121047282,0,0,0,14.256501047305306,13.925943437238733,0,58.72372397822835,0,1,0,0,14.372250016746865,0,0,60,0,0,0,0,0,0,0,0,0,0,0,13.942294899012024,17,22,0,0
2,2015-01-01 00:00:00,03:30:00,2,0,0,60,215.60000000000002,3.3840819092649537,0,0,0,14.243568996338121,13.909738881392691,0,58.71604435870704,0,1,0,0,14.357069520845227,0,0,60,0,0,0,0,0,0,0,0,0,0,0,13.925943437238733,17,22,0,0
2,2015-01-01 00:00:00,03:31:00,2,0,0,60,215.60000000000002,3.381469697482625,0,0,0,14.230645697287938,13.893674394209453,0,58.70836327776807,0,1,0,0,14.341854192972692,0,0,60,0,0,0,0,0,0,0,0,0,0,0,13.909738881392691,17,22,0,0
2,2015-01-01 00:00:00,03:32:00,2,0,0,60,215.60000000000002,3.3788574857002964,0,0,0,14.217731269002025,13.877744559779268,0,58.700680759673745,0,1,0,0,14.326609982130405,0,0,60,0,0,0,0,0,0,0,0,0,0,0,13.893674394209453,17,22,0,0
2,2015-01-01 00:00:00,03:33:00,2,0,0,271,426.59999999999997,3.376495273917968,0,0,0,14.204826114645515,13.874298758214685,0,58.69299682775376,0,1,0,0,14.311342450757918,0,0,271,0,0,0,0,0,0,0,0,0,0,0,13.877744559779268,17,22,0,0
2,2015-01-01 00:00:00,03:34:00,2,0,0,271,426.59999999999997,3.3738830621356395,0,0,0,14.19194218784036,13.87031120117445,0,58.68531362237041,0,1,0,0,14.296477019038761,0,0,271,0,0,0,0,0,0,0,0,0,0,0,13.874298758214685,17,22,0,0
2,2015-01-01 00:00:00,03:35:00,2,0,0,271,426.59999999999997,3.368770850353311,0,0,0,14.179076012013258,13.866006012621455,0,58.67763105052678,0,1,0,0,14.281981583056982,0,0,271,0,0,0,0,0,0,0,0,0,0,0,13.87031120117445,17,22,0,0
2,2015-01-01 00:00:00,03:36:00,2,0,0,271,426.59999999999997,3.3634086385709825,0,0,0,14.166226947233463,13.861395288701146,0,58.66994905766314,0,1,0,0,14.267832754130604,0,0,271,0,0,0,0,0,0,0,0,0,0,0,13.866006012621455,17,22,0,0
2,2015-01-01 00:00:00,03:37:00,2,0,0,271,426.59999999999997,3.357296426788654,0,0,0,14.153393787038013,13.856491627270502,0,58.662267591302744,0,1,0,0,14.254008350544568,0,0,271,0,0,0,0,0,0,0,0,0,0,0,13.861395288701146,17,22,0,0
2,2015-01-01 00:00:00,03:38:00,2,0,0,271,426.59999999999997,3.353184215006326,0,0,0,14.14057852874199,13.851318710712539,0,58.65458660113748,0,1,0,0,14.240487373562457,0,0,271,0,0,0,0,0,0,0,0,0,0,0,13.856491627270502,17,22,0,0
2,2015-01-01 00:00:00,03:39:00,2,0,0,271,426.59999999999997,3.3490720032239976,0,0,0,14.127780869505338,13.845890319043152,0,58.646906040927696,0,1,0,0,14.22725034421382,0,0,271,0,0,0,0,0,0,0,0,0,0,0,13.851318710712539,17,22,0,0
2,2015-01-01 00:00:00,03:40:00,2,0,0,271,426.59999999999997,3.3449597914416693,0,0,0,14.115000520673107,13.840219633390317,0,58.63922586680395,0,1,0,0,14.214278914786247,0,0,271,0,0,0,0,0,0,0,0,0,0,0,13.845890319043152,17,22,0,0
2,2015-01-01 00:00:00,03:41:00,2,0,0,271,426.59999999999997,3.340597579659341,0,0,0,14.102236917264152,13.83431804497582,0,58.631546037163936,0,1,0,0,14.201555809976862,0,0,271,0,0,0,0,0,0,0,0,0,0,0,13.840219633390317,17,22,0,0
2,2015-01-01 00:00:00,03:42:00,2,0,0,271,426.59999999999997,3.349235367877012,0,0,0,14.089504871005797,13.8282534565537,0,58.623866512365275,0,1,0,0,14.18906472953465,0,0,271,0,0,0,0,0,0,0,0,0,0,0,13.83431804497582,17,22,0,0
2,2015-01-01 00:00:00,03:43:00,2,0,0,271,426.59999999999997,3.3578731560946835,0,0,0,14.07680415418693,13.822034368832819,0,58.61618726441285,0,1,0,0,14.176792237256386,0,0,271,0,0,0,0,0,0,0,0,0,0,0,13.8282534565537,17,22,0,0
2,2015-01-01 00:00:00,03:44:00,2,0,0,271,426.59999999999997,3.367510944312355,0,0,0,14.064135707505082,13.815674063025801,0,58.60850826677361,0,1,0,0,14.16472564309232,0,0,271,0,0,0,0,0,0,0,0,0,0,0,13.822034368832819,17,22,0,0
2,2015-01-01 00:00:00,03:45:00,2,0,0,271,426.59999999999997,3.3766487325300267,0,0,0,14.0514987433337,13.809178643947577,0,58.600829495195825,0,1,0,0,14.152853140368968,0,0,271,0,0,0,0,0,0,0,0,0,0,0,13.815674063025801,17,22,0,0
2,2015-01-01 00:00:00,03:46:00,2,0,0,271,426.59999999999997,3.386036520747698,0,0,0,14.038893351407998,13.802557178065504,0,58.593150926478465,0,1,0,0,14.141163531647152,0,0,271,0,0,0,0,0,0,0,0,0,0,0,13.809178643947577,17,22,0,0
2,2015-01-01 00:00:00,03:47:00,2,0,0,271,426.59999999999997,3.3954243089653695,0,0,0,14.026319340284587,13.795817133029757,0,58.585472538978735,0,1,0,0,14.129646308736211,0,0,271,0,0,0,0,0,0,0,0,0,0,0,13.802557178065504,17,22,0,0
2,2015-01-01 00:00:00,03:48:00,2,0,0,271,426.59999999999997,3.398312097183041,0,0,0,14.013768989057878,13.788937565391437,0,58.577794312337716,0,1,0,0,14.118291574868644,0,0,271,0,0,0,0,0,0,0,0,0,0,0,13.795817133029757,17,22,0,0
2,2015-01-01 00:00:00,03:49:00,2,0,0,271,426.59999999999997,3.4006998854007127,0,0,0,14.001241530209068,13.781924367301672,0,58.57011622260967,0,1,0,0,14.107089057539488,0,0,271,0,0,0,0,0,0,0,0,0,0,0,13.788937565391437,17,22,0,0
2,2015-01-01 00:00:00,03:50:00,2,0,0,271,426.59999999999997,3.402837673618384,0,0,0,13.988736493543923,13.774783717060862,0,58.562438246863046,0,1,0,0,14.096029034062012,0,0,271,0,0,0,0,0,0,0,0,0,0,0,13.781924367301672,17,22,0,0
2,2015-01-01 00:00:00,03:51:00,2,0,0,271,426.59999999999997,3.4069754618360557,0,0,0,13.976256024977925,13.767531130967768,0,58.55476036322936,0,1,0,0,14.085102322599388,0,0,271,0,0,0,0,0,0,0,0,0,0,0,13.774783717060862,17,22,0,0
2,2015-01-01 00:00:00,03:52:00,2,0,0,271,426.59999999999997,3.4111132500537273,0,0,0,13.963799961931379,13.760172702697663,0,58.54708255250383,0,1,0,0,14.074300581387428,0,0,271,0,0,0,0,0,0,0,0,0,0,0,13.767531130967768,17,22,0,0
2,2015-01-01 00:00:00,03:53:00,2,0,0,271,426.59999999999997,3.415001038271399,0,0,0,13.951367858266178,13.752713266748286,0,58.53940479652958,0,1,0,0,14.063615959663286,0,0,271,0,0,0,0,0,0,0,0,0,0,0,13.760172702697663,17,22,0,0
2,2015-01-01 00:00:00,03:54:00,2,0,0,271,426.59999999999997,3.413388826489071,0,0,0,13.938953185803985,13.7451347561866,0,58.53172707798162,0,1,0,0,14.053041038135564,0,0,271,0,0,0,0,0,0,0,0,0,0,0,13.752713266748286,17,22,0,0
2,2015-01-01 00:00:00,03:55:00,2,0,0,60,215.60000000000002,3.4130266147067423,0,0,0,13.92655723970207,13.725095567928168,0,58.52404937644074,0,1,0,0,14.042568035348184,0,0,60,0,0,0,0,0,0,0,0,0,0,0,13.7451347561866,17,22,0,0
2,2015-01-01 00:00:00,03:56:00,2,0,0,60,215.60000000000002,3.414914402924414,0,0,0,13.914170348448057,13.705630637327987,0,58.516369555787854,0,1,0,0,14.031769652102605,0,0,60,0,0,0,0,0,0,0,0,0,0,0,13.725095567928168,17,22,0,0
2,2015-01-01 00:00:00,03:57:00,2,0,0,60,215.60000000000002,3.4150521911420855,0,0,0,13.901791027506807,13.686497698279425,0,58.5086877148304,0,1,0,0,14.020676488334761,0,0,60,0,0,0,0,0,0,0,0,0,0,0,13.705630637327987,17,22,0,0
2,2015-01-01 00:00:00,03:58:00,2,0,0,60,215.60000000000002,3.408939979359757,0,0,0,13.889412339471818,13.667657811219502,0,58.50100391082756,0,1,0,0,14.009309862822676,0,0,60,0,0,0,0,0,0,0,0,0,0,0,13.686497698279425,17,22,0,0
2,2015-01-01 00:00:00,03:59:00,2,0,0,60,215.60000000000002,3.4025777675774287,0,0,0,13.877034280967171,13.649096216859926,0,58.49331819435334,0,1,0,0,13.997689044740936,0,0,60,0,0,0,0,0,0,0,0,0,0,0,13.667657811219502,17,22,0,0
2,2015-01-01 00:00:00,04:00:00,2,0,0,60,215.60000000000002,3.4004655557951002,0,0,0,13.864662052192783,13.630817956108206,0,58.485630613442915,0,1,0,0,13.985832145833418,0,0,60,0,0,0,0,0,0,0,0,0,0,0,13.649096216859926,17,22,0,0
2,2015-01-01 00:00:00,04:01:00,2,0,0,60,215.60000000000002,3.3986033440127716,0,0,0,13.852296208880292,13.612810640328954,0,58.477941216987375,0,1,0,0,13.973756833257731,0,0,60,0,0,0,0,0,0,0,0,0,0,0,13.630817956108206,17,22,0,0
2,2015-01-01 00:00:00,04:02:00,2,0,0,60,215.60000000000002,3.3962411322304433,0,0,0,13.839936423723522,13.595059616389463,0,58.470250051745666,0,1,0,0,13.961479751865596,0,0,60,0,0,0,0,0,0,0,0,0,0,0,13.612810640328954,17,22,0,0
2,2015-01-01 00:00:00,04:03:00,2,0,0,60,215.60000000000002,3.393128920448115,0,0,0,13.827582065830594,13.577549933533776,0,58.462557161956745,0,1,0,0,13.949016481951443,0,0,60,0,0,0,0,0,0,0,0,0,0,0,13.595059616389463,17,22,0,0
2,2015-01-01 00:00:00,04:04:00,2,0,0,60,215.60000000000002,3.3892667086657866,0,0,0,13.815232490974436,13.56026738186713,0,58.454862589289014,0,1,0,0,13.936381565338596,0,0,60,0,0,0,0,0,0,0,0,0,0,0,13.577549933533776,17,22,0,0
2,2015-01-01 00:00:00,04:05:00,2,0,0,60,215.60000000000002,3.384904496883458,0,0,0,13.802887332241717,13.543199513021477,0,58.44716637296774,0,1,0,0,13.923588565900792,0,0,60,0,0,0,0,0,0,0,0,0,0,0,13.56026738186713,17,22,0,0
2,2015-01-01 00:00:00,04:06:00,2,0,0,60,215.60000000000002,3.38404228510113,0,0,0,13.790550849558448,13.526351720400466,0,58.439468550077464,0,1,0,0,13.910650162741632,0,0,60,0,0,0,0,0,0,0,0,0,0,0,13.543199513021477,17,22,0,0
2,2015-01-01 00:00:00,04:07:00,2,0,0,60,215.60000000000002,3.3829300733188012,0,0,0,13.778222950635218,13.509712979503911,0,58.431769158620945,0,1,0,0,13.897578787151797,0,0,60,0,0,0,0,0,0,0,0,0,0,0,13.526351720400466,17,22,0,0
2,2015-01-01 00:00:00,04:08:00,2,0,0,60,215.60000000000002,3.378317861536473,0,0,0,13.765899763946686,13.49325907845654,0,58.42406823470453,0,1,0,0,13.88438607260595,0,0,60,0,0,0,0,0,0,0,0,0,0,0,13.509712979503911,17,22,0,0
2,2015-01-01 00:00:00,04:09:00,2,0,0,60,215.60000000000002,3.3737056497541444,0,0,0,13.753581460972553,13.476982078153034,0,58.41636581027774,0,1,0,0,13.871082433349168,0,0,60,0,0,0,0,0,0,0,0,0,0,0,13.49325907845654,17,22,0,0
2,2015-01-01 00:00:00,04:10:00,2,1,0,58,276.6,3.369093437971816,0,0,0,13.741268205026447,13.464445585573289,0,58.40866191592366,0,1,0,0,13.857677659362905,0,0,58,0,0,0,0,0,0,0,0,0,0,0,13.476982078153034,17,22,0,0
2,2015-01-01 00:00:00,04:11:00,2,1,0,58,276.6,3.3634812261894877,0,0,0,13.728962500122192,13.451873920700647,0,58.40095719312417,0,1,0,0,13.844302418757815,0,0,58,0,0,0,0,0,0,0,0,0,0,0,13.464445585573289,17,22,0,0
2,2015-01-01 00:00:00,04:12:00,2,1,0,58,276.6,3.357619014407159,0,0,0,13.716664005643008,13.439328484835364,0,58.39325163599175,0,1,0,0,13.830954510660632,0,0,58,0,0,0,0,0,0,0,0,0,0,0,13.451873920700647,17,22,0,0
2,2015-01-01 00:00:00,04:13:00,2,1,0,58,276.6,3.3515068026248307,0,0,0,13.704372442017716,13.426806698808337,0,58.38554524916584,0,1,0,0,13.817633897537323,0,0,58,0,0,0,0,0,0,0,0,0,0,0,13.439328484835364,17,22,0,0
2,2015-01-01 00:00:00,04:14:00,2,1,0,58,276.6,3.345644590842502,0,0,0,13.692088107525594,13.414309257971716,0,58.37783803684292,0,1,0,0,13.804340455403684,0,0,58,0,0,0,0,0,0,0,0,0,0,0,13.426806698808337,17,22,0,0
2,2015-01-01 00:00:00,04:15:00,2,1,0,58,276.6,3.3395323790601736,0,0,0,13.679810720704872,13.401834627918518,0,58.37013000333797,0,1,0,0,13.791074088144093,0,0,58,0,0,0,0,0,0,0,0,0,0,0,13.414309257971716,17,22,0,0
2,2015-01-01 00:00:00,04:16:00,2,1,0,58,276.6,3.334420167277845,0,0,0,13.667541448652416,13.38938675054771,0,58.36242115270218,0,1,0,0,13.777834650721454,0,0,58,0,0,0,0,0,0,0,0,0,0,0,13.401834627918518,17,22,0,0
2,2015-01-01 00:00:00,04:17:00,2,1,0,58,276.6,3.3293079554955165,0,0,0,13.655280300267071,13.37696504243014,1,57.96781212044019,0,1,0,0,13.764622137110102,0,0,58,0,0,0,0,0,0,0,0,0,0,0,13.38938675054771,17,22,0,0
2,2015-01-01 00:00:00,04:18:00,2,1,0,58,276.6,3.324195743713188,0,0,0,13.643027283855504,13.36453503720876,0,57.96016797522682,0,1,0,0,13.751436521644797,0,0,58,0,0,0,0,0,0,0,0,0,0,0,13.37696504243014,17,22,0,0
2,2015-01-01 00:00:00,04:19:00,2,1,0,58,276.6,3.3198335319308594,0,0,0,13.630783243527263,13.352135313247606,0,57.9525230095803,0,1,0,0,13.738276607208197,0,0,58,0,0,0,0,0,0,0,0,0,0,0,13.36453503720876,17,22,0,0
2,2015-01-01 00:00:00,04:20:00,2,1,0,58,276.6,3.3172213201485308,0,0,0,13.61855021905084,13.339772146909395,0,57.944877228832354,0,1,0,0,13.72514254959049,0,0,58,0,0,0,0,0,0,0,0,0,0,0,13.352135313247606,17,22,0,0
2,2015-01-01 00:00:00,04:21:00,2,1,0,58,276.6,3.314609108366202,0,0,0,13.606328222742901,13.327444596216061,0,57.93723063938974,0,1,0,0,13.712034712764602,0,0,58,0,0,0,0,0,0,0,0,0,0,0,13.339772146909395,17,22,0,0
2,2015-01-01 00:00:00,04:22:00,2,1,0,58,276.6,3.312996896583874,0,0,0,13.59411842553885,13.315156187040277,0,57.92958324749662,0,1,0,0,13.69895341628336,0,0,58,0,0,0,0,0,0,0,0,0,0,0,13.327444596216061,17,22,0,0
2,2015-01-01 00:00:00,04:23:00,2,1,0,58,276.6,3.3108846848015454,0,0,0,13.581920259973952,13.302903801586833,0,57.92193506000054,0,1,0,0,13.685899088758084,0,0,58,0,0,0,0,0,0,0,0,0,0,0,13.315156187040277,17,22,0,0
2,2015-01-01 00:00:00,04:24:00,2,1,0,58,276.6,3.308522473019217,0,0,0,13.569733446628844,13.290685617503113,0,57.91428608321338,0,1,0,0,13.67287203817403,0,0,58,0,0,0,0,0,0,0,0,0,0,0,13.302903801586833,17,22,0,0
2,2015-01-01 00:00:00,04:25:00,2,1,0,58,276.6,3.3064102612368886,0,0,0,13.55755828467773,13.27850201406821,0,57.90663632313355,0,1,0,0,13.65987250005597,0,0,58,0,0,0,0,0,0,0,0,0,0,0,13.290685617503113,17,22,0,0
2,2015-01-01 00:00:00,04:26:00,2,1,50,58,326.6,3.30454804945456,0,0,0,13.545395073026596,13.26928069104031,0,57.89898578582342,0,1,0,0,13.64690071481829,0,0,108,0,0,0,0,0,0,0,0,0,0,0,13.27850201406821,17,22,0,0
2,2015-01-01 00:00:00,04:27:00,2,1,50,58,326.6,3.3054358376722317,0,0,0,13.533249884820162,13.25994751314895,0,57.891334979235744,0,1,0,0,13.63405649632244,0,0,108,0,0,0,0,0,0,0,0,0,0,0,13.26928069104031,17,22,0,0
2,2015-01-01 00:00:00,04:28:00,2,1,50,58,326.6,3.3045736258899034,0,0,0,13.52112054232797,13.250550433999074,0,57.883683884241556,0,1,0,0,13.621331700976404,0,0,108,0,0,0,0,0,0,0,0,0,0,0,13.25994751314895,17,22,0,0
2,2015-01-01 00:00:00,04:29:00,2,1,50,58,326.6,3.2972114141075752,0,0,0,13.508999411630434,13.241064828072439,0,57.8760324899358,0,1,0,0,13.608720093256085,0,0,108,0,0,0,0,0,0,0,0,0,0,0,13.250550433999074,17,22,0,0
2,2015-01-01 00:00:00,04:30:00,2,1,50,58,326.6,3.289849202325247,0,0,0,13.496886388176673,13.231495955083426,0,57.86838078119377,0,1,0,0,13.59621481212739,0,0,108,0,0,0,0,0,0,0,0,0,0,0,13.241064828072439,17,22,0,0
2,2015-01-01 00:00:00,04:31:00,2,1,50,58,326.6,3.282486990542919,0,0,0,13.484781372806497,13.22184831251462,0,57.86072874379501,0,1,0,0,13.583809408826575,0,0,108,0,0,0,0,0,0,0,0,0,0,0,13.231495955083426,17,22,0,0
2,2015-01-01 00:00:00,04:32:00,2,1,50,58,326.6,3.2751247787605906,0,0,0,13.472684270990094,13.212126161641805,0,57.853076364292505,0,1,0,0,13.571497806911202,0,0,108,0,0,0,0,0,0,0,0,0,0,0,13.22184831251462,17,22,0,0
2,2015-01-01 00:00:00,04:33:00,2,1,50,181,449.59999999999997,3.2677625669782624,0,0,0,13.460594992586085,13.209534840419638,0,57.84542362997205,0,1,0,0,13.559274281561903,0,0,231,0,0,0,0,0,0,0,0,0,0,0,13.212126161641805,17,22,0,0
2,2015-01-01 00:00:00,04:34:00,2,1,70,181,469.59999999999997,3.260400355195934,0,0,0,13.448520525630213,13.207659388823116,0,57.837771763322415,0,1,0,0,13.547378382203323,0,0,251,0,0,0,0,0,0,0,0,0,0,0,13.209534840419638,17,22,0,0
2,2015-01-01 00:00:00,04:35:00,2,1,50,181,449.59999999999997,3.253038143413606,0,0,0,13.436461541614577,13.204238004389333,0,57.83012088691536,0,1,0,0,13.535823314401275,0,0,231,0,0,0,0,0,0,0,0,0,0,0,13.207659388823116,17,22,0,0
2,2015-01-01 00:00:00,04:36:00,2,1,50,181,449.59999999999997,3.2456759316312778,0,0,0,13.424416488767767,13.200540859112282,0,57.82247073556407,0,1,0,0,13.524544902496107,0,0,231,0,0,0,0,0,0,0,0,0,0,0,13.204238004389333,17,22,0,0
2,2015-01-01 00:00:00,04:37:00,2,1,50,181,449.59999999999997,3.2383137198489496,0,0,0,13.412385066363887,13.196561560034922,0,57.81482126187096,0,1,0,0,13.51352435680278,0,0,231,0,0,0,0,0,0,0,0,0,0,0,13.200540859112282,17,22,0,0
2,2015-01-01 00:00:00,04:38:00,2,1,50,181,449.59999999999997,3.2309515080666213,0,0,0,13.400366968041206,13.192314229486902,0,57.80717241735064,0,1,0,0,13.502743309293669,0,0,231,0,0,0,0,0,0,0,0,0,0,0,13.196561560034922,17,22,0,0
2,2015-01-01 00:00:00,04:39:00,2,1,50,181,449.59999999999997,3.223589296284293,0,0,0,13.388361901966901,13.187811902459774,0,57.79952415594701,0,1,0,0,13.492184497055343,0,0,231,0,0,0,0,0,0,0,0,0,0,0,13.192314229486902,17,22,0,0
2,2015-01-01 00:00:00,04:40:00,2,1,50,181,449.59999999999997,3.216227084501965,0,0,0,13.376369589737827,13.183066928048484,0,57.79187643384641,0,1,0,0,13.481831687715358,0,0,231,0,0,0,0,0,0,0,0,0,0,0,13.187811902459774,17,22,0,0
2,2015-01-01 00:00:00,04:41:00,2,1,110,181,509.59999999999997,3.2088648727196367,0,0,0,13.364389765677974,13.181603834534531,0,57.7842292093597,0,1,0,0,13.471669621060022,0,0,291,0,0,0,0,0,0,0,0,0,0,0,13.183066928048484,17,22,0,0
2,2015-01-01 00:00:00,04:42:00,2,1,110,181,509.59999999999997,3.2015026609373085,0,0,0,13.35242562691284,13.179731398563456,0,57.77658304500973,0,1,0,0,13.46180343784487,0,0,291,0,0,0,0,0,0,0,0,0,0,0,13.181603834534531,17,22,0,0
2,2015-01-01 00:00:00,04:43:00,2,1,110,181,509.59999999999997,3.1941404491549803,0,0,0,13.34047673773881,13.177528228686704,0,57.76893787044177,0,1,0,0,13.45220915079448,0,0,291,0,0,0,0,0,0,0,0,0,0,0,13.179731398563456,17,22,0,0
2,2015-01-01 00:00:00,04:44:00,2,1,110,181,509.59999999999997,3.188528237372652,0,0,0,13.328544769852934,13.175016668049045,0,57.7612936287889,0,1,0,0,13.442866262287414,0,0,291,0,0,0,0,0,0,0,0,0,0,0,13.177528228686704,17,22,0,0
2,2015-01-01 00:00:00,04:45:00,2,1,110,181,509.59999999999997,3.1824160255903235,0,0,0,13.316628804286385,13.172209210669367,0,57.7536502670242,0,1,0,0,13.433755731871143,0,0,291,0,0,0,0,0,0,0,0,0,0,0,13.175016668049045,17,22,0,0
2,2015-01-01 00:00:00,04:46:00,2,1,210,181,609.5999999999999,3.177803813807995,0,0,0,13.304730255452753,13.174981136587379,0,57.74600773427168,0,1,0,0,13.424859591694212,0,0,391,0,0,0,0,0,0,0,0,0,0,0,13.172209210669367,17,22,0,0
2,2015-01-01 00:00:00,04:47:00,2,1,210,181,609.5999999999999,3.1734416020256666,0,0,0,13.292854856707871,13.177176024330718,0,57.738366986854935,0,1,0,0,13.416360324513708,0,0,391,0,0,0,0,0,0,0,0,0,0,0,13.174981136587379,17,22,0,0
2,2015-01-01 00:00:00,04:48:00,2,1,210,181,609.5999999999999,3.1693293902433384,0,0,0,13.281002281520218,13.178920853250236,0,57.73072792554707,0,1,0,0,13.40822480409932,0,0,391,0,0,0,0,0,0,0,0,0,0,0,13.177176024330718,17,22,0,0
2,2015-01-01 00:00:00,04:49:00,2,1,210,181,609.5999999999999,3.16396717846101,0,0,0,13.269170589436996,13.180230020319575,0,57.72309047290611,0,1,0,0,13.400425349988806,0,0,391,0,0,0,0,0,0,0,0,0,0,0,13.178920853250236,17,22,0,0
2,2015-01-01 00:00:00,04:50:00,2,0,0,183,338.59999999999997,3.1581049666786813,0,0,0,13.257358727982,13.165255754616725,0,57.71545455397138,0,1,0,0,13.392935712925228,0,0,183,0,0,0,0,0,0,0,0,0,0,0,13.180230020319575,17,22,0,0
2,2015-01-01 00:00:00,04:51:00,2,0,0,60,215.60000000000002,3.1522427548963527,0,0,0,13.245550659055999,13.143538387004385,0,57.707817377034345,0,1,0,0,13.385191496656232,0,0,60,0,0,0,0,0,0,0,0,0,0,0,13.165255754616725,17,22,0,0
2,2015-01-01 00:00:00,04:52:00,2,0,0,60,215.60000000000002,3.1526305431140242,0,0,0,13.233746997933105,13.12240544869446,0,57.70017778635034,0,1,0,0,13.376972003130659,0,0,60,0,0,0,0,0,0,0,0,0,0,0,13.143538387004385,17,22,0,0
2,2015-01-01 00:00:00,04:53:00,2,0,0,60,215.60000000000002,3.151768331331696,0,0,0,13.221946859808751,13.101706235871795,0,57.69253588252103,0,1,0,0,13.36831327678929,0,0,60,0,0,0,0,0,0,0,0,0,0,0,13.12240544869446,17,22,0,0
2,2015-01-01 00:00:00,04:54:00,2,0,0,60,215.60000000000002,3.1509061195493677,0,0,0,13.21015066319646,13.081421644259276,0,57.68489174029589,0,1,0,0,13.359245010091417,0,0,60,0,0,0,0,0,0,0,0,0,0,0,13.101706235871795,17,22,0,0
2,2015-01-01 00:00:00,04:55:00,2,0,0,60,215.60000000000002,3.1475439077670395,0,0,0,13.198355908020607,13.061520759297531,0,57.67724543113657,0,1,0,0,13.349795235743384,0,0,60,0,0,0,0,0,0,0,0,0,0,0,13.081421644259276,17,22,0,0
2,2015-01-01 00:00:00,04:56:00,2,0,0,60,215.60000000000002,3.150431695984711,0,0,0,13.186570215433752,13.042012030249799,0,57.66959702119283,0,1,0,0,13.339989981442505,0,0,60,0,0,0,0,0,0,0,0,0,0,0,13.061520759297531,17,22,0,0
2,2015-01-01 00:00:00,04:57:00,2,0,0,60,215.60000000000002,3.1525694842023824,0,0,0,13.174793081571522,13.022873244235571,0,57.66194657805153,0,1,0,0,13.329854676980169,0,0,60,0,0,0,0,0,0,0,0,0,0,0,13.042012030249799,17,22,0,0
2,2015-01-01 00:00:00,04:58:00,2,0,0,60,215.60000000000002,3.157457272420054,0,0,0,13.163028040325072,13.004098901624323,0,57.65429416548002,0,1,0,0,13.31941313164872,0,0,60,0,0,0,0,0,0,0,0,0,0,0,13.022873244235571,17,22,0,0
2,2015-01-01 00:00:00,04:59:00,2,0,0,60,215.60000000000002,3.1615950606377257,0,0,0,13.151274554117332,12.985668708844077,0,57.646639846291926,0,1,0,0,13.308688157838366,0,0,60,0,0,0,0,0,0,0,0,0,0,0,13.004098901624323,17,22,0,0
2,2015-01-01 00:00:00,05:00:00,2,0,0,60,215.60000000000002,3.1662328488553975,0,0,0,13.139533516050847,12.967569025170794,0,57.63898367981122,0,1,0,0,13.297701101750125,0,0,60,0,0,0,0,0,0,0,0,0,0,0,12.985668708844077,17,22,0,0
2,2015-01-01 00:00:00,05:01:00,2,0,0,60,215.60000000000002,3.171370637073069,0,0,0,13.1278058039156,12.949786890478098,0,57.63132572301328,0,1,0,0,13.28647211955355,0,0,60,0,0,0,0,0,0,0,0,0,0,0,12.967569025170794,17,22,0,0
2,2015-01-01 00:00:00,05:02:00,2,0,0,60,215.60000000000002,3.1745084252907407,0,0,0,13.116089381964263,12.932299301784989,0,57.62366603064199,0,1,0,0,13.275020241013568,0,0,60,0,0,0,0,0,0,0,0,0,0,0,12.949786890478098,17,22,0,0
2,2015-01-01 00:00:00,05:03:00,2,0,0,60,215.60000000000002,3.1771462135084123,0,0,0,13.104383935569135,12.915090936146083,0,57.616004653488474,0,1,0,0,13.263363066209875,0,0,60,0,0,0,0,0,0,0,0,0,0,0,12.932299301784989,17,22,0,0
2,2015-01-01 00:00:00,05:04:00,2,0,0,60,215.60000000000002,3.183534001726084,0,0,0,13.09269406389871,12.898165452811503,0,57.60834163970836,0,1,0,0,13.251517075391378,0,0,60,0,0,0,0,0,0,0,0,0,0,0,12.915090936146083,17,22,0,0
2,2015-01-01 00:00:00,05:05:00,2,0,0,60,215.60000000000002,3.1889217899437554,0,0,0,13.081018851905482,12.881505880929652,0,57.60067703807632,0,1,0,0,13.239498312718593,0,0,60,0,0,0,0,0,0,0,0,0,0,0,12.898165452811503,17,22,0,0
2,2015-01-01 00:00:00,05:06:00,2,0,0,60,215.60000000000002,3.195059578161427,0,0,0,13.069359399079275,12.865103938316246,0,57.59301089444938,0,1,0,0,13.227321699392439,0,0,60,0,0,0,0,0,0,0,0,0,0,0,12.881505880929652,17,22,0,0
2,2015-01-01 00:00:00,05:07:00,2,0,0,60,215.60000000000002,3.2016973663790984,0,0,0,13.057716504526512,12.848950638615472,0,57.5853432532569,0,1,0,0,13.215001367383044,0,0,60,0,0,0,0,0,0,0,0,0,0,0,12.865103938316246,17,22,0,0
2,2015-01-01 00:00:00,05:08:00,2,0,0,60,215.60000000000002,3.20783515459677,0,0,0,13.046089797244042,12.833033219231067,0,57.57767415738011,0,1,0,0,13.202550662322922,0,0,60,0,0,0,0,0,0,0,0,0,0,0,12.848950638615472,17,22,0,0
2,2015-01-01 00:00:00,05:09:00,2,0,0,60,215.60000000000002,3.2147229428144413,0,0,0,13.034480343949404,12.81734500035398,0,57.570003647505,0,1,0,0,13.189982041809595,0,0,60,0,0,0,0,0,0,0,0,0,0,0,12.833033219231067,17,22,0,0
2,2015-01-01 00:00:00,05:10:00,2,0,0,60,215.60000000000002,3.221860731032113,0,0,0,13.022888622728376,12.801877471511526,0,57.56233176316549,0,1,0,0,13.177307312508383,0,0,60,0,0,0,0,0,0,0,0,0,0,0,12.81734500035398,17,22,0,0
2,2015-01-01 00:00:00,05:11:00,2,0,0,60,215.60000000000002,3.2194985192497847,0,0,0,13.011303796470791,12.786580584373914,0,57.55465854242978,0,1,0,0,13.164537590025496,0,0,60,0,0,0,0,0,0,0,0,0,0,0,12.801877471511526,17,22,0,0
2,2015-01-01 00:00:00,05:12:00,2,0,0,60,215.60000000000002,3.216886307467456,0,0,0,12.999725728141373,12.771446632260256,0,57.546984014779824,0,1,0,0,13.151681909561157,0,0,60,0,0,0,0,0,0,0,0,0,0,0,12.786580584373914,17,22,0,0
2,2015-01-01 00:00:00,05:13:00,2,0,0,60,215.60000000000002,3.2142740956851275,0,0,0,12.988154563320501,12.756468701765579,0,57.539308208371395,0,1,0,0,13.138748736863848,0,0,60,0,0,0,0,0,0,0,0,0,0,0,12.771446632260256,17,22,0,0
2,2015-01-01 00:00:00,05:14:00,2,0,0,60,215.60000000000002,3.211661883902799,0,0,0,12.976590440485529,12.741640231461865,0,57.53163115017026,0,1,0,0,13.125746014581594,0,0,60,0,0,0,0,0,0,0,0,0,0,0,12.756468701765579,17,22,0,0
2,2015-01-01 00:00:00,05:15:00,2,0,0,60,215.60000000000002,3.2087996721204703,0,0,0,12.965033201479136,12.726953921414967,0,57.52395286601277,0,1,0,0,13.112681192026502,0,0,60,0,0,0,0,0,0,0,0,0,0,0,12.741640231461865,17,22,0,0
2,2015-01-01 00:00:00,05:16:00,2,0,0,60,215.60000000000002,3.2061874603381417,0,0,0,12.953483261097077,12.712405000193327,0,57.51627338047941,0,1,0,0,13.099561216835633,0,0,60,0,0,0,0,0,0,0,0,0,0,0,12.726953921414967,17,22,0,0
2,2015-01-01 00:00:00,05:17:00,2,0,0,60,215.60000000000002,3.2073252485558132,0,0,0,12.941945087056132,12.698004018240871,0,57.508592717328504,0,1,0,0,13.086392638038276,0,0,60,0,0,0,0,0,0,0,0,0,0,0,12.712405000193327,17,22,0,0
2,2015-01-01 00:00:00,05:18:00,2,0,0,60,215.60000000000002,3.2084630367734848,0,0,0,12.930418799478478,12.6837448855505,0,57.500910902122946,0,1,0,0,13.073182140766257,0,0,60,0,0,0,0,0,0,0,0,0,0,0,12.698004018240871,17,22,0,0
2,2015-01-01 00:00:00,05:19:00,2,0,0,60,215.60000000000002,3.2091008249911566,0,0,0,12.918903932461415,12.669619935510847,0,57.49322795937725,0,1,0,0,13.059935975622864,0,0,60,0,0,0,0,0,0,0,0,0,0,0,12.6837448855505,17,22,0,0
2,2015-01-01 00:00:00,05:20:00,2,0,0,60,215.60000000000002,3.2017386132088284,0,0,0,12.907391316790681,12.655589543005602,0,57.48554391228745,0,1,0,0,13.04665991983674,0,0,60,0,0,0,0,0,0,0,0,0,0,0,12.669619935510847,17,22,0,0
2,2015-01-01 00:00:00,05:21:00,2,0,0,60,215.60000000000002,3.1943764014265,0,0,0,12.895881040530366,12.641650459638308,0,57.47785877725271,0,1,0,0,13.033358206339082,0,0,60,0,0,0,0,0,0,0,0,0,0,0,12.655589543005602,17,22,0,0
2,2015-01-01 00:00:00,05:22:00,2,0,0,60,215.60000000000002,3.187014189644172,0,0,0,12.88437318836495,12.627799027622293,0,57.47017257011255,0,1,0,0,13.020034813594158,0,0,60,0,0,0,0,0,0,0,0,0,0,0,12.641650459638308,17,22,0,0
2,2015-01-01 00:00:00,05:23:00,2,0,0,271,426.59999999999997,3.1796519778618437,0,0,0,12.872867841204394,12.626385246130024,0,57.462485306076694,0,1,0,0,13.006693460329808,0,0,271,0,0,0,0,0,0,0,0,0,0,0,12.627799027622293,17,22,0,0
2,2015-01-01 00:00:00,05:24:00,2,0,0,271,426.59999999999997,3.1722897660795155,0,0,0,12.861377211499054,12.624386067865812,0,57.454799117494986,0,1,0,0,12.993757806785599,0,0,271,0,0,0,0,0,0,0,0,0,0,0,12.626385246130024,17,22,0,0
2,2015-01-01 00:00:00,05:25:00,2,0,0,271,426.59999999999997,3.1649275542971873,0,0,0,12.849900692675757,12.622037906142262,0,57.44711390382933,0,1,0,0,12.98119414219649,0,0,271,0,0,0,0,0,0,0,0,0,0,0,12.624386067865812,17,22,0,0
2,2015-01-01 00:00:00,05:26:00,2,0,0,271,426.59999999999997,3.157565342514859,0,0,0,12.83843791169527,12.619354869678867,0,57.43942960508687,0,1,0,0,12.968977943691243,0,0,271,0,0,0,0,0,0,0,0,0,0,0,12.622037906142262,17,22,0,0
2,2015-01-01 00:00:00,05:27:00,2,0,0,271,426.59999999999997,3.150203130732531,0,0,0,12.82698851017672,12.616353805998592,0,57.43174616370366,0,1,0,0,12.957086002398306,0,0,271,0,0,0,0,0,0,0,0,0,0,0,12.619354869678867,17,22,0,0
2,2015-01-01 00:00:00,05:28:00,2,0,0,271,426.59999999999997,3.1428409189502027,0,0,0,12.815552147056593,12.613050599407,0,57.424063525013764,0,1,0,0,12.94549647190852,0,0,271,0,0,0,0,0,0,0,0,0,0,0,12.616353805998592,17,22,0,0
2,2015-01-01 00:00:00,05:29:00,2,0,0,271,426.59999999999997,3.1354787071678745,0,0,0,12.804128497605447,12.609460283349566,0,57.41638163708366,0,1,0,0,12.934188789170372,0,0,271,0,0,0,0,0,0,0,0,0,0,0,12.613050599407,17,22,0,0
2,2015-01-01 00:00:00,05:30:00,2,0,0,271,426.59999999999997,3.1281164953855463,0,0,0,12.79271725255711,12.605597086303453,0,57.408700450565874,0,1,0,0,12.923143601897555,0,0,271,0,0,0,0,0,0,0,0,0,0,0,12.609460283349566,17,22,0,0
2,2015-01-01 00:00:00,05:31:00,2,0,0,271,426.59999999999997,3.120754283603218,0,0,0,12.78131811728481,12.601474476124638,0,57.40101991856057,0,1,0,0,12.9123427000066,0,0,271,0,0,0,0,0,0,0,0,0,0,0,12.605597086303453,17,22,0,0
2,2015-01-01 00:00:00,05:32:00,2,0,0,271,426.59999999999997,3.11339207182089,0,0,0,12.769930811022654,12.59710520191481,0,57.39333999648473,0,1,0,0,12.901768950894969,0,0,271,0,0,0,0,0,0,0,0,0,0,0,12.601474476124638,17,22,0,0
2,2015-01-01 00:00:00,05:33:00,2,0,0,271,426.59999999999997,3.1060298600385616,0,0,0,12.758555066129876,12.592501333563183,0,57.38566064194851,0,1,0,0,12.891406238344624,0,0,271,0,0,0,0,0,0,0,0,0,0,0,12.59710520191481,17,22,0,0
2,2015-01-01 00:00:00,05:34:00,2,0,0,271,426.59999999999997,3.0986676482562334,0,0,0,12.747190627395529,12.58767429909247,0,57.3779818146385,0,1,0,0,12.881239404848657,0,0,271,0,0,0,0,0,0,0,0,0,0,0,12.592501333563183,17,22,0,0
2,2015-01-01 00:00:00,05:35:00,2,0,0,271,426.59999999999997,3.091305436473905,0,0,0,12.73583725138133,12.58263491993125,0,57.37030347620727,0,1,0,0,12.871254197169876,0,0,271,0,0,0,0,0,0,0,0,0,0,0,12.58767429909247,17,22,0,0
2,2015-01-01 00:00:00,05:36:00,2,0,0,271,426.59999999999997,3.0844432246915767,0,0,0,12.724495285585801,12.577395600075754,0,57.36262559016905,0,1,0,0,12.861437214950875,0,0,271,0,0,0,0,0,0,0,0,0,0,0,12.58263491993125,17,22,0,0
2,2015-01-01 00:00:00,05:37:00,2,0,0,271,426.59999999999997,3.0773310129092484,0,0,0,12.71316421927008,12.571964864240204,0,57.354948122170754,0,1,0,0,12.851775935533354,0,0,271,0,0,0,0,0,0,0,0,0,0,0,12.577395600075754,17,22,0,0
2,2015-01-01 00:00:00,05:38:00,2,0,0,271,426.59999999999997,3.06996880112692,0,0,0,12.701843551163293,12.5663508179886,0,57.347271039326536,0,1,0,0,12.842258552156036,0,0,271,0,0,0,0,0,0,0,0,0,0,0,12.571964864240204,17,22,0,0
2,2015-01-01 00:00:00,05:39:00,2,0,0,271,426.59999999999997,3.062606589344592,0,0,0,12.690533078923147,12.560562194603099,0,57.339594310145735,0,1,0,0,12.832873935347619,0,0,271,0,0,0,0,0,0,0,0,0,0,0,12.5663508179886,17,22,0,0
2,2015-01-01 00:00:00,05:40:00,2,1,0,269,487.59999999999997,3.0552443775622637,0,0,0,12.679232609219667,12.55817863137703,0,57.331917904640214,0,1,0,0,12.823611631240663,0,0,269,0,0,0,0,0,0,0,0,0,0,0,12.560562194603099,17,22,0,0
2,2015-01-01 00:00:00,05:41:00,2,1,0,269,487.59999999999997,3.0478821657799355,0,0,0,12.667945465504395,12.555443947289126,0,57.32424240647909,0,1,0,0,12.814583297911968,0,0,269,0,0,0,0,0,0,0,0,0,0,0,12.55817863137703,17,22,0,0
2,2015-01-01 00:00:00,05:42:00,2,1,0,269,487.59999999999997,3.0405199539976073,0,0,0,12.656671274319637,12.552434808504845,0,57.31656775531465,0,1,0,0,12.80576903428534,0,0,269,0,0,0,0,0,0,0,0,0,0,0,12.555443947289126,17,22,0,0
2,2015-01-01 00:00:00,05:43:00,2,1,0,269,487.59999999999997,3.033157742215279,0,0,0,12.645409738318696,12.549163181369519,0,57.30889390395234,0,1,0,0,12.797152223884643,0,0,269,0,0,0,0,0,0,0,0,0,0,0,12.552434808504845,17,22,0,0
2,2015-01-01 00:00:00,05:44:00,2,1,100,269,587.5999999999999,3.025795530432951,0,0,0,12.634160572546605,12.551496137755505,0,57.30122080725704,0,1,0,0,12.78871722243855,0,0,369,0,0,0,0,0,0,0,0,0,0,0,12.549163181369519,17,22,0,0
2,2015-01-01 00:00:00,05:45:00,2,1,100,58,376.6,3.0184333186506227,0,0,0,12.62292925603048,12.540921399222963,0,57.293549425885125,0,1,0,0,12.780648478061575,0,0,158,0,0,0,0,0,0,0,0,0,0,0,12.551496137755505,17,22,0,0
2,2015-01-01 00:00:00,05:46:00,2,1,100,58,376.6,3.0110711068682945,0,0,0,12.611703070986875,12.530583323186995,0,57.28587754679484,0,1,0,0,12.772494495788154,0,0,158,0,0,0,0,0,0,0,0,0,0,0,12.540921399222963,17,22,0,0
2,2015-01-01 00:00:00,05:47:00,2,1,100,58,376.6,3.0037088950859663,0,0,0,12.600482238904217,12.520260961760515,0,57.27820521064223,0,1,0,0,12.764266224611244,0,0,158,0,0,0,0,0,0,0,0,0,0,0,12.530583323186995,17,22,0,0
2,2015-01-01 00:00:00,05:48:00,2,1,160,58,436.6,2.996346683303638,0,0,0,12.589266763753875,12.513469342383033,0,57.270532420199565,0,1,0,0,12.755966725874824,0,0,218,0,0,0,0,0,0,0,0,0,0,0,12.520260961760515,17,22,0,0
2,2015-01-01 00:00:00,05:49:00,2,1,160,58,436.6,2.9917344715213097,0,0,0,12.578063291216996,12.506516585455504,0,57.2628597808148,0,1,0,0,12.747718515551973,0,0,218,0,0,0,0,0,0,0,0,0,0,0,12.513469342383033,17,22,0,0
2,2015-01-01 00:00:00,05:50:00,2,1,200,58,476.6,2.995372259738981,0,0,0,12.566881203751986,12.501846408636231,0,57.255187264838455,0,1,0,0,12.73951436826978,0,0,258,0,0,0,0,0,0,0,0,0,0,0,12.506516585455504,17,22,0,0
2,2015-01-01 00:00:00,05:51:00,2,1,200,58,476.6,2.9980100479566527,0,0,0,12.555721538219453,12.496987893924402,0,57.24751526354882,0,1,0,0,12.731430424064557,0,0,258,0,0,0,0,0,0,0,0,0,0,0,12.501846408636231,17,22,0,0
2,2015-01-01 00:00:00,05:52:00,2,1,200,58,476.6,3.000897836174324,0,0,0,12.544584351477539,12.49199083665321,0,57.23984374457117,0,1,0,0,12.723456188345505,0,0,258,0,0,0,0,0,0,0,0,0,0,0,12.496987893924402,17,22,0,0
2,2015-01-01 00:00:00,05:53:00,2,1,200,58,476.6,3.0037856243919956,0,0,0,12.533469459285195,12.486861464477906,0,57.232172684072665,0,1,0,0,12.715583217199509,0,0,258,0,0,0,0,0,0,0,0,0,0,0,12.49199083665321,17,22,0,0
2,2015-01-01 00:00:00,05:54:00,2,1,200,58,476.6,3.0069234126096673,0,0,0,12.522376973806193,12.48160744332716,0,57.22450205929216,0,1,0,0,12.707803565746392,0,0,258,0,0,0,0,0,0,0,0,0,0,0,12.486861464477906,17,22,0,0
2,2015-01-01 00:00:00,05:55:00,2,1,200,58,476.6,3.0083112008273387,0,0,0,12.511304695353594,12.476227411150065,0,57.21683184878657,0,1,0,0,12.700109820085874,0,0,258,0,0,0,0,0,0,0,0,0,0,0,12.48160744332716,17,22,0,0
2,2015-01-01 00:00:00,05:56:00,2,1,200,58,476.6,3.0099489890450104,0,0,0,12.500252746754885,12.470728690811912,0,57.20916203088297,0,1,0,0,12.692494772162888,0,0,258,0,0,0,0,0,0,0,0,0,0,0,12.476227411150065,17,22,0,0
2,2015-01-01 00:00:00,05:57:00,2,1,200,58,476.6,3.011586777262682,0,0,0,12.489220967875285,12.465117028190438,0,57.20149258516753,0,1,0,0,12.684951708171358,0,0,258,0,0,0,0,0,0,0,0,0,0,0,12.470728690811912,17,22,0,0
2,2015-01-01 00:00:00,05:58:00,2,1,100,58,376.6,3.0102245654803537,0,0,0,12.478205725855982,12.453530237355396,0,57.193823492214904,0,1,0,0,12.67747433810398,0,0,158,0,0,0,0,0,0,0,0,0,0,0,12.465117028190438,17,22,0,0
2,2015-01-01 00:00:00,05:59:00,2,1,100,58,376.6,3.0093623536980254,0,0,0,12.467201695543785,12.442146788054712,0,57.18615372765693,0,1,0,0,12.669857191820014,0,0,158,0,0,0,0,0,0,0,0,0,0,0,12.453530237355396,17,22,0,0
2,2015-01-01 00:00:00,06:00:00,2,2,100,58,439.6,3.008250141915697,0,0,0,12.456208762779262,12.434545749444654,0,57.17848332646728,0,1,0,0,12.662111939991263,0,0,158,0,0,0,0,0,0,0,0,0,0,0,12.442146788054712,17,22,0,0
2,2015-01-01 00:00:00,06:01:00,2,2,100,58,439.6,3.0088879301333686,0,0,0,12.445232648597726,12.42684418252261,0,57.170812937168364,0,1,0,0,12.654371593374032,0,0,158,0,0,0,0,0,0,0,0,0,0,0,12.434545749444654,17,22,0,0
2,2015-01-01 00:00:00,06:02:00,2,2,200,58,539.6,3.0095257183510404,0,0,0,12.434273218224046,12.424963397485266,0,57.16314254252471,0,1,0,0,12.646632565794052,0,0,258,0,0,0,0,0,0,0,0,0,0,0,12.42684418252261,17,22,0,0
2,2015-01-01 00:00:00,06:03:00,2,2,200,58,539.6,3.011663506568712,0,0,0,12.423337893178848,12.422739954663264,0,57.15547314038556,0,1,0,0,12.639092798164501,0,0,258,0,0,0,0,0,0,0,0,0,0,0,12.424963397485266,17,22,0,0
2,2015-01-01 00:00:00,06:04:00,2,2,200,58,539.6,3.0138012947863833,0,0,0,12.412426285229705,12.420288684106472,3.54,55.81236167250372,0,1,0,0,12.631733857909357,0,0,258,0,0,0,0,0,0,0,0,0,0,0,12.422739954663264,17,22,0,0
2,2015-01-01 00:00:00,06:05:00,2,2,200,58,539.6,3.0166890830040547,0,0,0,12.40153898945402,12.417504969375923,0.4600000000000001,55.63633354046518,0,1,0,0,12.624541845194972,0,0,258,0,0,0,0,0,0,0,0,0,0,0,12.420288684106472,17,22,0,0
2,2015-01-01 00:00:00,06:06:00,2,2,300,58,639.6,3.0093268712217265,0,0,0,12.390663741612311,12.420318597007626,0,55.62892459842442,0,1,0,0,12.617499774588882,0,0,358,0,0,0,0,0,0,0,0,0,0,0,12.417504969375923,17,22,0,0
2,2015-01-01 00:00:00,06:07:00,2,2,200,58,539.6,3.0019646594393983,0,0,0,12.37980601430884,12.416729722865316,0,55.621517408824175,0,1,0,0,12.610792931814009,0,0,258,0,0,0,0,0,0,0,0,0,0,0,12.420318597007626,17,22,0,0
2,2015-01-01 00:00:00,06:08:00,2,2,200,58,539.6,2.99460244765707,0,0,0,12.3689594806785,12.41303261149622,0,55.6141108737923,0,1,0,0,12.604192142393986,0,0,258,0,0,0,0,0,0,0,0,0,0,0,12.416729722865316,17,22,0,0
2,2015-01-01 00:00:00,06:09:00,2,2,200,58,539.6,2.987240235874742,0,0,0,12.35812401042147,12.409131771901613,0,55.60670497466162,0,1,0,0,12.597690117533517,0,0,258,0,0,0,0,0,0,0,0,0,0,0,12.41303261149622,17,22,0,0
2,2015-01-01 00:00:00,06:10:00,2,2,200,58,539.6,2.9798780240924136,0,0,0,12.34729937971382,12.405037857366246,0,55.59929967639829,0,1,0,0,12.591276568362364,0,0,258,0,0,0,0,0,0,0,0,0,0,0,12.409131771901613,17,22,0,0
2,2015-01-01 00:00:00,06:11:00,2,2,200,58,539.6,2.9725158123100854,0,0,0,12.336485375676016,12.40075928701493,0,55.59189494580074,0,1,0,0,12.584941918328482,0,0,258,0,0,0,0,0,0,0,0,0,0,0,12.405037857366246,17,22,0,0
2,2015-01-01 00:00:00,06:12:00,2,2,200,58,539.6,2.9651536005277572,0,0,0,12.325681794154804,12.39630407956154,3.54,54.293328286251295,0,1,0,0,12.578677202977682,0,0,258,0,0,0,0,0,0,0,0,0,0,0,12.40075928701493,17,22,0,0
2,2015-01-01 00:00:00,06:13:00,2,2,200,58,539.6,2.957791388745429,0,0,0,12.31488843931119,12.391566455467357,0.4600000000000001,54.12314649115103,0,1,0,0,12.572474035514547,0,0,258,0,0,0,0,0,0,0,0,0,0,0,12.39630407956154,17,22,0,0
2,2015-01-01 00:00:00,06:14:00,2,2,200,58,539.6,2.950429176963101,0,0,0,12.304105011815755,12.386658852855566,0,54.11599250600206,0,1,0,0,12.566320716465324,0,0,258,0,0,0,0,0,0,0,0,0,0,0,12.391566455467357,17,22,0,0
2,2015-01-01 00:00:00,06:15:00,2,2,200,58,539.6,2.9430669651807726,0,0,0,12.293331323431001,12.381601023911156,0,54.10883890594723,0,1,0,0,12.560209768723496,0,0,258,0,0,0,0,0,0,0,0,0,0,0,12.386658852855566,17,22,0,0
2,2015-01-01 00:00:00,06:16:00,2,2,200,58,539.6,2.9357047533984444,0,0,0,12.282567205725677,12.376399051820691,0,54.10168566516745,0,1,0,0,12.554134641348927,0,0,258,0,0,0,0,0,0,0,0,0,0,0,12.381601023911156,17,22,0,0
2,2015-01-01 00:00:00,06:17:00,2,2,200,58,539.6,2.928342541616116,0,0,0,12.271812496604964,12.371058928071658,0,54.09453275889088,0,1,0,0,12.54808921313368,0,0,258,0,0,0,0,0,0,0,0,0,0,0,12.376399051820691,17,22,0,0
2,2015-01-01 00:00:00,06:18:00,2,2,200,58,539.6,2.920980329833788,0,0,0,12.26106704020682,12.365586343079942,0,54.08738016337702,0,1,0,0,12.542067774866265,0,0,258,0,0,0,0,0,0,0,0,0,0,0,12.371058928071658,17,22,0,0
2,2015-01-01 00:00:00,06:19:00,2,2,260,58,599.6,2.9136181180514598,0,0,0,12.250330686592882,12.363499539065735,0,54.08022785586497,0,1,0,0,12.536065005077614,0,0,318,0,0,0,0,0,0,0,0,0,0,0,12.365586343079942,17,22,0,0
2,2015-01-01 00:00:00,06:20:00,2,1,260,58,536.6,2.9062559062691316,0,0,0,12.239606742203444,12.357412883504564,0,54.073076416724945,0,1,0,0,12.53019543140374,0,0,318,0,0,0,0,0,0,0,0,0,0,0,12.363499539065735,17,22,0,0
2,2015-01-01 00:00:00,06:21:00,2,1,260,58,536.6,2.8988936944868033,0,0,0,12.228891251304827,12.351286798190376,0,54.06592516011925,0,1,0,0,12.524318473992203,0,0,318,0,0,0,0,0,0,0,0,0,0,0,12.357412883504564,17,22,0,0
2,2015-01-01 00:00:00,06:22:00,2,1,260,58,536.6,2.891531482704475,0,0,0,12.218184157057703,12.345059270789031,0,54.058774079257205,0,1,0,0,12.518433042842481,0,0,318,0,0,0,0,0,0,0,0,0,0,0,12.351286798190376,17,22,0,0
2,2015-01-01 00:00:00,06:23:00,2,1,260,58,536.6,2.884169270922147,0,0,0,12.207485341828216,12.33873522186557,0,54.05162315671861,0,1,0,0,12.512535975765834,0,0,318,0,0,0,0,0,0,0,0,0,0,0,12.345059270789031,17,22,0,0
2,2015-01-01 00:00:00,06:24:00,2,1,260,58,536.6,2.8768070591398187,0,0,0,12.196794693068068,12.332318270909978,3,52.987233420168536,0,1,0,0,12.506624385497117,0,0,318,0,0,0,0,0,0,0,0,0,0,0,12.33873522186557,17,22,0,0
2,2015-01-01 00:00:00,06:25:00,2,1,200,58,476.6,2.8694448473574905,0,0,0,12.186112102025538,12.322206204043788,0,52.980264006142946,0,1,0,0,12.500695606089392,0,0,258,0,0,0,0,0,0,0,0,0,0,0,12.332318270909978,17,22,0,0
2,2015-01-01 00:00:00,06:26:00,2,1,200,58,476.6,2.8620826355751623,0,0,0,12.175433921636873,12.312202497378038,0,52.97329405337687,0,1,0,0,12.494624537992603,0,0,258,0,0,0,0,0,0,0,0,0,0,0,12.322206204043788,17,22,0,0
2,2015-01-01 00:00:00,06:27:00,2,1,400,58,676.6,2.854720423792834,0,0,0,12.164760248899857,12.31394982848539,0,52.9663235805387,0,1,0,0,12.488419706679183,0,0,458,0,0,0,0,0,0,0,0,0,0,0,12.312202497378038,17,22,0,0
2,2015-01-01 00:00:00,06:28:00,2,1,400,58,676.6,2.847358212010506,0,0,0,12.154102617498468,12.315105214753554,0,52.95935460218121,0,1,0,0,12.482485357080755,0,0,458,0,0,0,0,0,0,0,0,0,0,0,12.31394982848539,17,22,0,0
2,2015-01-01 00:00:00,06:29:00,2,1,500,58,776.6,2.8399960002281777,0,0,0,12.143460411591594,12.321747554212202,0,52.95238701657193,0,1,0,0,12.476792154960782,0,0,558,0,0,0,0,0,0,0,0,0,0,0,12.315105214753554,17,22,0,0
2,2015-01-01 00:00:00,06:30:00,2,1,500,2492,3210.5999999999995,2.8326337884458495,0,0,0,12.132838988111065,12.470223780679126,0,52.94542176409267,0,1,0,0,12.47151852908498,0,0,2992,0,0,0,0,0,0,0,0,0,0,0,12.321747554212202,17,22,0,0
2,2015-01-01 00:00:00,06:31:00,2,1,500,2703,3421.5999999999995,2.8252715766635212,0,0,0,12.122377629524841,12.622827014061007,0,52.93848315872409,0,1,0,0,12.471474490023557,0,0,3203,0,0,0,0,0,0,0,0,0,0,0,12.470223780679126,17,22,0,0
2,2015-01-01 00:00:00,06:32:00,2,1,500,2826,3544.5999999999995,2.817909364881193,0,0,0,12.112080047052965,12.776525347454488,0,52.931571903385006,0,1,0,0,12.476622535058844,0,0,3326,0,0,0,0,0,0,0,0,0,0,0,12.622827014061007,17,22,0,0
2,2015-01-01 00:00:00,06:33:00,2,1,400,402,1010.5999999999999,2.810547153098865,0,0,21749.999999999996,12.101946965648297,12.775830736432795,0,52.92468818111828,1,1,1,0,16.164601151124298,0,0,802,21749.999999999996,0,2.61,0,0,0,0,0,0,0,0,12.776525347454488,17,22,0,0
2,2015-01-01 00:00:00,06:34:00,2,1,400,402,1010.5999999999999,2.8031849413165366,0,0,21749.999999999996,12.091826368908158,12.820822796866908,1,52.5744080143931,1,1,1,0,19.727114691438487,0,0,802,21749.999999999996,0,2.61,0,0,0,0,0,0,0,0,12.775830736432795,17,22,0,0
2,2015-01-01 00:00:00,06:35:00,2,1,400,402,1010.5999999999999,2.7958227295342084,0,0,21749.999999999996,12.08176310925404,12.9050504307359,0,52.56759311407009,1,1,1,0,23.169984644001655,0,0,802,21749.999999999996,0,2.61,0,0,0,0,0,0,0,0,12.820822796866908,17,22,0,0
2,2015-01-01 00:00:00,06:36:00,2,1,300,402,910.5999999999999,2.78846051775188,0,0,21749.999999999996,12.07179560596297,13.019898789767032,0,52.560793821038665,1,1,1,0,26.49861506191536,0,0,702,21749.999999999996,0,2.61,0,0,0,0,0,0,0,0,12.9050504307359,17,22,0,0
2,2015-01-01 00:00:00,06:37:00,2,1,300,402,910.5999999999999,2.781098305969552,0,0,21749.999999999996,12.06195373344055,13.168857831763232,0,52.554015381890444,1,1,1,0,29.717933164901087,0,0,702,21749.999999999996,0,2.61,0,0,0,0,0,0,0,0,13.019898789767032,17,22,0,0
2,2015-01-01 00:00:00,06:38:00,2,1,300,402,910.5999999999999,2.7754860941872237,0,0,21749.999999999996,12.052272759625817,13.349302430899769,0,52.547263640596135,1,1,1,0,32.832817286220504,0,0,702,21749.999999999996,0,2.61,0,0,0,0,0,0,0,0,13.168857831763232,17,22,0,0
2,2015-01-01 00:00:00,06:39:00,2,1,300,402,910.5999999999999,2.769623882404895,0,0,21749.999999999996,12.042782979049788,13.558854690776647,0,52.540543990103046,1,1,1,0,35.84789053943846,0,0,702,21749.999999999996,0,2.61,0,0,0,0,0,0,0,0,13.349302430899769,17,22,0,0
2,2015-01-01 00:00:00,06:40:00,2,2,300,402,973.5999999999999,2.7645116706225665,0,0,21749.999999999996,12.033513445058977,13.79897070107837,0,52.53386141479459,1,1,1,0,38.76753790852917,0,0,702,21749.999999999996,0,2.61,0,0,0,0,0,0,0,0,13.558854690776647,17,22,0,0
2,2015-01-01 00:00:00,06:41:00,2,2,300,402,973.5999999999999,2.7588994588402382,0,0,21749.999999999996,12.024493129661,14.063659761814481,0,52.5272211478151,1,1,1,0,41.59604475521209,0,0,702,21749.999999999996,0,2.61,0,0,0,0,0,0,0,0,13.79897070107837,17,22,0,0
2,2015-01-01 00:00:00,06:42:00,2,2,300,1309,1517.8000000000002,2.75328724705791,0,0,21749.999999999996,12.015745637778943,14.382880794846516,1,52.18040962525212,1,1,1,0,44.337346915298184,0,0,1609,21749.999999999996,0,2.61,0,0,0,0,0,0,0,0,14.063659761814481,17,22,0,0
2,2015-01-01 00:00:00,06:43:00,2,2,300,1309,1517.8000000000002,2.7476750352755817,0,0,21749.999999999996,12.007323953176371,14.72117485005515,0,52.17393004888119,1,1,1,0,46.99626536357972,0,0,1609,21749.999999999996,0,2.61,0,0,0,0,0,0,0,0,14.382880794846516,17,22,0,0
2,2015-01-01 00:00:00,06:44:00,2,2,300,1309,1517.8000000000002,2.741812823493253,0,0,21749.999999999996,11.999245824023198,15.077454615312126,0,52.16750957656139,1,1,1,0,49.576251009375774,0,0,1609,21749.999999999996,0,2.61,0,0,0,0,0,0,0,0,14.72117485005515,17,22,0,0
2,2015-01-01 00:00:00,06:45:00,2,2,300,402,973.5999999999999,2.7382006117109245,0,0,21749.999999999996,11.991530791306786,15.41828249756814,0,52.16115128142518,1,1,1,0,52.080600400731726,0,0,702,21749.999999999996,0,2.61,0,0,0,0,0,0,0,0,15.077454615312126,17,22,0,0
2,2015-01-01 00:00:00,06:46:00,2,2,300,402,973.5999999999999,2.740088399928596,0,0,21749.999999999996,11.984169276178063,15.77578297859746,0,52.15485250391937,1,1,1,0,54.51136062511149,0,0,702,21749.999999999996,0,2.61,0,0,0,0,0,0,0,0,15.41828249756814,17,22,0,0
2,2015-01-01 00:00:00,06:47:00,2,2,300,402,973.5999999999999,2.741726188146268,0,0,10681.539328892737,11.977176609458294,16.14794860238262,0,52.14861609200074,1,1,1,0,55,0,0,702,10681.539328892737,0,1.2817847194671286,0,0,0,0,0,0,0,0,15.77578297859746,17,22,0,0
2,2015-01-01 00:00:00,06:48:00,2,2,300,402,973.5999999999999,2.7426139763639394,0,0,0,11.970565537372146,16.511388668004503,0,52.142444549002526,1,1,0,0,53.67850165314226,0,0,702,0,0,0,0,0,0,0,0,0,0,0,16.14794860238262,17,22,0,0
2,2015-01-01 00:00:00,06:49:00,2,2,300,402,973.5999999999999,2.740751764581611,0,0,0,11.964323482430594,16.845487843506874,0,52.13633636799435,1,1,0,0,52.414314136640975,0,0,702,0,0,0,0,0,0,0,0,0,0,0,16.511388668004503,17,22,0,0
2,2015-01-01 00:00:00,06:50:00,1,2,300,279,703.5999999999999,2.7391395527992826,0,0,0,11.9584211218384,17.1365648138112,0,52.130286508247295,1,1,0,0,51.204490113064985,0,0,579,0,0,0,0,0,0,0,0,0,0,0,16.845487843506874,17,22,0,0
2,2015-01-01 00:00:00,06:51:00,1,2,300,2713,3137.5999999999995,2.7375273410169543,0,0,0,11.952815466215407,17.545428108179657,0,52.12428758452825,1,1,0,0,50.04571714370261,0,0,3013,0,0,0,0,0,0,0,0,0,0,0,17.1365648138112,17,22,0,0
2,2015-01-01 00:00:00,06:52:00,1,2,300,2713,3137.5999999999995,2.730165129234626,0,0,0,11.947614916978495,17.923112859927816,0,52.11835978004659,1,1,0,0,48.940265135691625,0,0,3013,0,0,0,0,0,0,0,0,0,0,0,17.545428108179657,17,22,0,0
2,2015-01-01 00:00:00,06:53:00,1,2,300,2502,2926.5999999999995,2.722802917452298,0,0,0,11.942787978968322,18.261475586658303,0,52.112497737717426,1,1,0,0,47.88525995624388,0,0,2802,0,0,0,0,0,0,0,0,0,0,0,17.923112859927816,17,22,0,0
2,2015-01-01 00:00:00,06:54:00,1,2,300,68,492.6,2.7154407056699696,0,0,0,11.938295224938045,18.432588197467897,0,52.10669470534867,1,1,0,0,46.87764824299267,0,0,368,0,0,0,0,0,0,0,0,0,0,0,18.261475586658303,17,22,0,0
2,2015-01-01 00:00:00,06:55:00,1,2,300,68,492.6,2.7080784938876414,0,0,0,11.93397164512013,18.58790930637056,3.54,50.90846040732042,1,1,0,0,45.91012919382516,0,0,368,0,0,0,0,0,0,0,0,0,0,0,18.432588197467897,17,22,0,0
2,2015-01-01 00:00:00,06:56:00,1,2,300,68,492.6,2.7007162821053132,0,0,21749.999999999996,11.929801364773011,18.725975811771942,0.4600000000000001,53.238090892832744,1,1,1,1,44.98080198676888,0,0,368,0,21749.999999999996,2.61,0,0,0,0,0,0,0,0,18.58790930637056,17,22,0,0
2,2015-01-01 00:00:00,06:57:00,1,2,300,68,492.6,2.693354070322985,0,0,21749.999999999996,11.9257671059158,18.84822768104841,0,55.71788881596171,1,1,1,1,44.087780688299596,0,0,368,0,21749.999999999996,2.61,0,0,0,0,0,0,0,0,18.725975811771942,17,22,0,0
2,2015-01-01 00:00:00,06:58:00,1,2,300,68,492.6,2.685991858540657,0,0,21749.999999999996,11.921853042091277,18.955684501509673,0,57,1,1,1,1,45.00075085872728,0,0,368,10476.222647962566,11273.77735203743,2.61,0,0,0,0,0,0,0,0,18.84822768104841,17,22,0,0
2,2015-01-01 00:00:00,06:59:00,1,2,300,68,492.6,2.6786296467583286,0,0,21749.999999999996,11.918044382307007,19.07005677267229,0,57,1,1,1,1,47.782992533555095,0,0,368,21692.933526752262,57.06647324773549,2.61,0,0,0,0,0,0,0,0,18.955684501509673,17,22,0,0
2,2015-01-01 00:00:00,07:00:00,1,2,300,68,492.6,2.6712674349760004,0,0,56.89491484099156,11.914347694019085,19.21263790552357,0,57,1,1,1,1,46.80636206549786,0,0,368,0,56.89491484099156,0.006827389780918988,0,0,0,0,0,0,0,0,19.07005677267229,17,22,0,0
2,2015-01-01 00:00:00,07:01:00,1,2,300,68,492.6,2.663905223193672,0,0,56.68104314171464,11.91079044766805,19.337751884321968,0,57,1,1,1,1,45.86780001924023,0,0,368,0,56.68104314171464,0.006801725177005757,0,0,0,0,0,0,0,0,19.21263790552357,17,22,0,0
2,2015-01-01 00:00:00,07:02:00,1,2,300,68,492.6,2.656543011411344,0,0,56.493372173517045,11.90735518616067,19.447245188937075,0,57,1,1,1,1,44.965417429617155,0,0,368,0,56.493372173517045,0.006779204660822046,0,0,0,0,0,0,0,0,19.337751884321968,17,22,0,0
2,2015-01-01 00:00:00,07:03:00,1,2,300,68,492.6,2.6491807996290158,0,0,56.32913221659439,11.904026303638432,19.54210855009811,0,57,1,1,1,1,44.09745238741715,0,0,368,0,56.32913221659439,0.006759495865991327,0,0,0,0,0,0,0,0,19.447245188937075,17,22,0,0
2,2015-01-01 00:00:00,07:04:00,1,2,300,68,492.6,2.6418185878466875,0,0,56.18683717485283,11.900789200888564,19.62328782762546,0,57,1,1,1,1,43.26223661063759,0,0,368,0,56.18683717485283,0.006742420460982341,0,0,0,0,0,0,0,0,19.54210855009811,17,22,0,0
2,2015-01-01 00:00:00,07:05:00,1,2,300,68,492.6,2.635206376064359,0,0,56.06506825856181,11.897631108787927,19.691677045956673,0,57,1,1,1,1,42.458190733664395,0,0,368,0,56.06506825856181,0.006727808191027418,0,0,0,0,0,0,0,0,19.62328782762546,17,22,0,0
2,2015-01-01 00:00:00,07:06:00,1,2,300,2533,2957.5999999999995,2.6370941642820305,0,0,55.96248443106499,11.8945491504571,19.892470632187784,0,57,1,1,1,1,41.683819519796785,0,0,2833,0,55.96248443106499,0.0067154981317278,0,0,0,0,0,0,0,0,19.691677045956673,17,22,0,0
2,2015-01-01 00:00:00,07:07:00,1,2,300,2533,2957.5999999999995,2.635731952499702,0,0,55.66129405171832,11.891669458350355,20.07434007219411,0,57,1,1,1,1,40.942617176680834,0,0,2833,0,55.66129405171832,0.006679355286206199,0,0,0,0,0,0,0,0,19.892470632187784,17,22,0,0
2,2015-01-01 00:00:00,07:08:00,1,2,360,2533,3017.5999999999995,2.6343697407173736,0,0,55.38848989170883,11.888973009571473,20.24434024940952,0,57,1,1,1,1,40.23281183299081,0,0,2893,0,55.38848989170883,0.00664661878700506,0,0,0,0,0,0,0,0,20.07434007219411,17,22,0,0
2,2015-01-01 00:00:00,07:09:00,1,2,360,99,583.6,2.633007528935045,0,0,11701.733489625885,11.886447752158094,20.257164403787364,3.54,57,1,1,1,1,39.55293184715472,0,0,459,0,11701.733489625885,1.4042080187551065,0,0,0,0,0,0,0,0,20.24434024940952,17,22,0,0
2,2015-01-01 00:00:00,07:10:00,1,2,360,99,583.6,2.6293953171527167,0,0,4858.51425339432,11.883936312456429,20.263949707648994,1.4600000000000004,57,1,1,1,1,38.89661322663202,0,0,459,0,4858.51425339432,0.5830217104073184,0,0,0,0,0,0,0,0,20.257164403787364,17,22,0,0
2,2015-01-01 00:00:00,07:11:00,1,2,360,99,583.6,2.625783105370388,0,0,55.10407543852651,11.881432728756177,20.26277548791291,0,57,1,1,1,1,38.26284916136049,0,0,459,0,55.10407543852651,0.006612489052623182,0,0,0,0,0,0,0,0,20.263949707648994,17,22,0,0
2,2015-01-01 00:00:00,07:12:00,1,2,360,99,583.6,2.62167089358806,0,0,55.10583676813063,11.878928585605877,20.25423770545132,0,57,1,1,1,1,37.65060175750173,0,0,459,0,55.10583676813063,0.006612700412175676,0,0,0,0,0,0,0,0,20.26277548791291,17,22,0,0
2,2015-01-01 00:00:00,07:13:00,1,2,360,99,583.6,2.6195586818057315,0,0,55.11864344182302,11.876418969932502,20.238867705921088,0,57,1,1,1,1,37.05888869450682,0,0,459,0,55.11864344182302,0.006614237213018763,0,0,0,0,0,0,0,0,20.25423770545132,17,22,0,0
2,2015-01-01 00:00:00,07:14:00,1,2,300,99,523.6,2.617446470023403,0,0,55.141698441118365,11.873897181999574,20.21364461538548,0,57,1,1,1,1,36.48677913707193,0,0,399,0,55.141698441118365,0.006617003812934205,0,0,0,0,0,0,0,0,20.238867705921088,17,22,0,0
2,2015-01-01 00:00:00,07:15:00,1,2,300,99,523.6,2.6153342582410746,0,0,55.17953307692178,11.871353568940577,20.182733584730375,0,57,1,1,1,1,35.93327116014382,0,0,399,0,55.17953307692178,0.006621543969230614,0,0,0,0,0,0,0,0,20.21364461538548,17,22,0,0
2,2015-01-01 00:00:00,07:16:00,1,2,300,99,523.6,2.6137220464587463,0,0,55.225899622904436,11.86878316988175,20.146503914129763,0,57,1,1,1,1,35.39753858955152,0,0,399,0,55.225899622904436,0.006627107954748533,0,0,0,0,0,0,0,0,20.182733584730375,17,22,0,0
2,2015-01-01 00:00:00,07:17:00,1,2,300,99,523.6,2.610359834676418,0,0,55.28024412880536,11.866178788314308,20.105352336614217,0,57,1,1,1,1,34.87879591351677,0,0,399,0,55.28024412880536,0.006633629295456644,0,0,0,0,0,0,0,0,20.146503914129763,17,22,0,0
2,2015-01-01 00:00:00,07:18:00,1,2,300,99,523.6,2.6072476228940897,0,0,55.341971495078674,11.863535952005334,20.05965933416679,0,57,1,1,1,1,34.37629783266974,0,0,399,0,55.341971495078674,0.006641036579409442,0,0,0,0,0,0,0,0,20.105352336614217,17,22,0,0
2,2015-01-01 00:00:00,07:19:00,1,2,300,99,523.6,2.5998854111117615,0,0,55.410510998749814,11.860845353990934,20.009762961471562,0,57,1,1,1,1,33.88933733952339,0,0,399,0,55.410510998749814,0.006649261319849978,0,0,0,0,0,0,0,0,20.05965933416679,17,22,0,0
2,2015-01-01 00:00:00,07:20:00,1,2,300,99,523.6,2.5925231993294333,0,0,55.48535555779266,11.858102967495753,19.95599894666017,0,57,1,1,1,1,33.417242972922985,0,0,399,0,55.48535555779266,0.00665824266693512,0,0,0,0,0,0,0,0,20.009762961471562,17,22,0,0
2,2015-01-01 00:00:00,07:21:00,1,2,300,2533,2957.5999999999995,2.585160987547105,0,0,55.56600158000975,11.855305104163527,20.041186274279738,0,57,1,1,1,1,32.95937752985282,0,0,2833,0,55.56600158000975,0.006667920189601171,0,0,0,0,0,0,0,0,19.95599894666017,17,22,0,0
2,2015-01-01 00:00:00,07:22:00,1,2,240,2533,2897.5999999999995,2.577798775764777,0,0,55.43822058858039,11.852588378205812,20.11191798734862,0,57,1,1,1,1,32.51998326945918,0,0,2773,0,55.43822058858039,0.0066525864706296475,0,0,0,0,0,0,0,0,20.041186274279738,17,22,0,0
2,2015-01-01 00:00:00,07:23:00,1,2,240,2533,2897.5999999999995,2.5711865639824483,0,0,55.33212301897707,11.849939285400216,20.17494060787019,0,57,1,1,1,1,32.097940232652704,0,0,2773,0,55.33212301897707,0.00663985476227725,0,0,0,0,0,0,0,0,20.11191798734862,17,22,0,0
2,2015-01-01 00:00:00,07:24:00,1,2,240,99,463.6,2.56407435220012,0,0,55.23758908819471,11.847349528263562,20.088137508182772,0,57,1,1,1,1,31.69239602772813,0,0,339,0,55.23758908819471,0.006628510690583366,0,0,0,0,0,0,0,0,20.17494060787019,17,22,0,0
2,2015-01-01 00:00:00,07:25:00,1,2,240,111,475.6,2.5592121404177917,0,0,55.36779373772584,11.844674411178772,20.0028776448762,0,57,1,1,1,1,31.297693356995293,0,0,351,0,55.36779373772584,0.0066441352485271015,0,0,0,0,0,0,0,0,20.088137508182772,17,22,0,0
2,2015-01-01 00:00:00,07:26:00,1,2,240,111,475.6,2.553349928635463,0,0,55.4956835326857,11.841914473367261,19.91609060976097,0,57,1,1,1,1,30.913515951821175,0,0,351,0,55.4956835326857,0.006659482023922286,0,0,0,0,0,0,0,0,20.0028776448762,17,22,0,0
2,2015-01-01 00:00:00,07:27:00,1,2,240,111,475.6,2.5472377168531346,0,0,55.62586408535854,11.839068106434409,19.828004592589835,0,57,1,1,1,1,30.539453865356542,0,0,351,0,55.62586408535854,0.006675103690243026,0,0,0,0,0,0,0,0,19.91609060976097,17,22,0,0
2,2015-01-01 00:00:00,07:28:00,1,2,240,111,475.6,2.541125505070806,0,0,55.75799311111525,11.836134219479735,19.738782381483684,0,57,1,1,1,1,30.17511885607876,0,0,351,0,55.75799311111525,0.006690959173333831,0,0,0,0,0,0,0,0,19.828004592589835,17,22,0,0
2,2015-01-01 00:00:00,07:29:00,1,2,240,111,475.6,2.5352632932884775,0,0,55.891826427774475,11.833112173742817,19.648578131016013,0,57,1,1,1,1,29.820141424970085,0,0,351,0,55.891826427774475,0.006707019171332938,0,0,0,0,0,0,0,0,19.738782381483684,17,22,0,0
2,2015-01-01 00:00:00,07:30:00,1,2,240,111,475.6,2.529901081506149,0,0,56.02713280347598,11.830001773153905,19.557537008095252,0,57,1,1,1,1,29.4741698843594,0,0,351,0,56.02713280347598,0.006723255936417118,0,0,0,0,0,0,0,0,19.648578131016013,17,22,0,0
2,2015-01-01 00:00:00,07:31:00,1,2,240,111,475.6,2.5307888697238208,0,0,56.16369448785712,11.82680963219438,19.46581947176353,0,57,1,1,1,1,29.136869446391234,0,0,351,0,56.16369448785712,0.006739643338542855,0,0,0,0,0,0,0,0,19.557537008095252,17,22,0,0
2,2015-01-01 00:00:00,07:32:00,1,2,240,234,598.5999999999999,2.532176657941492,0,0,56.3012707923547,11.823535841270955,19.380752374291166,0,57,1,1,1,1,28.807922168342674,0,0,474,0,56.3012707923547,0.006756152495082565,0,0,0,0,0,0,0,0,19.46581947176353,17,22,0,0
2,2015-01-01 00:00:00,07:33:00,1,2,240,234,598.5999999999999,2.532314446159164,0,0,3346.4288714385634,11.82018565869902,19.294856061556697,1,57,1,1,1,1,28.4872701345314,0,0,474,0,3346.4288714385634,0.40157146457262766,0,0,0,0,0,0,0,0,19.380752374291166,17,22,0,0
2,2015-01-01 00:00:00,07:34:00,1,2,240,234,598.5999999999999,2.5327022343768353,0,0,14993.157715907666,11.816758723435182,19.20837917336796,4.54,57,1,1,1,1,28.174602989192124,0,0,474,0,14993.157715907666,1.7991789259089201,0,0,0,0,0,0,0,0,19.294856061556697,17,22,0,0
2,2015-01-01 00:00:00,07:35:00,1,2,240,234,598.5999999999999,2.535090022594507,0,0,8150.087431239949,11.813256948702767,19.121440702235034,2.46,57,1,1,1,1,27.86962939001443,0,0,474,0,8150.087431239949,0.9780104917487941,0,0,0,0,0,0,0,0,19.20837917336796,17,22,0,0
2,2015-01-01 00:00:00,07:36:00,1,2,240,234,598.5999999999999,2.5409778108121786,0,0,56.81783894664745,11.809684099872175,19.03416029367331,0,57,1,1,1,1,27.57207195165459,0,0,474,0,56.81783894664745,0.006818140673597694,0,0,0,0,0,0,0,0,19.121440702235034,17,22,0,0
2,2015-01-01 00:00:00,07:37:00,1,2,300,234,658.5999999999999,2.5466155990298502,0,0,56.948759559490036,11.80603970339038,18.95014653020149,0,57,1,1,1,1,27.281666793219852,0,0,534,0,56.948759559490036,0.006833851147138805,0,0,0,0,0,0,0,0,19.03416029367331,17,22,0,0
2,2015-01-01 00:00:00,07:38:00,1,2,300,234,658.5999999999999,2.5520033872475216,0,0,57.07478020469777,11.802326831519702,18.865786499794716,0,57,1,1,1,1,26.998281750260045,0,0,534,0,57.07478020469777,0.006848973624563733,0,0,0,0,0,0,0,0,18.95014653020149,17,22,0,0
2,2015-01-01 00:00:00,07:39:00,1,2,300,234,658.5999999999999,2.5576411754651933,0,0,57.20132025030793,11.798545580673192,18.781233606775043,0,57,1,1,1,1,26.72166626555034,0,0,534,0,57.20132025030793,0.006864158430036953,0,0,0,0,0,0,0,0,18.865786499794716,17,22,0,0
2,2015-01-01 00:00:00,07:40:00,1,2,300,589,1013.6000000000001,2.565028963682865,0,0,57.32814958983744,11.794697937105978,18.71736274149662,0,57,1,1,1,1,26.45158352205458,0,0,889,0,57.32814958983744,0.006879377950780493,0,0,0,0,0,0,0,0,18.781233606775043,17,22,0,0
2,2015-01-01 00:00:00,07:41:00,1,2,300,589,1013.6000000000001,2.5711667519005363,0,0,57.42395588775507,11.790802910035438,18.65234114791915,0,57,1,1,1,1,26.188514788021998,0,0,889,0,57.42395588775507,0.006890874706530609,0,0,0,0,0,0,0,0,18.71736274149662,17,22,0,0
2,2015-01-01 00:00:00,07:42:00,1,2,300,589,1013.6000000000001,2.579054540118208,0,0,57.521488278121275,11.786861499811126,18.58665215481092,0,57,1,1,1,1,25.932182351283807,0,0,889,0,57.521488278121275,0.006902578593374554,0,0,0,0,0,0,0,0,18.65234114791915,17,22,0,0
2,2015-01-01 00:00:00,07:43:00,1,2,300,589,1013.6000000000001,2.5801923283358796,0,0,57.62002176778362,11.782865323077091,18.52036250136909,0,57,1,1,1,1,25.68233438541738,0,0,889,0,57.62002176778362,0.006914402612134035,0,0,0,0,0,0,0,0,18.58665215481092,17,22,0,0
2,2015-01-01 00:00:00,07:44:00,1,2,200,234,558.5999999999999,2.580580116553551,0,0,57.71945624794637,11.778813037415942,18.426926827157455,0,57,1,1,1,1,25.4387298995654,0,0,434,0,57.71945624794637,0.006926334749753565,0,0,0,0,0,0,0,0,18.52036250136909,17,22,0,0
2,2015-01-01 00:00:00,07:45:00,1,2,300,234,658.5999999999999,2.5777179047712226,0,0,57.85960975926382,11.77467432818666,18.340351632959834,0,57,1,1,1,1,25.20023319642227,0,0,534,0,57.85960975926382,0.006943153171111659,0,0,0,0,0,0,0,0,18.426926827157455,17,22,0,0
2,2015-01-01 00:00:00,07:46:00,1,2,300,234,658.5999999999999,2.5746056929888943,0,0,57.98947255056025,11.770455829828336,18.254033421486252,0,57,1,1,1,1,24.966903891542596,0,0,534,0,57.98947255056025,0.006958736706067231,0,0,0,0,0,0,0,0,18.340351632959834,17,22,0,0
2,2015-01-01 00:00:00,07:47:00,1,2,200,234,558.5999999999999,2.571743481206566,0,0,58.118949867770624,11.76615825557413,18.162273988675388,0,57,1,1,1,1,24.73857496398966,0,0,434,0,58.118949867770624,0.006974273984132476,0,0,0,0,0,0,0,0,18.254033421486252,17,22,0,0
2,2015-01-01 00:00:00,07:48:00,1,2,320,234,678.5999999999999,2.5688812694242373,0,0,58.25658901698692,11.761776429748265,18.078308499472524,0,57,1,1,1,1,24.514891257346317,0,0,554,0,58.25658901698692,0.006990790682038431,0,0,0,0,0,0,0,0,18.162273988675388,17,22,0,0
2,2015-01-01 00:00:00,07:49:00,1,2,420,234,778.5999999999999,2.5670190576419087,0,0,58.382537250791216,11.757319348565385,18.0005154438059,0,57,1,1,1,1,24.295959871024078,0,0,654,0,58.382537250791216,0.007005904470094947,0,0,0,0,0,0,0,0,18.078308499472524,17,22,0,0
2,2015-01-01 00:00:00,07:50:00,1,2,420,111,655.6,2.56515684585958,0,0,58.49922683429115,11.752793236550755,17.915685378230904,0,57,1,1,1,1,24.081829108193528,0,0,531,0,58.49922683429115,0.007019907220114939,0,0,0,0,0,0,0,0,18.0005154438059,17,22,0,0
2,2015-01-01 00:00:00,07:51:00,1,2,420,111,655.6,2.5632946340772516,0,0,58.626471932653644,11.74819132893001,17.831553322104952,0,57,1,1,1,1,23.872096328262828,0,0,531,0,58.626471932653644,0.007035176631918438,0,0,0,0,0,0,0,0,17.915685378230904,17,22,0,0
2,2015-01-01 00:00:00,07:52:00,1,2,360,111,595.6,2.561182422294923,0,0,58.75267001684257,11.743514183828985,17.74450485607707,0,57,1,1,1,1,23.666635681794872,0,0,471,0,58.75267001684257,0.00705032040202111,0,0,0,0,0,0,0,0,17.831553322104952,17,22,0,0
2,2015-01-01 00:00:00,07:53:00,1,2,300,111,535.6,2.5590702105125946,0,0,58.88324271588439,11.738759097535963,17.654757168733262,0,57,1,1,1,1,23.465202660511952,0,0,411,0,58.88324271588439,0.007065989125906128,0,0,0,0,0,0,0,0,17.74450485607707,17,22,0,0
2,2015-01-01 00:00:00,07:54:00,1,2,300,111,535.6,2.5574579987302664,0,0,59.0178642469001,11.733924165265314,17.56596973949128,0,57,1,1,1,1,23.267568460111317,0,0,411,0,59.0178642469001,0.007082143709628013,0,0,0,0,0,0,0,0,17.654757168733262,17,22,0,0
2,2015-01-01 00:00:00,07:55:00,1,2,300,111,535.6,2.555845786947938,0,0,59.15104539076308,11.72901050132438,17.47809043386374,0,57,1,1,1,1,23.073636530838527,0,0,411,0,59.15104539076308,0.007098125446891571,0,0,0,0,0,0,0,0,17.56596973949128,17,22,0,0
2,2015-01-01 00:00:00,07:56:00,1,2,300,111,535.6,2.55423357516561,0,0,59.28286434920439,11.724019166420755,17.391127585706975,0,57,1,1,1,1,22.883311833662514,0,0,411,0,59.28286434920439,0.007113943721904528,0,0,0,0,0,0,0,0,17.47809043386374,17,22,0,0
2,2015-01-01 00:00:00,07:57:00,1,2,300,111,535.6,2.5506213633832813,0,0,59.41330862143954,11.718948908035767,17.305078522489374,0,57,1,1,1,1,22.696502845636815,0,0,411,0,59.41330862143954,0.007129597034572745,0,0,0,0,0,0,0,0,17.391127585706975,17,22,0,0
2,2015-01-01 00:00:00,07:58:00,1,2,300,111,535.6,2.545759151600953,0,0,11706.142382216265,11.713799343386054,17.219942978392705,3.54,57,1,1,1,1,22.513121065937924,0,0,411,0,11706.142382216265,1.404737085865952,0,0,0,0,0,0,0,0,17.305078522489374,17,22,0,0
2,2015-01-01 00:00:00,07:59:00,1,2,300,111,535.6,2.5413969398186245,0,0,1573.070085532411,11.708572119495297,17.135727153906842,0.4600000000000001,57,1,1,1,1,22.333080994932985,0,0,411,0,1573.070085532411,0.18876841026388935,0,0,0,0,0,0,0,0,17.219942978392705,17,22,0,0
2,2015-01-01 00:00:00,08:00:00,1,2,300,111,535.6,2.541034728036296,0,0,59.79640926913974,11.703272944446898,17.052451030572513,0,57,1,1,1,1,22.15630025204094,0,0,411,0,59.79640926913974,0.00717556911229677,0,0,0,0,0,0,0,0,17.135727153906842,17,22,0,0
2,2015-01-01 00:00:00,08:01:00,1,2,300,111,535.6,2.5406725162539674,0,0,59.92132345414123,11.697902895444706,16.970115518679684,0,57,1,1,1,1,21.98269993838555,0,0,411,0,59.92132345414123,0.007190558814496949,0,0,0,0,0,0,0,0,17.052451030572513,17,22,0,0
2,2015-01-01 00:00:00,08:02:00,1,2,300,111,535.6,2.537810304471639,0,0,60.04482672198047,11.692460149353396,16.888710115263912,0,57,1,1,1,1,21.812203869688073,0,0,411,0,60.04482672198047,0.007205379206637657,0,0,0,0,0,0,0,0,16.970115518679684,17,22,0,0
2,2015-01-01 00:00:00,08:03:00,1,2,300,111,535.6,2.5344480926893107,0,0,60.16693482710413,11.68694519576618,16.80823258507528,0,57,1,1,1,1,21.644738095728066,0,0,411,0,60.16693482710413,0.007220032179252496,0,0,0,0,0,0,0,0,16.888710115263912,17,22,0,0
2,2015-01-01 00:00:00,08:04:00,1,2,300,111,535.6,2.5310858809069825,0,0,60.287651122387075,11.681359100817092,16.728681940315592,0,57,1,1,1,1,21.480231105569807,0,0,411,0,60.287651122387075,0.00723451813468645,0,0,0,0,0,0,0,0,16.80823258507528,17,22,0,0
2,2015-01-01 00:00:00,08:05:00,1,2,300,111,535.6,2.5277236691246543,0,0,60.40697708952661,11.675702927386283,16.65005639152186,0,57,1,1,1,1,21.318613787023747,0,0,411,0,60.40697708952661,0.007248837250743195,0,0,0,0,0,0,0,0,16.728681940315592,17,22,0,0
2,2015-01-01 00:00:00,08:06:00,1,2,300,111,535.6,2.524611457342326,0,0,60.524915412717206,11.6699780242121,16.57235451694122,0,57,1,1,1,1,21.15981931778899,0,0,411,0,60.524915412717206,0.007262989849526066,0,0,0,0,0,0,0,0,16.65005639152186,17,22,0,0
2,2015-01-01 00:00:00,08:07:00,1,2,300,111,535.6,2.5212492455599977,0,0,60.641468224588166,11.664185155962189,16.495572029223588,0,57,1,1,1,1,21.00378310007308,0,0,411,0,60.641468224588166,0.007276976186950581,0,0,0,0,0,0,0,0,16.57235451694122,17,22,0,0
2,2015-01-01 00:00:00,08:08:00,1,2,300,111,535.6,2.5176370337776692,0,0,60.756641956164614,11.658325081454784,16.419704105256326,0,57,1,1,1,1,20.85044258745915,0,0,411,0,60.756641956164614,0.007290797034739754,0,0,0,0,0,0,0,0,16.495572029223588,17,22,0,0
2,2015-01-01 00:00:00,08:09:00,1,2,400,111,635.6,2.513774821995341,0,0,60.87044384211551,11.652398553144947,16.35060011494407,0,57,1,1,1,1,20.699737196908032,0,0,511,0,60.87044384211551,0.007304453261053862,0,0,0,0,0,0,0,0,16.419704105256326,17,22,0,0
2,2015-01-01 00:00:00,08:10:00,1,2,400,249,773.5999999999999,2.5096626102130126,0,0,60.9740998275839,11.646412067858707,16.29016323562307,0,57,1,1,1,1,20.551807364188168,0,0,649,0,60.9740998275839,0.007316891979310069,0,0,0,0,0,0,0,0,16.35060011494407,17,22,0,0
2,2015-01-01 00:00:00,08:11:00,1,2,400,249,773.5999999999999,2.5058003984306843,0,0,61.064755146565396,11.640374557830592,16.22998757328885,0,57,1,1,1,1,20.406853482264186,0,0,649,0,61.064755146565396,0.007327770617587848,0,0,0,0,0,0,0,0,16.29016323562307,17,22,0,0
2,2015-01-01 00:00:00,08:12:00,1,2,260,249,633.5999999999999,2.501938186648356,0,0,61.15501864006673,11.63428638895026,16.162035557993644,0,57,1,1,1,1,20.26478321325142,0,0,509,0,61.15501864006673,0.007338602236808009,0,0,0,0,0,0,0,0,16.22998757328885,17,22,0,0
2,2015-01-01 00:00:00,08:13:00,1,2,260,249,633.5999999999999,2.4978259748660276,0,0,61.256946663009536,11.628139740924668,16.09495920205916,0,57,1,1,1,1,20.125233973276664,0,0,509,0,61.256946663009536,0.007350833599561145,0,0,0,0,0,0,0,0,16.162035557993644,17,22,0,0
2,2015-01-01 00:00:00,08:14:00,1,2,260,249,633.5999999999999,2.4939637630836993,0,0,61.357561196911256,11.621935889084783,16.028615890935555,0,57,1,1,1,1,19.988149797384914,0,0,509,0,61.357561196911256,0.007362907343629352,0,0,0,0,0,0,0,0,16.09495920205916,17,22,0,0
2,2015-01-01 00:00:00,08:15:00,1,2,260,2683,3067.5999999999995,2.4903515513013708,0,0,3351.457076163597,11.615675965936097,16.105512947776358,1,57,1,1,1,1,19.853471773356024,0,0,2943,0,3351.457076163597,0.4021748491396317,0,0,0,0,0,0,0,0,16.028615890935555,17,22,0,0
2,2015-01-01 00:00:00,08:16:00,1,2,260,2683,3067.5999999999995,2.4874893395190423,0,0,61.341730578335465,11.609501669858568,16.175462786061065,0,57,1,1,1,1,19.725990180649234,0,0,2943,0,61.341730578335465,0.007361007669400257,0,0,0,0,0,0,0,0,16.105512947776358,17,22,0,0
2,2015-01-01 00:00:00,08:17:00,1,2,260,2683,3067.5999999999995,2.484127127736714,0,0,61.2368058209084,11.60340541323584,16.241224928538486,0,57,1,1,1,1,19.60522394273807,0,0,2943,0,61.2368058209084,0.007348416698509009,0,0,0,0,0,0,0,0,16.175462786061065,17,22,0,0
2,2015-01-01 00:00:00,08:18:00,1,2,260,249,633.5999999999999,2.480764915954386,0,0,61.13816260719227,11.597382915237015,16.160490522709914,0,57,1,1,1,1,19.490802207561213,0,0,509,0,61.13816260719227,0.007336579512863073,0,0,0,0,0,0,0,0,16.241224928538486,17,22,0,0
2,2015-01-01 00:00:00,08:19:00,1,2,260,218,602.5999999999999,2.4776527041720575,0,0,61.25926421593513,11.591290400540649,16.081860087606614,0,57,1,1,1,1,19.37752629991321,0,0,478,0,61.25926421593513,0.007351111705912217,0,0,0,0,0,0,0,0,16.160490522709914,17,22,0,0
2,2015-01-01 00:00:00,08:20:00,1,2,260,218,602.5999999999999,2.474540492389729,0,0,61.37720986859008,11.585130085898362,16.00469442535935,0,57,1,1,1,1,19.2654288096987,0,0,478,0,61.37720986859008,0.0073652651842308105,0,0,0,0,0,0,0,0,16.081860087606614,17,22,0,0
2,2015-01-01 00:00:00,08:21:00,1,2,260,218,602.5999999999999,2.471428280607401,0,0,3351.492958361961,11.57890355541364,15.928960727855102,1,57,1,1,1,1,19.15451947689804,0,0,478,0,3351.492958361961,0.4021791550034354,0,0,0,0,0,0,0,0,16.00469442535935,17,22,0,0
2,2015-01-01 00:00:00,08:22:00,1,2,260,218,602.5999999999999,2.4683160688250725,0,0,61.606558908217345,11.572612357568756,15.854617840413711,0,57,1,1,1,1,19.044806594277535,0,0,478,0,61.606558908217345,0.007392787068986082,0,0,0,0,0,0,0,0,15.928960727855102,17,22,0,0
2,2015-01-01 00:00:00,08:23:00,1,2,260,218,602.5999999999999,2.462453857042744,0,0,61.718073239379436,11.56625480828328,15.781614575288318,0,57,1,1,1,1,18.93629677271754,0,0,478,0,61.718073239379436,0.007406168788725533,0,0,0,0,0,0,0,0,15.854617840413711,17,22,0,0
2,2015-01-01 00:00:00,08:24:00,1,2,260,218,602.5999999999999,2.4568416452604156,0,0,61.827578137067526,11.55983265551225,15.70991482105795,0,57,1,1,1,1,18.828994657158724,0,0,478,0,61.827578137067526,0.007419309376448104,0,0,0,0,0,0,0,0,15.781614575288318,17,22,0,0
2,2015-01-01 00:00:00,08:25:00,1,2,260,206,590.5999999999999,2.4512294334780873,0,0,61.935127768413075,11.553347318101006,15.638780040036814,0,57,1,1,1,1,18.722903506270942,0,0,466,0,61.935127768413075,0.00743221533220957,0,0,0,0,0,0,0,0,15.70991482105795,17,22,0,0
2,2015-01-01 00:00:00,08:26:00,1,2,260,206,590.5999999999999,2.445867221695759,0,0,62.041829939944776,11.546799776264395,15.568917228562219,0,57,1,1,1,1,18.618001347555495,0,0,466,0,62.041829939944776,0.007445019592793374,0,0,0,0,0,0,0,0,15.638780040036814,17,22,0,0
2,2015-01-01 00:00:00,08:27:00,1,2,260,561,945.6000000000001,2.4405050099134304,0,0,62.14662415715667,11.540191412725362,15.521063770633937,0,57,1,1,1,1,18.51429100337205,0,0,821,0,62.14662415715667,0.007457594898858801,0,0,0,0,0,0,0,0,15.568917228562219,17,22,0,0
2,2015-01-01 00:00:00,08:28:00,1,2,360,772,1256.6000000000001,2.435392798131102,0,0,62.21840434404909,11.53354426798982,15.49149071791872,0,57,1,1,1,1,18.412480553278918,0,0,1132,0,62.21840434404909,0.007466208521285891,0,0,0,0,0,0,0,0,15.521063770633937,17,22,0,0
2,2015-01-01 00:00:00,08:29:00,1,2,360,772,1256.6000000000001,2.4302805863487733,0,0,62.262763923121916,11.526876382423211,15.461378909287893,0,57,1,1,1,1,18.313127157518366,0,0,1132,0,62.262763923121916,0.007471531670774631,0,0,0,0,0,0,0,0,15.49149071791872,17,22,0,0
2,2015-01-01 00:00:00,08:30:00,1,2,260,895,1279.6000000000001,2.4276683745664447,0,0,62.30793163606816,11.520190170142913,15.432436828429566,0,57,1,1,1,1,18.216128917782637,0,0,1155,0,62.30793163606816,0.00747695179632818,0,0,0,0,0,0,0,0,15.461378909287893,17,22,0,0
2,2015-01-01 00:00:00,08:31:00,1,2,260,540,924.6000000000001,2.4253061627841164,0,0,62.35134475735565,11.513487109348349,15.382490301125445,0,57,1,1,1,1,18.121445513382874,0,0,800,0,62.35134475735565,0.007482161370882679,0,0,0,0,0,0,0,0,15.432436828429566,17,22,0,0
2,2015-01-01 00:00:00,08:32:00,1,2,260,540,924.6000000000001,2.422943951001788,6.0310237707979665e-102,2.5089202548161704e-101,62.426264548311835,11.506746602933136,15.333502162758725,0,57,1,1,1,1,18.028283771469354,4.771220168982126e-99,4.771220168982126e-99,800,0,62.426264548311835,0.007491151745797421,0,0,0,0,4.771220168982126e-99,0,0,0,15.382490301125445,17,22,0,0
2,2015-01-01 00:00:00,08:33:00,1,2,260,540,924.6000000000001,2.3921419572569986,6.894212052670762e-24,2.8680086362277537e-23,11709.09974675586,11.49993669462061,15.284977885836257,3.54,57,1,1,1,1,17.936624533077836,1.2889298390446842e-21,1.2889298390446842e-21,800,0,11709.09974675586,1.4050919696107034,0,0,0,0,1.2889298390446842e-21,0,0,0,15.333502162758725,17,22,0,0
2,2015-01-01 00:00:00,08:34:00,1,2,260,540,924.6000000000001,2.392141957257,2.233943650642567e-13,9.293258800194623e-13,1575.9725331712457,11.493093705806823,15.237056840540047,0.4600000000000001,57,1,1,1,1,17.84643247024649,2.3851351187996493e-11,2.3851351187996493e-11,799.9999999999761,0,1575.9725331712457,0.1891167039805495,0,0,0,0,2.3851351187996493e-11,0,0,0,15.284977885836257,17,22,0,0
2,2015-01-01 00:00:00,08:35:00,1,2,260,540,924.6000000000001,2.3921419572745197,3.6285717253313513e-09,1.509494481155487e-08,62.644414739189926,11.486218299916317,15.18973050147211,0,57,1,1,1,1,17.757678197127223,2.724657854968393e-07,2.724657854968393e-07,799.9999997275343,0,62.644414739189926,0.007517329768702792,0,0,0,0,2.724657854968393e-07,0,0,0,15.237056840540047,17,22,0,0
2,2015-01-01 00:00:00,08:36:00,1,2,260,540,924.6000000000001,2.3921419599762124,7.003493852550872e-07,2.9134701252919397e-06,62.71540424779184,11.479311130581028,15.142992709770251,0,57,1,1,1,1,17.670333037411062,4.070726078405954e-05,4.070726078405954e-05,799.9999592927392,0,62.71540424779184,0.0075258485097350215,0,0,0,0,4.070726078405954e-05,0,0,0,15.18973050147211,17,22,0,0
2,2015-01-01 00:00:00,08:37:00,1,2,260,540,924.6000000000001,2.392142022034757,1.9420424549708005e-05,8.078942872985045e-05,62.785510935344625,11.472372844048591,15.096837182771631,0,57,1,1,1,1,17.584369080688585,0.0009235267895592121,0.0009235267895592121,799.9990764732105,0,62.785510935344625,0.007534261312241356,0,0,0,0,0.0009235267895592121,0,0,0,15.142992709770251,17,22,0,0
2,2015-01-01 00:00:00,08:38:00,1,2,260,540,924.6000000000001,2.3921425462450645,0.00019335224271078017,0.0008043499354124154,62.85474422584255,11.465404079477901,15.051257598239836,0,57,1,1,1,1,17.49975915218801,0.007799304448878856,0.007799304448878856,799.9922006955511,0,62.85474422584255,0.007542569307101107,0,0,0,0,0.007799304448878856,0,0,0,15.096837182771631,17,22,0,0
2,2015-01-01 00:00:00,08:39:00,1,2,260,540,924.6000000000001,2.3921450031349476,0.0010482007386943867,0.004360540041571851,62.92311360264024,11.458405470153526,15.006247702250857,0,57,1,1,1,1,17.416476786407458,0.03678784607711165,0.03678784607711165,799.9632121539229,0,62.92311360264024,0.00755077363231683,0,0,0,0,0.03678784607711165,0,0,0,15.051257598239836,17,22,0,0
2,2015-01-01 00:00:00,08:40:00,1,2,260,540,924.6000000000001,2.392152912861748,0.003843662962266077,0.015989729480771316,62.99062844662372,11.451377645942092,14.961801500705548,0,57,1,1,1,1,17.334496205313695,0.11960482605699474,0.11960482605699474,799.880395173943,0,62.99062844662372,0.007558875413594847,0,0,0,0,0.11960482605699474,0,0,0,15.006247702250857,17,22,0,0
2,2015-01-01 00:00:00,08:41:00,1,2,260,540,924.6000000000001,2.392172665352396,0.010794717912235782,0.0449062836498353,21749.999999999996,11.444321236882532,14.917913499474896,1,57,1,1,1,1,20.36459084156869,0.30218756793103907,0.30218756793103907,799.697812432069,18396.942702251054,3353.057297748942,2.61,0,0,0,0,0.30218756793103907,0,0,0,14.961801500705548,17,22,0,0
2,2015-01-01 00:00:00,08:42:00,1,2,260,540,924.6000000000001,2.3922138756859317,0.025061711418765578,0.10425731648306749,21749.999999999996,11.437236877416643,14.911214642127453,0,57,1,1,1,1,23.846433853465893,0.638498055867316,0.638498055867316,799.3615019441327,21686.87687024921,63.123129750787655,2.61,0,0,0,0,0.638498055867316,0,0,0,14.917913499474896,17,22,0,0
2,2015-01-01 00:00:00,08:43:00,1,2,260,540,924.6000000000001,2.392289230636194,0.05054460135037015,0.21026674561220285,21749.999999999996,11.430161198832408,14.945030556090929,0,57,1,1,1,1,27.209617279556916,1.1830236836332428,1.1830236836332428,798.8169763163668,21686.866821963187,63.13317803680882,2.61,0,0,0,0,1.1830236836332428,0,0,0,14.911214642127453,17,22,0,0
2,2015-01-01 00:00:00,08:44:00,1,2,360,540,1024.6000000000001,2.3924139563254636,0.09158024742295483,0.3809760107613158,21749.999999999996,11.423134038460345,15.022234746640978,0,57,1,1,1,1,30.459565489781813,1.9846300027510781,1.9846300027510781,898.015369997249,21686.917545834134,63.08245416586361,2.61,0,0,0,0,1.9846300027510781,0,0,0,14.945030556090929,17,22,0,0
2,2015-01-01 00:00:00,08:45:00,1,2,300,540,964.6000000000001,2.392605086785241,0.15263270699469977,0.6349556968762481,21749.999999999996,11.416197990771979,15.130442772910994,0,57,1,1,1,1,33.601616818811856,3.082765119349784,3.082765119349784,836.9172348806502,21687.033352119957,62.966647880038536,2.61,0,0,0,0,3.082765119349784,0,0,0,15.022234746640978,17,22,0,0
2,2015-01-01 00:00:00,08:46:00,1,2,260,540,924.6000000000001,2.3927642265379916,0.1475791839057553,0.6139329204490936,21749.999999999996,11.409383279362805,15.268565198448869,0,57,1,1,1,1,36.64050364463609,2.793649713088448,2.793649713088448,797.2063502869115,21687.195664159364,62.804335840633506,2.61,0,0,0,0,2.793649713088448,0,0,0,15.130442772910994,17,22,0,0
2,2015-01-01 00:00:00,08:47:00,1,2,260,540,924.6000000000001,2.392997090985498,0.22513623666138172,0.9365721073556508,21749.999999999996,11.402719115496264,15.436636468908913,0,57,1,1,1,1,39.58076004801971,4.01377308191822,4.01377308191822,795.9862269180818,21687.402847797668,62.5971522023267,2.61,0,0,0,0,4.01377308191822,0,0,0,15.268565198448869,17,22,0,0
2,2015-01-01 00:00:00,08:48:00,1,2,260,417,801.5999999999999,2.393246290232904,0.26362911289262464,1.0967033893948848,21749.999999999996,11.396234615157525,15.625152628888888,0,57,1,1,1,1,42.426767069651405,4.44527628195206,4.44527628195206,672.554723718048,21687.65495470336,62.34504529663663,2.61,0,0,0,0,4.44527628195206,0,0,0,15.436636468908913,17,22,0,0
2,2015-01-01 00:00:00,08:49:00,1,2,260,417,801.5999999999999,2.3935923023258145,0.3796652999281944,1.5794166914959302,21749.999999999996,11.389949589314748,15.839606470084945,0,57,1,1,1,1,45.18243106085942,6.0774401721307845,6.0774401721307845,670.9225598278692,21687.93772894333,62.06227105666667,2.61,0,0,0,0,6.0774401721307845,0,0,0,15.625152628888888,17,22,0,0
2,2015-01-01 00:00:00,08:50:00,1,2,260,206,590.5999999999999,2.393962218332683,0.43901324548288123,1.8263055586976262,21749.999999999996,11.38388911766697,16.065500553843357,0,57,1,1,1,1,47.851713726719616,6.693365756859825,6.693365756859825,459.3066342431402,21688.259409705122,61.74059029487258,2.61,0,0,0,0,6.693365756859825,0,0,0,15.839606470084945,17,22,0,0
2,2015-01-01 00:00:00,08:51:00,1,2,260,206,590.5999999999999,2.3944391843930815,0.588177214402597,2.446831222555072,21749.999999999996,11.37806408141162,16.313997751751646,0,57,1,1,1,1,50.437945233148035,8.566446984656318,8.566446984656318,457.4335530153437,21688.59825083076,61.40174916923496,2.61,0,0,0,0,8.566446984656318,0,0,0,16.065500553843357,17,22,0,0
2,2015-01-01 00:00:00,08:52:00,1,2,360,206,690.5999999999999,2.3952241615246552,0.9724825523423813,4.045550582706966,21749.999999999996,11.37249653703672,16.589003011497947,3,57,1,1,1,1,51.27577477610254,13.565866572936601,13.565866572936601,552.4341334270634,11818.970996627624,9931.029003372372,2.61,0,0,0,0,13.565866572936601,0,0,0,16.313997751751646,17,22,0,0
2,2015-01-01 00:00:00,08:53:00,1,2,380,206,710.5999999999999,2.396074861201654,1.128637449780978,4.695158675729951,21749.999999999996,11.367212048764957,16.864125282810637,0,57,1,1,1,1,53.76348060811537,15.115725866682764,15.115725866682764,570.8842741333173,21689.38350451724,60.61649548275308,2.61,0,0,0,0,15.115725866682764,0,0,0,16.589003011497947,17,22,0,0
2,2015-01-01 00:00:00,08:54:00,1,2,260,206,590.5999999999999,2.397236466766476,1.5869890564299012,6.6019122775265915,14795.267100066141,11.362210485780405,17.151098939679997,0,57,1,1,1,1,55,20.450147666567908,20.450147666567908,445.5498523334321,14735.063287990357,60.20381207578404,1.7754320520079372,0,0,0,0,20.450147666567908,0,0,0,16.864125282810637,17,22,0,0
2,2015-01-01 00:00:00,08:55:00,1,2,260,206,590.5999999999999,2.3984673714918796,1.7933966765081701,7.460572893772599,59.773351590480004,11.357502964356968,17.441522232977178,0,57,1,1,1,1,53.712622412914286,22.279334475165456,22.279334475165456,443.72066552483454,0,59.773351590480004,0.007172802190857601,0,0,0,0,22.279334475165456,0,0,0,17.151098939679997,17,22,0,0
2,2015-01-01 00:00:00,08:56:00,1,2,310,206,640.5999999999999,2.400228255476808,2.6068969539286386,10.844753425776606,59.33771665053423,11.353092857900947,17.708759519619345,0,57,1,1,1,1,52.478911522440235,31.27773157605539,31.27773157605539,484.7222684239446,0,59.33771665053423,0.007120525998064109,0,0,0,0,31.27773157605539,0,0,0,17.441522232977178,17,22,0,0
2,2015-01-01 00:00:00,08:57:00,1,2,310,206,640.5999999999999,2.402122645328004,2.9689768608563205,12.351014463498599,58.936860720570984,11.348956907994609,17.95171850599644,0,57,1,1,1,1,51.29625329105177,34.46050411812504,34.46050411812504,481.539495881875,0,58.936860720570984,0.007072423286468519,0,0,0,0,34.46050411812504,0,0,0,17.708759519619345,17,22,0,0
2,2015-01-01 00:00:00,08:58:00,1,2,310,206,640.5999999999999,2.404056725333835,3.2206396970371567,13.397937856730461,58.57242224100534,11.345070724264005,18.17191677820352,0,57,1,1,1,1,50.16208544121996,36.21775217163625,36.21775217163625,479.7822478283638,0,58.57242224100534,0.007028690668920642,0,0,0,0,36.21775217163625,0,0,0,17.95171850599644,17,22,0,0
2,2015-01-01 00:00:00,08:59:00,1,2,310,206,640.5999999999999,2.406204288630104,3.730430606111359,15.518680181923099,6638.242124832695,11.34141166086506,18.370832334791757,2,57,1,1,1,1,49.07398446628743,40.701794042355715,40.701794042355715,475.2982059576443,0,6638.242124832695,0.7965890549799235,0,0,0,0,40.701794042355715,0,0,0,18.17191677820352,17,22,0,0
2,2015-01-01 00:00:00,09:00:00,1,2,310,206,640.5999999999999,2.4085369244034025,4.23072211849654,17.599904790609596,57.943751497812364,11.337958539389405,18.54979349073962,0,57,1,1,1,1,48.0296595638556,44.84459186176152,44.84459186176152,471.1554081382385,0,57.943751497812364,0.006953250179737485,0,0,0,0,44.84459186176152,0,0,0,18.370832334791757,17,22,0,0
2,2015-01-01 00:00:00,09:01:00,1,2,310,206,640.5999999999999,2.4110560991104086,4.762039625089563,19.81019827425356,57.67530976389057,11.334691533328163,18.710063091555913,0,57,1,1,1,1,47.02694303075642,49.09701372624392,49.09701372624392,466.9029862737561,0,57.67530976389057,0.006921037171666869,0,0,0,0,49.09701372624392,0,0,0,18.54979349073962,17,22,0,0
2,2015-01-01 00:00:00,09:02:00,1,2,310,218,652.5999999999999,2.4135946396968024,5.054000181338789,21.024761142879363,57.43490536266613,11.331591905314625,18.853467235001876,0,57,1,1,1,1,46.06378384915096,50.74031540242095,50.74031540242095,477.25968459757905,0,57.43490536266613,0.006892188643519937,0,0,0,0,50.74031540242095,0,0,0,18.710063091555913,17,22,0,0
2,2015-01-01 00:00:00,09:03:00,1,2,310,218,652.5999999999999,2.417261904192657,7.1870621877701515,29.898349900110183,57.219799147497184,11.328644038315948,18.980835608003783,0,57,1,1,1,1,45.13826287588058,70.3366790274182,70.3366790274182,457.6633209725818,0,57.219799147497184,0.006866375897699663,0,0,0,0,70.3366790274182,0,0,0,18.853467235001876,17,22,0,0
2,2015-01-01 00:00:00,09:04:00,1,2,310,218,652.5999999999999,2.420421234194943,6.698934333893281,27.867726400561963,57.02874658799433,11.325831265950884,19.092568217188877,0,57,1,1,1,1,44.24855446540858,63.96993389743223,63.96993389743223,464.0300661025678,0,57.02874658799433,0.00684344959055932,0,0,0,0,63.96993389743223,0,0,0,18.980835608003783,17,22,0,0
2,2015-01-01 00:00:00,09:05:00,1,2,310,218,652.5999999999999,2.423719676147977,7.271002565552056,30.247543871179673,56.86114767421668,11.323138100768299,19.189934376875527,0,57,1,1,1,1,43.39290867465281,67.81168992739737,67.81168992739737,460.18831007260263,0,56.86114767421668,0.006823337720906003,0,0,0,0,67.81168992739737,0,0,0,19.092568217188877,17,22,0,0
2,2015-01-01 00:00:00,09:06:00,1,2,310,218,652.5999999999999,2.427260567753554,8.05195156723075,33.496310320712176,56.71509843468671,11.320550455196177,19.273913519797652,0,57,1,1,1,1,42.569678256361065,73.40530658510393,73.40530658510393,454.5946934148961,0,56.71509843468671,0.006805811812162406,0,0,0,0,73.40530658510393,0,0,0,19.189934376875527,17,22,0,0
2,2015-01-01 00:00:00,09:07:00,1,2,310,218,652.5999999999999,2.431279310449727,9.309352024981925,38.727126176789696,56.58912972030352,11.318055506922477,19.3454991154,0,57,1,1,1,1,41.77730530613782,83.02625252921133,83.02625252921133,444.9737474707887,0,56.58912972030352,0.006790695566436423,0,0,0,0,83.02625252921133,0,0,0,19.273913519797652,17,22,0,0
2,2015-01-01 00:00:00,09:08:00,1,2,370,218,712.5999999999999,2.4363495421033416,11.739947920154348,48.838462998571586,56.4817513269,11.315642102182665,19.40931315706272,0,57,1,1,1,1,41.01431870101068,102.50972410905013,102.50972410905013,485.4902758909499,0,56.4817513269,0.006777810159228001,0,0,0,0,102.50972410905013,0,0,0,19.3454991154,17,22,0,0
2,2015-01-01 00:00:00,09:09:00,1,2,370,218,712.5999999999999,2.441633133195096,12.684800404379331,52.769071839749785,56.38603026440592,11.31330267953211,19.462049849152073,0,57,1,1,1,1,40.27945456686279,108.51753935753737,108.51753935753737,479.4824606424626,0,56.38603026440592,0.006766323631728711,0,0,0,0,108.51753935753737,0,0,0,19.40931315706272,17,22,0,0
2,2015-01-01 00:00:00,09:10:00,1,2,370,218,712.5999999999999,2.4471277868381986,13.658156700574521,56.8182572176974,56.306925226271886,11.31102644369271,19.504522504833652,0,57,1,1,1,1,39.571379576464466,114.55737467379396,114.55737467379396,473.44262532620604,0,56.306925226271886,0.006756831027152627,0,0,0,0,114.55737467379396,0,0,0,19.462049849152073,17,22,0,0
2,2015-01-01 00:00:00,09:11:00,1,2,370,218,712.5999999999999,2.4528308506428753,14.658804805011119,60.98097716803216,56.243216242749526,11.308803418370983,19.537431237839876,0,57,1,1,1,1,38.88883341756546,120.62172882749051,120.62172882749051,467.37827117250947,0,56.243216242749526,0.0067491859491299435,0,0,0,0,120.62172882749051,0,0,0,19.504522504833652,17,22,0,0
2,2015-01-01 00:00:00,09:12:00,1,2,320,218,662.5999999999999,2.4587393697590407,15.685553282003873,65.25227528992289,56.19385314324019,11.306624332954545,19.558508739121642,0,57,1,1,1,1,38.23062245907139,126.70376970081075,126.70376970081075,411.29623029918923,0,56.19385314324019,0.0067432623771888234,0,0,0,0,126.70376970081075,0,0,0,19.537431237839876,17,22,0,0
2,2015-01-01 00:00:00,09:13:00,1,2,160,218,502.59999999999997,2.4648501337411663,16.737234307851946,69.62729340895605,56.162236891317534,11.30447770573045,19.562093842297422,0,57,1,1,1,1,37.59551655022956,132.79728198136374,132.79728198136374,245.20271801863626,0,56.162236891317534,0.0067394684269581045,0,0,0,0,132.79728198136374,0,0,0,19.558508739121642,17,22,0,0
2,2015-01-01 00:00:00,09:14:00,1,2,160,218,502.59999999999997,2.471159717923432,17.812706007652018,74.10128129833386,56.15685923655387,11.30234651450163,19.558587028290276,0,57,1,1,1,1,36.98213482546996,138.89661770403086,138.89661770403086,239.10338229596914,0,56.15685923655387,0.006738823108386465,0,0,0,0,138.89661770403086,0,0,0,19.562093842297422,17,22,0,0
2,2015-01-01 00:00:00,09:15:00,1,2,160,218,502.59999999999997,2.4776645199180654,18.910854198736352,78.66960393161821,56.162119457564586,11.300223986006621,19.54835243085046,0,57,1,1,1,1,36.38949714529378,144.99664981218535,144.99664981218535,233.00335018781465,0,56.162119457564586,0.0067394543349077515,0,0,0,0,144.99664981218535,0,0,0,19.558587028290276,17,22,0,0
2,2015-01-01 00:00:00,09:16:00,1,2,160,218,502.59999999999997,2.4843607917825885,20.030593638038784,83.32774667180288,56.17747135372431,11.298103714843283,19.53188959961689,0,57,1,1,1,1,35.8166690937821,151.09272879678053,151.09272879678053,226.90727120321947,0,56.17747135372431,0.006741296562446918,0,0,0,0,151.09272879678053,0,0,0,19.54835243085046,17,22,0,0
2,2015-01-01 00:00:00,09:17:00,1,2,160,218,502.59999999999997,2.4912446683416203,21.170868856406944,88.07131874207228,56.202165600574666,11.295979795567362,19.50966557112327,0,57,1,1,1,1,35.26276502935472,157.1806423913824,157.1806423913824,220.8193576086176,0,56.202165600574666,0.006744259872068961,0,0,0,0,157.1806423913824,0,0,0,19.53188959961689,17,22,0,0
2,2015-01-01 00:00:00,09:18:00,1,2,160,218,502.59999999999997,2.498312192095272,22.330654650524952,92.89605527221156,56.23550164331509,11.293846789576143,19.482119389361163,0,57,1,1,1,1,34.726945319891065,163.2565782447839,163.2565782447839,214.7434217552161,0,56.23550164331509,0.006748260197197812,0,0,0,0,163.2565782447839,0,0,0,19.50966557112327,17,22,0,0
2,2015-01-01 00:00:00,09:19:00,1,2,160,218,502.59999999999997,2.5055593350983107,23.50895629247304,97.79781817037961,56.276820915958254,11.291699696529061,19.44966365253669,0,57,1,1,1,1,34.208413825655356,169.3170894545851,169.3170894545851,208.6829105454149,0,56.276820915958254,0.006753218509914991,0,0,0,0,169.3170894545851,0,0,0,19.482119389361163,17,22,0,0
2,2015-01-01 00:00:00,09:20:00,1,2,160,218,502.59999999999997,2.512982018151606,24.704809507812868,102.77259603194352,56.325504521194965,11.289533927371194,19.412686018813364,0,57,1,1,1,1,33.70641552044724,175.35906282052073,175.35906282052073,202.64093717947927,0,56.325504521194965,0.006759060542543396,0,0,0,0,175.35906282052073,0,0,0,19.44966365253669,17,22,0,0
2,2015-01-01 00:00:00,09:21:00,1,2,160,218,502.59999999999997,2.5202758002890864,25.139761857299312,104.58200816656364,56.38097097177995,11.287344930662478,19.371359961490132,0,57,1,1,1,1,33.22023424488146,175.93829897200388,175.93829897200388,202.06170102799612,0,56.38097097177995,0.006765716516613595,0,0,0,0,175.93829897200388,0,0,0,19.412686018813364,17,22,0,0
2,2015-01-01 00:00:00,09:22:00,1,2,160,218,502.59999999999997,2.5279402943272005,26.874009770149428,111.79652079456913,56.4429600577648,11.285128914454987,19.326351221233775,0,57,1,1,1,1,32.74918409918788,185.50267464590596,185.50267464590596,192.49732535409404,0,56.4429600577648,0.006773155206931777,0,0,0,0,185.50267464590596,0,0,0,19.371359961490132,17,22,0,0
2,2015-01-01 00:00:00,09:23:00,1,2,60,218,402.59999999999997,2.535872488607114,28.388487201410562,118.0967829841348,56.51047316814934,11.282882629447215,19.27205911081416,0,57,1,1,1,1,32.29262515776087,193.3470331959889,193.3470331959889,84.6529668040111,0,56.51047316814934,0.006781256780177922,0,0,0,0,193.3470331959889,0,0,0,19.326351221233775,17,22,0,0
2,2015-01-01 00:00:00,09:24:00,1,2,60,218,402.59999999999997,2.543963411168948,29.64550269073324,123.32599736237968,56.59191133377876,11.28059720524123,19.214887898903942,0,57,1,1,1,1,31.849748761606218,199.28942511953082,199.28942511953082,78.71057488046918,0,56.59191133377876,0.006791029360053452,0,0,0,0,199.28942511953082,0,0,0,19.27205911081416,17,22,0,0
2,2015-01-01 00:00:00,09:25:00,1,2,60,218,402.59999999999997,2.5522089558123655,30.915693110672787,128.61001976582335,56.677668151644085,11.278270076750754,19.155007950923036,0,57,1,1,1,1,31.41999158940546,205.20177796210774,205.20177796210774,72.79822203789226,0,56.677668151644085,0.006801320178197291,0,0,0,0,205.20177796210774,0,0,0,19.214887898903942,17,22,0,0
2,2015-01-01 00:00:00,09:26:00,1,2,120,218,462.59999999999997,2.560605037450914,32.19826814474838,133.94556245907995,56.767488073615446,11.275898847000931,19.096189225829626,0,57,1,1,1,1,31.002815275171365,211.08244627484763,211.08244627484763,126.91755372515237,0,56.767488073615446,0.006812098568833854,0,0,0,0,211.08244627484763,0,0,0,19.155007950923036,17,22,0,0
2,2015-01-01 00:00:00,09:27:00,1,2,120,290,477,2.5691475994369077,33.49246418168101,139.32944880103923,56.85571616125556,11.27348482277217,19.035811900747834,0,57,1,1,1,1,30.59782799458151,216.929958850735,216.929958850735,193.070041149265,0,56.85571616125556,0.006822685939350668,0,0,0,0,216.929958850735,0,0,0,19.096189225829626,17,22,0,0
2,2015-01-01 00:00:00,09:28:00,1,2,120,290,477,2.577832619851647,34.79754353735492,144.75861000820768,56.94628214887825,11.27102672986453,18.973279888652215,0,57,1,1,1,1,30.204562141049752,222.7430030638013,222.7430030638013,187.2569969361987,0,56.94628214887825,0.006833553857865391,0,0,0,0,222.7430030638013,0,0,0,19.035811900747834,17,22,0,0
2,2015-01-01 00:00:00,09:29:00,1,2,120,290,477,2.586656116879957,36.11279365907701,150.2300818444087,57.04008016702168,11.268522706638851,18.90882453457446,0,57,1,1,1,1,29.822545737906978,228.52041057686765,228.52041057686765,181.47958942313235,0,57.04008016702168,0.006844809620042602,0,0,0,0,228.52041057686765,0,0,0,18.973279888652215,17,22,0,0
2,2015-01-01 00:00:00,09:30:00,1,2,120,290,477,2.5956141533747066,37.43752632074508,155.74100127266323,57.13676319813831,11.265971118134035,18.842649349485516,0,57,1,1,1,1,29.451330730990907,234.26114430196432,234.26114430196432,175.73885569803568,0,57.13676319813831,0.006856411583776598,0,0,0,0,234.26114430196432,0,0,0,18.90882453457446,17,22,0,0
2,2015-01-01 00:00:00,09:31:00,1,2,120,290,477,2.6047028407051585,38.77107681599182,161.28860309864973,57.236025975771724,11.263370528295683,18.774945092260808,0,57,1,1,1,1,29.090491228218614,239.96428650615226,239.96428650615226,170.03571349384774,0,57.236025975771724,0.006868323117092608,0,0,0,0,239.96428650615226,0,0,0,18.842649349485516,17,22,0,0
2,2015-01-01 00:00:00,09:32:00,1,2,120,290,477,2.6139183419725196,40.11280315507001,166.87021662972728,57.33758236160879,11.260719687083348,18.705890281547997,0,57,1,1,1,1,28.739622312029574,245.62902796378597,245.62902796378597,164.37097203621403,0,57.33758236160879,0.006880509883393056,0,0,0,0,245.62902796378597,0,0,0,18.774945092260808,17,22,0,0
2,2015-01-01 00:00:00,09:33:00,1,2,160,290,517,2.6232568746667564,41.462085270142886,172.4832623689246,57.441164577678,11.25801751811129,18.63799379653591,0,57,1,1,1,1,28.39833890963224,251.25465806415224,251.25465806415224,198.74534193584776,0,57.441164577678,0.006892939749321361,0,0,0,0,251.25465806415224,0,0,0,18.705890281547997,17,22,0,0
2,2015-01-01 00:00:00,09:34:00,1,2,160,290,517,2.632714712830475,42.81832423271895,178.12524875945041,57.543009305196136,11.255265407513669,18.56894356716856,0,57,1,1,1,1,28.066354381975902,256.84055579088823,256.84055579088823,193.15944420911177,0,57.543009305196136,0.006905161116623537,0,0,0,0,256.84055579088823,0,0,0,18.63799379653591,17,22,0,0
2,2015-01-01 00:00:00,09:35:00,1,2,100,2273,853.6000000000001,2.6422881887883425,44.180941486188686,183.79376899202757,57.64658464924716,11.252462462998404,18.518637898182227,0,57,1,1,1,1,27.74331319779878,262.3861814965647,262.3861814965647,2110.613818503435,0,57.64658464924716,0.00691759015790966,0,0,0,0,262.3861814965647,0,0,0,18.56894356716856,17,22,0,0
2,2015-01-01 00:00:00,09:36:00,1,2,100,2273,853.6000000000001,2.6519736944940084,45.54937809576854,189.4864978846424,57.722043152726656,11.249627336604242,18.46644638710735,0,57,1,1,1,1,27.429548731825427,267.8910694023391,267.8910694023391,2105.108930597661,0,57.722043152726656,0.0069266451783272,0,0,0,0,267.8910694023391,0,0,0,18.518637898182227,17,22,0,0
2,2015-01-01 00:00:00,09:37:00,1,2,200,2273,953.6000000000001,2.6617676825407024,46.92309401760629,195.20118884200568,57.80033041933898,11.246758370544379,18.41873680459077,0,57,1,1,1,1,27.124681305134338,273.354820758609,273.354820758609,2199.645179241391,0,57.80033041933898,0.006936039650320678,0,0,0,0,273.354820758609,0,0,0,18.46644638710735,17,22,0,0
2,2015-01-01 00:00:00,09:38:00,1,2,200,2135,815.6,2.6716666668765394,48.301567388345674,200.93567090012425,57.871894793113846,11.243860161761182,18.36140854765184,0,57,1,1,1,1,26.82856074389136,278.7770976081816,278.7770976081816,2056.2229023918185,0,57.871894793113846,0.006944627375173662,0,0,0,0,278.7770976081816,0,0,0,18.41873680459077,17,22,0,0
2,2015-01-01 00:00:00,09:39:00,1,2,200,2135,815.6,2.6816672232610075,49.68429383606511,206.68784585979,57.95788717852224,11.240923442004513,18.303235751324614,0,57,1,1,1,1,26.540562369869605,284.15761709860243,284.15761709860243,2050.8423829013977,0,57.95788717852224,0.00695494646142267,0,0,0,0,284.15761709860243,0,0,0,18.36140854765184,17,22,0,0
2,2015-01-01 00:00:00,09:40:00,1,2,200,2135,815.6,2.6917659894950416,51.07078581318823,212.45568551147167,58.04514637301308,11.237947578029889,18.24420565512829,0,57,1,1,1,1,26.260381192368076,289.49614629500036,289.49614629500036,2045.5038537049995,0,58.04514637301308,0.006965417564761571,0,0,0,0,289.49614629500036,0,0,0,18.303235751324614,17,22,0,0
2,2015-01-01 00:00:00,09:41:00,1,2,210,2346,1036.6000000000001,2.701959665453476,52.46057195170127,218.23722895300378,58.13369151730757,11.234931921587497,18.197382295510792,0,57,1,1,1,1,25.98772216048917,294.792497449126,294.792497449126,2261.207502550874,0,58.13369151730757,0.006976042982076909,0,0,0,0,294.792497449126,0,0,0,18.24420565512829,17,22,0,0
2,2015-01-01 00:00:00,09:42:00,1,2,210,2346,1036.6000000000001,2.7122450129454685,53.853196440798,224.0305800005748,58.20392655673381,11.231888655191506,18.149243400331148,0,57,1,1,1,1,25.722744614061334,300.04652368421614,300.04652368421614,2255.953476315784,0,58.20392655673381,0.0069844711868080585,0,0,0,0,300.04652368421614,0,0,0,18.197382295510792,17,22,0,0
2,2015-01-01 00:00:00,09:43:00,1,2,210,2346,1036.6000000000001,2.722618855425611,55.248218426893914,229.83390469277182,58.276134899503276,11.228816648312172,18.100146788599293,0,57,1,1,1,1,25.465142531961668,305.25811505891807,305.25811505891807,2250.741884941082,0,58.276134899503276,0.006993136187940394,0,0,0,0,305.25811505891807,0,0,0,18.149243400331148,17,22,0,0
2,2015-01-01 00:00:00,09:44:00,1,2,210,2346,1036.6000000000001,2.73307807757592,56.64521143581112,235.6454288868561,58.34977981710106,11.225715120723379,18.050210073682926,0,57,1,1,1,1,25.214632472663627,310.427194976812,310.427194976812,2245.572805023188,0,58.34977981710106,0.007001973578052128,0,0,0,0,310.427194976812,0,0,0,18.100146788599293,17,22,0,0
2,2015-01-01 00:00:00,09:45:00,1,2,210,2346,1036.6000000000001,2.743619624776615,58.043762816817576,241.46343594595274,58.424684889475614,11.222583405862686,17.999546803082847,0,57,1,1,1,1,24.970944635963605,315.5537169110615,315.5537169110615,2240.4462830889383,0,58.424684889475614,0.0070109621867370745,0,0,0,0,315.5537169110615,0,0,0,18.050210073682926,17,22,0,0
2,2015-01-01 00:00:00,09:46:00,1,2,210,2346,1036.6000000000001,2.7542405024815984,59.44347320811348,247.28626451546162,58.50067979537573,11.219420946663526,17.948262986767993,0,57,1,1,1,1,24.73382226069555,320.63766141645897,320.63766141645897,2235.362338583541,0,58.50067979537573,0.007020081575445088,0,0,0,0,320.63766141645897,0,0,0,17.999546803082847,17,22,0,0
2,2015-01-01 00:00:00,09:47:00,1,2,210,2346,1036.6000000000001,2.764937775512732,60.843956023287554,253.11230638670318,58.57760551984801,11.216227287985216,17.896457597726133,0,57,1,1,1,1,24.503020924847675,325.6790334036295,325.6790334036295,2230.3209665963705,0,58.57760551984801,0.007029312662381762,0,0,0,0,325.6790334036295,0,0,0,17.948262986767993,17,22,0,0
2,2015-01-01 00:00:00,09:48:00,1,2,160,2346,986.6000000000001,2.7757085672854256,62.24483695820786,258.94000444557247,58.655313603410804,11.21300206954998,17.841295620298144,0,57,1,1,1,1,24.27830788651021,330.6778596524057,330.6778596524057,2175.3221403475945,0,58.655313603410804,0.007038637632409297,0,0,0,0,330.6778596524057,0,0,0,17.896457597726133,17,22,0,0
2,2015-01-01 00:00:00,09:49:00,1,2,160,2346,986.6000000000001,2.7865500589766157,63.64575351777368,264.7678507038156,58.73805656955278,11.209742143676161,17.785948409714468,0,57,1,1,1,1,24.05936189106082,335.6341865434595,335.6341865434595,2170.3658134565403,0,58.73805656955278,0.007048566788346334,0,0,0,0,335.6341865434595,0,0,0,17.841295620298144,17,22,0,0
2,2015-01-01 00:00:00,09:50:00,1,2,160,2346,986.6000000000001,2.7974594886449515,65.0463545619231,270.5943844104109,58.821077385428296,11.206447481523169,17.730439432724015,0,57,1,1,1,1,23.845980480130674,340.5480779891378,340.5480779891378,2165.4519220108623,0,58.821077385428296,0.007058529286251397,0,0,0,0,340.5480779891378,0,0,0,17.785948409714468,17,22,0,0
2,2015-01-01 00:00:00,09:51:00,1,2,160,2346,986.6000000000001,2.8084341503118573,66.44629987027368,276.41819024046305,58.904340850913975,11.203118074226385,17.674839341172863,0,57,1,1,1,1,23.63796887987875,345.4196135461597,345.4196135461597,2160.58038645384,0,58.904340850913975,0.007068520902109678,0,0,0,0,345.4196135461597,0,0,0,17.730439432724015,17,22,0,0
2,2015-01-01 00:00:00,09:52:00,1,2,160,2346,986.6000000000001,2.8194713930111597,67.84525972475959,282.2378965589642,58.9877409882407,11.199753979269275,17.619212967338377,0,57,1,1,1,1,23.435141344548615,350.248886694371,350.248886694371,2155.751113305629,0,58.9877409882407,0.007078528918588885,0,0,0,0,350.248886694371,0,0,0,17.674839341172863,17,22,0,0
2,2015-01-01 00:00:00,09:53:00,1,2,160,2346,986.6000000000001,2.830568619814034,69.24291450962397,288.05217375675255,59.07118054899243,11.196355314687233,17.56362050603655,0,57,1,1,1,1,23.237320651446225,355.0360032671607,355.0360032671607,2150.9639967328394,0,59.07118054899243,0.007088541665879093,0,0,0,0,355.0360032671607,0,0,0,17.619212967338377,17,22,0,0
2,2015-01-01 00:00:00,09:54:00,1,2,160,2346,986.6000000000001,2.8417232868352533,70.63895432812902,293.85973265601683,59.15456924094518,11.192922254443893,17.50811777557341,0,57,1,1,1,1,23.04433765330304,359.7810800204303,359.7810800204303,2146.21891997957,0,59.15456924094518,0.007098548308913422,0,0,0,0,359.7810800204303,0,0,0,17.56362050603655,17,22,0,0
2,2015-01-01 00:00:00,09:55:00,1,2,160,2346,986.6000000000001,2.852932902225991,72.03307863534498,299.6593229826901,59.237823336639885,11.189455024072526,17.452756478139932,0,57,1,1,1,1,22.856030854740805,364.4842433281484,364.4842433281484,2141.5157566718517,0,59.237823336639885,0.007108538800396787,0,0,0,0,364.4842433281484,0,0,0,17.50811777557341,17,22,0,0
2,2015-01-01 00:00:00,09:56:00,1,2,160,363,590,2.864195025157792,73.42499588639339,305.44973190313345,59.3208652827901,11.185953896581378,17.37436461824001,0,57,1,1,1,1,22.672246011999277,369.1456279935999,369.1456279935999,153.85437200640013,0,59.3208652827901,0.007118503833934813,0,0,0,0,369.1456279935999,0,0,0,17.452756478139932,17,22,0,0
2,2015-01-01 00:00:00,09:57:00,1,2,160,363,590,2.8755072648017714,74.8144231995276,311.2297826225422,59.43845307263999,11.182396379189708,17.297458594687463,0,57,1,1,1,1,22.4920459645925,373.76537616638257,373.76537616638257,149.23462383361743,0,59.43845307263999,0.007132614368716799,0,0,0,0,373.76537616638257,0,0,0,17.37436461824001,17,22,0,0
2,2015-01-01 00:00:00,09:58:00,1,2,160,363,590,2.8868672793065784,76.20108603344944,316.99833304257646,3349.553812107969,11.17878410765139,17.221628936003892,1,57,1,1,1,1,22.315359319357633,378.34363635608895,378.34363635608895,144.65636364391105,0,3349.553812107969,0.4019464574529563,0,0,0,0,378.34363635608895,0,0,0,17.297458594687463,17,22,0,0
2,2015-01-01 00:00:00,09:59:00,1,2,160,486,713,2.8982727747782198,77.58471787827375,322.75427447576544,59.667556595994164,11.175118309322658,17.15408240411936,0,57,1,1,1,1,22.14210318386941,382.8805625343939,382.8805625343939,263.1194374656061,0,59.667556595994164,0.007160106791519301,0,0,0,0,382.8805625343939,0,0,0,17.221628936003892,17,22,0,0
2,2015-01-01 00:00:00,10:00:00,1,2,160,486,713,2.9097215042644393,78.96505995957119,328.49653041431907,59.76887639382096,11.171407285708227,17.087226844554102,0,57,1,1,1,1,21.972442613129612,387.3763133179972,387.3763133179972,258.6236866820028,0,59.76887639382096,0.007172265167258516,0,0,0,0,387.3763133179972,0,0,0,17.15408240411936,17,22,0,0
2,2015-01-01 00:00:00,10:01:00,1,2,160,486,713,2.9212112667459786,80.34186095493573,334.22405535104156,59.86915973316884,11.16765186001601,17.021198689672445,0,57,1,1,1,1,21.806278811477384,391.83105122552723,391.83105122552723,254.16894877447277,0,59.86915973316884,0.007184299167980262,0,0,0,0,391.83105122552723,0,0,0,17.087226844554102,17,22,0,0
2,2015-01-01 00:00:00,10:02:00,1,2,160,474,701,2.932739906136745,81.71487672254247,339.93583365012586,59.96820196549133,11.163852985211488,16.955301306222157,0,57,1,1,1,1,21.643520984205107,396.24494200210626,396.24494200210626,237.75505799789374,0,59.96820196549133,0.00719618423585896,0,0,0,0,396.24494200210626,0,0,0,17.021198689672445,17,22,0,0
2,2015-01-01 00:00:00,10:03:00,1,2,160,263,490,2.944305310294606,83.08387004117942,345.6308784656793,60.06704804066676,11.160010925449512,16.877928380060776,0,57,1,1,1,1,21.484057729851944,400.61815400582606,400.61815400582606,22.381845994173943,0,60.06704804066676,0.007208045764880012,0,0,0,0,400.61815400582606,0,0,0,16.955301306222157,17,22,0,0
2,2015-01-01 00:00:00,10:04:00,1,2,160,263,490,2.955905410044299,84.44861036125461,351.3082307059075,60.18310742990884,11.156114540746536,16.80209139358538,0,57,1,1,1,1,21.32738666353252,404.95085765087305,404.95085765087305,18.049142349126953,0,60.18310742990884,0.007221972891589061,0,0,0,0,404.95085765087305,0,0,0,16.877928380060776,17,22,0,0
2,2015-01-01 00:00:00,10:05:00,1,2,160,263,490,2.9675381782137062,85.80887356630117,356.96695804096976,60.296862909621936,11.152165494134286,16.727553968533968,0,57,1,1,1,1,21.173465055711187,409.2432249025028,409.2432249025028,13.756775097497211,0,60.296862909621936,0.007235623549154633,0,0,0,0,409.2432249025028,0,0,0,16.80209139358538,17,22,0,0
2,2015-01-01 00:00:00,10:06:00,1,2,160,263,490,2.979201628684552,87.16444174451847,362.6061539525847,60.40866904719905,11.148165210579114,16.654300904666172,0,57,1,1,1,1,21.02224359016094,413.4954288194628,413.4954288194628,9.504571180537198,0,60.40866904719905,0.007249040285663887,0,0,0,0,413.4954288194628,0,0,0,16.727553968533968,17,22,0,0
2,2015-01-01 00:00:00,10:07:00,1,2,160,263,490,2.990893815458401,88.51510296990888,368.224936823554,60.51854864300074,11.144115094807146,16.582313415588573,0,57,1,1,1,1,20.873674111062478,417.70764313985075,417.70764313985075,5.292356860149255,0,60.51854864300074,0.00726222583716009,0,0,0,0,417.70764313985075,0,0,0,16.654300904666172,17,22,0,0
2,2015-01-01 00:00:00,10:08:00,1,2,160,263,490,3.002612831738676,89.86065109258524,373.8224490654365,60.62652987661714,11.14001652787032,16.511572888981807,0,57,1,1,1,1,20.72770946155656,421.8800419067264,421.8800419067264,1.119958093273624,0,60.62652987661714,0.0072751835851940574,0,0,0,0,421.8800419067264,0,0,0,16.582313415588573,17,22,0,0
2,2015-01-01 00:00:00,10:09:00,1,2,160,263,490,3.014356809029288,91.20088553784299,379.39785628268345,60.73264066652729,11.135870867412502,16.442060832394002,0,57,1,1,1,1,20.584303455686673,426.0127991301151,426.0127991301151,-3.012799130115127,0,60.73264066652729,0.007287916879983276,0,0,0,0,423,0,0,0,16.511572888981807,17,22,0,0
2,2015-01-01 00:00:00,10:10:00,1,2,160,263,490,3.02612391625032,92.53561111360871,384.9503464716198,60.836908751409,11.131679447880764,16.37375888196981,0,57,1,1,1,1,20.443410849452228,430.10608848232016,430.10608848232016,-7.10608848232016,0,60.836908751409,0.0073004290501690805,0,0,0,0,423,0,0,0,16.442060832394002,17,22,0,0
2,2015-01-01 00:00:00,10:11:00,1,2,160,263,490,3.0379123588711425,93.86463782589249,390.4791292527219,60.939361677045284,11.12744358074377,16.30664880945306,0,57,1,1,1,1,20.3049873131433,434.16008302372666,434.16008302372666,-11.160083023726656,0,60.939361677045284,0.007312723401245435,0,0,0,0,423,0,0,0,16.37375888196981,17,22,0,0
2,2015-01-01 00:00:00,10:12:00,1,2,160,263,490,3.0497203780611866,95.18778070188769,395.9834351347079,61.040026785820416,11.1231645547156,16.240712528584112,0,57,1,1,1,1,20.168989404854518,438.1749549565091,438.1749549565091,-15.174954956509112,0,61.040026785820416,0.007324803214298451,0,0,0,0,423,0,0,0,16.30664880945306,17,22,0,0
2,2015-01-01 00:00:00,10:13:00,1,2,160,263,490,3.0615462498585675,96.50485962037881,401.46251480903084,61.13893120712383,11.118843635984396,16.17593210091266,0,57,1,1,1,1,20.035374545117428,442.1508754038809,442.1508754038809,-19.15087540388089,0,61.13893120712383,0.00733667174485486,0,0,0,0,423,0,0,0,16.240712528584112,17,22,0,0
2,2015-01-01 00:00:00,10:14:00,1,2,160,263,490,3.0704537075086407,82.16518728527073,341.8091363176713,61.23610184863101,11.114478665596707,16.10846528344133,0,57,1,1,1,1,19.904100992593456,374.713931938679,374.713931938679,48.286068061320975,0,61.23610184863101,0.007348332221835722,0,0,0,0,374.713931938679,0,0,0,16.17593210091266,17,22,0,0
2,2015-01-01 00:00:00,10:15:00,1,2,160,263,490,3.0786570679446736,79.29610271116505,329.8736761465336,61.33730207483801,11.110066282548233,16.041292864207,0,57,1,1,1,1,19.77499773718012,359.9892318220297,359.9892318220297,63.010768177970306,0,61.33730207483801,0.007360476248980561,0,0,0,0,359.9892318220297,0,0,0,16.10846528344133,17,22,0,0
2,2015-01-01 00:00:00,10:16:00,1,2,160,263,490,3.0870798545230502,81.33856446755689,338.3703657054622,61.4380607036895,11.105607132026778,15.975577544866942,0,57,1,1,1,1,19.648000972793277,367.61576129612916,367.61576129612916,55.384238703870835,0,61.4380607036895,0.007372567284442741,0,0,0,0,367.61576129612916,0,0,0,16.041292864207,17,22,0,0
2,2015-01-01 00:00:00,10:17:00,1,2,160,140,367,3.0953489517206183,81.36727534320022,338.48980363204413,61.53663368269959,11.101102567335458,15.90357682130364,0,57,1,1,1,1,19.523088611299183,366.13473325669383,366.13473325669383,-66.13473325669383,0,61.53663368269959,0.007384396041923952,0,0,0,0,300,0,0,0,15.975577544866942,17,22,0,0
2,2015-01-01 00:00:00,10:18:00,1,2,160,140,367,3.1034630242409578,81.36471512135442,338.47915304818,61.64463476804454,11.096546331674556,15.832869687608374,0,57,1,1,1,1,19.399975965380968,364.54715584532124,364.54715584532124,-64.54715584532124,0,61.64463476804454,0.007397356172165345,0,0,0,0,300,0,0,0,15.90357682130364,17,22,0,0
2,2015-01-01 00:00:00,10:19:00,1,2,160,140,367,3.1112343391252413,80.28826569200874,334.0010977806025,61.75069546858744,11.091939408992012,15.76304247462613,0,57,1,1,1,1,19.2786458198785,358.2023201556023,358.2023201556023,-58.20232015560231,0,61.75069546858744,0.007410083456230493,0,0,0,0,300,0,0,0,15.832869687608374,17,22,0,0
2,2015-01-01 00:00:00,10:20:00,1,2,160,171,398,3.1188493233686994,80.21073269224534,333.6785586547166,61.8554362880608,11.087282590945906,15.696145973661412,0,57,1,1,1,1,19.159067474801887,356.3683645464103,356.3683645464103,-25.368364546410305,0,61.8554362880608,0.007422652354567297,0,0,0,0,331,0,0,0,15.76304247462613,17,22,0,0
2,2015-01-01 00:00:00,10:21:00,1,2,160,171,398,3.1233065103484123,63.01380075512257,262.1389121577939,61.95578103950788,11.082575201630364,15.626057650842105,0,57,1,1,1,1,19.041281029184866,278.81985551591816,278.81985551591816,52.180144484081836,0,61.95578103950788,0.007434693724740947,0,0,0,0,278.81985551591816,0,0,0,15.696145973661412,17,22,0,0
2,2015-01-01 00:00:00,10:22:00,1,2,160,171,398,3.1276242198046944,62.67374150879438,260.72425759270766,62.06091352373684,11.077814052223149,15.557121752866717,0,57,1,1,1,1,18.925116968697015,276.2011176619408,276.2011176619408,54.79888233805917,0,62.06091352373684,0.007447309622848422,0,0,0,0,276.2011176619408,0,0,0,15.626057650842105,17,22,0,0
2,2015-01-01 00:00:00,10:23:00,1,2,160,171,398,3.1318011090370246,62.304230119712955,259.1870814122049,62.164317370699926,11.073000226637594,15.489235023496141,0,57,1,1,1,1,18.810559308294625,273.4884436264029,273.4884436264029,57.5115563735971,0,62.164317370699926,0.0074597180844839924,0,0,0,0,273.4884436264029,0,0,0,15.557121752866717,17,22,0,0
2,2015-01-01 00:00:00,10:24:00,1,2,160,171,398,3.135269098819324,58.589057525356814,243.73187492263608,62.26614746475579,11.06813404630633,15.421559239226266,0,57,1,1,1,1,18.69758909452597,256.1821604905156,256.1821604905156,74.81783950948437,0,62.26614746475579,0.007471937695770696,0,0,0,0,256.1821604905156,0,0,0,15.489235023496141,17,22,0,0
2,2015-01-01 00:00:00,10:25:00,1,2,160,526,753,3.141059246627023,72.65519051958108,302.2473232400914,62.3676611411606,11.063218523290235,15.379242482028948,0,57,1,1,1,1,18.586159507611015,316.47447716329265,316.47447716329265,369.52552283670735,0,62.3676611411606,0.007484119336939273,0,0,0,0,316.47447716329265,0,0,0,15.421559239226266,17,22,0,0
2,2015-01-01 00:00:00,10:26:00,1,2,160,526,753,3.146882287554548,73.4506571929574,305.55648354970333,62.43113627695658,11.058278712225896,15.336921158085717,0,57,1,1,1,1,18.477080697217065,318.7393069887179,318.7393069887179,367.2606930112821,0,62.43113627695658,0.00749173635323479,0,0,0,0,318.7393069887179,0,0,0,15.379242482028948,17,22,0,0
2,2015-01-01 00:00:00,10:27:00,1,2,160,526,753,3.1523561626079095,71.95648924781463,299.340709306171,62.49461826287143,11.053314255767315,15.294470760310189,0,57,1,1,1,1,18.370272549627565,311.10393549538674,311.10393549538674,374.89606450461326,0,62.49461826287143,0.0074993541915445725,0,0,0,0,311.10393549538674,0,0,0,15.336921158085717,17,22,0,0
2,2015-01-01 00:00:00,10:28:00,1,2,160,526,753,3.1584336167916933,76.17984539607377,316.90997148513236,62.558293859534714,11.048325779802417,15.253319533913944,0,57,1,1,1,1,18.265653441147382,328.1696679295657,328.1696679295657,357.8303320704343,0,62.558293859534714,0.007506995263144167,0,0,0,0,328.1696679295657,0,0,0,15.294470760310189,17,22,0,0
2,2015-01-01 00:00:00,10:29:00,1,2,160,171,398,3.168355141475507,100.29575083943517,417.23271258100357,62.620020699129086,11.043319069457633,15.197497891026027,0,57,1,1,1,1,18.163193104166652,430.5171175724098,430.5171175724098,-99.5171175724098,0,62.620020699129086,0.007514402483895491,0,0,0,0,331,0,0,0,15.253319533913944,17,22,0,0
2,2015-01-01 00:00:00,10:30:00,1,2,160,171,398,3.1782760726633215,101.31952870326167,421.4916528813614,62.70375316346096,11.03827975198312,15.143002975962744,0,57,1,1,1,1,18.062319117325135,433.3879664821049,433.3879664821049,-102.3879664821049,0,62.70375316346096,0.007524450379615316,0,0,0,0,331,0,0,0,15.197497891026027,17,22,0,0
2,2015-01-01 00:00:00,10:31:00,1,2,160,171,398,3.188386745021602,103.52583371405301,430.6699342814103,62.78549553605588,11.033209420516192,15.08983443809147,0,57,1,1,1,1,17.963022649931855,441.3000979339787,441.3000979339787,-110.30009793397869,0,62.78549553605588,0.007534259464326707,0,0,0,0,331,0,0,0,15.143002975962744,17,22,0,0
2,2015-01-01 00:00:00,10:32:00,1,2,160,171,398,3.198493193959469,104.54639551282553,434.91549567453546,62.86524834286279,11.02810943952178,15.037671134873605,0,57,1,1,1,1,17.8652951597332,444.14145366146965,444.14145366146965,-113.14145366146965,0,62.86524834286279,0.007543829801143536,0,0,0,0,331,0,0,0,15.08983443809147,17,22,0,0
2,2015-01-01 00:00:00,10:33:00,1,2,160,171,398,3.2089784541134696,107.98590203256559,449.2239247272141,62.94349329768959,11.022981299231558,14.987088769702991,0,57,1,1,1,1,17.769117471812805,457.2262881381549,457.2262881381549,-126.22628813815493,0,62.94349329768959,0.007553219195722752,0,0,0,0,331,0,0,0,15.037671134873605,17,22,0,0
2,2015-01-01 00:00:00,10:34:00,1,2,160,171,398,3.219646989877101,110.23894283087897,458.5966281166218,21749.999999999996,11.017826825475842,14.937747675077643,0,57,1,1,1,1,21.341612336797695,465.23841366662833,465.23841366662833,-134.23841366662833,21686.98063315455,63.01936684544551,2.61,0,0,0,0,331,0,0,0,14.987088769702991,17,22,0,0
2,2015-01-01 00:00:00,10:35:00,1,2,160,171,398,3.232229736132423,123.63388595888694,514.3199106025792,21749.999999999996,11.012649513651247,14.935533431622183,0,57,1,1,1,1,24.790902987608224,520.0900462265716,520.0900462265716,-189.09004622657164,21686.90662151261,63.09337848738353,2.61,0,0,0,0,331,0,0,0,14.937747675077643,17,22,0,0
2,2015-01-01 00:00:00,10:36:00,1,2,160,171,398,3.24478683140695,124.77088674445153,519.0498609543872,21749.999999999996,11.007495676817374,14.973487056050448,0,57,1,1,1,1,28.122794951143067,523.2129496343335,523.2129496343335,-192.21294963433354,21686.90330014743,63.09669985256673,2.61,0,0,0,0,331,0,0,0,14.935533431622183,17,22,0,0
2,2015-01-01 00:00:00,10:37:00,1,2,160,171,398,3.2573174653608787,125.8986163689654,523.7412430553812,21749.999999999996,11.00240469191276,15.048814434157839,0,57,1,1,1,1,31.342657822212324,526.3003993196611,526.3003993196611,-195.3003993196611,21686.96023058407,63.039769415924326,2.61,0,0,0,0,331,0,0,0,14.973487056050448,17,22,0,0
2,2015-01-01 00:00:00,10:38:00,1,2,160,171,398,3.269820838274692,127.01697683815858,528.3936492470638,21749.999999999996,10.997413105878916,15.158824461489376,0,57,1,1,1,1,34.45558280975002,529.3525112390761,529.3525112390761,-198.35251123907608,21687.073221651233,62.92677834876324,2.61,0,0,0,0,331,0,0,0,15.048814434157839,17,22,0,0
2,2015-01-01 00:00:00,10:39:00,1,2,160,171,398,3.282296160964751,128.12587234781208,533.0066809816017,21749.999999999996,10.99255474292316,15.300987033661361,0,57,1,1,1,1,37.4663957355818,532.3693989714632,532.3693989714632,-201.36939897146317,21687.238236692232,62.76176330776594,2.61,0,0,0,0,331,0,0,0,15.158824461489376,17,22,0,0
2,2015-01-01 00:00:00,10:40:00,1,2,160,171,398,3.2947426546941694,129.2252092260402,537.5799485817192,21749.999999999996,10.987860868516949,15.472922833008967,0,57,1,1,1,1,40.37967157822626,535.3511737414154,535.3511737414154,-204.35117374141544,21687.451480550488,62.54851944950796,2.61,0,0,0,0,331,0,0,0,15.300987033661361,17,22,0,0
2,2015-01-01 00:00:00,10:41:00,1,2,160,171,398,3.3071595510795415,130.31489587770253,542.1130710094504,21749.999999999996,10.98336034301,15.672394772219432,0,57,1,1,1,1,43.199748172025714,538.2979444441914,538.2979444441914,-207.29794444419144,21687.70938424951,62.29061575048655,2.61,0,0,0,0,331,0,0,0,15.472922833008967,17,22,0,0
2,2015-01-01 00:00:00,10:42:00,1,2,160,171,398,3.31954609199405,131.39484273085876,546.60567564339,21749.999999999996,10.979079766510146,15.897299900092493,0,57,1,1,1,1,45.930739147117,541.2098176720876,541.2098176720876,-210.20981767208764,21688.008592158327,61.99140784167085,2.61,0,0,0,0,331,0,0,0,15.672394772219432,17,22,0,0
2,2015-01-01 00:00:00,10:43:00,1,2,160,171,398,3.331901529467431,132.46496218518473,551.0573980641027,21749.999999999996,10.975043615501576,16.14566176198353,0,57,1,1,1,1,48.57654615189992,544.0868977420482,544.0868977420482,-213.08689774204822,21688.345949850136,61.65405014986126,2.61,0,0,0,0,331,0,0,0,15.897299900092493,17,22,0,0
2,2015-01-01 00:00:00,10:44:00,1,2,160,171,398,3.3442251255832334,133.52516856226882,555.4678818473553,21749.999999999996,10.971274371665812,16.415623189198435,0,57,1,1,1,1,51.1408703979889,546.9292867243445,546.9292867243445,-215.92928672434448,21688.718492642973,61.28150735702471,2.61,0,0,0,0,331,0,0,0,16.14566176198353,17,22,0,0
2,2015-01-01 00:00:00,10:45:00,1,2,160,171,398,3.3565161523737723,134.57537805771332,559.8367783648571,21749.999999999996,10.967792643343481,16.705439493358487,0,57,1,1,1,1,53.62722356539168,549.7370844721735,549.7370844721735,-218.73708447217348,21689.123434783793,60.87656521620235,2.61,0,0,0,0,331,0,0,0,16.415623189198435,17,22,0,0
2,2015-01-01 00:00:00,10:46:00,1,2,160,171,398,3.368773891713155,135.61550869497015,564.1637465922154,15605.826878477274,10.964617280050463,17.01347204308773,0,57,1,1,1,1,55,552.5103886520418,552.5103886520418,-221.5103886520418,15545.385037717311,60.44184075996227,1.872699225417273,0,0,0,0,331,0,0,0,16.705439493358487,17,22,0,0
2,2015-01-01 00:00:00,10:47:00,1,2,160,171,398,3.3809976352086966,136.64548028083925,568.4484529238075,59.979791935368404,10.961765480438848,17.325946683016628,0,57,1,1,1,1,53.707941225955366,555.249294774801,555.249294774801,-224.249294774801,0,59.979791935368404,0.007197575032244209,0,0,0,0,331,0,0,0,17.01347204308773,17,22,0,0
2,2015-01-01 00:00:00,10:48:00,1,2,160,171,398,3.3931866840910496,137.66521436256545,572.6905709943035,59.511079975475056,10.959240874814716,17.6115371249631,0,57,1,1,1,1,52.47045841837242,557.953896227224,557.953896227224,-226.95389622722405,0,59.511079975475056,0.007141329597057007,0,0,0,0,331,0,0,0,17.325946683016628,17,22,0,0
2,2015-01-01 00:00:00,10:49:00,1,2,160,171,398,3.405340349103321,138.67463418647077,576.8897815065743,59.08269431255535,10.957016312311215,17.872411900681005,0,57,1,1,1,1,51.284780823358496,560.6242843040164,560.6242843040164,-229.62428430401644,0,59.08269431255535,0.007089923317506642,0,0,0,0,331,0,0,0,17.6115371249631,17,22,0,0
2,2015-01-01 00:00:00,10:50:00,1,2,160,171,398,3.4174579503894273,139.67366465806066,581.045772065734,58.69138214897849,10.955066829630557,18.11008625536516,0,57,1,1,1,1,50.14830568993409,563.2605482401632,563.2605482401632,-232.2605482401632,0,58.69138214897849,0.00704296585787742,0,0,0,0,331,0,0,0,17.872411900681005,17,22,0,0
2,2015-01-01 00:00:00,10:51:00,1,2,160,171,398,3.4295388173819346,140.6622323035476,585.1582370190764,58.33487061695226,10.953369004629492,18.325997318791913,0,57,1,1,1,1,49.05857033501678,565.8627752435264,565.8627752435264,-234.86277524352636,0,58.33487061695226,0.0070001844740342715,0,0,0,0,331,0,0,0,18.11008625536516,17,22,0,0
2,2015-01-01 00:00:00,10:52:00,1,2,160,171,398,3.441582288689579,141.64026523273665,589.2268773016779,58.01100402181213,10.951900876294216,18.521499510538654,0,57,1,1,1,1,48.013244722220016,568.4310505276104,568.4310505276104,-237.4310505276104,0,58.01100402181213,0.006961320482617456,0,0,0,0,331,0,0,0,18.325997318791913,17,22,0,0
2,2015-01-01 00:00:00,10:53:00,1,2,160,294,521,3.453587711984677,142.6076931032209,593.2514002874502,57.71775073419202,10.950641860372997,18.705070648728228,0,57,1,1,1,1,47.010124136788676,570.9654573444255,570.9654573444255,-116.96545734442554,0,57.71775073419202,0.006926130088103044,0,0,0,0,454,0,0,0,18.521499510538654,17,22,0,0
2,2015-01-01 00:00:00,10:54:00,1,2,160,294,521,3.4655544438905914,143.56444708583433,597.2315196454233,57.44239402690766,10.949579743930586,18.870323998091518,0,57,1,1,1,1,46.04736721542608,573.466077017377,573.466077017377,-119.46607701737696,0,57.44239402690766,0.0068930872832289195,0,0,0,0,454,0,0,0,18.705070648728228,17,22,0,0
2,2015-01-01 00:00:00,10:55:00,1,2,160,294,521,3.477481849869413,144.51045983131743,601.1669552010733,57.194514002862725,10.948696065604661,19.018532784376937,0,57,1,1,1,1,45.12297799034667,575.9329889741273,575.9329889741273,-121.93298897412728,0,57.194514002862725,0.006863341680343527,0,0,0,0,454,0,0,0,18.870323998091518,17,22,0,0
2,2015-01-01 00:00:00,10:56:00,1,2,160,294,521,3.4893693041100105,145.4456654381458,605.0574328024886,56.97220082343459,10.947973653571095,19.150775067529207,0,57,1,1,1,1,44.23507169082389,578.3662707793687,578.3662707793687,-124.36627077936873,0,56.97220082343459,0.006836664098812151,0,0,0,0,454,0,0,0,19.018532784376937,17,22,0,0
2,2015-01-01 00:00:00,10:57:00,1,2,160,294,521,3.5012161894165663,146.36999942147997,608.9026841912014,56.77383739870619,10.947396431075637,19.268068620973242,0,57,1,1,1,1,43.38186432268461,580.7659981674622,580.7659981674622,-126.76599816746216,0,56.77383739870619,0.006812860487844744,0,0,0,0,454,0,0,0,19.150775067529207,17,22,0,0
2,2015-01-01 00:00:00,10:58:00,1,2,160,294,521,3.513021897097732,147.2833986831942,612.7024468775053,56.597897068540135,10.94694935487728,19.371372259932794,0,57,1,1,1,1,42.56166718997334,583.1322450748947,583.1322450748947,-129.13224507489474,0,56.597897068540135,0.006791747648224817,0,0,0,0,454,0,0,0,19.268068620973242,17,22,0,0
2,2015-01-01 00:00:00,10:59:00,1,2,160,471,556.4,3.5247858268564958,148.18580148294174,616.4564640200871,56.44294161010081,10.946618355128209,19.46366176987633,0,57,1,1,1,1,41.772881648135225,585.4650836725151,585.4650836725151,45.53491632748489,0,56.44294161010081,0.006773152993212098,0,0,0,0,585.4650836725151,0,0,0,19.371372259932794,17,22,0,0
2,2015-01-01 00:00:00,11:00:00,1,2,160,471,556.4,3.536507386680869,149.07714741022087,620.1644843098208,56.3045073451855,10.946392314618913,19.543603540178093,0,57,1,1,1,1,41.01406464547336,587.7645843975114,587.7645843975114,43.235415602488615,0,56.3045073451855,0.006756540881422261,0,0,0,0,587.7645843975114,0,0,0,19.46366176987633,17,22,0,0
2,2015-01-01 00:00:00,11:01:00,1,2,160,294,521,3.548185992735464,149.95737735740266,623.826261857562,56.18459468973286,10.946258829235648,19.609966426204593,0,57,1,1,1,1,40.28377685277624,590.0308159850982,590.0308159850982,-136.03081598509823,0,56.18459468973286,0.006742151362767944,0,0,0,0,454,0,0,0,19.543603540178093,17,22,0,0
2,2015-01-01 00:00:00,11:02:00,1,2,160,294,521,3.5598210692540615,150.82643349368516,627.4415560857971,56.08505036069311,10.946204311381111,19.665692175445553,0,57,1,1,1,1,39.58058602194047,592.2638454998814,592.2638454998814,-138.26384549988143,0,56.08505036069311,0.006730206043283174,0,0,0,0,454,0,0,0,19.609966426204593,17,22,0,0
2,2015-01-01 00:00:00,11:03:00,1,2,160,505,732,3.571412048433209,151.6842592399415,631.0101316240105,56.00146173683167,10.94621809165509,19.723807811395876,0,57,1,1,1,1,38.90320868022295,594.4637383668775,594.4637383668775,70.53626163312254,0,56.00146173683167,0.0067201754084198016,0,0,0,0,594.4637383668775,0,0,0,19.665692175445553,17,22,0,0
2,2015-01-01 00:00:00,11:04:00,1,2,160,2939,3165.9999999999995,3.5829583703269394,152.53079924442744,634.5317582076277,55.914288282906185,10.946302319632473,19.914466618873416,0,57,1,1,1,1,38.250848106453326,596.6305584021594,596.6305584021594,2502.3694415978407,0,55.914288282906185,0.006709714593948743,0,0,0,0,596.6305584021594,0,0,0,19.723807811395876,17,22,0,0
2,2015-01-01 00:00:00,11:05:00,1,2,160,2939,3165.9999999999995,3.5944594827426344,153.3659993593189,638.0062105804107,55.62830007168988,10.946586992477155,20.088347419967846,0,57,1,1,1,1,37.62716166129755,598.7643678431134,598.7643678431134,2500.235632156887,0,55.62830007168988,0.006675396008602786,0,0,0,0,598.7643678431134,0,0,0,19.914466618873416,17,22,0,0
2,2015-01-01 00:00:00,11:06:00,1,2,160,2939,3165.9999999999995,3.605914841138109,154.1898066180486,641.433268400178,55.36747887004823,10.947055146346017,20.248822794393856,0,57,1,1,1,1,37.03060335376933,600.8652273782824,600.8652273782824,2498.1347726217177,0,55.36747887004823,0.006644097464405789,0,0,0,0,600.8652273782824,0,0,0,20.088347419967846,17,22,0,0
2,2015-01-01 00:00:00,11:07:00,1,2,160,505,732,3.617323908519934,155.00216921341388,644.8127161477323,55.12676580840922,10.947693166077611,20.254162879286774,0,57,1,1,1,1,36.459794491205535,602.9331961767837,602.9331961767837,62.06680382321633,0,55.12676580840922,0.006615211897009107,0,0,0,0,602.9331961767837,0,0,0,20.248822794393856,17,22,0,0
2,2015-01-01 00:00:00,11:08:00,1,2,160,505,732,3.628686155343045,155.8030364764278,648.1443430388811,55.11875568106984,10.948348240262478,20.25532759981279,0,57,1,1,1,1,35.90858253161646,604.968331917285,604.968331917285,60.03166808271499,0,55.11875568106984,0.0066142506817283815,0,0,0,0,604.968331917285,0,0,0,20.254162879286774,17,22,0,0
2,2015-01-01 00:00:00,11:09:00,1,2,160,2939,3165.9999999999995,3.6400010594116736,156.59235885588765,651.4279429394408,55.11700860028081,10.949016175909444,20.392782842732323,0,57,1,1,1,1,35.376158894480284,606.9706908165258,606.9706908165258,2492.029309183474,0,55.11700860028081,0.006614041032033698,0,0,0,0,606.9706908165258,0,0,0,20.25532759981279,17,22,0,0
2,2015-01-01 00:00:00,11:10:00,0,2,0,476,396,3.6491654319309954,140.05937822978586,582.650349711978,54.91082573590151,10.949828333373526,20.35042418379555,0,57,1,1,1,1,34.86652025326437,541.9568916150629,541.9568916150629,-65.95689161506289,0,54.91082573590151,0.006589299088308182,0,0,0,0,476,0,0,0,20.392782842732323,17,22,0,0
2,2015-01-01 00:00:00,11:11:00,0,2,0,353,273,3.658679314786829,143.9039203697441,598.6437365928912,54.97436372430668,10.950608173326364,20.300349349374645,0,57,1,1,1,1,34.37277548899672,555.8983391929315,555.8983391929315,-202.89833919293153,0,54.97436372430668,0.0065969236469168024,0,0,0,0,353,0,0,0,20.35042418379555,17,22,0,0
2,2015-01-01 00:00:00,11:12:00,0,2,0,530,308.4,3.667776161271828,141.41261400864886,588.2798427867202,55.04947597593803,10.95134770161308,20.248002216941703,0,57,1,1,1,1,33.89412153866944,545.3756660890064,545.3756660890064,-15.375666089006359,0,55.04947597593803,0.0066059371171125645,0,0,0,0,530,0,0,0,20.300349349374645,17,22,0,0
2,2015-01-01 00:00:00,11:13:00,0,2,0,530,308.4,3.6768395006913632,142.07358942923466,591.0295162810828,55.12799667458744,10.952044733587966,20.19225332281093,0,57,1,1,1,1,33.42996782024333,547.0415551261541,547.0415551261541,-17.041555126154094,0,55.12799667458744,0.006615359600950494,0,0,0,0,530,0,0,0,20.248002216941703,17,22,0,0
2,2015-01-01 00:00:00,11:14:00,0,2,0,353,273,3.6858687078751187,142.72408372852905,593.7355880612082,55.2116200157836,10.95269597905918,20.131344226609187,0,57,1,1,1,1,32.979705422371474,548.6785042813782,548.6785042813782,-195.6785042813782,0,55.2116200157836,0.006625394401894033,0,0,0,0,353,0,0,0,20.19225332281093,17,22,0,0
2,2015-01-01 00:00:00,11:15:00,0,2,0,353,273,3.6950528654281465,144.97489054325683,603.0989980256852,55.30298366008622,10.953296646776685,20.068124229477615,0,57,1,1,1,1,32.54268633408024,556.4695513047582,556.4695513047582,-203.46955130475817,0,55.30298366008622,0.006636358039210347,0,0,0,0,353,0,0,0,20.131344226609187,17,22,0,0
2,2015-01-01 00:00:00,11:16:00,0,2,0,353,273,3.704010825594822,143.99347592519996,599.0162898368403,55.39781365578358,10.95384431272504,20.002001761669025,0,57,1,1,1,1,32.11838150059035,551.865752752986,551.865752752986,-198.86575275298605,0,55.39781365578358,0.006647737638694031,0,0,0,0,353,0,0,0,20.068124229477615,17,22,0,0
2,2015-01-01 00:00:00,11:17:00,0,2,0,353,273,3.708962945868432,110.49029624632185,459.64226431221323,55.49699735749646,10.954331594205248,19.925306641051044,0,57,1,1,1,1,31.706259740763098,422.834799130615,422.834799130615,-69.83479913061501,0,55.49699735749646,0.0066596396828995765,0,0,0,0,353,0,0,0,20.002001761669025,17,22,0,0
2,2015-01-01 00:00:00,11:18:00,0,2,0,353,273,3.7125885881863283,99.5331470772573,414.06026276478616,55.61204003842343,10.95474669662807,19.84419021172151,0,57,1,1,1,1,31.305547050296703,380.35058577052047,380.35058577052047,-27.350585770520468,0,55.61204003842343,0.006673444804610813,0,0,0,0,353,0,0,0,19.925306641051044,17,22,0,0
2,2015-01-01 00:00:00,11:19:00,0,2,0,353,273,3.713581246108414,77.00502297631076,320.3427298750115,55.733714682417734,10.95508237830026,19.756024392855927,0,57,1,1,1,1,30.91570498095741,293.8453774126001,293.8453774126001,59.1546225873999,0,55.733714682417734,0.006688045761890129,0,0,0,0,293.8453774126001,0,0,0,19.84419021172151,17,22,0,0
2,2015-01-01 00:00:00,11:20:00,0,2,0,353,273,3.714409582415339,75.66992359266993,314.78868463641044,55.865963410716105,10.955331693998266,19.666405712768505,0,57,1,1,1,1,30.536124008573008,288.35010926485336,288.35010926485336,64.64989073514664,0,55.865963410716105,0.006703915609285934,0,0,0,0,288.35010926485336,0,0,0,19.756024392855927,17,22,0,0
2,2015-01-01 00:00:00,11:21:00,0,2,0,353,273,3.7214534204680048,130.46623625957847,542.7426506030489,56.000391430847245,10.955500608839145,19.589116337413248,0,57,1,1,1,1,30.166405699191902,496.48418212218127,496.48418212218127,-143.48418212218127,0,56.000391430847245,0.00672004697170167,0,0,0,0,353,0,0,0,19.666405712768505,17,22,0,0
2,2015-01-01 00:00:00,11:22:00,0,2,0,353,273,3.728471550444772,130.96804832294,544.8302007400172,56.116325493880126,10.955601376607833,19.51035838987014,0,57,1,1,1,1,29.806633952192627,497.732982087715,497.732982087715,-144.73298208771502,0,56.116325493880126,0.006733959059265616,0,0,0,0,353,0,0,0,19.589116337413248,17,22,0,0
2,2015-01-01 00:00:00,11:23:00,0,2,0,353,273,3.739387195244606,166.4054136278369,692.2504845420358,56.234462415194784,10.955637220095985,19.43905037446742,0,57,1,1,1,1,29.456420497691862,631.5903804418041,631.5903804418041,-278.5903804418041,0,56.234462415194784,0.006748135489823375,0,0,0,0,353,0,0,0,19.51035838987014,17,22,0,0
2,2015-01-01 00:00:00,11:24:00,0,2,0,353,273,3.750244847540098,167.01632162418812,694.7918763589544,56.34142443829887,10.955615529373281,19.3663955411539,0,57,1,1,1,1,29.115693622752257,633.106920298536,633.106920298536,-280.106920298536,0,56.34142443829887,0.006760970932595866,0,0,0,0,353,0,0,0,19.43905037446742,17,22,0,0
2,2015-01-01 00:00:00,11:25:00,0,2,0,319,97.4,3.7610441530662446,167.61502969185264,697.2825161819286,56.450406688269155,10.95553503700181,19.282412533491996,0,57,1,1,1,1,28.784084844466598,634.5914053552667,634.5914053552667,-315.5914053552667,0,56.450406688269155,0.0067740488025922994,0,0,0,0,319,0,0,0,19.3663955411539,17,22,0,0
2,2015-01-01 00:00:00,11:26:00,0,2,0,319,97.4,3.7717847620040006,168.20150474373457,699.7222663678515,56.576381199762004,10.955384672916173,19.19807448277559,0,57,1,1,1,1,28.46089871144025,636.0438708665588,636.0438708665588,-317.0438708665588,0,56.576381199762004,0.0067891657439714415,0,0,0,0,319,0,0,0,19.282412533491996,17,22,0,0
2,2015-01-01 00:00:00,11:27:00,0,2,0,142,62.00000000000001,3.780614284295524,151.8981430870535,631.899893522804,56.702888275836614,10.955162021966986,19.107121827414595,0,57,1,1,1,1,28.145836662846214,573.7179159487413,573.7179159487413,-431.7179159487413,0,56.702888275836614,0.0068043465931003945,0,0,0,0,142,0,0,0,19.19807448277559,17,22,0,0
2,2015-01-01 00:00:00,11:28:00,0,2,0,142,62.00000000000001,3.7897687618362728,155.79061746868015,648.0926796708246,56.83931725887811,10.95486111810175,19.016992564376164,0,57,1,1,1,1,27.838397382729493,587.7446487959821,587.7446487959821,-445.74464879598213,0,56.83931725887811,0.006820718071065374,0,0,0,0,142,0,0,0,19.107121827414595,17,22,0,0
2,2015-01-01 00:00:00,11:29:00,0,2,0,142,62.00000000000001,3.7990595698085587,157.99510864529574,657.2634154774962,56.974511153435756,10.95448309585369,18.92721359743951,0,57,1,1,1,1,27.538349599792305,595.3948231844848,595.3948231844848,-453.39482318448484,0,56.974511153435756,0.006836941338412291,0,0,0,0,142,0,0,0,19.016992564376164,17,22,0,0
2,2015-01-01 00:00:00,11:30:00,0,2,0,142,62.00000000000001,3.807197200416862,148.269264998501,616.8036742329513,57.10917960384073,10.954027127316566,18.834953933620056,0,57,1,1,1,1,27.24545381739935,558.1347599135589,558.1347599135589,-416.1347599135589,0,57.10917960384073,0.006853101552460888,0,0,0,0,142,0,0,0,18.92721359743951,17,22,0,0
2,2015-01-01 00:00:00,11:31:00,0,2,0,142,62.00000000000001,3.8160270893087285,155.56384982865794,647.1493208866272,57.247569099569915,10.95349174531472,18.74458397748211,0,57,1,1,1,1,26.95938239278101,584.9726317968156,584.9726317968156,-442.97263179681556,0,57.247569099569915,0.00686970829194839,0,0,0,0,142,0,0,0,18.834953933620056,17,22,0,0
2,2015-01-01 00:00:00,11:32:00,0,2,0,142,62.00000000000001,3.8259068930902114,166.31786301266595,691.8862718974304,57.38312403377683,10.952880193700988,18.65688771205512,0,57,1,1,1,1,26.679967480696014,624.7654569645051,624.7654569645051,-482.7654569645051,0,57.38312403377683,0.006885974884053221,0,0,0,0,142,0,0,0,18.74458397748211,17,22,0,0
2,2015-01-01 00:00:00,11:33:00,0,2,0,142,62.00000000000001,3.835729592796925,166.80285087155193,693.9038329430205,57.51466843191732,10.952195195839913,18.569326670263376,0,57,1,1,1,1,26.40707361101435,625.9578114289981,625.9578114289981,-483.95781142899807,0,57.51466843191732,0.006901760211830079,0,0,0,0,142,0,0,0,18.65688771205512,17,22,0,0
2,2015-01-01 00:00:00,11:34:00,0,2,0,142,62.00000000000001,3.8454948482045976,167.27574475818264,695.8710827759448,57.64600999460494,10.951436975268537,18.482008507707697,0,57,1,1,1,1,26.140483579016017,627.1193459388498,627.1193459388498,-485.11934593884985,0,57.64600999460494,0.006917521199352594,0,0,0,0,142,0,0,0,18.569326670263376,17,22,0,0
2,2015-01-01 00:00:00,11:35:00,0,2,0,142,62.00000000000001,3.855020817335719,166.00727717364657,690.5942274088184,57.77698723843845,10.95060564993932,18.394569793221347,0,57,1,1,1,1,25.87999122965179,621.7732812877838,621.7732812877838,-479.7732812877838,0,57.77698723843845,0.006933238468612615,0,0,0,0,142,0,0,0,18.482008507707697,17,22,0,0
2,2015-01-01 00:00:00,11:36:00,0,2,0,142,62.00000000000001,3.8639471306417743,161.24968108954937,670.8025143709401,57.90814531016798,10.949700562670657,18.306238765021337,0,57,1,1,1,1,25.62538505834463,603.3974777815492,603.3974777815492,-461.39747778154924,0,57.90814531016798,0.006948977437220159,0,0,0,0,142,0,0,0,18.394569793221347,17,22,0,0
2,2015-01-01 00:00:00,11:37:00,0,2,0,142,62.00000000000001,3.8726404109716563,159.92978013033962,665.3116949400055,58.04064185246799,10.94872072469264,18.21796560811392,0,57,1,1,1,1,25.37643450414996,597.9234442067182,597.9234442067182,-455.92344420671816,0,58.04064185246799,0.00696487702229616,0,0,0,0,142,0,0,0,18.306238765021337,17,22,0,0
2,2015-01-01 00:00:00,11:38:00,0,2,0,319,97.4,3.8827221853797607,174.27411454757117,724.9844678040515,58.17305158782912,10.9476679630186,18.13569156029412,0,57,1,1,1,1,25.132949167550095,650.9874101842865,650.9874101842865,-331.98741018428655,0,58.17305158782912,0.006980766190539495,0,0,0,0,319,0,0,0,18.21796560811392,17,22,0,0
2,2015-01-01 00:00:00,11:39:00,0,2,0,319,97.4,3.8927403472527953,174.69892211911494,726.751677420777,58.29646265955882,10.946548253155457,18.053693709892514,0,57,1,1,1,1,24.894947208119618,652.0263844258945,652.0263844258945,-333.02638442589455,0,58.29646265955882,0.006995575519147059,0,0,0,0,319,0,0,0,18.13569156029412,17,22,0,0
2,2015-01-01 00:00:00,11:40:00,0,2,0,637,161,3.90269461759291,175.111118200096,728.4664229363503,58.41945943516123,10.945361935728155,17.975836883187668,0,57,1,1,1,1,24.662251510901008,653.0337322625207,653.0337322625207,-16.033732262520743,0,58.41945943516123,0.007010335132219349,0,0,0,0,637,0,0,0,18.053693709892514,17,22,0,0
2,2015-01-01 00:00:00,11:41:00,0,2,0,637,161,3.91258472110904,175.51068147337463,730.1286156709626,58.5362446752185,10.944113146828535,17.89823625596854,0,57,1,1,1,1,24.434822441931168,654.0094752416762,654.0094752416762,-17.009475241676228,0,58.5362446752185,0.00702434936102622,0,0,0,0,637,0,0,0,17.975836883187668,17,22,0,0
2,2015-01-01 00:00:00,11:42:00,0,2,0,637,161,3.922410386193091,175.89759134593345,731.7381699571708,58.65264561604719,10.94280219721424,17.82100182207444,0,57,1,1,1,1,24.21248957846305,654.9536341144616,654.9536341144616,-17.95363411446158,0,58.65264561604719,0.007038317473925663,0,0,0,0,637,0,0,0,17.89823625596854,17,22,0,0
2,2015-01-01 00:00:00,11:43:00,0,2,0,637,161,3.932171344896263,176.27182794287899,733.2950031149448,58.76849726688834,10.941429504716298,17.744173248199253,0,57,1,1,1,1,23.995092035728742,655.8662288476947,655.8662288476947,-18.866228847694742,0,58.76849726688834,0.007052219672026601,0,0,0,0,637,0,0,0,17.82100182207444,17,22,0,0
2,2015-01-01 00:00:00,11:44:00,0,2,0,637,161,3.9337366420569486,95.38202093491238,396.79147913097853,58.88374012770112,10.939986096821048,17.64796347717077,0,57,1,1,1,1,23.782475750438625,354.6435304632268,354.6435304632268,282.3564695367732,0,58.88374012770112,0.007066048815324135,0,0,0,0,354.6435304632268,0,0,0,17.744173248199253,17,22,0,0
2,2015-01-01 00:00:00,11:45:00,0,2,0,70,47.60000000000001,3.936537887067986,107.95914527368942,449.11261597293145,59.02805478424385,10.938454519526402,17.549609818084722,0,57,1,1,1,1,23.5738188703955,401.13404916577105,401.13404916577105,-331.13404916577105,0,59.02805478424385,0.0070833665741092625,0,0,0,0,70,0,0,0,17.64796347717077,17,22,0,0
2,2015-01-01 00:00:00,11:46:00,0,2,0,70,47.60000000000001,3.938803848350223,102.84461979063045,427.8360681331568,59.175585272872915,10.936832234987843,17.45128937475497,0,57,1,1,1,1,23.36891380058901,381.88059348683265,381.88059348683265,-311.88059348683265,0,59.175585272872915,0.007101070232744751,0,0,0,0,70,0,0,0,17.549609818084722,17,22,0,0
2,2015-01-01 00:00:00,11:47:00,0,2,0,70,47.60000000000001,3.941240210230438,104.80858464839035,436.0062087239458,59.32306593786754,10.935119667710975,17.35473289890973,0,57,1,1,1,1,23.1676340582137,388.9287899595555,388.9287899595555,-318.9287899595555,0,59.32306593786754,0.007118767912544106,0,0,0,0,70,0,0,0,17.45128937475497,17,22,0,0
2,2015-01-01 00:00:00,11:48:00,0,2,0,70,47.60000000000001,3.9407040129706927,74.73995160915293,310.9199790326375,59.467900651635404,10.93331529696972,17.252071912535218,0,57,1,1,1,1,22.969916331706763,277.18168203478086,277.18168203478086,-207.18168203478086,0,59.467900651635404,0.007136148078196249,0,0,0,0,70,0,0,0,17.35473289890973,17,22,0,0
2,2015-01-01 00:00:00,11:49:00,0,2,0,70,47.60000000000001,3.940533167963788,78.43003732372584,326.2708235047276,59.62189213119717,10.931413746435505,17.15192772855976,0,57,1,1,1,1,22.77543182765331,290.6991878983529,290.6991878983529,-220.69918789835287,0,59.62189213119717,0.007154627055743662,0,0,0,0,70,0,0,0,17.252071912535218,17,22,0,0
2,2015-01-01 00:00:00,11:50:00,0,2,0,70,47.60000000000001,3.9381236943302613,55.34588446311088,230.2401977298824,59.77210840716036,10.929415100727757,17.047571807151307,0,57,1,1,1,1,22.58415617802428,205.02535527569327,205.02535527569327,-135.02535527569327,0,59.77210840716036,0.007172653008859244,0,0,0,0,70,0,0,0,17.15192772855976,17,22,0,0
2,2015-01-01 00:00:00,11:51:00,0,2,0,70,47.60000000000001,3.9359191314990634,57.21834574486522,238.0296812648328,59.92864228927304,10.927315668127475,16.94538667593733,0,57,1,1,1,1,22.395836981736082,211.8505036045057,211.8505036045057,-141.8505036045057,0,59.92864228927304,0.007191437074712766,0,0,0,0,70,0,0,0,17.047571807151307,17,22,0,0
2,2015-01-01 00:00:00,11:52:00,0,2,0,70,47.60000000000001,3.9337444804424706,57.30135328895458,238.37499462552077,60.08191998609401,10.92511783161607,16.844784537791057,0,57,1,1,1,1,22.21044751555245,212.05187705432434,212.05187705432434,-142.05187705432434,0,60.08191998609401,0.0072098303983312816,0,0,0,0,70,0,0,0,16.94538667593733,17,22,0,0
2,2015-01-01 00:00:00,11:53:00,0,2,0,70,47.60000000000001,3.931941786746144,60.96651993456872,253.6221751771592,60.232823193313415,10.922823788288966,16.74662130904277,0,57,1,1,1,1,22.027941972091178,225.50840087801225,225.50840087801225,-155.50840087801225,0,60.232823193313415,0.007227938783197611,0,0,0,0,70,0,0,0,16.844784537791057,17,22,0,0
2,2015-01-01 00:00:00,11:54:00,0,2,0,70,47.60000000000001,3.9301644137374243,61.04598436549194,253.9527491026775,60.380068036435844,10.920436169374051,16.649949526691714,0,57,1,1,1,1,21.848305214844633,225.70100868968993,225.70100868968993,-155.70100868968993,0,60.380068036435844,0.007245608164372302,0,0,0,0,70,0,0,0,16.74662130904277,17,22,0,0
2,2015-01-01 00:00:00,11:55:00,0,2,0,70,47.60000000000001,3.9285817659839584,62.91875594573267,261.7435234867227,60.52507570996243,10.917956866183284,16.5551972845438,0,57,1,1,1,1,21.671490395519704,232.5265627418355,232.5265627418355,-162.5265627418355,0,60.52507570996243,0.007263009085195492,0,0,0,0,70,0,0,0,16.649949526691714,17,22,0,0
2,2015-01-01 00:00:00,11:56:00,0,2,0,70,47.60000000000001,3.926512747337097,57.592277381806376,239.58524578172427,60.667204073184294,10.915387396725935,16.460560716012193,0,57,1,1,1,1,21.497466820316443,212.75691146513535,212.75691146513535,-142.75691146513535,0,60.667204073184294,0.0072800644887821165,0,0,0,0,70,0,0,0,16.5551972845438,17,22,0,0
2,2015-01-01 00:00:00,11:57:00,0,2,0,70,47.60000000000001,3.9246385862624047,59.45642359136528,247.34013841827294,60.80915892598171,10.9127282937089,16.367847497783128,0,57,1,1,1,1,21.326143483435345,219.56145012623767,219.56145012623767,-149.56145012623767,0,60.80915892598171,0.0072970990711178066,0,0,0,0,70,0,0,0,16.460560716012193,17,22,0,0
2,2015-01-01 00:00:00,11:58:00,0,2,0,70,47.60000000000001,3.922619873198834,57.713025839576254,240.0875622423284,60.94822875332531,10.90998147085489,16.276106336797,0,57,1,1,1,1,21.15749396011384,213.04920165973428,213.04920165973428,-143.04920165973428,0,60.94822875332531,0.007313787450399038,0,0,0,0,70,0,0,0,16.367847497783128,17,22,0,0
2,2015-01-01 00:00:00,11:59:00,0,2,0,70,47.60000000000001,3.920625602001652,57.76721065908363,240.31297238218534,61.0858404948045,10.907148099268882,16.185783198906552,0,57,1,1,1,1,20.991460367484017,213.18030068763642,213.18030068763642,-143.18030068763642,0,61.0858404948045,0.007330300859376541,0,0,0,0,70,0,0,0,16.276106336797,17,22,0,0
2,2015-01-01 00:00:00,12:00:00,0,2,0,70,47.60000000000001,3.9183211178785644,54.20368646936791,225.48862686825245,61.22132520164017,10.904229397575103,16.095963683342088,0,57,1,1,1,1,20.828001960389546,199.9700367379789,199.9700367379789,-129.9700367379789,0,61.22132520164017,0.0073465590241968215,0,0,0,0,70,0,0,0,16.185783198906552,17,22,0,0
2,2015-01-01 00:00:00,12:01:00,0,2,0,70,47.60000000000001,3.915709944474542,50.63028958296203,210.62321070091647,61.35605447498687,10.90122568763473,16.006668148786375,0,57,1,1,1,1,20.667048277496775,186.7358670990736,186.7358670990736,-116.7358670990736,0,61.35605447498687,0.007362726536998425,0,0,0,0,70,0,0,0,16.095963683342088,17,22,0,0
2,2015-01-01 00:00:00,12:02:00,0,2,0,70,47.60000000000001,3.9136237567485845,56.095445479339844,233.3583894122684,61.48999777682044,10.8981382750041,15.920107748984563,0,57,1,1,1,1,20.50853194658826,206.8411488097993,206.8411488097993,-136.8411488097993,0,61.48999777682044,0.007378799733218453,0,0,0,0,70,0,0,0,16.006668148786375,17,22,0,0
2,2015-01-01 00:00:00,12:03:00,0,2,0,70,47.60000000000001,3.9112306620945376,52.51050586560157,218.44495522427687,61.619838376523155,10.894969669876843,15.833964720502367,0,57,1,1,1,1,20.35246309632963,193.57903070408193,193.57903070408193,-123.57903070408193,0,61.619838376523155,0.00739438060518278,0,0,0,0,70,0,0,0,15.920107748984563,17,22,0,0
2,2015-01-01 00:00:00,12:04:00,0,2,0,70,47.60000000000001,3.908698515695595,50.72912231933688,211.03435723847517,61.74905291924645,10.891720294912814,15.748726209536072,0,57,1,1,1,1,20.198772675383122,186.97475347656734,186.97475347656734,-116.97475347656734,0,61.74905291924645,0.007409886350309575,0,0,0,0,70,0,0,0,15.833964720502367,17,22,0,0
2,2015-01-01 00:00:00,12:05:00,0,2,0,70,47.60000000000001,3.9063559447869896,52.56749545545455,218.68203327558237,61.87691068569589,10.888391431468923,15.665258828376267,0,57,1,1,1,1,20.047410550694448,193.71673761608798,193.71673761608798,-123.71673761608798,0,61.87691068569589,0.0074252292822835075,0,0,0,0,70,0,0,0,15.748726209536072,17,22,0,0
2,2015-01-01 00:00:00,12:06:00,0,2,0,70,47.60000000000001,3.9043630212893596,56.21728230034038,233.86523348983735,62.0021117574356,10.88498539506719,15.583949962696344,0,57,1,1,1,1,19.89835777102376,207.13555956397303,207.13555956397303,-137.13555956397303,0,62.0021117574356,0.0074402534108922724,0,0,0,0,70,0,0,0,15.665258828376267,17,22,0,0
2,2015-01-01 00:00:00,12:07:00,0,2,0,70,47.60000000000001,3.902552583188843,58.05183093480219,241.49699950895487,62.12407505595549,10.881504682972553,15.504295828408791,0,57,1,1,1,1,19.751609206114665,213.8682887715564,213.8682887715564,-143.8682887715564,0,62.12407505595549,0.007454889006714659,0,0,0,0,70,0,0,0,15.583949962696344,17,22,0,0
2,2015-01-01 00:00:00,12:08:00,0,2,0,70,47.60000000000001,3.901083350037153,61.69807337174293,256.66545490172894,62.243556257386814,10.877951476267834,15.426710080421682,0,57,1,1,1,1,19.607142764696096,227.27853776059987,227.27853776059987,-157.27853776059987,0,62.243556257386814,0.007469226750886419,0,0,0,0,70,0,0,0,15.504295828408791,17,22,0,0
2,2015-01-01 00:00:00,12:09:00,0,2,0,70,47.60000000000001,3.899789600889428,63.526721780493425,264.27267584134137,62.35993487936748,10.874328165542677,15.35069110350627,0,57,1,1,1,1,19.464951176795605,233.99700878618842,233.99700878618842,-163.99700878618842,0,62.35993487936748,0.007483192185524098,0,0,0,0,70,0,0,0,15.426710080421682,17,22,0,0
2,2015-01-01 00:00:00,12:10:00,1,2,0,2533,2657.5999999999995,3.8983484119073033,61.72086734712592,256.7602783822847,62.473963344740596,10.870636269064184,15.42813527291206,0,57,1,1,1,1,19.32501035797624,227.33358406718008,227.33358406718008,2305.6664159328197,0,62.473963344740596,0.007496875601368872,0,0,0,0,227.33358406718008,0,0,0,15.35069110350627,17,22,0,0
2,2015-01-01 00:00:00,12:11:00,1,2,0,2533,2657.5999999999995,3.8972394937314627,65.356578214448,271.8849221945785,62.35779709063191,10.867027069721892,15.499334140374822,0,57,1,1,1,1,19.192463586375418,240.71839464928482,240.71839464928482,2292.2816053507154,0,62.35779709063191,0.00748293565087583,0,0,0,0,240.71839464928482,0,0,0,15.42813527291206,17,22,0,0
2,2015-01-01 00:00:00,12:12:00,1,2,0,99,223.60000000000002,3.8959819924740797,63.541513739588154,264.33421074352646,62.250998789437766,10.863494083178013,15.42334581225581,0,57,1,1,1,1,19.066846938552267,234.03272888986325,234.03272888986325,-135.03272888986325,0,62.250998789437766,0.007470119854732533,0,0,0,0,99,0,0,0,15.499334140374822,17,22,0,0
2,2015-01-01 00:00:00,12:13:00,1,2,0,99,223.60000000000002,3.8985257606304304,107.10586079668904,445.5629322229979,62.36498128161628,10.85989696836146,15.36166475072571,0,57,1,1,1,1,18.942918328814294,394.49546742406164,394.49546742406164,-295.49546742406164,0,62.36498128161628,0.007483797753793955,0,0,0,0,99,0,0,0,15.42334581225581,17,22,0,0
2,2015-01-01 00:00:00,12:14:00,1,2,0,99,223.60000000000002,3.900888248962579,105.27613447609363,437.95122714443426,62.45750287391144,10.856249706808091,15.300117158265088,0,57,1,1,1,1,18.821106982620805,387.77439560261365,387.77439560261365,-288.77439560261365,0,62.45750287391144,0.007494900344869373,0,0,0,0,99,0,0,0,15.36166475072571,17,22,0,0
2,2015-01-01 00:00:00,12:15:00,1,2,0,99,223.60000000000002,3.9021325001441287,92.55114917919016,385.0149851945622,62.54982426260237,10.852551240362235,15.236291002923526,0,57,1,1,1,1,18.70134542396925,340.92756142418926,340.92756142418926,-241.92756142418926,0,62.54982426260237,0.007505978911512286,0,0,0,0,99,0,0,0,15.300117158265088,17,22,0,0
2,2015-01-01 00:00:00,12:16:00,1,2,0,99,223.60000000000002,3.903052019773587,88.89685529615367,369.8130355942409,62.64556349561471,10.848799063860888,15.172542191060156,0,57,1,1,1,1,18.58348643005613,327.49786751997,327.49786751997,-228.49786751997,0,62.64556349561471,0.0075174676194737665,0,0,0,0,99,0,0,0,15.236291002923526,17,22,0,0
2,2015-01-01 00:00:00,12:17:00,1,2,0,222,346.59999999999997,3.905355583061394,105.18793903642103,437.58433201454204,62.74118671340977,10.84499497321794,15.120916327735138,0,57,1,1,1,1,18.467467918525653,387.5613840862345,387.5613840862345,-165.5613840862345,0,62.74118671340977,0.007528942405609173,0,0,0,0,222,0,0,0,15.172542191060156,17,22,0,0
2,2015-01-01 00:00:00,12:18:00,1,2,0,222,346.59999999999997,3.911799415349705,154.08964083217964,641.01657634497,62.81862550839729,10.841155789237808,15.081540457813984,0,57,1,1,1,1,18.353639633124615,567.820634151701,567.820634151701,-345.82063415170103,0,62.81862550839729,0.007538235061007675,0,0,0,0,222,0,0,0,15.120916327735138,17,22,0,0
2,2015-01-01 00:00:00,12:19:00,1,2,0,222,346.59999999999997,3.9180267939994096,152.20161755774183,633.1623545497628,62.87768931327902,10.83729336956903,15.041602420796666,0,57,1,1,1,1,18.242343742807925,560.9586939864937,560.9586939864937,-338.9586939864937,0,62.87768931327902,0.007545322717593483,0,0,0,0,222,0,0,0,15.081540457813984,17,22,0,0
2,2015-01-01 00:00:00,12:20:00,1,2,0,222,346.59999999999997,3.924192525941188,152.1155448668981,632.8042901055635,62.937596368805,10.833407140265498,15.001797199078183,0,57,1,1,1,1,18.133474990358565,560.7507018676927,560.7507018676927,-338.75070186769267,0,62.937596368805,0.007552511564256601,0,0,0,0,222,0,0,0,15.041602420796666,17,22,0,0
2,2015-01-01 00:00:00,12:21:00,1,2,0,222,346.59999999999997,3.926193445891909,103.15548378538922,429.12926975627056,62.997304201382725,10.829492453399846,14.950215068976696,0,57,1,1,1,1,18.026955337593925,380.35042173574766,380.35042173574766,-158.35042173574766,0,62.997304201382725,0.007559676504165928,0,0,0,0,222,0,0,0,15.001797199078183,17,22,0,0
2,2015-01-01 00:00:00,12:22:00,1,2,0,234,358.59999999999997,3.934672523046795,180.84620330248208,752.3245135745292,21749.999999999996,10.825545313052608,14.91909769506047,0,57,1,1,1,1,21.589416646996426,666.9712104021404,666.9712104021404,-432.9712104021404,21686.92532260346,63.07467739653495,2.61,0,0,0,0,234,0,0,0,14.950215068976696,17,22,0,0
2,2015-01-01 00:00:00,12:23:00,1,2,0,234,358.59999999999997,3.9430667460035727,180.7049517177562,751.7369036173945,21749.999999999996,10.821585793384203,14.930701334354874,0,57,1,1,1,1,25.029639496333022,666.6296595686831,666.6296595686831,-432.6296595686831,21686.878646542587,63.12135345740929,2.61,0,0,0,0,234,0,0,0,14.91909769506047,17,22,0,0
2,2015-01-01 00:00:00,12:24:00,1,2,0,234,358.59999999999997,3.951376136793181,180.55078516154936,751.0955670712589,21749.999999999996,10.81765578846289,14.981607072618747,0,57,1,1,1,1,28.35324558779312,666.2567824350105,666.2567824350105,-432.25678243501045,21686.896052001528,63.10394799846769,2.61,0,0,0,0,234,0,0,0,14.930701334354874,17,22,0,0
2,2015-01-01 00:00:00,12:25:00,1,2,0,234,358.59999999999997,3.9596007176975756,180.3837112380947,750.400535569913,21749.999999999996,10.813793744164904,15.069004938739795,0,57,1,1,1,1,31.565548252432993,665.852571663571,665.852571663571,-431.852571663571,21686.972410608923,63.02758939107188,2.61,0,0,0,0,234,0,0,0,14.981607072618747,17,22,0,0
2,2015-01-01 00:00:00,12:26:00,1,2,0,234,358.59999999999997,3.9677405112975945,180.2037381989838,749.6518434401747,21749.999999999996,10.810035263740573,15.190245024855816,0,57,1,1,1,1,34.67158380579343,665.4170192811309,665.4170192811309,-431.41701928113093,21687.103507408105,62.89649259189031,2.61,0,0,0,0,234,0,0,0,15.069004938739795,17,22,0,0
2,2015-01-01 00:00:00,12:27:00,1,2,0,234,358.59999999999997,3.97579554051978,180.01087494537214,748.8495277110626,21749.999999999996,10.806413271137465,15.342835308600327,0,57,1,1,1,1,37.6761264551228,664.9501166739752,664.9501166739752,-430.95011667397523,21687.28536753728,62.714632462716274,2.61,0,0,0,0,234,0,0,0,15.190245024855816,17,22,0,0
2,2015-01-01 00:00:00,12:28:00,1,2,0,234,358.59999999999997,3.9837658286822126,179.8051310303667,747.9936281237293,21749.999999999996,10.802958171834504,15.524432563139362,0,57,1,1,1,1,40.58370262492612,664.4518545827355,664.4518545827355,-430.45185458273545,21687.514252962897,62.48574703709951,2.61,0,0,0,0,234,0,0,0,15.342835308600327,17,22,0,0
2,2015-01-01 00:00:00,12:29:00,1,2,0,234,358.59999999999997,3.9916513995394016,179.58651666159616,747.0841871421533,21749.999999999996,10.799698004402359,15.73283389471118,0,57,1,1,1,1,43.39860448376254,663.9222230968322,663.9222230968322,-429.9222230968322,21687.786648844707,62.21335115529096,2.61,0,0,0,0,234,0,0,0,15.524432563139362,17,22,0,0
2,2015-01-01 00:00:00,12:30:00,2,2,0,234,505.59999999999997,3.999452277326266,179.35504270396552,746.1212499645982,21749.999999999996,10.796658583426362,15.974575194359916,0,57,1,1,1,1,46.12490272096245,663.3612116485326,663.3612116485326,-429.3612116485326,21688.099250842064,61.900749157933234,2.61,0,0,0,0,234,0,0,0,15.73283389471118,17,22,0,0
2,2015-01-01 00:00:00,12:31:00,2,2,0,234,505.59999999999997,4.0071684868012545,179.11072068259966,745.104864535858,21749.999999999996,10.793872088597983,16.238640078436514,0,57,1,1,1,1,48.76675353401711,662.7688090066235,662.7688090066235,-428.76880900662354,21688.461862791537,61.53813720846013,2.61,0,0,0,0,234,0,0,0,15.974575194359916,17,22,0,0
2,2015-01-01 00:00:00,12:32:00,2,2,0,234,505.59999999999997,4.014800053288645,178.8535627859773,744.0350815602947,21749.999999999996,10.791359809042774,16.523367393468387,0,57,1,1,1,1,51.32779425203542,662.1450032696932,662.1450032696932,-428.14500326969323,21688.85796011765,61.14203988234523,2.61,0,0,0,0,234,0,0,0,16.238640078436514,17,22,0,0
2,2015-01-01 00:00:00,12:33:00,2,2,0,203,474.59999999999997,4.022347002720058,178.58358186925767,742.9119545156767,60.71494890979742,10.789141356524592,16.825237002362623,0,57,0,1,1,1,50.143970209227014,661.489781859022,661.489781859022,-458.48978185902195,0,60.71494890979742,0.007285793869175691,0,0,0,0,203,0,0,0,16.523367393468387,17,22,0,0
2,2015-01-01 00:00:00,12:34:00,2,2,0,203,474.59999999999997,4.029809361675229,178.3007914578046,741.7355396678398,60.26214449645607,10.787232842912875,17.101370932358275,0,57,0,1,1,1,49.01067996409557,660.803131511078,660.803131511078,-457.80313151107805,0,60.26214449645607,0.007231457339574729,0,0,0,0,203,0,0,0,16.825237002362623,17,22,0,0
2,2015-01-01 00:00:00,12:35:00,2,2,0,80,351.6,4.037187157422068,178.0052057509112,740.5058960861816,59.84794360146259,10.785608225491522,17.346829624434587,0,57,0,1,1,1,47.92532931675757,660.0850382696191,660.0850382696191,-580.0850382696191,0,59.84794360146259,0.007181753232175511,0,0,0,0,80,0,0,0,17.101370932358275,17,22,0,0
2,2015-01-01 00:00:00,12:36:00,2,2,0,80,351.6,4.0444804179560485,177.69683962572674,739.2230856599973,59.47975556334812,10.784236665105055,17.570622843633675,0,57,0,1,1,1,46.88524429320917,659.3354874773887,659.3354874773887,-579.3354874773887,0,59.47975556334812,0.007137570667601775,0,0,0,0,80,0,0,0,17.346829624434587,17,22,0,0
2,2015-01-01 00:00:00,12:37:00,2,2,0,80,351.6,4.051689172038971,177.3757086413917,737.8871731156821,59.144065734549486,10.783096239203594,17.773961615031702,0,57,0,1,1,1,45.888148325536534,658.5544637674133,658.5544637674133,-578.5544637674133,0,59.144065734549486,0.0070972878881459395,0,0,0,0,80,0,0,0,17.570622843633675,17,22,0,0
2,2015-01-01 00:00:00,12:38:00,2,2,0,80,351.6,4.058813449237102,177.0418290433845,736.498226034813,58.83905757745245,10.782166261847633,17.95810905553356,0,57,0,1,1,1,44.93188347143773,657.7419510538929,657.7419510538929,-577.7419510538929,0,58.83905757745245,0.007060686909294295,0,0,0,0,80,0,0,0,17.773961615031702,17,22,0,0
2,2015-01-01 00:00:00,12:39:00,2,2,0,80,351.6,4.065853279958771,176.69521776808253,735.0563148731236,58.56283641669966,10.78142733223144,18.12425374466086,0,57,0,1,1,1,44.01440815116888,656.8979325226799,656.8979325226799,-576.8979325226799,0,58.56283641669966,0.00702754037000396,0,0,0,0,80,0,0,0,17.95810905553356,17,22,0,0
2,2015-01-01 00:00:00,12:40:00,0,2,0,70,47.60000000000001,4.072808695491417,176.33589244754427,733.5615129803971,58.313619383008714,10.780861258711512,18.25571762532018,0,57,0,1,1,1,43.13379065434888,656.0223906213473,656.0223906213473,-586.0223906213473,0,58.313619383008714,0.006997634325961046,0,0,0,0,70,0,0,0,18.12425374466086,17,22,0,0
2,2015-01-01 00:00:00,12:41:00,0,2,0,70,47.60000000000001,4.079679728038131,175.9638714145148,732.0138966212897,58.11642356201973,10.780433505372836,18.372314841765135,0,57,0,1,1,1,42.28759769417783,655.1153070488401,655.1153070488401,-585.1153070488401,0,58.11642356201973,0.0069739708274423684,0,0,0,0,70,0,0,0,18.25571762532018,17,22,0,0
2,2015-01-01 00:00:00,12:42:00,0,2,0,70,47.60000000000001,4.086466410753741,175.5791737076613,730.4135449971104,57.941527737352295,10.780129074241627,18.474695250068567,0,57,0,1,1,1,41.47415269919781,654.1766627447046,654.1766627447046,-584.1766627447046,0,57.941527737352295,0.006952983328482276,0,0,0,0,70,0,0,0,18.372314841765135,17,22,0,0
2,2015-01-01 00:00:00,12:43:00,0,2,0,70,47.60000000000001,4.093168777780447,175.18181907704343,728.7605402685778,57.78795712489715,10.779933637877694,18.563771795121486,0,57,0,1,1,1,40.69185822813899,653.2064378778988,653.2064378778988,-583.2064378778988,0,57.78795712489715,0.006934554854987659,0,0,0,0,70,0,0,0,18.474695250068567,17,22,0,0
2,2015-01-01 00:00:00,12:44:00,0,2,0,70,47.60000000000001,4.099786864283045,174.77182798982187,727.0549675795678,57.65434230731777,10.779833796378146,18.640399499007856,0,57,0,1,1,1,39.93920222701595,652.2046118351698,652.2046118351698,-582.2046118351698,0,57.65434230731777,0.006918521076878133,0,0,0,0,70,0,0,0,18.563771795121486,17,22,0,0
2,2015-01-01 00:00:00,12:45:00,0,2,0,70,47.60000000000001,4.1055252952650365,163.8882683380414,681.7791001769772,57.539400751488216,10.779816096157564,18.702832559496713,0,57,0,1,1,1,39.21475315463472,612.1008934164652,612.1008934164652,-542.1008934164652,0,57.539400751488216,0.0069047280901785866,0,0,0,0,70,0,0,0,18.640399499007856,17,22,0,0
2,2015-01-01 00:00:00,12:46:00,0,2,0,70,47.60000000000001,4.111319454496887,165.21832083891584,687.3121502630512,57.44575116075493,10.779866482144797,18.75494558912926,0,57,0,1,1,1,38.51706878065043,617.6007662958895,617.6007662958895,-547.6007662958895,0,57.44575116075493,0.0068934901392905925,0,0,0,0,70,0,0,0,18.702832559496713,17,22,0,0
2,2015-01-01 00:00:00,12:47:00,0,2,0,70,47.60000000000001,4.116905388413172,163.05827645088,678.3263141556134,57.36758161630611,10.779974429429437,18.79653299412837,0,57,0,1,1,1,37.844887719714336,610.0687500178856,610.0687500178856,-540.0687500178856,0,57.36758161630611,0.006884109793956734,0,0,0,0,70,0,0,0,18.75494558912926,17,22,0,0
2,2015-01-01 00:00:00,12:48:00,0,2,0,70,47.60000000000001,4.1231954048086905,173.0059338572413,719.7088059236567,57.305200508807445,10.780130291569574,18.831250309663968,0,57,0,1,1,1,37.19698449775563,647.8808555755946,647.8808555755946,-577.8808555755946,0,57.305200508807445,0.006876624061056894,0,0,0,0,70,0,0,0,18.79653299412837,17,22,0,0
2,2015-01-01 00:00:00,12:49:00,0,2,0,70,47.60000000000001,4.129401265774566,172.53309302407135,717.7417767943929,57.25312453550405,10.780327119691389,18.857047645295143,0,57,0,1,1,1,36.57229966142598,646.7206862091155,646.7206862091155,-576.7206862091155,0,57.25312453550405,0.006870374944260487,0,0,0,0,70,0,0,0,18.831250309663968,17,22,0,0
2,2015-01-01 00:00:00,12:50:00,1,2,0,80,204.60000000000002,4.135523014111032,172.0477539478229,715.7227546762088,57.21442853205728,10.780555966195706,18.88375861445507,0,57,0,1,1,1,35.969740069040576,645.5287748552914,645.5287748552914,-565.5287748552914,0,57.21442853205728,0.006865731423846875,0,0,0,0,80,0,0,0,18.857047645295143,17,22,0,0
2,2015-01-01 00:00:00,12:51:00,1,2,0,80,204.60000000000002,4.141560693866531,171.54994229662972,713.6518463491524,57.1743620783174,10.780817562504165,18.902256638425364,0,57,0,1,1,1,35.388584237251955,644.3050950633492,644.3050950633492,-564.3050950633492,0,57.1743620783174,0.006860923449398089,0,0,0,0,80,0,0,0,18.88375861445507,17,22,0,0
2,2015-01-01 00:00:00,12:52:00,1,2,0,80,204.60000000000002,4.147514350370923,171.03968451076926,711.5291618054077,57.14661504236196,10.781103673257341,18.913248749356303,0,57,0,1,1,1,34.827824795115,643.0496194914987,643.0496194914987,-563.0496194914987,0,57.14661504236196,0.006857593805083436,0,0,0,0,80,0,0,0,18.902256638425364,17,22,0,0
2,2015-01-01 00:00:00,12:53:00,1,2,0,80,204.60000000000002,4.15338403026857,170.517007810818,709.3548142832212,57.130126875965544,10.781406775324578,18.917245241388407,0,57,0,1,1,1,34.28651268471504,641.7623198912908,641.7623198912908,-561.7623198912908,0,57.130126875965544,0.006855615225115866,0,0,0,0,80,0,0,0,18.913248749356303,17,22,0,0
2,2015-01-01 00:00:00,12:54:00,1,2,0,80,204.60000000000002,4.159169781551251,169.98194020611461,707.1289203021092,57.124132137917385,10.781719863019353,18.914728906880796,0,57,0,1,1,1,33.76374848596244,640.4431670915081,640.4431670915081,-560.4431670915081,0,57.124132137917385,0.006854895856550087,0,0,0,0,80,0,0,0,18.917245241388407,17,22,0,0
2,2015-01-01 00:00:00,12:55:00,1,2,0,80,204.60000000000002,4.164871653590998,169.4345105035429,704.8515996993942,57.127906639678805,10.782036419976873,18.906153956243514,0,57,0,1,1,1,33.25867979279639,639.0921309815858,639.0921309815858,-559.0921309815858,0,57.127906639678805,0.006855348796761458,0,0,0,0,80,0,0,0,18.914728906880796,17,22,0,0
2,2015-01-01 00:00:00,12:56:00,1,2,0,80,204.60000000000002,4.17036662127678,167.18600083347332,695.4977459114143,3347.1407690656347,10.782350247315703,18.891535844037175,1,57,0,1,1,1,32.770498641893234,631.332088689609,631.332088689609,-551.332088689609,0,3347.1407690656347,0.4016568922878762,0,0,0,0,80,0,0,0,18.906153956243514,17,22,0,0
2,2015-01-01 00:00:00,12:57:00,1,2,0,80,204.60000000000002,4.1696692608840875,82.46831519677019,343.0701556501494,57.16269623394424,10.782648234092692,18.8511893267238,0,57,0,1,1,1,32.298425077340305,311.78419895885816,311.78419895885816,-231.78419895885816,0,57.16269623394424,0.006859523548073309,0,0,0,0,80,0,0,0,18.891535844037175,17,22,0,0
2,2015-01-01 00:00:00,12:58:00,1,2,0,291,415.59999999999997,4.168713778154972,78.82762404610911,327.9247937405328,57.223216009914296,10.782904841268513,18.818693677253965,0,57,0,1,1,1,31.8410361062309,298.37828139978274,298.37828139978274,-7.378281399782736,0,57.223216009914296,0.006866785921189716,0,0,0,0,291,0,0,0,18.8511893267238,17,22,0,0
2,2015-01-01 00:00:00,12:59:00,1,2,0,1377,632.8,4.167624784931162,76.8760166315177,319.80606040768447,57.27195948411905,10.783127714763358,18.794158116637185,0,57,0,1,1,1,31.398099288918758,291.3495179963899,291.3495179963899,1085.65048200361,0,57.27195948411905,0.006872635138094287,0,0,0,0,291.3495179963899,0,0,0,18.818693677253965,17,22,0,0
2,2015-01-01 00:00:00,13:00:00,1,2,0,1377,632.8,4.166643332706677,78.2611080109912,325.56807353978087,57.30876282504423,10.783324870927382,18.765545549084774,0,57,0,1,1,1,30.969393806868364,296.9730621141923,296.9730621141923,1080.0269378858077,0,57.30876282504423,0.006877051539005308,0,0,0,0,296.9730621141923,0,0,0,18.794158116637185,17,22,0,0
2,2015-01-01 00:00:00,13:01:00,1,2,100,1377,732.8,4.162919021563932,39.814090626318745,165.62756539465803,57.35168167637284,10.783489179360185,18.7295122233829,0,57,0,1,1,1,30.554296927351917,151.27549340654588,151.27549340654588,1325.7245065934542,0,57.35168167637284,0.0068822018011647414,0,0,0,0,151.27549340654588,0,0,0,18.765545549084774,17,22,0,0
2,2015-01-01 00:00:00,13:02:00,1,2,0,1377,632.8,4.16521784806147,123.94421660625885,515.610893487859,57.405731664925646,10.78362040507389,18.70472361296691,0,57,0,1,1,1,30.152093365992428,471.55455815667176,471.55455815667176,905.4454418433282,0,57.405731664925646,0.006888687799791078,0,0,0,0,471.55455815667176,0,0,0,18.7295122233829,17,22,0,0
2,2015-01-01 00:00:00,13:03:00,1,2,0,1377,632.8,4.167231646864307,120.16804838347197,499.9019437310755,57.44291458054964,10.783729334384164,18.675048404929107,0,57,0,1,1,1,29.76272704786231,457.8064371837888,457.8064371837888,919.1935628162112,0,57.44291458054964,0.006893149749665957,0,0,0,0,457.8064371837888,0,0,0,18.70472361296691,17,22,0,0
2,2015-01-01 00:00:00,13:04:00,1,2,0,1377,632.8,4.17024065878554,134.44433739244232,559.2916460758834,57.487427392606335,10.783812368839989,18.645482553943975,0,57,0,1,1,1,29.38559512123193,512.9039328504928,512.9039328504928,864.0960671495072,0,57.487427392606335,0.006898491287112761,0,0,0,0,512.9039328504928,0,0,0,18.675048404929107,17,22,0,0
2,2015-01-01 00:00:00,13:05:00,1,2,0,1377,632.8,4.173189023432789,133.89552461175774,557.0085718352734,57.53177616908404,10.783869601004824,18.612474176400802,0,57,0,1,1,1,29.020285169963632,511.53310214240395,511.53310214240395,865.466897857596,0,57.53177616908404,0.006903813140290086,0,0,0,0,511.53310214240395,0,0,0,18.645482553943975,17,22,0,0
2,2015-01-01 00:00:00,13:06:00,1,2,0,1377,632.8,4.175619920562804,126.83264219544138,527.6268127424279,57.5812887353988,10.783897104424325,18.574760586987765,0,57,0,1,1,1,28.666277993311834,485.2511272106473,485.2511272106473,891.7488727893526,0,57.5812887353988,0.006909754648247857,0,0,0,0,485.2511272106473,0,0,0,18.612474176400802,17,22,0,0
2,2015-01-01 00:00:00,13:07:00,1,2,0,1377,632.8,4.177882066787884,124.6728000949522,518.6418181560028,57.63785911951835,10.78389012504826,18.533866193165085,0,57,0,1,1,1,28.323029101940268,477.6929685549578,477.6929685549578,899.3070314450422,0,57.63785911951835,0.006916543094342203,0,0,0,0,477.6929685549578,0,0,0,18.574760586987765,17,22,0,0
2,2015-01-01 00:00:00,13:08:00,1,2,0,1377,632.8,4.179303235253331,112.8453150046896,469.439198444607,57.69920071025237,10.783844636978326,18.487654686261486,0,57,0,1,1,1,27.990064377151995,433.0282312132956,433.0282312132956,943.9717687867044,0,57.69920071025237,0.006923904085230285,0,0,0,0,433.0282312132956,0,0,0,18.533866193165085,17,22,0,0
2,2015-01-01 00:00:00,13:09:00,1,2,0,1377,632.8,4.178560889026701,81.85020040687365,340.4987834004133,57.768517970607775,10.783752990814989,18.431804292828627,0,57,0,1,1,1,27.66685316317613,314.57341884313445,314.57341884313445,1062.4265811568655,0,57.768517970607775,0.006932222156472934,0,0,0,0,314.57341884313445,0,0,0,18.487654686261486,17,22,0,0
2,2015-01-01 00:00:00,13:10:00,1,2,0,1377,632.8,4.180120560935263,115.02846574238059,478.52115751701353,57.85229356075706,10.783608486256462,18.382503223167095,0,57,0,1,1,1,27.352735854660907,442.7834623493384,442.7834623493384,934.2165376506616,0,57.85229356075706,0.006942275227290848,0,0,0,0,442.7834623493384,0,0,0,18.431804292828627,17,22,0,0
2,2015-01-01 00:00:00,13:11:00,1,2,0,1377,632.8,4.180645137965097,100.18331993441599,416.7649973379701,57.926245165249355,10.783416469819345,18.327648449744586,0,57,0,1,1,1,27.047625901208736,386.25988505431553,386.25988505431553,990.7401149456845,0,57.926245165249355,0.006951149419829924,0,0,0,0,386.25988505431553,0,0,0,18.382503223167095,17,22,0,0
2,2015-01-01 00:00:00,13:12:00,1,2,0,1377,632.8,4.182982639061335,126.61502994685563,526.7215406046915,58.00852732538312,10.783173689939906,18.27781086077535,0,57,0,1,1,1,26.751028028709957,488.9698151551985,488.9698151551985,888.0301848448015,0,58.00852732538312,0.006961023279045975,0,0,0,0,488.9698151551985,0,0,0,18.327648449744586,17,22,0,0
2,2015-01-01 00:00:00,13:13:00,1,2,0,1519,774.8000000000001,4.185261700421304,126.0037896861256,524.1787665600424,58.08328370883697,10.782885116089167,18.234456736600944,0,57,0,1,1,1,26.46282336313395,487.4248011908437,487.4248011908437,1031.5751988091563,0,58.08328370883697,0.006969994045060437,0,0,0,0,487.4248011908437,0,0,0,18.27781086077535,17,22,0,0
2,2015-01-01 00:00:00,13:14:00,1,2,0,1519,774.8000000000001,4.187482305570012,125.38323032443465,521.5972248334108,58.148314895098586,10.782557147438888,18.18909858553706,0,57,0,1,1,1,26.18294694726548,485.85365962566004,485.85365962566004,1033.14634037434,0,58.148314895098586,0.006977797787411831,0,0,0,0,485.85365962566004,0,0,0,18.234456736600944,17,22,0,0
2,2015-01-01 00:00:00,13:15:00,1,2,0,1519,774.8000000000001,4.1889021121636185,113.8374680208492,473.5665786253527,58.21635212169441,10.782186971180435,18.139381472418137,0,57,0,1,1,1,25.91104734312506,441.88391750679665,441.88391750679665,1077.1160824932033,0,58.21635212169441,0.006985962254603331,0,0,0,0,441.88391750679665,0,0,0,18.18909858553706,17,22,0,0
2,2015-01-01 00:00:00,13:16:00,1,2,0,1519,774.8000000000001,4.191218638352012,127.21716381314342,529.2264318315425,58.290927791372795,10.78177143560997,18.09167600101432,0,57,0,1,1,1,25.6467049665704,494.69864310720413,494.69864310720413,1024.3013568927959,0,58.290927791372795,0.006994911334964736,0,0,0,0,494.69864310720413,0,0,0,18.139381472418137,17,22,0,0
2,2015-01-01 00:00:00,13:17:00,1,2,0,1519,774.8000000000001,4.19357831136135,128.09599518214105,532.882391260723,21749.999999999996,10.78131266400025,18.04284718867372,9.26,55.99728428731446,0,1,1,1,25.389731192231757,499.0199025756297,499.0199025756297,1019.9800974243703,0,21749.999999999996,2.61,0,0,0,0,499.0199025756297,0,0,0,18.09167600101432,17,22,0,0
2,2015-01-01 00:00:00,13:18:00,1,2,0,1519,774.8000000000001,4.1957723370549225,125.87878411698777,523.6587404147414,21749.999999999996,10.780809453392665,17.992230932099098,9.26,55.069013278093294,0,1,1,1,25.139837178505292,491.28962402278336,491.28962402278336,1027.7103759772167,0,21749.999999999996,2.61,0,0,0,0,491.28962402278336,0,0,0,18.04284718867372,17,22,0,0
2,2015-01-01 00:00:00,13:19:00,1,2,0,1519,774.8000000000001,4.196881457994588,109.92779882763841,457.3022616515539,21749.999999999996,10.780258885096147,17.936644903735864,8.48,54.490889683190986,0,1,1,1,24.896721319783992,429.844059301766,429.844059301766,1089.155940698234,0,21749.999999999996,2.61,0,0,0,0,429.844059301766,0,0,0,17.992230932099098,17,22,0,0
2,2015-01-01 00:00:00,13:20:00,1,2,0,1308,563.8,4.198348132074171,115.39303073690077,480.0377565783162,21749.999999999996,10.779656593222596,17.86930216107993,0,56.97033752694308,0,1,1,1,24.65998402672113,452.0818869728848,452.0818869728848,855.9181130271152,0,21749.999999999996,2.61,0,0,0,0,452.0818869728848,0,0,0,17.936644903735864,17,22,0,0
2,2015-01-01 00:00:00,13:21:00,1,2,0,1308,563.8,4.19986191938043,116.25234906124561,483.6125412769316,318.1981922968752,10.778991194274525,17.802331375992086,0,57,0,1,1,1,24.429008453059865,456.3408668874726,456.3408668874726,851.6591331125273,0,318.1981922968752,0.03818378307562503,0,0,0,0,456.3408668874726,0,0,0,17.86930216107993,17,22,0,0
2,2015-01-01 00:00:00,13:22:00,1,2,0,1308,563.8,4.203014625121144,141.10337939507258,586.9934194281383,58.79650293601187,10.77826508924532,17.741225459580217,0,57,0,1,1,1,24.203611273567763,554.9978450792568,554.9978450792568,753.0021549207432,0,58.79650293601187,0.007055580352321425,0,0,0,0,554.9978450792568,0,0,0,17.802331375992086,17,22,0,0
2,2015-01-01 00:00:00,13:23:00,1,2,0,1308,563.8,4.204709283394106,119.38535653919679,496.6459270148264,58.888161810629676,10.777482478659788,17.67438728916814,0,57,0,1,1,1,23.983802232275668,470.53024950941375,470.53024950941375,837.4697504905862,0,58.888161810629676,0.007066579417275562,0,0,0,0,470.53024950941375,0,0,0,17.741225459580217,17,22,0,0
2,2015-01-01 00:00:00,13:24:00,1,2,0,1308,563.8,4.204292086482807,87.52194938646323,364.0933942590644,58.988419066247786,10.776635403765301,17.599804716751905,0,57,0,1,1,1,23.769196281829835,345.662784943855,345.662784943855,962.3372150561449,0,58.988419066247786,0.007078610287949735,0,0,0,0,345.662784943855,0,0,0,17.67438728916814,17,22,0,0
2,2015-01-01 00:00:00,13:25:00,1,2,0,1339,594.8,4.204230252062923,92.88834107347522,386.41771150684747,59.10029292487214,10.775716807185344,17.528747368270107,0,57,0,1,1,1,23.55935303131698,367.6315333414502,367.6315333414502,971.3684666585498,0,59.10029292487214,0.007092035150984658,0,0,0,0,367.6315333414502,0,0,0,17.599804716751905,17,22,0,0
2,2015-01-01 00:00:00,13:26:00,1,2,0,1339,594.8,4.203939380314247,89.38350023318779,371.8374901243995,59.20687894759484,10.77473003944279,17.45697866560536,0,57,0,1,1,1,23.354230389716747,354.52084305344505,354.52084305344505,984.4791569465549,0,59.20687894759484,0.007104825473711381,0,0,0,0,354.52084305344505,0,0,0,17.528747368270107,17,22,0,0
2,2015-01-01 00:00:00,13:27:00,1,2,0,1339,594.8,4.2039937812919845,94.64513478676832,393.7260152017467,59.314532001591964,10.77367494814016,17.386784336886926,0,57,0,1,1,1,23.153643596379624,376.2120931944579,376.2120931944579,962.7879068055421,0,59.314532001591964,0.007117743840191037,0,0,0,0,376.2120931944579,0,0,0,17.45697866560536,17,22,0,0
2,2015-01-01 00:00:00,13:28:00,1,2,0,1339,594.8,4.203726131555323,89.6982447764558,373.146834921748,59.419823494669615,10.77255285272587,17.315632224249963,0,57,0,1,1,1,22.957491920886675,357.343460443108,357.343460443108,981.6565395568921,0,59.419823494669615,0.0071303788193603545,0,0,0,0,357.343460443108,0,0,0,17.386784336886926,17,22,0,0
2,2015-01-01 00:00:00,13:29:00,1,2,0,1339,594.8,4.202770285486726,79.05175218772632,328.85717214849143,59.52655166362506,10.771362157848449,17.24225889821352,0,57,0,1,1,1,22.765591931205154,315.6446632146067,315.6446632146067,1023.3553367853933,0,59.52655166362506,0.0071431861996350075,0,0,0,0,315.6446632146067,0,0,0,17.315632224249963,17,22,0,0
2,2015-01-01 00:00:00,13:30:00,1,2,0,1339,594.8,4.2016946874242915,77.09881095677142,320.7328901077989,59.63661165267972,10.770100689626316,17.168934229575992,0,57,0,1,1,1,22.577723460695236,308.5585170595067,308.5585170595067,1030.4414829404932,0,59.63661165267972,0.007156393398321567,0,0,0,0,308.5585170595067,0,0,0,17.24225889821352,17,22,0,0
2,2015-01-01 00:00:00,13:31:00,1,2,0,1339,594.8,4.200318812774023,72.32310377982884,300.8658344922697,59.746598655636014,10.768768299254107,17.094977064227056,0,57,0,1,1,1,22.39375103786805,290.1268424388398,290.1268424388398,1048.8731575611603,0,59.746598655636014,0.007169591838676322,0,0,0,0,290.1268424388398,0,0,0,17.168934229575992,17,22,0,0
2,2015-01-01 00:00:00,13:32:00,1,2,0,1327,582.8,4.199281591401743,77.45860198346367,322.22962934921935,59.857534403659415,10.76736491001462,17.022179487500345,0,57,0,1,1,1,22.213520630601348,311.47259436888544,311.47259436888544,1015.5274056311146,0,59.857534403659415,0.00718290412843913,0,0,0,0,311.47259436888544,0,0,0,17.094977064227056,17,22,0,0
2,2015-01-01 00:00:00,13:33:00,1,2,0,1327,582.8,4.1983059662424225,78.3143698688817,325.78964413732626,59.966730768749485,10.765891884498123,16.950171797757275,0,57,0,1,1,1,22.03694440124417,315.6818096344986,315.6818096344986,1011.3181903655013,0,59.966730768749485,0.007196007692249939,0,0,0,0,315.6818096344986,0,0,0,17.022179487500345,17,22,0,0
2,2015-01-01 00:00:00,13:34:00,1,2,0,1327,582.8,4.196947174915866,72.20193802593774,300.3617820698611,60.07474230336409,10.764349703475858,16.877272726499108,0,57,0,1,1,1,21.86392492493509,291.7653463708646,291.7653463708646,1035.2346536291354,0,60.07474230336409,0.0072089690764036915,0,0,0,0,291.7653463708646,0,0,0,16.950171797757275,17,22,0,0
2,2015-01-01 00:00:00,13:35:00,1,2,0,1327,582.8,4.195564035855046,71.67798054834412,298.18210648217377,60.18409091025134,10.762737611212378,16.804944434966824,0,57,0,1,1,1,21.694310904580124,290.37984723849706,290.37984723849706,1036.620152761503,0,60.18409091025134,0.007222090909230162,0,0,0,0,290.37984723849706,0,0,0,16.877272726499108,17,22,0,0
2,2015-01-01 00:00:00,13:36:00,1,2,0,1327,582.8,4.1944163680213205,75.25338274231386,313.0558647767427,60.292583347549765,10.761056591186964,16.7341798577995,0,57,0,1,1,1,21.528005922620487,305.64829025538603,305.64829025538603,1021.351709744614,0,60.292583347549765,0.0072351100017059725,0,0,0,0,305.64829025538603,0,0,0,16.804944434966824,17,22,0,0
2,2015-01-01 00:00:00,13:37:00,1,2,0,1450,705.8000000000001,4.192554847361215,63.82418730427203,265.51013950602015,60.39873021330075,10.759307499348846,16.668485038722064,0,57,0,1,1,1,21.364950614293242,259.9058905437145,259.9058905437145,1190.0941094562854,0,60.39873021330075,0.007247847625596091,0,0,0,0,259.9058905437145,0,0,0,16.7341798577995,17,22,0,0
2,2015-01-01 00:00:00,13:38:00,1,2,0,1450,705.8000000000001,4.190674752172659,63.336157193987276,263.4799226221434,60.497272441916905,10.757495440112686,16.6031118612661,0,57,0,1,1,1,21.205206887232997,258.6052646111528,258.6052646111528,1191.3947353888473,0,60.497272441916905,0.007259672693030029,0,0,0,0,258.6052646111528,0,0,0,16.668485038722064,17,22,0,0
2,2015-01-01 00:00:00,13:39:00,1,2,0,1450,705.8000000000001,4.189111336639695,68.19175643063622,283.67933110911514,60.59533220810085,10.755621231517067,16.539464877174765,0,57,0,1,1,1,21.048673042812354,279.18532266733075,279.18532266733075,1170.8146773326694,0,60.59533220810085,0.007271439864972103,0,0,0,0,279.18532266733075,0,0,0,16.6031118612661,17,22,0,0
2,2015-01-01 00:00:00,13:40:00,1,2,0,1450,705.8000000000001,4.187192661356777,62.34590423516132,259.3604467251659,60.69080268423785,10.753686290413716,16.474884648220613,0,57,0,1,1,1,20.895298615409715,255.9553548299944,255.9553548299944,1194.0446451700057,0,60.69080268423785,0.0072828963221085435,0,0,0,0,255.9553548299944,0,0,0,16.539464877174765,17,22,0,0
2,2015-01-01 00:00:00,13:41:00,1,2,0,1450,705.8000000000001,4.188370195696382,111.84509607139816,465.27826385645915,60.78767302766908,10.751693420408689,16.422978190288674,0,57,0,1,1,1,20.74494439883866,460.4576207018151,460.4576207018151,989.5423792981849,0,60.78767302766908,0.00729452076332029,0,0,0,0,460.4576207018151,0,0,0,16.474884648220613,17,22,0,0
2,2015-01-01 00:00:00,13:42:00,1,2,0,1450,705.8000000000001,4.189969503658542,118.7588487147639,494.0396395414933,60.86553271456699,10.74965568441876,16.372711059533803,0,57,0,1,1,1,20.59793874548662,490.3162439264609,490.3162439264609,959.6837560735391,0,60.86553271456699,0.00730386392574804,0,0,0,0,490.3162439264609,0,0,0,16.422978190288674,17,22,0,0
2,2015-01-01 00:00:00,13:43:00,1,2,0,1450,705.8000000000001,4.191817714081979,122.94542563213638,511.45589924386866,60.940933410699294,10.747575077514293,16.32357368209651,0,57,0,1,1,1,20.45422351807326,509.07497196685335,509.07497196685335,940.9250280331466,0,60.940933410699294,0.007312912009283916,0,0,0,0,509.07497196685335,0,0,0,16.372711059533803,17,22,0,0
2,2015-01-01 00:00:00,13:44:00,1,2,0,1450,705.8000000000001,4.193748126104469,124.46902225287586,517.7940974788874,61.01463947685524,10.745452896623847,16.274921036185937,0,57,0,1,1,1,20.313725224332554,516.9059563879375,516.9059563879375,933.0940436120625,0,61.01463947685524,0.007321756737222629,0,0,0,0,516.9059563879375,0,0,0,16.32357368209651,17,22,0,0
2,2015-01-01 00:00:00,13:45:00,1,2,0,1450,705.8000000000001,4.1956001830317,123.39500658876123,513.3261667326444,61.08761844572109,10.743289616100231,16.226149097532595,0,57,0,1,1,1,20.176350932218725,513.9855320163199,513.9855320163199,936.0144679836801,0,61.08761844572109,0.007330514213486532,0,0,0,0,513.9855320163199,0,0,0,16.274921036185937,17,22,0,0
2,2015-01-01 00:00:00,13:46:00,1,2,0,1450,705.8000000000001,4.197374067216883,122.3117938959897,508.8199761281114,61.16077635370111,10.74108511614351,16.177305407096785,0,57,0,1,1,1,20.041990325596746,511.0309591914599,511.0309591914599,938.9690408085401,0,61.16077635370111,0.007339293162444134,0,0,0,0,511.0309591914599,0,0,0,16.226149097532595,17,22,0,0
2,2015-01-01 00:00:00,13:47:00,1,2,0,1450,705.8000000000001,4.198993586455227,119.96979141219633,499.0771900080005,61.23404188935482,10.738839235560802,16.12811926296913,0,57,0,1,1,1,19.910538457620557,502.80458042958577,502.80458042958577,947.1954195704143,0,61.23404188935482,0.00734808502672258,0,0,0,0,502.80458042958577,0,0,0,16.177305407096785,17,22,0,0
2,2015-01-01 00:00:00,13:48:00,1,2,0,1450,705.8000000000001,4.200536481395225,118.87981835705664,494.5428761349812,61.30782110554631,10.736551637732964,16.07894595265423,0,57,0,1,1,1,19.781884743516766,499.8125461070701,499.8125461070701,950.1874538929299,0,61.30782110554631,0.007356938532665558,0,0,0,0,499.8125461070701,0,0,0,16.12811926296913,17,22,0,0
2,2015-01-01 00:00:00,13:49:00,1,2,20,1450,725.8000000000001,4.2020029391761025,117.78102425471738,489.9718664954905,61.38158107101866,10.734222335986683,16.030979799140596,0,57,0,1,1,1,19.655934444507835,496.7863826021181,496.7863826021181,973.2136173978819,0,61.38158107101866,0.00736578972852224,0,0,0,0,496.7863826021181,0,0,0,16.07894595265423,17,22,0,0
2,2015-01-01 00:00:00,13:50:00,1,2,0,1450,705.8000000000001,4.203393150527486,116.67350716730269,485.36456903030063,61.453530301289106,10.731852517054666,15.981842490530022,0,57,0,1,1,1,19.53263666745453,493.7259743782119,493.7259743782119,956.274025621788,0,61.453530301289106,0.007374423636154694,0,0,0,0,493.7259743782119,0,0,0,16.030979799140596,17,22,0,0
2,2015-01-01 00:00:00,13:51:00,1,2,0,1450,705.8000000000001,4.204198765734588,107.13130938615538,445.6687989613745,61.527236264204966,10.729440439385076,15.930761030988199,0,57,0,1,1,1,19.41186135531424,454.85601163672334,454.85601163672334,995.1439883632767,0,61.527236264204966,0.007383268351704597,0,0,0,0,454.85601163672334,0,0,0,15.981842490530022,17,22,0,0
2,2015-01-01 00:00:00,13:52:00,1,2,0,1450,705.8000000000001,4.204864911560284,104.89664872862053,436.37255739542854,61.6038584535177,10.726984121978958,15.879629468122129,0,57,0,1,1,1,19.29345658237798,446.8767874403314,446.8767874403314,1003.1232125596687,0,61.6038584535177,0.007392463014422125,0,0,0,0,446.8767874403314,0,0,0,15.930761030988199,17,22,0,0
2,2015-01-01 00:00:00,13:53:00,1,2,0,1450,705.8000000000001,4.205252260667904,100.31738344314331,417.3227047277276,61.68055579781681,10.724483287091017,15.827873991084452,0,57,0,1,1,1,19.177340013865877,428.84101799266335,428.84101799266335,1021.1589820073366,0,61.68055579781681,0.007401666695738018,0,0,0,0,428.84101799266335,0,0,0,15.879629468122129,17,22,0,0
2,2015-01-01 00:00:00,13:54:00,1,2,0,1450,705.8000000000001,4.205506927148024,98.13846967008148,408.25837152910475,61.758189013373325,10.721937263331668,15.776137480890732,0,57,0,1,1,1,19.063412598125012,420.9970638406761,420.9970638406761,1029.0029361593238,0,61.758189013373325,0.0074109826816047995,0,0,0,0,420.9970638406761,0,0,0,15.827873991084452,17,22,0,0
2,2015-01-01 00:00:00,13:55:00,1,2,0,1327,582.8,4.2057689902345015,98.28892810803968,408.88428221499714,61.8357937786639,10.719346174699243,15.717799756578605,0,57,0,1,1,1,18.95160051930752,423.1459857316147,423.1459857316147,903.8540142683853,0,61.8357937786639,0.007420295253439669,0,0,0,0,423.1459857316147,0,0,0,15.776137480890732,17,22,0,0
2,2015-01-01 00:00:00,13:56:00,1,2,0,1327,582.8,4.206716519767208,109.85100784730322,456.98280934416454,61.92330036513209,10.716704428026564,15.663224751845215,0,57,0,1,1,1,18.841607296085446,474.6376200254893,474.6376200254893,852.3623799745108,0,61.92330036513209,0.007430796043815852,0,0,0,0,474.6376200254893,0,0,0,15.717799756578605,17,22,0,0
2,2015-01-01 00:00:00,13:57:00,1,2,0,1327,582.8,4.2075891807097,108.68537475194864,452.1337479015958,62.00516287223218,10.714015741216194,15.609023573847507,0,57,0,1,1,1,18.733499046281356,471.3340661066346,471.3340661066346,855.6659338933654,0,62.00516287223218,0.007440619544667862,0,0,0,0,471.3340661066346,0,0,0,15.663224751845215,17,22,0,0
2,2015-01-01 00:00:00,13:58:00,1,2,0,1327,582.8,4.207858042743001,98.5525664114513,409.9810238371699,62.08646463922874,10.711279881881003,15.55307103878312,0,57,0,1,1,1,18.62722437034823,428.9956534117373,428.9956534117373,898.0043465882627,0,62.08646463922874,0.00745037575670745,0,0,0,0,428.9956534117373,0,0,0,15.609023573847507,17,22,0,0
2,2015-01-01 00:00:00,13:59:00,1,2,0,241,365.59999999999997,4.206984359051295,85.28606345458041,354.7920555226443,62.17039344182532,10.708493905795414,15.482003563151038,0,57,0,1,1,1,18.52266133185962,372.66480830343363,372.66480830343363,-131.66480830343363,0,62.17039344182532,0.007460447213019039,0,0,0,0,241,0,0,0,15.55307103878312,17,22,0,0
2,2015-01-01 00:00:00,14:00:00,1,2,0,241,365.59999999999997,4.206458020426036,88.71344132340711,369.05002909861355,62.27699465527344,10.705643475290424,15.413411206548043,0,57,0,1,1,1,18.419237598230076,389.1470607603217,389.1470607603217,-148.14706076032172,0,62.27699465527344,0.007473239358632814,0,0,0,0,241,0,0,0,15.482003563151038,17,22,0,0
2,2015-01-01 00:00:00,14:01:00,1,2,0,241,365.59999999999997,4.205942173349978,88.78683015431196,369.355328383332,62.379883190177935,10.702731171957808,15.34611290733814,0,57,0,1,1,1,18.31699860531572,391.00839983780253,391.00839983780253,-150.00839983780253,0,62.379883190177935,0.007485585982821353,0,0,0,0,241,0,0,0,15.413411206548043,17,22,0,0
2,2015-01-01 00:00:00,14:02:00,1,2,0,241,365.59999999999997,4.2025673625130215,59.932780411890455,249.32179413868693,62.48083063899279,10.699755084337811,15.273033397628833,0,57,0,1,1,1,18.215948071370907,264.9994180765497,264.9994180765497,-23.999418076549716,0,62.48083063899279,0.007497699676679136,0,0,0,0,241,0,0,0,15.34611290733814,17,22,0,0
2,2015-01-01 00:00:00,14:03:00,1,2,0,241,365.59999999999997,4.1990384395703755,58.168828344471,241.98371152010694,62.59044990355675,10.696709491317913,15.201115226542285,0,57,0,1,1,1,18.11584893280825,258.25223694218266,258.25223694218266,-17.252236942182662,0,62.59044990355675,0.007510853988426811,0,0,0,0,241,0,0,0,15.273033397628833,17,22,0,0
2,2015-01-01 00:00:00,14:04:00,1,2,0,241,365.59999999999997,4.195874015703305,61.65076161953995,256.4686368855777,62.69832716018657,10.693596105245806,15.131491857473874,0,57,0,1,1,1,18.01670833055431,274.85042802054204,274.85042802054204,-33.85042802054204,0,62.69832716018657,0.0075237992592223895,0,0,0,0,241,0,0,0,15.201115226542285,17,22,0,0
2,2015-01-01 00:00:00,14:05:00,1,2,0,241,365.59999999999997,4.192451614695399,58.83363233546515,244.7493119585664,62.80276221378919,10.69041702642599,15.062532688185629,0,57,0,1,1,1,17.91857171582368,263.40217223463986,263.40217223463986,-22.402172234639863,0,62.80276221378919,0.0075363314656547034,0,0,0,0,241,0,0,0,15.131491857473874,17,22,0,0
2,2015-01-01 00:00:00,14:06:00,1,2,0,241,365.59999999999997,4.188977972491164,58.10232492158515,241.707055696761,62.90620096772156,10.687172988607779,14.994756943531764,0,57,0,1,1,1,17.82142753121014,261.2492605154648,261.2492605154648,-20.24926051546481,0,62.90620096772156,0.007548744116126588,0,0,0,0,241,0,0,0,15.062532688185629,17,22,0,0
2,2015-01-01 00:00:00,14:07:00,1,2,0,241,365.59999999999997,4.185551505774076,58.37351039414831,242.83519372238112,63.007864584702354,10.683865348137536,14.928366107854346,0,57,0,1,1,1,17.725282273125842,263.6198066036152,263.6198066036152,-22.61980660361519,0,63.007864584702354,0.007560943750164284,0,0,0,0,241,0,0,0,14.994756943531764,17,22,0,0
2,2015-01-01 00:00:00,14:08:00,1,2,0,452,576.5999999999999,4.182265681905891,59.60837790335726,247.9722719757782,63.10745083821848,10.680495764761583,14.875903656160217,0,57,0,1,1,1,17.63014907022545,270.3981162603272,270.3981162603272,181.60188373967281,0,63.10745083821848,0.007572894100586219,0,0,0,0,270.3981162603272,0,0,0,14.928366107854346,17,22,0,0
2,2015-01-01 00:00:00,14:09:00,1,2,0,452,576.5999999999999,4.178732866983613,56.86552239123681,236.56192770933094,63.18614451575967,10.677077766952273,14.823327832044738,0,57,0,1,1,1,17.53646725342051,259.12760268173383,259.12760268173383,192.87239731826617,0,63.18614451575967,0.007582337341891162,0,0,0,0,259.12760268173383,0,0,0,14.875903656160217,17,22,0,0
2,2015-01-01 00:00:00,14:10:00,1,2,0,452,576.5999999999999,4.177957961041867,85.12615940824143,354.1268508808894,63.26500825193289,10.67361454502945,14.778447509605364,0,57,0,1,1,1,17.44418359963222,389.7003848587486,389.7003848587486,62.29961514125142,0,63.26500825193289,0.007591800990231948,0,0,0,0,389.7003848587486,0,0,0,14.823327832044738,17,22,0,0
2,2015-01-01 00:00:00,14:11:00,1,2,0,452,576.5999999999999,4.176707215730552,80.15134715660787,333.4315134118751,63.33232873559196,10.670113203573322,14.732764484507095,0,57,0,1,1,1,17.353512304053073,368.65265806539963,368.65265806539963,83.34734193460037,0,63.33232873559196,0.007599879448271036,0,0,0,0,368.65265806539963,0,0,0,14.778447509605364,17,22,0,0
2,2015-01-01 00:00:00,14:12:00,1,2,0,452,576.5999999999999,4.173363712773279,58.33962779405309,242.6942412988865,3353.400853273239,10.666570609017086,14.68235401452153,1,57,0,1,1,1,17.264371221755592,269.61577660404026,269.61577660404026,182.38422339595974,0,3353.400853273239,0.40240810239278874,0,0,0,0,269.61577660404026,0,0,0,14.732764484507095,17,22,0,0
2,2015-01-01 00:00:00,14:13:00,1,2,0,452,576.5999999999999,4.169248249221465,50.09480729425839,208.3955916244854,63.4764689782177,10.662981310690288,14.630776309116666,0,57,0,1,1,1,17.176547507223823,232.64118378408543,232.64118378408543,219.35881621591457,0,63.4764689782177,0.007617176277386125,0,0,0,0,232.64118378408543,0,0,0,14.68235401452153,17,22,0,0
2,2015-01-01 00:00:00,14:14:00,1,2,0,452,576.5999999999999,4.165000319642356,48.46024149860059,201.59575897847188,63.553835536325,10.65934410841923,14.579642312993265,0,57,0,1,1,1,17.08995665014535,226.16721457485767,226.16721457485767,225.83278542514233,0,63.553835536325,0.0076264602643590015,0,0,0,0,226.16721457485767,0,0,0,14.630776309116666,17,22,0,0
2,2015-01-01 00:00:00,14:15:00,1,2,60,452,636.5999999999999,4.160537360515432,45.94851719931481,191.14692606306411,63.6305365305101,10.655659291333993,14.532221096106278,0,57,0,1,1,1,17.00457180874562,215.52841866234485,215.52841866234485,296.47158133765515,0,63.6305365305101,0.0076356643836612125,0,0,0,0,215.52841866234485,0,0,0,14.579642312993265,17,22,0,0
2,2015-01-01 00:00:00,14:16:00,1,2,0,452,576.5999999999999,4.156035011919148,45.26275370027803,188.29413357188258,63.70166835584058,10.651930562901759,14.481751593412469,0,57,0,1,1,1,16.92047824709122,213.4040329205407,213.4040329205407,238.5959670794593,0,63.70166835584058,0.00764420020270087,0,0,0,0,213.4040329205407,0,0,0,14.532221096106278,17,22,0,0
2,2015-01-01 00:00:00,14:17:00,1,2,0,452,576.5999999999999,4.151493366219379,44.57436444971099,185.43041789178858,63.7773726098813,10.648154977200745,14.431984120522843,0,57,0,1,1,1,16.837528360911673,211.25935675292357,211.25935675292357,240.74064324707643,0,63.7773726098813,0.007653284713185757,0,0,0,0,211.25935675292357,0,0,0,14.481751593412469,17,22,0,0
2,2015-01-01 00:00:00,14:18:00,1,2,0,452,576.5999999999999,4.148785068808879,63.6740314104289,264.8854874108532,63.85202381921574,10.644335450112292,14.387671752010128,0,57,0,1,1,1,16.755707128245387,303.39173142652294,303.39173142652294,148.60826857347706,0,63.85202381921574,0.00766224285830589,0,0,0,0,303.39173142652294,0,0,0,14.431984120522843,17,22,0,0
2,2015-01-01 00:00:00,14:19:00,1,2,0,452,576.5999999999999,4.1467165099884085,70.28981965877054,292.40732411494395,63.91849237198481,10.640478176261967,14.345506087317684,0,57,0,1,1,1,16.675161707285003,336.7338939017706,336.7338939017706,115.26610609822939,0,63.91849237198481,0.007670219084638178,0,0,0,0,336.7338939017706,0,0,0,14.387671752010128,17,22,0,0
2,2015-01-01 00:00:00,14:20:00,1,2,0,452,576.5999999999999,4.144866847603464,72.49062320559256,301.56271929383325,63.981740869023476,10.636585599086189,14.30439879418819,0,57,0,1,1,1,16.595921720211283,349.19872147209526,349.19872147209526,102.80127852790474,0,63.981740869023476,0.007677808904282818,0,0,0,0,349.19872147209526,0,0,0,14.345506087317684,17,22,0,0
2,2015-01-01 00:00:00,14:21:00,1,2,0,452,576.5999999999999,4.141532268831562,56.548459069902194,235.242936739991,64.04340180871772,10.632657112000741,14.259916607148593,0,57,0,1,1,1,16.51797876354383,273.9380843820707,273.9380843820707,178.0619156179293,0,64.04340180871772,0.007685208217046127,0,0,0,0,273.9380843820707,0,0,0,14.30439879418819,17,22,0,0
2,2015-01-01 00:00:00,14:22:00,1,2,0,452,576.5999999999999,4.138203493162502,56.407370889480234,234.65600654865307,64.1101250892771,10.628689483407138,14.216121547185956,0,57,0,1,1,1,16.44117392829229,274.8234601547543,274.8234601547543,177.1765398452457,0,64.1101250892771,0.007693215010713254,0,0,0,0,274.8234601547543,0,0,0,14.259916607148593,17,22,0,0
2,2015-01-01 00:00:00,14:23:00,1,2,0,452,576.5999999999999,4.13569031990864,64.9487569563755,270.188376046515,64.17581767922107,10.624684417873008,14.175053109938261,0,57,0,1,1,1,16.365491874513165,318.28902844655033,318.28902844655033,133.71097155344967,0,64.17581767922107,0.00770109812150653,0,0,0,0,318.28902844655033,0,0,0,14.216121547185956,17,22,0,0
2,2015-01-01 00:00:00,14:24:00,1,2,0,452,576.5999999999999,4.133086155503101,63.81736893761928,265.4817749383282,64.23742033509261,10.620644568503538,14.13423140617173,0,57,0,1,1,1,16.290987154629665,314.608396573606,314.608396573606,137.391603426394,0,64.23742033509261,0.007708490440211114,0,0,0,0,314.608396573606,0,0,0,14.175053109938261,17,22,0,0
2,2015-01-01 00:00:00,14:25:00,1,2,0,452,576.5999999999999,4.130391517483738,62.683246882996016,260.7638001758086,64.2986528907424,10.616570147264024,14.093698970847601,0,57,0,1,1,1,16.21762811556647,310.8940239394869,310.8940239394869,141.10597606051311,0,64.2986528907424,0.0077158383468890895,0,0,0,0,310.8940239394869,0,0,0,14.13423140617173,17,22,0,0
2,2015-01-01 00:00:00,14:26:00,1,2,0,452,576.5999999999999,4.127606937081776,61.54660190375018,256.035329986762,64.3594515437286,10.61246140806491,14.053455904588166,0,57,0,1,1,1,16.14538562765086,307.14577987735333,307.14577987735333,144.85422012264667,0,64.3594515437286,0.007723134185247432,0,0,0,0,307.14577987735333,0,0,0,14.093698970847601,17,22,0,0
2,2015-01-01 00:00:00,14:27:00,1,2,0,452,576.5999999999999,4.124732959610664,60.40765141287778,251.29726881443057,64.41981614311776,10.608318605003964,14.0135027034327,0,57,0,1,1,1,16.074231555437844,303.3635374186371,303.3635374186371,148.63646258136288,0,64.41981614311776,0.007730377937174132,0,0,0,0,303.3635374186371,0,0,0,14.053455904588166,17,22,0,0
2,2015-01-01 00:00:00,14:28:00,1,2,0,452,576.5999999999999,4.122036028234632,62.15767396920362,258.57740433505404,64.47974594485095,10.604142301081595,13.974544854783742,0,57,0,1,1,1,16.00413873734243,314.1592312179944,314.1592312179944,137.84076878200563,0,64.47974594485095,0.007737569513382114,0,0,0,0,314.1592312179944,0,0,0,14.0135027034327,17,22,0,0
2,2015-01-01 00:00:00,14:29:00,1,2,0,452,576.5999999999999,4.1193092429495035,61.667866787960186,256.5397947936586,64.53818271782438,10.599933511195148,13.935999443186844,0,57,0,1,1,1,15.935104931813223,313.72685072512246,313.72685072512246,138.27314927487754,0,64.53818271782438,0.007744581926138927,0,0,0,0,313.72685072512246,0,0,0,13.974544854783742,17,22,0,0
2,2015-01-01 00:00:00,14:30:00,1,2,0,241,365.59999999999997,4.11642304679031,59.758715813869685,248.59768126462515,64.59600083521974,10.595692525225278,13.88517213258797,0,57,0,1,1,1,15.867108146485796,306.046332912114,306.046332912114,-65.046332912114,0,64.59600083521974,0.00775152010022637,0,0,0,0,241,0,0,0,13.935999443186844,17,22,0,0
2,2015-01-01 00:00:00,14:31:00,1,2,0,241,365.59999999999997,4.113443283136679,58.55695630732097,243.5983330909418,64.67224180111805,10.59140723881734,13.835268845176172,0,57,0,1,1,1,15.799695356897434,301.9357350265401,301.9357350265401,-60.9357350265401,0,64.67224180111805,0.0077606690161341665,0,0,0,0,241,0,0,0,13.88517213258797,17,22,0,0
2,2015-01-01 00:00:00,14:32:00,1,2,0,241,365.59999999999997,4.1100066975964005,53.352583532410385,221.94801837686236,64.74709673223575,10.587078124832217,13.785071581124544,0,57,0,1,1,1,15.732878128607595,277.0129296559824,277.0129296559824,-36.01292965598242,0,64.74709673223575,0.00776965160786829,0,0,0,0,241,0,0,0,13.835268845176172,17,22,0,0
2,2015-01-01 00:00:00,14:33:00,1,2,0,241,365.59999999999997,4.105362406898958,39.827468981192844,165.68321966961258,21749.999999999996,10.582703587944168,13.73258530944137,0,57,1,1,1,1,19.33344301735042,208.25522938415733,208.25522938415733,32.74477061584267,21685.177607371683,64.82239262831318,2.61,0,0,0,0,208.25522938415733,0,0,0,13.785071581124544,17,22,0,0
2,2015-01-01 00:00:00,14:34:00,1,2,0,241,365.59999999999997,4.101995541590082,53.66795450108135,223.25996911880893,21749.999999999996,10.578282958159475,13.727788960229221,0,57,1,1,1,1,22.809741152652297,282.65624367067085,282.65624367067085,-41.65624367067085,21685.09887796416,64.90112203583794,2.61,0,0,0,0,241,0,0,0,13.73258530944137,17,22,0,0
2,2015-01-01 00:00:00,14:35:00,1,2,100,241,465.59999999999997,4.098541034358407,52.4912098864037,218.364683491175,21749.999999999996,10.573863079583335,13.768805876458096,0,57,1,1,1,1,26.167633497105676,278.49915941255995,278.49915941255995,62.50084058744005,21685.09168344034,64.90831655965617,2.61,0,0,0,0,278.49915941255995,0,0,0,13.727788960229221,17,22,0,0
2,2015-01-01 00:00:00,14:36:00,1,2,100,241,465.59999999999997,4.094999603545179,51.31444300065833,213.4693052153688,21749.999999999996,10.569488853331501,13.846681413930783,0,57,1,1,1,1,29.4127173529671,274.30638405625376,274.30638405625376,66.69361594374624,21685.153208814685,64.84679118531285,2.61,0,0,0,0,274.30638405625376,0,0,0,13.768805876458096,17,22,0,0
2,2015-01-01 00:00:00,14:37:00,1,2,100,241,465.59999999999997,4.09131844298494,49.541076210424876,206.09205712561973,21749.999999999996,10.565196226742353,13.958689852665996,0,57,1,1,1,1,32.55009278707339,266.8626631400593,266.8626631400593,74.13733685994072,21685.270022120894,64.72997787910383,2.61,0,0,0,0,266.8626631400593,0,0,0,13.846681413930783,17,22,0,0
2,2015-01-01 00:00:00,14:38:00,1,2,140,210,474.59999999999997,4.087553398223103,48.3791817711042,201.2585485812085,21749.999999999996,10.561018457372622,14.102990924158236,0,57,1,1,1,1,35.584592991685064,262.649161854254,262.649161854254,87.35083814574602,21685.438034778996,64.561965221001,2.61,0,0,0,0,262.649161854254,0,0,0,13.958689852665996,17,22,0,0
2,2015-01-01 00:00:00,14:39:00,1,2,0,210,334.59999999999997,4.0837052338573,47.2181925136043,196.42880561473353,21749.999999999996,10.55698692468956,14.268458318875835,0,57,1,1,1,1,38.52082370383577,258.4003206180156,258.4003206180156,-48.4003206180156,21685.654486386233,64.34551361376265,2.61,0,0,0,0,210,0,0,0,14.102990924158236,17,22,0,0
2,2015-01-01 00:00:00,14:40:00,1,2,120,210,454.59999999999997,4.079774735522519,46.05843802590733,191.6041993200515,21749.999999999996,10.553122012207186,14.468537098421296,0,57,1,1,1,1,41.36285273485899,254.11615188271966,254.11615188271966,75.88384811728034,21685.90268747831,64.09731252168625,2.61,0,0,0,0,254.11615188271966,0,0,0,14.268458318875835,17,22,0,0
2,2015-01-01 00:00:00,14:41:00,1,2,220,222,566.5999999999999,4.0758107139917055,45.441225824215216,189.03658185874585,21749.999999999996,10.549457323800656,14.700258215931305,0,57,1,1,1,1,44.11507026038243,252.8062888439215,252.8062888439215,189.1937111560785,21686.202805647627,63.79719435236806,2.61,0,0,0,0,252.8062888439215,0,0,0,14.468537098421296,17,22,0,0
2,2015-01-01 00:00:00,14:42:00,1,2,100,222,446.59999999999997,4.071764504043262,44.271043151025076,184.16859406400826,21749.999999999996,10.546023418369238,14.947699507574455,0,57,1,1,1,1,46.78161538927501,248.39912696216646,248.39912696216646,73.60087303783354,21686.550387323892,63.449612676103044,2.61,0,0,0,0,248.39912696216646,0,0,0,14.700258215931305,17,22,0,0
2,2015-01-01 00:00:00,14:43:00,1,2,0,222,346.59999999999997,4.067229374537982,38.484981356455116,160.09843917205723,21749.999999999996,10.542834676984263,15.209561904114503,0,57,1,1,1,1,49.36594083569609,217.8182088128521,217.8182088128521,4.181791187147894,21686.92154926136,63.07845073863832,2.61,0,0,0,0,217.8182088128521,0,0,0,14.947699507574455,17,22,0,0
2,2015-01-01 00:00:00,14:44:00,1,2,0,222,346.59999999999997,4.062758828955332,38.942441923919056,162.00148602961937,21749.999999999996,10.53990481563232,15.491732731820195,0,57,1,1,1,1,51.87133735902373,222.37262106075792,222.37262106075792,-0.3726210607579219,21687.314342856167,62.685657143828244,2.61,0,0,0,0,222,0,0,0,15.209561904114503,17,22,0,0
2,2015-01-01 00:00:00,14:45:00,1,2,0,222,346.59999999999997,4.058260076110956,38.34880312341057,159.53193447876643,21749.999999999996,10.537253196592012,15.792168185565629,0,57,1,1,1,1,54.30118553049828,220.97872353891918,220.97872353891918,1.0212764610808165,21687.737599097727,62.26240090226971,2.61,0,0,0,0,220.97872353891918,0,0,0,15.491732731820195,17,22,0,0
2,2015-01-01 00:00:00,14:46:00,1,2,100,222,446.59999999999997,4.052740175070334,26.411580528554037,109.87280413426413,11940.731699611288,10.534895981603999,16.11241310029123,0,57,1,1,1,1,55,153.61074456002126,153.61074456002126,168.38925543997874,11878.919951889637,61.81174772165156,1.4328878039533548,0,0,0,0,153.61074456002126,0,0,0,15.792168185565629,17,22,0,0
2,2015-01-01 00:00:00,14:47:00,1,2,100,222,446.59999999999997,4.048461876607277,40.29427834394379,167.62515773826112,61.331380349563155,10.532853439141194,16.431751729441938,0,57,1,1,1,1,53.67729296259494,236.5865665291352,236.5865665291352,85.41343347086479,0,61.331380349563155,0.007359765641947579,0,0,0,0,236.5865665291352,0,0,0,16.11241310029123,17,22,0,0
2,2015-01-01 00:00:00,14:48:00,1,2,150,222,496.59999999999997,4.0442173799928725,40.421795540757,168.15563231451986,60.852372405837095,10.53112404413652,16.726327885957183,0,57,1,1,1,1,52.41043781861014,239.64908359965642,239.64908359965642,132.35091640034358,0,60.852372405837095,0.007302284688700453,0,0,0,0,239.64908359965642,0,0,0,16.431751729441938,17,22,0,0
2,2015-01-01 00:00:00,14:49:00,1,2,150,222,496.59999999999997,4.03999974766951,40.47252917685442,168.36668544918268,60.41050817106422,10.529682832214434,16.995181212616522,0,57,1,1,1,1,51.19669258280562,242.34337351623284,242.34337351623284,129.65662648376716,0,60.41050817106422,0.007249260980527707,0,0,0,0,242.34337351623284,0,0,0,16.726327885957183,17,22,0,0
2,2015-01-01 00:00:00,14:50:00,1,2,172,345,641.5999999999999,4.035693837517376,39.19657866160886,163.058700912058,60.00722818107522,10.528503815572106,17.248098986226275,0,57,1,1,1,1,50.03337586953388,237.0992072037474,237.0992072037474,279.90079279625263,0,60.00722818107522,0.007200867381729027,0,0,0,0,237.0992072037474,0,0,0,16.995181212616522,17,22,0,0
2,2015-01-01 00:00:00,14:51:00,1,2,172,345,641.5999999999999,4.031266042068151,37.523591751274026,156.0990355137801,59.627851520660585,10.527570637386932,17.477540618425802,0,57,1,1,1,1,48.91823039731253,229.35145388686226,229.35145388686226,287.64854611313774,0,59.627851520660585,0.007155342182479271,0,0,0,0,229.35145388686226,0,0,0,17.248098986226275,17,22,0,0
2,2015-01-01 00:00:00,14:52:00,1,2,100,345,569.5999999999999,4.026753851489431,36.27451790626249,150.90285856504306,59.2836890723613,10.526859612034473,17.68097652541451,0,57,1,1,1,1,47.84881918034359,224.08955234154598,224.08955234154598,220.91044765845402,0,59.2836890723613,0.007114042688683357,0,0,0,0,224.08955234154598,0,0,0,17.477540618425802,17,22,0,0
2,2015-01-01 00:00:00,14:53:00,1,2,100,345,569.5999999999999,4.021834805671917,31.265962045385297,130.06714687778768,58.97853521187823,10.526344245833654,17.863273756937136,0,57,1,1,1,1,46.82270208323716,195.26581455421837,195.26581455421837,249.73418544578163,0,58.97853521187823,0.007077424225425389,0,0,0,0,195.26581455421837,0,0,0,17.68097652541451,17,22,0,0
2,2015-01-01 00:00:00,14:54:00,1,2,100,345,569.5999999999999,4.016847077473558,30.165116371926786,125.48760265357153,58.70508936459429,10.526003275010284,18.02662038152566,0,57,1,1,1,1,45.83768751431539,190.50640302897173,190.50640302897173,254.49359697102827,0,58.70508936459429,0.0070446107237513165,0,0,0,0,190.50640302897173,0,0,0,17.863273756937136,17,22,0,0
2,2015-01-01 00:00:00,14:55:00,1,2,100,345,569.5999999999999,4.011791868054902,29.07204345463127,120.94039328014392,58.46006942771151,10.525817632122342,18.172188487979746,0,57,1,1,1,1,44.89173284993479,185.71641233856377,185.71641233856377,259.28358766143623,0,58.46006942771151,0.007015208331325382,0,0,0,0,185.71641233856377,0,0,0,18.02662038152566,17,22,0,0
2,2015-01-01 00:00:00,14:56:00,1,2,100,345,569.5999999999999,4.0066704145157725,27.987311063222418,116.42788069307984,21749.999999999996,10.525769443374978,18.301097760776916,0,57,1,1,1,1,47.65083437021788,180.89668527683617,180.89668527683617,264.10331472316386,21691.758282731967,58.241717268030385,2.61,0,0,0,0,180.89668527683617,0,0,0,18.172188487979746,17,22,0,0
2,2015-01-01 00:00:00,14:57:00,1,2,100,345,569.5999999999999,4.001456412315384,26.58727201689957,110.60368491083015,21749.999999999996,10.5258419426493,18.457521231004705,0,57,1,1,1,1,50.32050626568666,173.9271094733817,173.9271094733817,271.07289052661827,21691.951646641162,58.048353358834625,2.61,0,0,0,0,173.9271094733817,0,0,0,18.301097760776916,17,22,0,0
2,2015-01-01 00:00:00,14:58:00,1,2,100,345,569.5999999999999,3.9961799854267466,25.53385154256727,106.22143064466819,21749.999999999996,10.526061826944032,18.638740930058677,0,57,1,1,1,1,52.90473319606681,169.1096270721113,169.1096270721113,275.89037292788873,21692.186281846505,57.81371815349294,2.61,0,0,0,0,169.1096270721113,0,0,0,18.457521231004705,17,22,0,0
2,2015-01-01 00:00:00,14:59:00,1,2,100,345,569.5999999999999,3.9908424664734663,24.49047552271755,101.88096154841708,19341.44028747338,10.526453067692307,18.8428604176423,0,57,1,1,1,1,55,164.26594272141452,164.26594272141452,280.7340572785855,19283.898398868467,57.54188860491198,2.3209728344968057,0,0,0,0,164.26594272141452,0,0,0,18.638740930058677,17,22,0,0
2,2015-01-01 00:00:00,15:00:00,0,2,0,193,170.59999999999997,3.985445228747058,23.457788146907355,97.5849574659786,57.23570937353655,10.527037723654551,19.03993005652511,0,57,1,1,1,1,53.77016532032797,159.39737975556622,159.39737975556622,33.60262024443378,0,57.23570937353655,0.006868285124824387,0,0,0,0,159.39737975556622,0,0,0,18.8428604176423,17,22,0,0
2,2015-01-01 00:00:00,15:01:00,0,2,0,193,170.59999999999997,3.9799896875719876,22.436456012566428,93.33619145853913,56.94010491521233,10.527808387705575,19.214905353229867,0,57,1,1,1,1,52.588864801151004,154.50541590362965,154.50541590362965,38.494584096370346,0,56.94010491521233,0.006832812589825481,0,0,0,0,154.50541590362965,0,0,0,19.03993005652511,17,22,0,0
2,2015-01-01 00:00:00,15:02:00,0,2,0,193,170.59999999999997,3.974543127859144,22.211089519771402,92.39866148018272,56.6776419701552,10.52874296802409,19.369634289694062,0,57,1,1,1,1,51.4536961124462,155.0645654649218,155.0645654649218,37.9354345350782,0,56.6776419701552,0.0068013170364186245,0,0,0,0,155.0645654649218,0,0,0,19.214905353229867,17,22,0,0
2,2015-01-01 00:00:00,15:03:00,0,2,0,193,170.59999999999997,3.9690378375792945,21.178101799531674,88.10140795776304,56.44554856545891,10.529821156909287,19.50520393926928,0,57,1,1,1,1,50.3624014926247,149.95042889420728,149.95042889420728,43.04957110579272,0,56.44554856545891,0.006773465827855069,0,0,0,0,149.95042889420728,0,0,0,19.369634289694062,17,22,0,0
2,2015-01-01 00:00:00,15:04:00,0,2,0,193,170.59999999999997,3.9634754337296014,20.159102934834728,83.86234840762205,56.24219409109608,10.531023759891747,19.62284550708514,0,57,1,1,1,1,49.31283694999356,144.81775561689432,144.81775561689432,48.18224438310568,0,56.24219409109608,0.00674906329093153,0,0,0,0,144.81775561689432,0,0,0,19.50520393926928,17,22,0,0
2,2015-01-01 00:00:00,15:05:00,0,2,0,193,170.59999999999997,3.9578951402427167,19.60558550566572,81.55970271725005,56.06573173937229,10.532332878541165,19.723825717551854,0,57,1,1,1,1,48.30297329547287,142.95521701980792,142.95521701980792,50.04478298019208,0,56.06573173937229,0.006727887808724676,0,0,0,0,142.95521701980792,0,0,0,19.62284550708514,17,22,0,0
2,2015-01-01 00:00:00,15:06:00,0,2,0,193,170.59999999999997,3.9513885336331955,8.121384719276596,33.785153887151154,55.914261423672215,10.533730843717912,19.80655891780692,0,57,1,1,1,1,47.33089344588372,60.13228720233323,60.13228720233323,132.86771279766677,0,55.914261423672215,0.0067097113708406665,0,0,0,0,60.13228720233323,0,0,0,19.723825717551854,17,22,0,0
2,2015-01-01 00:00:00,15:07:00,0,2,0,193,170.59999999999997,3.9448452109833374,7.282191233036908,30.294088994435644,55.79016162328962,10.535199498051748,19.87480112450121,0,57,1,1,1,1,46.394691591187225,54.776439183628625,54.776439183628625,138.2235608163714,0,55.79016162328962,0.006694819394794755,0,0,0,0,54.776439183628625,0,0,0,19.80655891780692,17,22,0,0
2,2015-01-01 00:00:00,15:08:00,0,2,0,70,47.60000000000001,3.9383172057357827,7.068815749737406,29.406441901211736,55.68779831324818,10.536724473029356,19.922416131672538,0,57,1,1,1,1,45.49265450048362,54.04287742207462,54.04287742207462,15.957122577925382,0,55.68779831324818,0.006682535797589782,0,0,0,0,54.04287742207462,0,0,0,19.87480112450121,17,22,0,0
2,2015-01-01 00:00:00,15:09:00,0,2,0,70,47.60000000000001,3.931773517469265,6.48104782084594,26.96131331613233,55.61637580249119,10.5382853672172,19.957797398766044,0,57,1,1,1,1,44.62291850154446,50.3863801009519,50.3863801009519,19.613619899048103,0,55.61637580249119,0.006673965096298944,0,0,0,0,50.3863801009519,0,0,0,19.922416131672538,17,22,0,0
2,2015-01-01 00:00:00,15:10:00,0,2,0,70,47.60000000000001,3.9252445767160733,6.261657488698434,26.04864430842438,55.56330390185094,10.539870103271397,19.98174447279934,0,57,1,1,1,1,43.783968804171046,49.52907100151813,49.52907100151813,20.470928998481867,0,55.56330390185094,0.0066675964682221135,0,0,0,0,49.52907100151813,0,0,0,19.957797398766044,17,22,0,0
2,2015-01-01 00:00:00,15:11:00,0,2,0,70,47.60000000000001,3.9187162124359354,5.87096784081024,24.423366066810026,55.52738329080099,10.54146739869922,19.994998965805657,0,57,1,1,1,1,42.97436933711759,47.27395014005119,47.27395014005119,22.72604985994881,0,55.52738329080099,0.00666328599489612,0,0,0,0,47.27395014005119,0,0,0,19.98174447279934,17,22,0,0
2,2015-01-01 00:00:00,15:12:00,0,2,0,70,47.60000000000001,3.9121891695289355,5.489428728273776,22.83615427022865,55.50750155129151,10.543066724541717,19.99830212651163,0,57,1,1,1,1,42.19275809999813,45.02269406242792,45.02269406242792,24.977305937572083,0,55.50750155129151,0.006660900186154982,0,0,0,0,45.02269406242792,0,0,0,19.994998965805657,17,22,0,0
2,2015-01-01 00:00:00,15:13:00,0,2,0,70,47.60000000000001,3.905675516796809,5.255780641386979,21.86417266317925,55.50254681023256,10.544658316533692,19.992384708391366,0,57,1,1,1,1,41.43784463151219,43.93371487216745,43.93371487216745,26.06628512783255,0,55.50254681023256,0.006660305617227908,0,0,0,0,43.93371487216745,0,0,0,19.99830212651163,17,22,0,0
2,2015-01-01 00:00:00,15:14:00,0,2,0,70,47.60000000000001,3.899153434671405,4.755532907972672,19.783130176054424,55.51142293741295,10.546233123860107,19.977833499112794,0,57,1,1,1,1,40.708407219161145,40.54104805062789,40.54104805062789,29.458951949372107,0,55.51142293741295,0.006661370752489555,0,0,0,0,40.54104805062789,0,0,0,19.992384708391366,17,22,0,0
2,2015-01-01 00:00:00,15:15:00,0,2,0,70,47.60000000000001,3.892644749940142,4.523091508849663,18.816168418846217,55.53324975133081,10.547782716817759,19.95533104142609,0,57,1,1,1,1,40.00328566405746,39.351439751017885,39.351439751017885,30.648560248982115,0,55.53324975133081,0.006663989970159698,0,0,0,0,39.351439751017885,0,0,0,19.977833499112794,17,22,0,0
2,2015-01-01 00:00:00,15:16:00,0,2,0,70,47.60000000000001,3.8861042402242236,3.734039809785758,15.533694555181421,55.56700343786087,10.549299301799296,19.92531765346764,0,57,1,1,1,1,39.321382445600605,33.17760616337239,33.17760616337239,36.82239383662761,0,55.56700343786087,0.006668040412543305,0,0,0,0,33.17760616337239,0,0,0,19.95533104142609,17,22,0,0
2,2015-01-01 00:00:00,15:17:00,0,2,0,70,47.60000000000001,3.8795551650650504,3.2297034840840397,13.435643426748895,55.61202351979854,10.550775561397082,19.888412782920206,0,57,1,1,1,1,38.6616523506301,29.329148208917495,29.329148208917495,40.670851791082505,0,55.61202351979854,0.006673442822375825,0,0,0,0,29.329148208917495,0,0,0,19.92531765346764,17,22,0,0
2,2015-01-01 00:00:00,15:18:00,0,2,0,70,47.60000000000001,3.873008682709684,2.862905245011454,11.909754014911352,55.66738082561969,10.552204815314356,19.845161272067322,0,57,1,1,1,1,38.02310678710255,26.592821478992917,26.592821478992917,43.40717852100708,0,55.66738082561969,0.006680085699074363,0,0,0,0,26.592821478992917,0,0,0,19.888412782920206,17,22,0,0
2,2015-01-01 00:00:00,15:19:00,0,2,0,70,47.60000000000001,3.8664737253405272,2.6073417920441626,10.846603962933425,55.73225809189901,10.553580943132582,19.796070369276737,0,57,1,1,1,1,37.404809320604755,24.794077825238567,24.794077825238567,45.20592217476143,0,55.73225809189901,0.0066878709710278825,0,0,0,0,24.794077825238567,0,0,0,19.845161272067322,17,22,0,0
2,2015-01-01 00:00:00,15:20:00,0,2,0,70,47.60000000000001,3.8599877724016274,2.819720110526061,11.730102826763195,55.80589444608489,10.55489837928536,19.741704593180604,0,57,1,1,1,1,36.805872621579994,27.47542888175388,27.47542888175388,42.524571118246115,0,55.80589444608489,0.0066967073335301875,0,0,0,0,27.47542888175388,0,0,0,19.796070369276737,17,22,0,0
2,2015-01-01 00:00:00,15:21:00,0,2,0,70,47.60000000000001,3.853478118917368,2.128661716529251,8.855283446421193,55.88744311022909,10.556152040361408,19.68226126654647,0,57,1,1,1,1,36.22545874306301,21.274331421016928,21.274331421016928,48.725668578983075,0,55.88744311022909,0.006706493173227492,0,0,0,0,21.274331421016928,0,0,0,19.741704593180604,17,22,0,0
2,2015-01-01 00:00:00,15:22:00,0,2,0,70,47.60000000000001,3.8469872908845835,1.9677828024842015,8.186023331787206,55.9766081001803,10.55733709698457,19.618275508287827,0,57,1,1,1,1,35.662764951344755,20.19242900350013,20.19242900350013,49.80757099649987,0,55.9766081001803,0.006717192972021637,0,0,0,0,20.19242900350013,0,0,0,19.68226126654647,17,22,0,0
2,2015-01-01 00:00:00,15:23:00,0,2,0,70,47.60000000000001,3.840510648769665,1.7504045298271125,7.2817245394875325,56.07258673756826,10.558449250403564,19.550104275380857,0,57,1,1,1,1,35.11703401790744,18.46270639553847,18.46270639553847,51.53729360446153,0,56.07258673756826,0.006728710408508191,0,0,0,0,18.46270639553847,0,0,0,19.618275508287827,17,22,0,0
2,2015-01-01 00:00:00,15:24:00,0,2,0,70,47.60000000000001,3.8340452444882933,1.4972384428458059,6.228547587117616,56.174843586928716,10.559484558303856,19.478089886397502,0,57,1,1,1,1,34.587546611699054,16.252207174975663,16.252207174975663,53.747792825024334,0,56.174843586928716,0.0067409812304314465,0,0,0,0,16.252207174975663,0,0,0,19.550104275380857,17,22,0,0
2,2015-01-01 00:00:00,15:25:00,0,2,0,70,47.60000000000001,3.8276063830453086,1.4380873778013992,5.982477747528465,56.282865170403745,10.560439440830278,19.402609408425622,0,57,1,1,1,1,34.073619512199,16.085312552029624,16.085312552029624,53.91468744797038,0,56.282865170403745,0.006753943820448451,0,0,0,0,16.085312552029624,0,0,0,19.478089886397502,17,22,0,0
2,2015-01-01 00:00:00,15:26:00,0,2,0,70,47.60000000000001,3.8211835110106533,1.2479668911775226,5.191571994419422,56.396085887361565,10.561310683960347,19.32393774665575,0,57,1,1,1,1,33.57460556309106,14.40365198780588,14.40365198780588,55.59634801219412,0,56.396085887361565,0.006767530306483389,0,0,0,0,14.40365198780588,0,0,0,19.402609408425622,17,22,0,0
2,2015-01-01 00:00:00,15:27:00,0,2,0,70,47.60000000000001,3.8147975396327647,1.32426123796038,5.508958294401047,56.51409338001638,10.56209537485,19.242430219486245,0,57,1,1,1,1,33.089888970695306,15.795028752478125,15.795028752478125,54.204971247521875,0,56.51409338001638,0.006781691205601966,0,0,0,0,15.795028752478125,0,0,0,19.32393774665575,17,22,0,0
2,2015-01-01 00:00:00,15:28:00,0,2,0,70,47.60000000000001,3.8084370227274618,1.2585509816735032,5.235602063000398,56.63635467077063,10.562790942659694,19.15832055728927,0,57,1,1,1,1,32.618886972354865,15.538254750067887,15.538254750067887,54.461745249932115,0,56.63635467077063,0.0067963625604924765,0,0,0,0,15.538254750067887,0,0,0,19.242430219486245,17,22,0,0
2,2015-01-01 00:00:00,15:29:00,0,2,0,70,47.60000000000001,3.802068042423472,0.7633475434878776,3.17554396418422,56.7625191640661,10.563395012325397,19.071758504942544,0,57,1,1,1,1,32.161044577284606,9.772569656143109,9.772569656143109,60.227430343856895,0,56.7625191640661,0.006811502299687933,0,0,0,0,9.772569656143109,0,0,0,19.15832055728927,17,22,0,0
2,2015-01-01 00:00:00,15:30:00,0,2,0,70,47.60000000000001,3.7957190747385954,0.6307751874522608,2.624039805144151,56.89236224258619,10.56390539398831,18.983075947508723,0,57,1,1,1,1,31.715830765300183,8.389923101247817,8.389923101247817,61.61007689875218,0,56.89236224258619,0.006827083469110344,0,0,0,0,8.389923101247817,0,0,0,19.071758504942544,17,22,0,0
2,2015-01-01 00:00:00,15:31:00,0,2,0,70,47.60000000000001,3.789391106740276,0.5126582378068859,2.1326704810216346,57.025386078736915,10.564320229643673,18.892498176420457,0,57,1,1,1,1,31.282743866735846,7.099567493227133,7.099567493227133,62.900432506772866,0,57.025386078736915,0.0068430463294484305,0,0,0,0,7.099567493227133,0,0,0,18.983075947508723,17,22,0,0
2,2015-01-01 00:00:00,15:32:00,0,2,0,70,47.60000000000001,3.7830897903642056,0.46893309069991523,1.9507728275043767,57.16125273536932,10.564637893129614,18.80025233563006,0,57,1,1,1,1,30.861306938493826,6.7772446148520356,6.7772446148520356,63.22275538514796,0,57.16125273536932,0.006859350328244319,0,0,0,0,6.7772446148520356,0,0,0,18.892498176420457,17,22,0,0
2,2015-01-01 00:00:00,15:33:00,0,2,0,70,47.60000000000001,3.7768059371787523,0.3095429514299082,1.2877060513978378,57.29962149655491,10.564856974241895,18.706504954304517,0,57,1,1,1,1,30.451066986015466,4.6808886299472166,4.6808886299472166,65.31911137005278,0,57.29962149655491,0.006875954579586591,0,0,0,0,4.6808886299472166,0,0,0,18.80025233563006,17,22,0,0
2,2015-01-01 00:00:00,15:34:00,0,2,0,70,47.60000000000001,3.7705454852310747,0.2282519101088471,0.9495333831138204,57.440242568543226,10.564976236268144,18.61145908040977,0,57,1,1,1,1,30.051592086977678,3.621937632571025,3.621937632571025,66.37806236742898,0,57.440242568543226,0.006892829108225188,0,0,0,0,3.621937632571025,0,0,0,18.706504954304517,17,22,0,0
2,2015-01-01 00:00:00,15:35:00,0,2,0,281,258.59999999999997,3.76430870897515,0.15264342636677786,0.6350002897194331,57.58281137938535,10.564994644922255,18.52764019788314,0,57,1,1,1,1,29.662471916686254,2.5499266331727517,2.5499266331727517,278.45007336682727,0,57.58281137938535,0.006909937365526243,0,0,0,0,2.5499266331727517,0,0,0,18.61145908040977,17,22,0,0
2,2015-01-01 00:00:00,15:36:00,0,2,0,281,258.59999999999997,3.758098466498615,0.11619482642747597,0.48337324575023544,57.70853970317529,10.56492347554438,18.442197864489184,0,57,1,1,1,1,29.283736143937848,2.050884994471618,2.050884994471618,278.94911500552837,0,57.70853970317529,0.006925024764381036,0,0,0,0,2.050884994471618,0,0,0,18.52764019788314,17,22,0,0
2,2015-01-01 00:00:00,15:37:00,0,2,0,281,258.59999999999997,3.751914338058972,0.07672455089816368,0.3191759593489513,57.836703203266225,10.564761355525897,18.355519671205705,0,57,1,1,1,1,28.914976338514425,1.4367774316200006,1.4367774316200006,279.56322256838,0,57.836703203266225,0.006940404384391948,0,0,0,0,1.4367774316200006,0,0,0,18.442197864489184,17,22,0,0
2,2015-01-01 00:00:00,15:38:00,0,2,0,281,258.59999999999997,3.745756969973776,0.04804603394040692,0.19987264566977977,57.966720493191445,10.564507296687951,18.267764459968248,0,57,1,1,1,1,28.555811145748823,0.9591108196031901,0.9591108196031901,280.0408891803968,0,57.966720493191445,0.0069560064591829745,0,0,0,0,0.9591108196031901,0,0,0,18.355519671205705,17,22,0,0
2,2015-01-01 00:00:00,15:39:00,0,2,0,281,258.59999999999997,3.739627005859151,0.03020280133131236,0.12564437298228784,58.09835331004763,10.564160469748993,18.179084230692755,0,57,1,1,1,1,28.205877585007986,0.6462343701127954,0.6462343701127954,280.3537656298872,0,58.09835331004763,0.006971802397205716,0,0,0,0,0.6462343701127954,0,0,0,18.267764459968248,17,22,0,0
2,2015-01-01 00:00:00,15:40:00,0,2,0,281,258.59999999999997,3.7335246045944523,0.016939526259748535,0.07046883274752924,58.231373653960866,10.563720196701267,18.089619520329503,0,57,1,1,1,1,27.864830192004067,0.3909772683876303,0.3909772683876303,280.60902273161236,0,58.231373653960866,0.006987764838475304,0,0,0,0,0.3909772683876303,0,0,0,18.179084230692755,17,22,0,0
2,2015-01-01 00:00:00,15:41:00,0,2,0,281,258.59999999999997,3.7274499261495584,0.00828984743362689,0.03448596279170442,58.36557071950575,10.563185939227704,17.999501652551146,0,57,1,1,1,1,27.532340033103573,0.20796494901354248,0.20796494901354248,280.79203505098644,0,58.36557071950575,0.007003868486340691,0,0,0,0,0.20796494901354248,0,0,0,18.089619520329503,17,22,0,0
2,2015-01-01 00:00:00,15:42:00,0,2,0,281,258.59999999999997,3.721403026733912,0.00291116363484644,0.012110510066160993,58.50074752117328,10.562557289231968,17.908852912659476,0,57,1,1,1,1,27.20809382968342,0.08010386685073552,0.08010386685073552,280.9198961331493,0,58.50074752117328,0.007020089702540795,0,0,0,0,0.08010386685073552,0,0,0,17.999501652551146,17,22,0,0
2,2015-01-01 00:00:00,15:43:00,0,2,0,281,258.59999999999997,3.715383982787452,0.0010765100699779199,0.004478307534052087,58.63672063101079,10.561833959704375,17.81778746789884,0,57,1,1,1,1,26.891793118220022,0.03285373686049728,0.03285373686049728,280.9671462631395,0,58.63672063101079,0.007036406475721295,0,0,0,0,0.03285373686049728,0,0,0,17.908852912659476,17,22,0,0
2,2015-01-01 00:00:00,15:44:00,0,2,0,281,258.59999999999997,3.7093926822935974,0.00030980131930126345,0.001288780867897112,58.77331879815174,10.561015776269441,17.726411166880318,0,57,1,1,1,1,26.583153470249915,0.010633785137647588,0.010633785137647588,280.98936621486234,0,58.77331879815174,0.00705279825577821,0,0,0,0,0.010633785137647588,0,0,0,17.81778746789884,17,22,0,0
2,2015-01-01 00:00:00,15:45:00,0,2,0,281,258.59999999999997,3.7034289727280347,6.193334999934364e-05,0.00025764421127694073,58.910383249679526,10.560102668726056,17.63482249477312,0,57,1,1,1,1,26.281903732040064,0.0024343048449644725,0.0024343048449644725,280.99756569515506,0,58.910383249679526,0.007069245989961544,0,0,0,0,0.0024343048449644725,0,0,0,17.726411166880318,17,22,0,0
2,2015-01-01 00:00:00,15:46:00,0,2,0,404,381.59999999999997,3.6974926783993025,7.380278116815186e-06,3.0702132767426046e-05,59.04776625784032,10.559094663564201,17.550314357716804,0,57,1,1,1,1,25.987785322609216,0.00034026008339410965,0.00034026008339410965,403.9996597399166,0,59.04776625784032,0.00708573195094084,0,0,0,0,0.00034026008339410965,0,0,0,17.63482249477312,17,22,0,0
2,2015-01-01 00:00:00,15:47:00,0,2,0,404,381.59999999999997,3.6915836142478176,3.330569335676836e-07,1.385524777204393e-06,59.17452846342479,10.557998951006992,17.46538219797137,0,57,1,1,1,1,25.700796514279542,1.863051920328237e-05,1.863051920328237e-05,403.9999813694808,0,59.17452846342479,0.0071009434156109755,0,0,0,0,1.863051920328237e-05,0,0,0,17.550314357716804,17,22,0,0
2,2015-01-01 00:00:00,15:48:00,0,2,0,404,381.59999999999997,3.685701593843364,2.587781760730448e-09,1.0765233766739813e-08,59.301926703042945,10.556815333745522,17.38024477512993,0,57,1,1,1,1,25.42068038107178,1.848275978010947e-07,1.848275978010947e-07,403.99999981517243,0,59.301926703042945,0.007116231204365154,0,0,0,0,1.848275978010947e-07,0,0,0,17.46538219797137,17,22,0,0
2,2015-01-01 00:00:00,15:49:00,0,2,0,404,381.59999999999997,3.679846431979376,5.700536607810993e-13,2.371436807778613e-12,59.42963283730511,10.55554382957177,17.29498549813379,0,57,1,1,1,1,25.147196176788043,5.6659784711067395e-11,5.6659784711067395e-11,403.9999999999433,0,59.42963283730511,0.007131555940476614,0,0,0,0,5.6659784711067395e-11,0,0,0,17.38024477512993,17,22,0,0
2,2015-01-01 00:00:00,15:50:00,0,2,0,404,381.59999999999997,3.6740179451124915,1.30723135034325e-21,5.438113556254364e-21,59.55752175279932,10.554184537961467,17.20968395462102,0,57,1,1,1,1,24.88011418091545,2.1588255225866511e-19,2.1588255225866511e-19,404,0,59.55752175279932,0.007146902610335919,0,0,0,0,2.1588255225866511e-19,0,0,0,17.29498549813379,17,22,0,0
2,2015-01-01 00:00:00,15:51:00,0,2,0,404,381.59999999999997,3.684405733330163,1.7018858236838341e-65,7.0798855661945475e-65,59.68547406806847,10.552756409340052,17.124483880480653,0,57,1,1,1,1,24.619215193626523,8.584835953575869e-63,8.584835953575869e-63,404,0,59.68547406806847,0.0071622568881682174,0,0,0,0,8.584835953575869e-63,0,0,0,17.20968395462102,17,22,0,0
2,2015-01-01 00:00:00,15:52:00,0,2,0,404,381.59999999999997,3.6945435215478346,0,0,59.81327417927902,10.551259400932507,17.039449369389036,0,57,1,1,1,1,24.36429235984605,0,0,404,0,59.81327417927902,0.007177592901513484,0,0,0,0,0,0,0,0,17.124483880480653,17,22,0,0
2,2015-01-01 00:00:00,15:53:00,0,2,0,404,381.59999999999997,3.704681309765506,0,0,59.940825945916444,10.549693822908866,16.95464200727628,0,57,1,1,1,1,24.11514804044275,0,0,404,0,59.940825945916444,0.007192899113509974,0,0,0,0,0,0,0,0,17.039449369389036,17,22,0,0
2,2015-01-01 00:00:00,15:54:00,0,2,0,404,381.59999999999997,3.7148190979831774,0,0,60.06803698908558,10.548060045272218,16.87011876684238,0,57,1,1,1,1,23.8715934134643,0,0,404,0,60.06803698908558,0.00720816443869027,0,0,0,0,0,0,0,0,16.95464200727628,17,22,0,0
2,2015-01-01 00:00:00,15:55:00,0,2,0,404,381.59999999999997,3.725706886200849,0,0,60.19482184973643,10.54635936287669,16.78593555501143,0,57,1,1,1,1,23.633448017320696,0,0,404,0,60.19482184973643,0.0072233786219683726,0,0,0,0,0,0,0,0,16.87011876684238,17,22,0,0
2,2015-01-01 00:00:00,15:56:00,0,2,0,404,381.59999999999997,3.7363446744185205,0,0,60.321096667482855,10.54459196315129,16.702139769391458,0,57,1,1,1,1,23.40053943016732,0,0,404,0,60.321096667482855,0.007238531600097944,0,0,0,0,0,0,0,0,16.78593555501143,17,22,0,0
2,2015-01-01 00:00:00,15:57:00,0,2,0,193,170.59999999999997,3.7474824626361922,0,0,60.44679034591282,10.542758949361271,16.606424893086405,0,57,1,1,1,1,23.17270270701168,0,0,193,0,60.44679034591282,0.0072536148415095385,0,0,0,0,0,0,0,0,16.702139769391458,17,22,0,0
2,2015-01-01 00:00:00,15:58:00,0,2,0,193,170.59999999999997,3.749870250853864,0,0,60.59036266037039,10.540838607382184,16.51181405662167,0,57,1,1,1,1,22.949359924225107,0,0,193,0,60.59036266037039,0.007270843519244448,0,0,0,0,0,0,0,0,16.606424893086405,17,22,0,0
2,2015-01-01 00:00:00,15:59:00,0,2,0,193,170.59999999999997,3.7440080390715353,0,0,60.732278915067496,10.538822642331684,16.41807175682584,0,57,1,1,1,1,22.730395779068527,0,0,193,0,60.732278915067496,0.007287873469808101,0,0,0,0,0,0,0,0,16.51181405662167,17,22,0,0
2,2015-01-01 00:00:00,16:00:00,0,2,0,193,170.59999999999997,3.7381458272892067,0,0,60.87289236476124,10.536712112209736,16.32521837075862,0,57,1,1,1,1,22.51569088035279,0,0,193,0,60.87289236476124,0.0073047470837713496,0,0,0,0,0,0,0,0,16.41807175682584,17,22,0,0
2,2015-01-01 00:00:00,16:01:00,0,2,0,193,170.59999999999997,3.732283615506878,0,0,61.01217244386207,10.534508092767075,16.233268011264904,0,57,1,1,1,1,22.30513059091081,0,0,193,0,61.01217244386207,0.007321460693263449,0,0,0,0,0,0,0,0,16.32521837075862,17,22,0,0
2,2015-01-01 00:00:00,16:02:00,0,2,0,193,170.59999999999997,3.72742140372455,0,0,61.15009798310264,10.532212830884138,16.1422373422098,0,57,1,1,1,1,22.098604652827618,0,0,193,0,61.15009798310264,0.007338011757972318,0,0,0,0,0,0,0,0,16.233268011264904,17,22,0,0
2,2015-01-01 00:00:00,16:03:00,0,2,0,193,170.59999999999997,3.7230591919422213,0,0,61.2866439866853,10.529828005212892,16.0521389497324,0,57,1,1,1,1,21.896007125255583,0,0,193,0,61.2866439866853,0.0073543972784022365,0,0,0,0,0,0,0,0,16.1422373422098,17,22,0,0
2,2015-01-01 00:00:00,16:04:00,0,2,0,70,47.60000000000001,3.719446980159893,0,0,61.4217915754014,10.527355593066094,15.955783567530492,0,57,1,1,1,1,21.697236098877244,0,0,70,0,61.4217915754014,0.007370614989048169,0,0,0,0,0,0,0,0,16.0521389497324,17,22,0,0
2,2015-01-01 00:00:00,16:05:00,0,2,0,70,47.60000000000001,3.7158347683775643,0,0,61.56632464870426,10.524789635647009,15.860768114956521,0,57,1,1,1,1,21.50194859781103,0,0,70,0,61.56632464870426,0.007387958957844512,0,0,0,0,0,0,0,0,15.955783567530492,17,22,0,0
2,2015-01-01 00:00:00,16:06:00,0,2,0,70,47.60000000000001,3.712472556595236,0,0,61.70884782756522,10.522131939458903,15.766959911186007,0,57,1,1,1,1,21.310071710639107,0,0,70,0,61.70884782756522,0.007405061739307828,0,0,0,0,0,0,0,0,15.860768114956521,17,22,0,0
2,2015-01-01 00:00:00,16:07:00,0,2,0,70,47.60000000000001,3.708360344812908,0,0,61.84956013322099,10.51938301722955,15.674350302990794,0,57,1,1,1,1,21.121530492970635,0,0,70,0,61.84956013322099,0.007421947215986519,0,0,0,0,0,0,0,0,15.766959911186007,17,22,0,0
2,2015-01-01 00:00:00,16:08:00,0,2,0,70,47.60000000000001,3.7042481330305796,0,0,61.98847454551381,10.516544241766072,15.582931335358637,0,57,1,1,1,1,20.936252255216218,0,0,70,0,61.98847454551381,0.007438616945461658,0,0,0,0,0,0,0,0,15.674350302990794,17,22,0,0
2,2015-01-01 00:00:00,16:09:00,0,2,0,70,47.60000000000001,3.7001359212482514,0,0,62.125602996962044,10.513616975120769,15.492694517099196,0,57,1,1,1,1,20.75416650964283,0,0,70,0,62.125602996962044,0.0074550723596354465,0,0,0,0,0,0,0,0,15.582931335358637,17,22,0,0
2,2015-01-01 00:00:00,16:10:00,0,2,0,70,47.60000000000001,3.696023709465923,0,0,62.26095822435121,10.510602568087464,15.403630886673966,0,57,1,1,1,1,20.575204877243387,0,0,70,0,62.26095822435121,0.007471314986922145,0,0,0,0,0,0,0,0,15.492694517099196,17,22,0,0
2,2015-01-01 00:00:00,16:11:00,0,2,0,70,47.60000000000001,3.6906614976835947,0,0,62.39455366998905,10.50750091030051,15.315725663925432,0,57,1,1,1,1,20.399301000013136,0,0,70,0,62.39455366998905,0.007487346440398687,0,0,0,0,0,0,0,0,15.403630886673966,17,22,0,0
2,2015-01-01 00:00:00,16:12:00,0,2,0,70,47.60000000000001,3.6850492859012665,0,0,62.52641150411185,10.504313036682188,15.228968249763403,0,57,1,1,1,1,20.226390274295866,0,0,70,0,62.52641150411185,0.007503169380493423,0,0,0,0,0,0,0,0,15.315725663925432,17,22,0,0
2,2015-01-01 00:00:00,16:13:00,0,2,0,70,47.60000000000001,3.679687074118938,0,0,62.6565476253549,10.501040549311549,15.143349796877823,0,57,1,1,1,1,20.056409933325373,0,0,70,0,62.6565476253549,0.0075187857150425886,0,0,0,0,0,0,0,0,15.228968249763403,17,22,0,0
2,2015-01-01 00:00:00,16:14:00,0,2,0,70,47.60000000000001,3.6743248623366096,0,0,62.784975304683265,10.497684748252615,15.058859982569786,0,57,1,1,1,1,19.88929904433056,0,0,70,0,62.784975304683265,0.0075341970365619924,0,0,0,0,0,0,0,0,15.143349796877823,17,22,0,0
2,2015-01-01 00:00:00,16:15:00,0,2,0,70,47.60000000000001,3.6679626505542813,0,0,62.91171002614532,10.494245761074113,14.97548389773439,0,57,1,1,1,1,19.72499839597135,0,0,70,0,62.91171002614532,0.0075494052031374395,0,0,0,0,0,0,0,0,15.058859982569786,17,22,0,0
2,2015-01-01 00:00:00,16:16:00,0,2,0,70,47.60000000000001,3.661850438771953,0,0,21749.999999999996,10.490725149889004,14.8932119666822,0,57,1,1,1,1,23.23056903191569,0,0,70,21686.963225846597,63.03677415339841,2.61,0,0,0,0,0,0,0,0,14.97548389773439,17,22,0,0
2,2015-01-01 00:00:00,16:17:00,0,2,0,70,47.60000000000001,3.6544882269896246,0,0,21749.999999999996,10.48712272470225,14.855215239412226,0,57,1,1,1,1,26.614083338957222,0,0,70,21686.83981795002,63.1601820499767,2.61,0,0,0,0,0,0,0,0,14.8932119666822,17,22,0,0
2,2015-01-01 00:00:00,16:18:00,0,2,0,70,47.60000000000001,3.6471260152072964,0,0,21749.999999999996,10.483482153393163,14.857684203657627,0,57,1,1,1,1,29.881210082177383,0,0,70,21686.782822859113,63.21717714088166,2.61,0,0,0,0,0,0,0,0,14.855215239412226,17,22,0,0
2,2015-01-01 00:00:00,16:19:00,0,2,0,70,47.60000000000001,3.639763803424968,0,0,21749.999999999996,10.47984326812965,14.897775828841668,0,57,1,1,1,1,33.037294670027485,0,0,70,21686.786526305485,63.21347369451356,2.61,0,0,0,0,0,0,0,0,14.857684203657627,17,22,0,0
2,2015-01-01 00:00:00,16:20:00,0,2,0,70,47.60000000000001,3.63240159164264,0,0,21749.999999999996,10.47624302298309,14.97280306367677,0,57,1,1,1,1,36.0874032715187,0,0,70,21686.846663743258,63.1533362567375,2.61,0,0,0,0,0,0,0,0,14.897775828841668,17,22,0,0
2,2015-01-01 00:00:00,16:21:00,0,2,0,70,47.60000000000001,3.6250393798603118,0,0,21749.999999999996,10.472715653315277,15.0802385934421,0,57,1,1,1,1,39.036337659142774,0,0,70,21686.95920459551,63.04079540448485,2.61,0,0,0,0,0,0,0,0,14.97280306367677,17,22,0,0
2,2015-01-01 00:00:00,16:22:00,0,2,0,70,47.60000000000001,3.6176771680779836,0,0,21749.999999999996,10.469292838514855,15.217705556631225,0,57,1,1,1,1,41.88864967568301,0,0,70,21687.12035789016,62.87964210983685,2.61,0,0,0,0,0,0,0,0,15.0802385934421,17,22,0,0
2,2015-01-01 00:00:00,16:23:00,0,2,0,70,47.60000000000001,3.6103149562956554,0,0,21749.999999999996,10.466003855265901,15.382968996550812,0,57,1,1,1,1,44.64865489084199,0,0,70,21687.326558334942,62.67344166505316,2.61,0,0,0,0,0,0,0,0,15.217705556631225,17,22,0,0
2,2015-01-01 00:00:00,16:24:00,0,2,0,70,47.60000000000001,3.602952744513327,0,0,21749.999999999996,10.462875722090924,15.573927789057672,0,57,1,1,1,1,47.32044550042792,0,0,70,21687.57445349482,62.425546505173784,2.61,0,0,0,0,0,0,0,0,15.382968996550812,17,22,0,0
2,2015-01-01 00:00:00,16:25:00,0,2,0,70,47.60000000000001,3.596590532730999,0,0,21749.999999999996,10.459934495225125,15.788611335141479,0,57,1,1,1,1,49.907902510179014,0,0,70,21687.860891683584,62.13910831641349,2.61,0,0,0,0,0,0,0,0,15.573927789057672,17,22,0,0
2,2015-01-01 00:00:00,16:26:00,0,2,0,70,47.60000000000001,3.5902283209486705,0,0,21749.999999999996,10.457203079754732,16.025163538782877,0,57,1,1,1,1,52.41470739183591,0,0,70,21688.18291700271,61.817082997287784,2.61,0,0,0,0,0,0,0,0,15.788611335141479,17,22,0,0
2,2015-01-01 00:00:00,16:27:00,0,2,0,70,47.60000000000001,3.5861161091663423,0,0,21749.999999999996,10.454705117449544,16.28185032203687,0,57,1,1,1,1,54.844352793714435,0,0,70,21688.53774530817,61.462254691825684,2.61,0,0,0,0,0,0,0,0,16.025163538782877,17,22,0,0
2,2015-01-01 00:00:00,16:28:00,0,2,0,70,47.60000000000001,3.583003897384014,0,0,8738.520521670875,10.452461046549875,16.557037584039044,0,57,1,1,1,1,55,0,0,70,8677.44329715393,61.077224516944696,1.0486224626005052,0,0,0,0,0,0,0,0,16.28185032203687,17,22,0,0
2,2015-01-01 00:00:00,16:29:00,0,2,0,70,47.60000000000001,3.5798916856016856,0,0,60.66444362394144,10.450488496730783,16.82327559151661,0,57,1,1,1,1,53.69241624435507,0,0,70,0,60.66444362394144,0.0072797332348729735,0,0,0,0,0,0,0,0,16.557037584039044,17,22,0,0
2,2015-01-01 00:00:00,16:30:00,0,2,0,70,47.60000000000001,3.5765294738193574,0,0,60.265086612725085,10.448777805452874,17.06411655859249,0,57,1,1,1,1,52.4383638411973,0,0,70,0,60.265086612725085,0.007231810393527011,0,0,0,0,0,0,0,0,16.82327559151661,17,22,0,0
2,2015-01-01 00:00:00,16:31:00,0,2,0,70,47.60000000000001,3.572417262037029,0,0,59.90382516211126,10.447302594015408,17.28141945884244,0,57,1,1,1,1,51.23515815131278,0,0,70,0,59.90382516211126,0.0071884590194533525,0,0,0,0,0,0,0,0,17.06411655859249,17,22,0,0
2,2015-01-01 00:00:00,16:32:00,0,2,0,70,47.60000000000001,3.5685550502547008,0,0,59.57787081173634,10.446039525904848,17.476650980290383,0,57,1,1,1,1,50.08026908014032,0,0,70,0,59.57787081173634,0.007149344497408361,0,0,0,0,0,0,0,0,17.28141945884244,17,22,0,0
2,2015-01-01 00:00:00,16:33:00,0,2,0,70,47.60000000000001,3.5646928384723724,0,0,59.28502352956443,10.44496646546382,17.651197177004526,0,57,1,1,1,1,48.971302478104604,0,0,70,0,59.28502352956443,0.007114202823547732,0,0,0,0,0,0,0,0,17.476650980290383,17,22,0,0
2,2015-01-01 00:00:00,16:34:00,0,2,0,70,47.60000000000001,3.560580626690044,0,0,59.02320423449321,10.444062396110251,17.806363145329705,0,57,1,1,1,1,47.90599277398555,0,0,70,0,59.02320423449321,0.007082784508139186,0,0,0,0,0,0,0,0,17.651197177004526,17,22,0,0
2,2015-01-01 00:00:00,16:35:00,0,2,0,70,47.60000000000001,3.5559684149077158,0,0,58.79045528200544,10.443307338413625,17.943377634011696,0,57,1,1,1,1,46.8821958478408,0,0,70,0,58.79045528200544,0.007054854633840654,0,0,0,0,0,0,0,0,17.806363145329705,17,22,0,0
2,2015-01-01 00:00:00,16:36:00,0,2,0,70,47.60000000000001,3.5538562031253873,0,0,58.584933548982455,10.442686041479314,18.063411327767096,0,57,1,1,1,1,45.897882303152734,0,0,70,0,58.584933548982455,0.0070301920258778955,0,0,0,0,0,0,0,0,17.943377634011696,17,22,0,0
2,2015-01-01 00:00:00,16:37:00,0,2,0,70,47.60000000000001,3.551743991343059,0,0,58.40488300834936,10.442181538145325,18.167556492288178,0,57,1,1,1,1,44.95113158970425,0,0,70,0,58.40488300834936,0.007008585961001924,0,0,0,0,0,0,0,0,18.063411327767096,17,22,0,0
2,2015-01-01 00:00:00,16:38:00,0,2,0,70,47.60000000000001,3.5486317795607305,0,0,21749.999999999996,10.441776810981066,18.256837983534194,0,57,1,1,1,1,47.708054018956496,0,0,70,21691.75133473843,58.24866526156774,2.61,0,0,0,0,0,0,0,0,18.167556492288178,17,22,0,0
2,2015-01-01 00:00:00,16:39:00,0,2,0,70,47.60000000000001,3.5452695677784023,0,0,21749.999999999996,10.441456755425035,18.375421372324233,0,57,1,1,1,1,50.37426300722614,0,0,70,21691.885256975296,58.11474302469871,2.61,0,0,0,0,0,0,0,0,18.256837983534194,17,22,0,0
2,2015-01-01 00:00:00,16:40:00,0,2,0,70,47.60000000000001,3.541657355996074,0,0,21749.999999999996,10.441249684215183,18.520419966943738,0,57,1,1,1,1,52.953848141013765,0,0,70,21692.063132058483,57.936867941513654,2.61,0,0,0,0,0,0,0,0,18.375421372324233,17,22,0,0
2,2015-01-01 00:00:00,16:41:00,0,2,0,70,47.60000000000001,3.5342951442137456,0,0,19084.837263875448,10.441176955280346,18.68984573375238,0,57,1,1,1,1,55,0,0,70,19027.117893825864,57.71937004958439,2.290180471665054,0,0,0,0,0,0,0,0,18.520419966943738,17,22,0,0
2,2015-01-01 00:00:00,16:42:00,0,2,0,70,47.60000000000001,3.5269329324314174,0,0,57.465231399371426,10.441262276296825,18.876526088143336,0,57,1,1,1,1,53.76496073924328,0,0,70,0,57.465231399371426,0.006895827767924572,0,0,0,0,0,0,0,0,18.68984573375238,17,22,0,0
2,2015-01-01 00:00:00,16:43:00,0,2,0,70,47.60000000000001,3.519570720649089,0,0,57.185210867784996,10.441522258351945,19.041283694658347,0,57,1,1,1,1,52.57827928852559,0,0,70,0,57.185210867784996,0.0068622253041342,0,0,0,0,0,0,0,0,18.876526088143336,17,22,0,0
2,2015-01-01 00:00:00,16:44:00,0,2,0,70,47.60000000000001,3.512208508866761,0,0,56.93807445801248,10.44193499207536,19.18615137110704,0,57,1,1,1,1,51.43756515267977,0,0,70,0,56.93807445801248,0.006832568934961499,0,0,0,0,0,0,0,0,19.041283694658347,17,22,0,0
2,2015-01-01 00:00:00,16:45:00,0,2,0,70,47.60000000000001,3.5048462970844327,0,0,56.72077294333944,10.442480611912186,19.312394498147174,0,57,1,1,1,1,50.34057828936097,0,0,70,0,56.72077294333944,0.0068064927532007335,0,0,0,0,0,0,0,0,19.18615137110704,17,22,0,0
2,2015-01-01 00:00:00,16:46:00,0,2,0,70,47.60000000000001,3.4974840853021045,0,0,56.53140825277924,10.443140537872615,19.421216041172197,0,57,1,1,1,1,49.28519788829927,0,0,70,0,56.53140825277924,0.0067837689903335096,0,0,0,0,0,0,0,0,19.312394498147174,17,22,0,0
2,2015-01-01 00:00:00,16:47:00,0,2,0,70,47.60000000000001,3.4901218735197763,0,0,56.368175938241706,10.443897411466288,19.51374902417831,0,57,1,1,1,1,48.26941619281876,0,0,70,0,56.368175938241706,0.006764181112589005,0,0,0,0,0,0,0,0,19.421216041172197,17,22,0,0
2,2015-01-01 00:00:00,16:48:00,0,2,0,70,47.60000000000001,3.482759661737448,0,0,56.229376463732535,10.444735024380789,19.591060657685382,0,57,1,1,1,1,47.291332275518066,0,0,70,0,56.229376463732535,0.006747525175647905,0,0,0,0,0,0,0,0,19.51374902417831,17,22,0,0
2,2015-01-01 00:00:00,16:49:00,0,2,0,70,47.60000000000001,3.47539744995512,0,0,56.11340901347192,10.445638251367846,19.654156048298294,0,57,1,1,1,1,46.349146166067975,0,0,70,0,56.11340901347192,0.006733609081616632,0,0,0,0,0,0,0,0,19.591060657685382,17,22,0,0
2,2015-01-01 00:00:00,16:50:00,0,2,0,70,47.60000000000001,3.4680352381727917,0,0,56.01876592755256,10.446592986917302,19.70398170386942,0,57,1,1,1,1,45.44115330491935,0,0,70,0,56.01876592755256,0.006722251911306308,0,0,0,0,0,0,0,0,19.654156048298294,17,22,0,0
2,2015-01-01 00:00:00,16:51:00,0,2,0,70,47.60000000000001,3.4606730263904635,0,0,55.94402744419587,10.44758608550991,19.741428842488453,0,57,1,1,1,1,44.565739304883635,0,0,70,0,55.94402744419587,0.006713283293303505,0,0,0,0,0,0,0,0,19.70398170386942,17,22,0,0
2,2015-01-01 00:00:00,16:52:00,0,2,0,70,47.60000000000001,3.4533108146081353,0,0,55.887856736267324,10.448605305248616,19.767336516301206,0,57,1,1,1,1,43.72137500344162,0,0,70,0,55.887856736267324,0.00670654280835208,0,0,0,0,0,0,0,0,19.741428842488453,17,22,0,0
2,2015-01-01 00:00:00,16:53:00,0,2,0,70,47.60000000000001,3.445948602825807,0,0,55.848995225548194,10.449639254679182,19.782494560491504,0,57,1,1,1,1,42.906611789593306,0,0,70,0,55.848995225548194,0.006701879427065784,0,0,0,0,0,0,0,0,19.767336516301206,17,22,0,0
2,2015-01-01 00:00:00,16:54:00,0,2,0,70,47.60000000000001,3.438586391043479,0,0,55.82625815926274,10.45067734262157,19.78764637718489,0,57,1,1,1,1,42.12007718996399,0,0,70,0,55.82625815926274,0.00669915097911153,0,0,0,0,0,0,0,0,19.782494560491504,17,22,0,0
2,2015-01-01 00:00:00,16:55:00,0,2,0,70,47.60000000000001,3.4312241792611506,0,0,55.818530434222666,10.451709730843483,19.78349156348849,0,57,1,1,1,1,41.36047069973341,0,0,70,0,55.818530434222666,0.006698223652106721,0,0,0,0,0,0,0,0,19.78764637718489,17,22,0,0
2,2015-01-01 00:00:00,16:56:00,0,2,0,70,47.60000000000001,3.4238619674788224,0,0,55.82476265476727,10.452727289416854,19.77068839236764,0,57,1,1,1,1,40.62655984475909,0,0,70,0,55.82476265476727,0.006698971518572073,0,0,0,0,0,0,0,0,19.78349156348849,17,22,0,0
2,2015-01-01 00:00:00,16:57:00,0,2,0,70,47.60000000000001,3.4164997556964942,0,0,55.843967411448546,10.453721554607009,19.74985615457443,0,57,1,1,1,1,39.91717646202469,0,0,70,0,55.843967411448546,0.006701276089373826,0,0,0,0,0,0,0,0,19.77068839236764,17,22,0,0
2,2015-01-01 00:00:00,16:58:00,0,2,0,70,47.60000000000001,3.409387543914166,0,0,55.875215768138354,10.454684979045139,19.72157844730908,0,57,1,1,1,1,39.23121318626108,0,0,70,0,55.875215768138354,0.006705025892176603,0,0,0,0,0,0,0,0,19.74985615457443,17,22,0,0
2,2015-01-01 00:00:00,16:59:00,0,2,0,70,47.60000000000001,3.4022753321318375,0,0,55.91763232903638,10.455610314917658,19.686403053395452,0,57,1,1,1,1,38.56762016792938,0,0,70,0,55.91763232903638,0.006710115879484366,0,0,0,0,0,0,0,0,19.72157844730908,17,22,0,0
2,2015-01-01 00:00:00,17:00:00,0,2,0,70,47.60000000000001,3.3949131203495093,0,0,55.97039541990682,10.456490578143223,19.64484398359816,0,57,1,1,1,1,37.92540189872754,0,0,70,0,55.97039541990682,0.0067164474503888195,0,0,0,0,0,0,0,0,19.686403053395452,17,22,0,0
2,2015-01-01 00:00:00,17:01:00,0,2,0,70,47.60000000000001,3.387550908567181,0,0,56.03273402460276,10.457319594417928,19.59738552452963,0,57,1,1,1,1,37.30361421453947,0,0,70,0,56.03273402460276,0.006723928082952332,0,0,0,0,0,0,0,0,19.64484398359816,17,22,0,0
2,2015-01-01 00:00:00,17:02:00,0,2,0,70,47.60000000000001,3.380188696784853,0,0,56.10392171320555,10.458091678389462,19.54448284381036,0,57,1,1,1,1,36.70136153800853,0,0,70,0,56.10392171320555,0.0067324706055846666,0,0,0,0,0,0,0,0,19.59738552452963,17,22,0,0
2,2015-01-01 00:00:00,17:03:00,0,2,0,70,47.60000000000001,3.3728264850025247,0,0,56.18327573428446,10.458801604005501,19.486563666084432,0,57,1,1,1,1,36.11779423548478,0,0,70,0,56.18327573428446,0.006741993088114136,0,0,0,0,0,0,0,0,19.54448284381036,17,22,0,0
2,2015-01-01 00:00:00,17:04:00,0,2,0,70,47.60000000000001,3.3654642732201965,0,0,56.27015450087335,10.45944457657202,19.424029836585863,0,57,1,1,1,1,35.55210612087932,0,0,70,0,56.27015450087335,0.006752418540104803,0,0,0,0,0,0,0,0,19.486563666084432,17,22,0,0
2,2015-01-01 00:00:00,17:05:00,0,2,0,70,47.60000000000001,3.3581020614378683,0,0,56.363955245121204,10.460016206407369,19.357258797285343,0,57,1,1,1,1,35.00353209760404,0,0,70,0,56.363955245121204,0.0067636746294145456,0,0,0,0,0,0,0,0,19.424029836585863,17,22,0,0
2,2015-01-01 00:00:00,17:06:00,0,2,0,281,258.59999999999997,3.35073984965554,0,0,56.46411180407198,10.460512484002846,19.29895844333533,0,57,1,1,1,1,34.47134593092653,0,0,281,0,56.46411180407198,0.006775693416488639,0,0,0,0,0,0,0,0,19.357258797285343,17,22,0,0
2,2015-01-01 00:00:00,17:07:00,0,2,0,281,258.59999999999997,3.343377637873212,0,0,56.551562334997,10.460941891721582,19.236441754892468,0,57,1,1,1,1,33.95527832930778,0,0,281,0,56.551562334997,0.006786187480199641,0,0,0,0,0,0,0,0,19.29895844333533,17,22,0,0
2,2015-01-01 00:00:00,17:08:00,0,2,0,281,258.59999999999997,3.3430154260908833,0,0,56.6453373676613,10.461308547973967,19.170290736315035,0,57,1,1,1,1,33.45463762949774,0,0,281,0,56.6453373676613,0.006797440484119357,0,0,0,0,0,0,0,0,19.236441754892468,17,22,0,0
2,2015-01-01 00:00:00,17:09:00,0,2,0,281,258.59999999999997,3.342153214308555,0,0,56.74456389552745,10.461608437288293,19.100811860221683,0,57,1,1,1,1,32.968775490273835,0,0,281,0,56.74456389552745,0.006809347667463295,0,0,0,0,0,0,0,0,19.170290736315035,17,22,0,0
2,2015-01-01 00:00:00,17:10:00,0,2,0,281,258.59999999999997,3.3410410025262265,0,0,56.848782209667476,10.461838143741911,19.028297771379457,0,57,1,1,1,1,32.497076047074785,0,0,281,0,56.848782209667476,0.006821853865160098,0,0,0,0,0,0,0,0,19.100811860221683,17,22,0,0
2,2015-01-01 00:00:00,17:11:00,0,2,0,281,258.59999999999997,3.337928790743898,0,0,56.957553342930815,10.461992516952728,18.953015379721485,0,57,1,1,1,1,32.038954337017124,0,0,281,0,56.957553342930815,0.006834906401151699,0,0,0,0,0,0,0,0,19.028297771379457,17,22,0,0
2,2015-01-01 00:00:00,17:12:00,0,2,0,281,258.59999999999997,3.33481657896157,0,0,57.07047693041777,10.462068998903446,18.875223521453783,0,57,1,1,1,1,31.593854372483257,0,0,281,0,57.07047693041777,0.006848457231650133,0,0,0,0,0,0,0,0,18.953015379721485,17,22,0,0
2,2015-01-01 00:00:00,17:13:00,0,2,0,281,258.59999999999997,3.3317043671792415,0,0,57.18716471781933,10.462065291317064,18.79516475533435,0,57,1,1,1,1,31.16124788095164,0,0,281,0,57.18716471781933,0.00686245976613832,0,0,0,0,0,0,0,0,18.875223521453783,17,22,0,0
2,2015-01-01 00:00:00,17:14:00,0,2,0,281,258.59999999999997,3.328592155396913,0,0,57.307252866998475,10.461979339110798,18.713066442985937,0,57,1,1,1,1,30.740632808651736,0,0,281,0,57.307252866998475,0.006876870344039818,0,0,0,0,0,0,0,0,18.79516475533435,17,22,0,0
2,2015-01-01 00:00:00,17:15:00,0,2,0,281,258.59999999999997,3.3254799436145848,0,0,57.43040033552109,10.461809314946654,18.629141621212458,0,57,1,1,1,1,30.33153191186038,0,0,281,0,57.43040033552109,0.006891648040262532,0,0,0,0,0,0,0,0,18.713066442985937,17,22,0,0
2,2015-01-01 00:00:00,17:16:00,0,2,0,281,258.59999999999997,3.3221177318322566,0,0,57.55628756818131,10.461553314779387,18.543588749766332,0,57,1,1,1,1,29.93349142578392,0,0,281,0,57.55628756818131,0.006906754508181758,0,0,0,0,0,0,0,0,18.629141621212458,17,22,0,0
2,2015-01-01 00:00:00,17:17:00,0,2,0,281,258.59999999999997,3.318505520049928,0,0,57.6846168753505,10.461209633594006,18.456593620293578,0,57,1,1,1,1,29.546079770137062,0,0,281,0,57.6846168753505,0.006922154025042061,0,0,0,0,0,0,0,0,18.543588749766332,17,22,0,0
2,2015-01-01 00:00:00,17:18:00,0,2,0,281,258.59999999999997,3.3148933082675995,0,0,57.81510956955963,10.460777042427884,18.368331149006845,0,57,1,1,1,1,29.1688863636798,0,0,281,0,57.81510956955963,0.006937813148347157,0,0,0,0,0,0,0,0,18.456593620293578,17,22,0,0
2,2015-01-01 00:00:00,17:19:00,0,2,0,281,258.59999999999997,3.311281096485271,0,0,57.94750327648973,10.460254486775286,18.27896493952858,0,57,1,1,1,1,28.801520540051467,0,0,281,0,57.94750327648973,0.006953700393178769,0,0,0,0,0,0,0,0,18.368331149006845,17,22,0,0
2,2015-01-01 00:00:00,17:20:00,1,2,0,433,557.5999999999999,3.3081688847029427,0,0,58.081552590707126,10.459641654886278,18.206155730954823,0,57,1,1,1,1,28.443610485611913,0,0,433,0,58.081552590707126,0.006969786310884856,0,0,0,0,0,0,0,0,18.27896493952858,17,22,0,0
2,2015-01-01 00:00:00,17:21:00,1,2,0,556,680.6000000000001,3.305556672920614,0,0,58.190766403567764,10.45895558426528,18.138800029342992,0,57,1,1,1,1,28.09539773885487,0,0,556,0,58.190766403567764,0.006982891968428133,0,0,0,0,0,0,0,0,18.206155730954823,17,22,0,0
2,2015-01-01 00:00:00,17:22:00,1,2,0,556,680.6000000000001,3.3041944611382856,0,0,58.29179995598551,10.458203238361623,18.069786289304574,0,57,1,1,1,1,27.75673795281705,0,0,556,0,58.29179995598551,0.006995015994718262,0,0,0,0,0,0,0,0,18.138800029342992,17,22,0,0
2,2015-01-01 00:00:00,17:23:00,1,2,0,556,680.6000000000001,3.3050822493559573,0,0,58.39532056604314,10.457385739430851,17.999412286759423,0,57,1,1,1,1,27.4272498009969,0,0,556,0,58.39532056604314,0.007007438467925177,0,0,0,0,0,0,0,0,18.069786289304574,17,22,0,0
2,2015-01-01 00:00:00,17:24:00,1,2,0,556,680.6000000000001,3.302970037573629,0,0,11705.10088156986,10.456498412092643,17.92781842627043,3.54,57,1,1,1,1,27.106575055614673,0,0,556,0,11705.10088156986,1.4046121057883834,0,0,0,0,0,0,0,0,17.999412286759423,17,22,0,0
2,2015-01-01 00:00:00,17:25:00,1,2,0,556,680.6000000000001,3.3008578257913004,0,0,4862.008272360596,10.455540207615119,17.85515093649398,1.4600000000000004,57,1,1,1,1,26.794372449174393,0,0,556,0,4862.008272360596,0.5834409926832715,0,0,0,0,0,0,0,0,17.92781842627043,17,22,0,0
2,2015-01-01 00:00:00,17:26:00,1,2,0,556,680.6000000000001,3.295995614008972,0,0,58.71727359525903,10.454507034338016,17.781534514943665,0,57,1,1,1,1,26.490317295681862,0,0,556,0,58.71727359525903,0.007046072831431084,0,0,0,0,0,0,0,0,17.85515093649398,17,22,0,0
2,2015-01-01 00:00:00,17:27:00,1,2,40,556,720.6000000000001,3.291133402226644,0,0,6638.827698227585,10.453398120677209,17.70943931514067,2,57,1,1,1,1,26.194100194296208,0,0,596,0,6638.827698227585,0.7966593237873103,0,0,0,0,0,0,0,0,17.781534514943665,17,22,0,0
2,2015-01-01 00:00:00,17:28:00,1,2,140,345,609.5999999999999,3.2895211904443156,0,0,58.935841027288994,10.452218891798887,17.63003209719142,0,57,1,1,1,1,25.905506286841938,0,0,485,0,58.935841027288994,0.00707230092327468,0,0,0,0,0,0,0,0,17.70943931514067,17,22,0,0
2,2015-01-01 00:00:00,17:29:00,1,2,140,345,609.5999999999999,3.2879089786619873,0,0,59.05495185421287,10.450962315532228,17.550318663997547,0,57,1,1,1,1,25.624027572908247,0,0,485,0,59.05495185421287,0.007086594222505545,0,0,0,0,0,0,0,0,17.63003209719142,17,22,0,0
2,2015-01-01 00:00:00,17:30:00,1,2,140,345,609.5999999999999,3.285546766879659,0,0,59.17452200400368,10.44962738706651,17.470276987420856,0,57,1,1,1,1,25.34941162362557,0,0,485,0,59.17452200400368,0.007100942640480442,0,0,0,0,0,0,0,0,17.550318663997547,17,22,0,0
2,2015-01-01 00:00:00,17:31:00,1,2,140,345,609.5999999999999,3.2806845550973307,0,0,59.29458451886872,10.448211052856132,17.389988196816912,0,57,1,1,1,1,25.081413846883915,0,0,485,0,59.29458451886872,0.007115350142264247,0,0,0,0,0,0,0,0,17.470276987420856,17,22,0,0
2,2015-01-01 00:00:00,17:32:00,1,2,140,345,609.5999999999999,3.2793223433150023,0,0,59.415017704774634,10.446717303013964,17.309551615365283,0,57,1,1,1,1,24.8198007295347,0,0,485,0,59.415017704774634,0.007129802124572957,0,0,0,0,0,0,0,0,17.389988196816912,17,22,0,0
2,2015-01-01 00:00:00,17:33:00,1,2,140,345,609.5999999999999,3.277960131532674,0,0,59.535672576952074,10.445146158177545,17.229044757646342,0,57,0,1,1,1,24.56435007939288,0,0,485,0,59.535672576952074,0.00714428070923425,0,0,0,0,0,0,0,0,17.309551615365283,17,22,0,0
2,2015-01-01 00:00:00,17:34:00,1,2,140,345,609.5999999999999,3.2753479197503452,0,0,59.65643286353048,10.443496265621667,17.14853454659166,0,57,0,1,1,1,24.314849898381095,0,0,485,0,59.65643286353048,0.007158771943623659,0,0,0,0,0,0,0,0,17.229044757646342,17,22,0,0
2,2015-01-01 00:00:00,17:35:00,1,2,240,345,709.5999999999999,3.2727357079680166,0,0,59.777198180112514,10.441767790721649,17.073943125880586,0,57,0,1,1,1,24.071097675531114,0,0,585,0,59.777198180112514,0.007173263781613502,0,0,0,0,0,0,0,0,17.14853454659166,17,22,0,0
2,2015-01-01 00:00:00,17:36:00,1,2,240,345,709.5999999999999,3.2653734961856884,0,0,59.88908531117912,10.439961208009116,16.99914199276609,0,57,0,1,1,1,23.833099221461367,0,0,585,0,59.88908531117912,0.007186690237341495,0,0,0,0,0,0,0,0,17.073943125880586,17,22,0,0
2,2015-01-01 00:00:00,17:37:00,1,2,240,345,709.5999999999999,3.25801128440336,0,0,60.00128701085086,10.438076478777093,16.924303577804363,0,57,0,1,1,1,23.600651696675815,0,0,585,0,60.00128701085086,0.007200154441302104,0,0,0,0,0,0,0,0,16.99914199276609,17,22,0,0
2,2015-01-01 00:00:00,17:38:00,1,2,240,345,709.5999999999999,3.250649072621032,0,0,60.11354463329346,10.436113733784365,16.849490201180537,0,57,0,1,1,1,23.373565025965902,0,0,585,0,60.11354463329346,0.0072136253559952155,0,0,0,0,0,0,0,0,16.924303577804363,17,22,0,0
2,2015-01-01 00:00:00,17:39:00,1,2,240,222,586.5999999999999,3.2440368608387034,0,0,60.2257646982292,10.434074034406164,16.767563281136784,0,57,0,1,1,1,23.151657719000415,0,0,462,0,60.2257646982292,0.007227091763787504,0,0,0,0,0,0,0,0,16.849490201180537,17,22,0,0
2,2015-01-01 00:00:00,17:40:00,1,2,240,222,586.5999999999999,3.236674649056375,0,0,60.348655078294826,10.431949687980929,16.686164295693143,0,57,0,1,1,1,22.934511649685327,0,0,462,0,60.348655078294826,0.00724183860939538,0,0,0,0,0,0,0,0,16.767563281136784,17,22,0,0
2,2015-01-01 00:00:00,17:41:00,1,2,300,222,646.5999999999999,3.229312437274047,0,0,60.47075355646029,10.429741394417178,16.608717599658224,0,57,0,1,1,1,22.721982828120968,0,0,522,0,60.47075355646029,0.007256490426775236,0,0,0,0,0,0,0,0,16.686164295693143,17,22,0,0
2,2015-01-01 00:00:00,17:42:00,1,2,300,222,646.5999999999999,3.2229502254917186,0,0,60.58692360051266,10.427454375524295,16.531562535537105,0,57,0,1,1,1,22.514048636676655,0,0,522,0,60.58692360051266,0.00727043083206152,0,0,0,0,0,0,0,0,16.608717599658224,17,22,0,0
2,2015-01-01 00:00:00,17:43:00,1,2,300,222,646.5999999999999,3.2165880137093903,0,0,60.70265619669434,10.425089086401048,16.454799248001027,0,57,0,1,1,1,22.31056271486919,0,0,522,0,60.70265619669434,0.007284318743603322,0,0,0,0,0,0,0,0,16.531562535537105,17,22,0,0
2,2015-01-01 00:00:00,17:44:00,1,2,300,222,646.5999999999999,3.2099758019270617,0,0,60.81780112799846,10.422645789653437,16.378460900382183,0,57,0,1,1,1,22.111387086744422,0,0,522,0,60.81780112799846,0.007298136135359816,0,0,0,0,0,0,0,0,16.454799248001027,17,22,0,0
2,2015-01-01 00:00:00,17:45:00,1,2,300,222,646.5999999999999,3.2181135901447333,0,0,60.93230864942672,10.420142173458897,16.30264353178096,0,57,0,1,1,1,21.916389597412373,0,0,522,0,60.93230864942672,0.007311877037931207,0,0,0,0,0,0,0,0,16.378460900382183,17,22,0,0
2,2015-01-01 00:00:00,17:46:00,1,2,300,222,646.5999999999999,3.226001378362405,0,0,61.04603470232856,10.417578588893512,16.227372685963186,0,57,0,1,1,1,21.725445853683414,0,0,522,0,61.04603470232856,0.0073255241642794285,0,0,0,0,0,0,0,0,16.30264353178096,17,22,0,0
2,2015-01-01 00:00:00,17:47:00,1,2,300,222,646.5999999999999,3.2343891665800766,0,0,61.15894097105522,10.41495628105152,16.152675847726364,0,57,0,1,1,1,21.53843656226436,0,0,522,0,61.15894097105522,0.0073390729165266275,0,0,0,0,0,0,0,0,16.227372685963186,17,22,0,0
2,2015-01-01 00:00:00,17:48:00,1,2,200,222,546.5999999999999,3.242026954797748,0,0,61.27098622841045,10.412275069896237,16.072717940290932,0,57,0,1,1,1,21.355247422314086,0,0,422,0,61.27098622841045,0.007352518347409255,0,0,0,0,0,0,0,0,16.152675847726364,17,22,0,0
2,2015-01-01 00:00:00,17:49:00,1,2,200,222,546.5999999999999,3.2501647430154197,0,0,61.3909230895636,10.409530493297508,15.993692531093439,0,57,0,1,1,1,21.175569548775883,0,0,422,0,61.3909230895636,0.007366910770747633,0,0,0,0,0,0,0,0,16.072717940290932,17,22,0,0
2,2015-01-01 00:00:00,17:50:00,1,2,200,222,546.5999999999999,3.2583025312330913,0,0,61.50946120335984,10.40672360299388,15.915504812082148,0,57,0,1,1,1,20.999315228446548,0,0,422,0,61.50946120335984,0.007381135344403182,0,0,0,0,0,0,0,0,15.993692531093439,17,22,0,0
2,2015-01-01 00:00:00,17:51:00,1,2,160,222,506.59999999999997,3.266440319450763,0,0,61.62674278187678,10.403855355338862,15.835821655260336,0,57,0,1,1,1,20.8263965068015,0,0,382,0,61.62674278187678,0.007395209133825215,0,0,0,0,0,0,0,0,15.915504812082148,17,22,0,0
2,2015-01-01 00:00:00,17:52:00,1,2,160,222,506.59999999999997,3.2745781076684346,0,0,61.746267517109494,10.40092441274745,15.757117011583372,0,57,0,1,1,1,20.65664906287153,0,0,382,0,61.746267517109494,0.00740955210205314,0,0,0,0,0,0,0,0,15.835821655260336,17,22,0,0
2,2015-01-01 00:00:00,17:53:00,1,2,160,253,537.5999999999999,3.2827158958861062,0,0,61.864324482624944,10.397931870723632,15.681165039504782,0,57,0,1,1,1,20.489998312827716,0,0,413,0,61.864324482624944,0.007423718937914994,0,0,0,0,0,0,0,0,15.757117011583372,17,22,0,0
2,2015-01-01 00:00:00,17:54:00,1,2,160,253,537.5999999999999,3.290603684103778,0,0,61.97825244074283,10.394880275332639,15.60605207710391,0,57,0,1,1,1,20.326432555231698,0,0,413,0,61.97825244074283,0.00743739029288914,0,0,0,0,0,0,0,0,15.681165039504782,17,22,0,0
2,2015-01-01 00:00:00,17:55:00,1,2,160,253,537.5999999999999,3.29849147232145,0,0,62.090921884344134,10.391770577240846,15.531812128525877,0,57,0,1,1,1,20.165875396111705,0,0,413,0,62.090921884344134,0.007450910626121297,0,0,0,0,0,0,0,0,15.60605207710391,17,22,0,0
2,2015-01-01 00:00:00,17:56:00,1,2,160,253,537.5999999999999,3.3061292605391213,0,0,62.202281807211186,10.388603468588915,15.45844467449176,0,57,0,1,1,1,20.008254196533954,0,0,413,0,62.202281807211186,0.007464273816865343,0,0,0,0,0,0,0,0,15.531812128525877,17,22,0,0
2,2015-01-01 00:00:00,17:57:00,1,2,160,253,537.5999999999999,3.313267048756793,0,0,62.31233298826236,10.385379349632295,15.385947851449757,0,57,0,1,1,1,19.853498770614152,0,0,413,0,62.31233298826236,0.007477479958591484,0,0,0,0,0,0,0,0,15.45844467449176,17,22,0,0
2,2015-01-01 00:00:00,17:58:00,1,2,160,253,537.5999999999999,3.3081548369744644,0,0,62.421078222825365,10.382084992985744,15.314268407714595,0,57,0,1,1,1,19.701541256356858,0,0,413,0,62.421078222825365,0.0074905293867390445,0,0,0,0,0,0,0,0,15.385947851449757,17,22,0,0
2,2015-01-01 00:00:00,17:59:00,1,2,160,253,537.5999999999999,3.303542625192136,0,0,62.52859738842811,10.378721931808458,15.243409821717023,0,57,0,1,1,1,19.552314288715966,0,0,413,0,62.52859738842811,0.007503431686611374,0,0,0,0,0,0,0,0,15.314268407714595,17,22,0,0
2,2015-01-01 00:00:00,18:00:00,2,2,160,253,684.5999999999999,3.2986804134098078,0,0,62.634885267424465,10.375290829714878,15.181976976375822,0,57,0,1,1,1,19.40575291228743,0,0,413,0,62.634885267424465,0.007516186232090937,0,0,0,0,0,0,0,0,15.243409821717023,17,22,0,0
2,2015-01-01 00:00:00,18:01:00,2,2,160,241,672.5999999999999,3.2943182016274792,0,0,62.72703453543627,10.371801671368027,15.120197733568908,0,57,0,1,1,1,19.262087064127172,0,0,401,0,62.72703453543627,0.007527244144252353,0,0,0,0,0,0,0,0,15.181976976375822,17,22,0,0
2,2015-01-01 00:00:00,18:02:00,2,2,160,379,810.5999999999999,3.2892059898451507,0,0,62.81970339964664,10.368253371165588,15.067053838647565,0,57,0,1,1,1,19.1212064746524,0,0,539,0,62.81970339964664,0.007538364407957598,0,0,0,0,0,0,0,0,15.120197733568908,17,22,0,0
2,2015-01-01 00:00:00,18:03:00,2,2,160,391,822.5999999999999,3.2843437780628224,0,0,62.89941924202865,10.364654828394487,15.014729621165932,0,57,1,1,1,1,18.98331012648897,0,0,551,0,62.89941924202865,0.007547930309043439,0,0,0,0,0,0,0,0,15.067053838647565,17,22,0,0
2,2015-01-01 00:00:00,18:04:00,2,2,160,391,822.5999999999999,3.279231566280494,0,0,62.9779055682511,10.361006665966135,14.962649960752028,0,57,1,1,1,1,18.848324395015396,0,0,551,0,62.9779055682511,0.007557348668190134,0,0,0,0,0,0,0,0,15.014729621165932,17,22,0,0
2,2015-01-01 00:00:00,18:05:00,2,2,160,391,822.5999999999999,3.2746193544981654,0,0,21749.999999999996,10.357309810180414,14.91085018789982,3,57,1,1,1,1,20.714323870995475,0,0,551,11816.943974941125,9933.056025058871,2.61,0,0,0,0,0,0,0,0,14.962649960752028,17,22,0,0
2,2015-01-01 00:00:00,18:06:00,2,2,160,391,822.5999999999999,3.273257142715837,0,0,21749.999999999996,10.353568408877935,14.88289758652594,0,57,1,1,1,1,24.184029161389333,0,0,551,21686.866275281845,63.13372471815027,2.61,0,0,0,0,0,0,0,0,14.91085018789982,17,22,0,0
2,2015-01-01 00:00:00,18:07:00,2,2,60,391,722.5999999999999,3.2721449309335084,0,0,21749.999999999996,10.349806273037334,14.89054258265268,0,57,1,1,1,1,27.534759406387238,0,0,451,21686.824346379784,63.17565362021109,2.61,0,0,0,0,0,0,0,0,14.88289758652594,17,22,0,0
2,2015-01-01 00:00:00,18:08:00,2,2,60,253,584.5999999999999,3.27103271915118,0,0,21749.999999999996,10.346058415481973,14.928621757666045,0,57,1,1,1,1,30.771781207846157,0,0,313,21686.835813873975,63.16418612602098,2.61,0,0,0,0,0,0,0,0,14.89054258265268,17,22,0,0
2,2015-01-01 00:00:00,18:09:00,2,2,60,337,668.5999999999999,3.2711705073688515,0,0,21749.999999999996,10.342356151348957,15.007729342414624,0,57,1,1,1,1,33.900005095373274,0,0,397,21686.892932636496,63.10706736350093,2.61,0,0,0,0,0,0,0,0,14.928621757666045,17,22,0,0
2,2015-01-01 00:00:00,18:10:00,2,2,60,337,668.5999999999999,3.2718082955865233,0,0,21749.999999999996,10.33874026600227,15.119945065621216,0,57,1,1,1,1,36.92453760886639,0,0,397,21687.011594013617,62.98840598637806,2.61,0,0,0,0,0,0,0,0,15.007729342414624,17,22,0,0
2,2015-01-01 00:00:00,18:11:00,2,2,60,337,668.5999999999999,3.271946083804195,0,0,21749.999999999996,10.335242517596493,15.262920659032677,0,57,1,1,1,1,39.850040190511386,0,0,397,21687.179917598427,62.82008240156817,2.61,0,0,0,0,0,0,0,0,15.119945065621216,17,22,0,0
2,2015-01-01 00:00:00,18:12:00,2,2,60,337,668.5999999999999,3.2700838720218663,0,0,21749.999999999996,10.331890550145127,15.434356433883574,0,57,1,1,1,1,42.68093526135462,0,0,397,21687.394380988546,62.60561901145098,2.61,0,0,0,0,0,0,0,0,15.262920659032677,17,22,0,0
2,2015-01-01 00:00:00,18:13:00,2,2,60,337,668.5999999999999,3.2682216602395378,0,0,21749.999999999996,10.328712008550077,15.632100330870621,0,57,1,1,1,1,45.42141601595883,0,0,397,21687.65153465082,62.34846534917464,2.61,0,0,0,0,0,0,0,0,15.434356433883574,17,22,0,0
2,2015-01-01 00:00:00,18:14:00,2,2,120,337,728.5999999999999,3.266359448457209,0,0,21749.999999999996,10.32573236447897,15.857642247965526,0,57,1,1,1,1,48.07545927807735,0,0,457,21687.9481504963,62.05184950369407,2.61,0,0,0,0,0,0,0,0,15.632100330870621,17,22,0,0
2,2015-01-01 00:00:00,18:15:00,2,2,220,337,828.5999999999999,3.2644972366748806,0,0,21749.999999999996,10.322978498605897,16.111233606574235,0,57,1,1,1,1,50.6469576600487,0,0,557,21688.286463371944,61.71353662805171,2.61,0,0,0,0,0,0,0,0,15.857642247965526,17,22,0,0
2,2015-01-01 00:00:00,18:16:00,2,2,220,337,828.5999999999999,3.262635024892552,0,0,21749.999999999996,10.320477481006904,16.384986010241143,0,57,1,1,1,1,53.13967998795016,0,0,557,21688.666850409856,61.333149590138646,2.61,0,0,0,0,0,0,0,0,16.111233606574235,17,22,0,0
2,2015-01-01 00:00:00,18:17:00,2,2,220,475,966.5999999999999,3.2607728131102234,0,0,18455.97947885024,10.318248574807228,16.685419777847248,0,57,1,1,1,1,55,0,0,695,18395.056957865603,60.92252098463828,2.214717537462029,0,0,0,0,0,0,0,0,16.384986010241143,17,22,0,0
2,2015-01-01 00:00:00,18:18:00,2,2,220,475,966.5999999999999,3.256910601327895,0,0,60.47187033322913,10.316315087804256,16.995889601526056,0,57,1,1,1,1,53.696782985641065,0,0,695,0,60.47187033322913,0.007256624439987496,0,0,0,0,0,0,0,0,16.685419777847248,17,22,0,0
2,2015-01-01 00:00:00,18:19:00,2,2,220,475,966.5999999999999,3.2522983895455666,0,0,11706.60616559771,10.314685376232493,17.279029037264593,3.54,57,1,1,1,1,52.44845327869838,0,0,695,0,11706.60616559771,1.4047927398717255,0,0,0,0,0,0,0,0,16.995889601526056,17,22,0,0
2,2015-01-01 00:00:00,18:20:00,2,2,220,475,966.5999999999999,3.247936177763238,0,0,1572.9814564441033,10.313332232004313,17.53712741964053,0.4600000000000001,57,1,1,1,1,51.25221435892172,0,0,695,0,1572.9814564441033,0.18875777477329242,0,0,0,0,0,0,0,0,17.279029037264593,17,22,0,0
2,2015-01-01 00:00:00,18:21:00,2,2,220,475,966.5999999999999,3.2433239659809097,0,0,59.1943088705392,10.312230174394474,17.771714840041792,0,57,1,1,1,1,50.10544269432032,0,0,695,0,59.1943088705392,0.007103317064464705,0,0,0,0,0,0,0,0,17.53712741964053,17,22,0,0
2,2015-01-01 00:00:00,18:22:00,2,2,220,475,966.5999999999999,3.2384617541985814,0,0,58.842427739937314,10.311355280301898,17.984244178547748,0,57,1,1,1,1,49.00565603261016,0,0,695,0,58.842427739937314,0.007061091328792479,0,0,0,0,0,0,0,0,17.771714840041792,17,22,0,0
2,2015-01-01 00:00:00,18:23:00,2,2,220,475,966.5999999999999,3.234099542416253,0,0,58.52363373217838,10.310685974744645,18.176088006752014,0,57,1,1,1,1,47.95050596954682,0,0,695,0,58.52363373217838,0.007022836047861407,0,0,0,0,0,0,0,0,17.984244178547748,17,22,0,0
2,2015-01-01 00:00:00,18:24:00,2,2,120,475,866.5999999999999,3.2297373306339243,0,0,58.23586798987198,10.31020149747838,18.342683195076606,0,57,1,1,1,1,46.93777066468985,0,0,595,0,58.23586798987198,0.006988304158784638,0,0,0,0,0,0,0,0,18.176088006752014,17,22,0,0
2,2015-01-01 00:00:00,18:25:00,2,2,120,475,866.5999999999999,3.226125118851596,0,0,57.98597520738509,10.309877519926335,18.491420833248565,0,57,1,1,1,1,45.96514864191389,0,0,595,0,57.98597520738509,0.0069583170248862115,0,0,0,0,0,0,0,0,18.342683195076606,17,22,0,0
2,2015-01-01 00:00:00,18:26:00,2,2,120,475,866.5999999999999,3.2225129070692673,0,0,57.762868750127154,10.309696156395846,18.623334497333712,0,57,1,1,1,1,45.03066810420419,0,0,595,0,57.762868750127154,0.006931544250015259,0,0,0,0,0,0,0,0,18.491420833248565,17,22,0,0
2,2015-01-01 00:00:00,18:27:00,2,2,120,475,866.5999999999999,3.2174006952869387,0,0,57.564998253999434,10.309638835455532,18.739490636250547,0,57,1,1,1,1,44.13245947812016,0,0,595,0,57.564998253999434,0.006907799790479933,0,0,0,0,0,0,0,0,18.623334497333712,17,22,0,0
2,2015-01-01 00:00:00,18:28:00,2,2,220,475,966.5999999999999,3.2232884835046103,0,0,21749.999999999996,10.309702567682187,18.846800975032025,0,57,1,1,1,1,46.93682650516507,0,0,695,21692.609235954373,57.39076404562418,2.61,0,0,0,0,0,0,0,0,18.739490636250547,17,22,0,0
2,2015-01-01 00:00:00,18:29:00,2,2,220,475,966.5999999999999,3.227426271722282,0,0,21749.999999999996,10.309876375093133,18.983234956819533,0,57,1,1,1,1,49.64948412833855,0,0,695,21692.770201462543,57.22979853745196,2.61,0,0,0,0,0,0,0,0,18.846800975032025,17,22,0,0
2,2015-01-01 00:00:00,18:30:00,2,2,320,475,1066.6,3.2335640599399533,0,0,21749.999999999996,10.310190949944124,19.151865393104547,0,57,1,1,1,1,52.27454970213793,0,0,795,21692.974852435225,57.0251475647707,2.61,0,0,0,0,0,0,0,0,18.983234956819533,17,22,0,0
2,2015-01-01 00:00:00,18:31:00,2,2,320,475,1066.6,3.2397018481576247,0,0,56.77220191034318,10.31067761811015,19.344540218843832,0,57,1,1,1,1,51.147927786864685,0,0,795,0,56.77220191034318,0.006812664229241182,0,0,0,0,0,0,0,0,19.151865393104547,17,22,0,0
2,2015-01-01 00:00:00,18:32:00,2,2,420,475,1166.6,3.2438396363752964,0,0,56.48318967173425,10.311357311250756,19.522146048393868,0,57,1,1,1,1,50.06617991040139,0,0,895,0,56.48318967173425,0.006777982760608111,0,0,0,0,0,0,0,0,19.344540218843832,17,22,0,0
2,2015-01-01 00:00:00,18:33:00,2,2,420,475,1166.6,3.2452274245929678,0,0,56.2167809274092,10.312211624455276,19.68054786895351,0,57,1,1,1,1,49.027267194006576,0,0,895,0,56.2167809274092,0.006746013711289104,0,0,0,0,0,0,0,0,19.522146048393868,17,22,0,0
2,2015-01-01 00:00:00,18:34:00,2,2,480,475,1226.6,3.246615212810639,0,0,55.979178196569734,10.313221319126473,19.824560553566066,0,57,1,1,1,1,48.02907946186191,0,0,955,0,55.979178196569734,0.006717501383588369,0,0,0,0,0,0,0,0,19.68054786895351,17,22,0,0
2,2015-01-01 00:00:00,18:35:00,2,2,480,475,1226.6,3.2467530010283108,0,0,55.763159169650905,10.314370478181567,19.951616550393325,0,57,1,1,1,1,47.06974208402872,0,0,955,0,55.763159169650905,0.006691579100358109,0,0,0,0,0,0,0,0,19.824560553566066,17,22,0,0
2,2015-01-01 00:00:00,18:36:00,2,2,480,475,1226.6,3.245640789245982,0,0,55.57257517441001,10.315640696459994,20.062854525167822,0,57,1,1,1,1,46.14735686179622,0,0,955,0,55.57257517441001,0.006668709020929202,0,0,0,0,0,0,0,0,19.951616550393325,17,22,0,0
2,2015-01-01 00:00:00,18:37:00,2,2,480,475,1226.6,3.244278577463654,0,0,55.40571821224827,10.317015886333449,20.15929205257637,0,57,1,1,1,1,45.2601288911626,0,0,955,0,55.40571821224827,0.006648686185469793,0,0,0,0,0,0,0,0,20.062854525167822,17,22,0,0
2,2015-01-01 00:00:00,18:38:00,2,2,480,475,1226.6,3.2421663656813253,0,0,55.26106192113545,10.318480414435545,20.241886466545303,0,57,1,1,1,1,44.40635893066647,0,0,955,0,55.26106192113545,0.0066313274305362544,0,0,0,0,0,0,0,0,20.15929205257637,17,22,0,0
2,2015-01-01 00:00:00,18:39:00,2,2,480,475,1226.6,3.240054153898997,0,0,55.13717030018205,10.320020490975871,20.311542690804053,0,57,1,1,1,1,43.584438098553505,0,0,955,0,55.13717030018205,0.0066164604360218465,0,0,0,0,0,0,0,0,20.241886466545303,17,22,0,0
2,2015-01-01 00:00:00,18:40:00,2,2,480,475,1226.6,3.2379419421166684,0,0,6635.0326859637935,10.321623244629567,20.369112968631296,2,57,1,1,1,1,42.792843016657265,0,0,955,0,6635.0326859637935,0.7962039223156553,0,0,0,0,0,0,0,0,20.311542690804053,17,22,0,0
2,2015-01-01 00:00:00,18:41:00,2,2,480,475,1226.6,3.23332973033434,0,0,54.94633054705306,10.323273769894614,20.415389110200877,0,57,1,1,1,1,42.03013111026183,0,0,955,0,54.94633054705306,0.006593559665646368,0,0,0,0,0,0,0,0,20.369112968631296,17,22,0,0
2,2015-01-01 00:00:00,18:42:00,2,2,480,475,1226.6,3.2287175185520116,0,0,54.876916334698684,10.324960869936122,20.45112737202052,0,57,1,1,1,1,41.2949358041373,0,0,955,0,54.876916334698684,0.006585229960163843,0,0,0,0,0,0,0,0,20.415389110200877,17,22,0,0
2,2015-01-01 00:00:00,18:43:00,2,2,480,475,1226.6,3.224105306769683,0,0,54.82330894196922,10.326674114791368,20.47703960030508,0,57,1,1,1,1,40.585962728214966,0,0,955,0,54.82330894196922,0.006578797073036308,0,0,0,0,0,0,0,0,20.45112737202052,17,22,0,0
2,2015-01-01 00:00:00,18:44:00,2,2,380,475,1126.6,3.226743094987355,0,0,54.78444059954238,10.328412202987657,20.487972460222835,0,57,1,1,1,1,39.90198575107517,0,0,855,0,54.78444059954238,0.006574132871945086,0,0,0,0,0,0,0,0,20.47703960030508,17,22,0,0
2,2015-01-01 00:00:00,18:45:00,2,2,440,686,1397.6000000000001,3.224880883205026,0,0,54.76804130966575,10.330155148637177,20.506572607280976,0,57,1,1,1,1,39.241645162950945,0,0,1126,0,54.76804130966575,0.0065721649571598905,0,0,0,0,0,0,0,0,20.487972460222835,17,22,0,0
2,2015-01-01 00:00:00,18:46:00,2,2,440,686,1397.6000000000001,3.221518671422698,0,0,54.740141089078534,10.331908733748408,20.516591645605622,0,57,1,1,1,1,38.60439779711183,0,0,1126,0,54.740141089078534,0.006568816930689425,0,0,0,0,0,0,0,0,20.506572607280976,17,22,0,0
2,2015-01-01 00:00:00,18:47:00,2,2,440,686,1397.6000000000001,3.21815645964037,0,0,54.72511253159156,10.333664506094571,20.51888773520017,0,57,1,1,1,1,37.989166295359915,0,0,1126,0,54.72511253159156,0.006567013503790988,0,0,0,0,0,0,0,0,20.516591645605622,17,22,0,0
2,2015-01-01 00:00:00,18:48:00,2,2,440,686,1397.6000000000001,3.2147942478580416,0,0,54.72166839719974,10.335414874544755,20.513998938456567,0,57,1,1,1,1,37.39493913344972,0,0,1126,0,54.72166839719974,0.00656660020766397,0,0,0,0,0,0,0,0,20.51888773520017,17,22,0,0
2,2015-01-01 00:00:00,18:49:00,2,2,440,686,1397.6000000000001,3.214182036075713,0,0,54.72900159231515,10.337155981598361,20.50244785831056,0,57,1,1,1,1,36.82075749416423,0,0,1126,0,54.72900159231515,0.006567480191077819,0,0,0,0,0,0,0,0,20.513998938456567,17,22,0,0
2,2015-01-01 00:00:00,18:50:00,2,2,440,686,1397.6000000000001,3.212569824293385,0,0,54.74632821253416,10.338880142993933,20.484710007190433,0,57,1,1,1,1,36.265712948727035,0,0,1126,0,54.74632821253416,0.0065695593855041,0,0,0,0,0,0,0,0,20.50244785831056,17,22,0,0
2,2015-01-01 00:00:00,18:51:00,2,2,380,686,1337.6000000000001,3.2112076125110565,0,0,54.77293498921435,10.340581607499736,20.457725334344307,0,57,1,1,1,1,35.728944141191775,0,0,1066,0,54.77293498921435,0.006572752198705722,0,0,0,0,0,0,0,0,20.484710007190433,17,22,0,0
2,2015-01-01 00:00:00,18:52:00,2,2,380,544,1195.6000000000001,3.211595400728728,0,0,54.81341199848354,10.342253369593704,20.41731463154601,0,57,1,1,1,1,35.20951493007451,0,0,924,0,54.81341199848354,0.006577609439818026,0,0,0,0,0,0,0,0,20.457725334344307,17,22,0,0
2,2015-01-01 00:00:00,18:53:00,2,2,340,544,1155.6000000000001,3.2112331889463994,0,0,54.874028052680984,10.343881434491768,20.37022568877013,0,57,1,1,1,1,34.70637886549871,0,0,884,0,54.874028052680984,0.006584883366321719,0,0,0,0,0,0,0,0,20.41731463154601,17,22,0,0
2,2015-01-01 00:00:00,18:54:00,2,2,390,544,1205.6000000000001,3.209370977164071,0,0,54.944661466844806,10.345457596230586,20.322056804651453,0,57,1,1,1,1,34.218754607786856,0,0,934,0,54.944661466844806,0.006593359376021377,0,0,0,0,0,0,0,0,20.37022568877013,17,22,0,0
2,2015-01-01 00:00:00,18:55:00,2,2,390,667,1328.6000000000001,3.206758765381742,0,0,55.01691479302282,10.34698003545002,20.27721124629404,0,57,1,1,1,1,33.74607781176184,0,0,1057,0,55.01691479302282,0.006602029775162739,0,0,0,0,0,0,0,0,20.322056804651453,17,22,0,0
2,2015-01-01 00:00:00,18:56:00,2,2,440,667,1378.6000000000001,3.204396553599414,0,0,55.08418313055894,10.348452421696885,20.231394424849277,0,57,1,1,1,1,33.287953098650696,0,0,1107,0,55.08418313055894,0.006610101975667073,0,0,0,0,0,0,0,0,20.27721124629404,17,22,0,0
2,2015-01-01 00:00:00,18:57:00,2,2,440,667,1378.6000000000001,3.2092843418170856,0,0,11701.752908362725,10.349882314969106,20.181986288835258,3.54,57,1,1,1,1,32.84385246348738,0,0,1107,0,11701.752908362725,1.4042103490035271,0,0,0,0,0,0,0,0,20.231394424849277,17,22,0,0
2,2015-01-01 00:00:00,18:58:00,2,2,440,667,1378.6000000000001,3.2139221300347574,0,0,1568.6270205667472,10.351265988551274,20.129328101476084,0.4600000000000001,57,1,1,1,1,32.41317674326112,0,0,1107,0,1568.6270205667472,0.18823524246800968,0,0,0,0,0,0,0,0,20.181986288835258,17,22,0,0
2,2015-01-01 00:00:00,18:59:00,2,2,440,667,1378.6000000000001,3.219059918252429,0,0,55.30600784778588,10.352600928619477,20.073696739639665,0,57,1,1,1,1,31.99535876224802,0,0,1107,0,55.30600784778588,0.0066367209417343065,0,0,0,0,0,0,0,0,20.129328101476084,17,22,0,0
2,2015-01-01 00:00:00,19:00:00,2,2,440,667,1378.6000000000001,3.2244477064701003,0,0,55.389454890540506,10.35388460882462,20.01535181505667,0,57,1,1,1,1,31.589860053996034,0,0,1107,0,55.389454890540506,0.006646734586864862,0,0,0,0,0,0,0,0,20.073696739639665,17,22,0,0
2,2015-01-01 00:00:00,19:01:00,2,2,440,667,1378.6000000000001,3.230085494687772,0,0,55.476972277415,10.355114763251894,19.954536987277944,0,57,1,1,1,1,31.196169297569526,0,0,1107,0,55.476972277415,0.006657236673289801,0,0,0,0,0,0,0,0,20.01535181505667,17,22,0,0
2,2015-01-01 00:00:00,19:02:00,2,2,440,667,1378.6000000000001,3.2357232829054436,0,0,55.568194519083086,10.356289080300115,19.891479794217908,0,57,1,1,1,1,30.81380085164124,0,0,1107,0,55.568194519083086,0.006668183342289971,0,0,0,0,0,0,0,0,19.954536987277944,17,22,0,0
2,2015-01-01 00:00:00,19:03:00,2,2,440,667,1378.6000000000001,3.2423610711231152,0,0,55.662780308673135,10.357406636405951,19.826397956558925,0,57,0,1,1,1,30.442293332681263,0,0,1107,0,55.662780308673135,0.0066795336370407766,0,0,0,0,0,0,0,0,19.891479794217908,17,22,0,0
2,2015-01-01 00:00:00,19:04:00,2,2,440,667,1378.6000000000001,3.2492488593407867,0,0,55.76040306516161,10.358465854178894,19.759492418683248,0,57,0,1,1,1,30.08120845594241,0,0,1107,0,55.76040306516161,0.006691248367819394,0,0,0,0,0,0,0,0,19.826397956558925,17,22,0,0
2,2015-01-01 00:00:00,19:05:00,2,2,440,667,1378.6000000000001,3.2566366475584583,0,0,55.86076137197513,10.359465646892351,19.690952665396665,0,57,0,1,1,1,29.730129679164886,0,0,1107,0,55.86076137197513,0.006703291364637016,0,0,0,0,0,0,0,0,19.759492418683248,17,22,0,0
2,2015-01-01 00:00:00,19:06:00,2,2,340,708,1262,3.26327443577613,0,0,55.963571001905,10.360403666820003,19.61412426405462,0,57,0,1,1,1,29.3886610732544,0,0,1048,0,55.963571001905,0.006715628520228601,0,0,0,0,0,0,0,0,19.690952665396665,17,22,0,0
2,2015-01-01 00:00:00,19:07:00,2,2,340,497,1051,3.2631622239938016,0,0,56.07881360391807,10.361264077025462,19.52398390143568,0,57,0,1,1,1,29.056193834846244,0,0,837,0,56.07881360391807,0.0067294576324701694,0,0,0,0,0,0,0,0,19.61412426405462,17,22,0,0
2,2015-01-01 00:00:00,19:08:00,2,2,340,497,1051,3.2678000122114734,0,0,56.21402414784648,10.362039475027098,19.433594725597096,0,57,0,1,1,1,28.731969007179217,0,0,837,0,56.21402414784648,0.006745682897741578,0,0,0,0,0,0,0,0,19.52398390143568,17,22,0,0
2,2015-01-01 00:00:00,19:09:00,2,2,340,413,967,3.274687800429145,0,0,56.34960791160435,10.362732407530219,19.337943334019073,0,57,0,1,1,1,28.4156977731118,0,0,753,0,56.34960791160435,0.006761952949392523,0,0,0,0,0,0,0,0,19.433594725597096,17,22,0,0
2,2015-01-01 00:00:00,19:10:00,2,2,240,413,867,3.2813255886468164,0,0,56.49308499897139,10.363337592068294,19.236463598799354,0,57,0,1,1,1,28.106930615319527,0,0,653,0,56.49308499897139,0.006779170199876568,0,0,0,0,0,0,0,0,19.337943334019073,17,22,0,0
2,2015-01-01 00:00:00,19:11:00,2,2,240,413,867,3.287713376864488,0,0,56.64530460180097,10.36384920136766,19.135325482791387,0,57,0,1,1,1,27.805214050131767,0,0,653,0,56.64530460180097,0.006797436552216118,0,0,0,0,0,0,0,0,19.236463598799354,17,22,0,0
2,2015-01-01 00:00:00,19:12:00,2,2,240,413,867,3.29410116508216,0,0,56.79701177581292,10.364267771437813,19.034497964250605,0,57,0,1,1,1,27.51031988117461,0,0,653,0,56.79701177581292,0.006815641413097551,0,0,0,0,0,0,0,0,19.135325482791387,17,22,0,0
2,2015-01-01 00:00:00,19:13:00,2,2,280,290,784,3.2984889532998314,0,0,56.94825305362409,10.364591487525837,18.929180062596718,0,57,0,1,1,1,27.2220266186942,0,0,570,0,56.94825305362409,0.006833790366434892,0,0,0,0,0,0,0,0,19.034497964250605,17,22,0,0
2,2015-01-01 00:00:00,19:14:00,2,2,280,2273,1180.6,3.302626741517503,0,0,57.10622990610492,10.364815851890572,18.84777280660477,0,57,0,1,1,1,26.939957007942585,0,0,2553,0,57.10622990610492,0.0068527475887325915,0,0,0,0,0,0,0,0,18.929180062596718,17,22,0,0
2,2015-01-01 00:00:00,19:15:00,2,2,230,2273,1130.6,3.3070145297351745,0,0,57.228340790092844,10.364964855252106,18.762839473230322,0,57,0,1,1,1,26.664712647352864,0,0,2503,0,57.228340790092844,0.006867400894811142,0,0,0,0,0,0,0,0,18.84777280660477,17,22,0,0
2,2015-01-01 00:00:00,19:16:00,2,2,230,2261,1118.6,3.308652317952846,0,0,3347.3557407901544,10.365032006452918,18.677245919043898,1,57,0,1,1,1,26.395941450954137,0,0,2491,0,3347.3557407901544,0.40168268889481856,0,0,0,0,0,0,0,0,18.762839473230322,17,22,0,0
2,2015-01-01 00:00:00,19:17:00,2,2,290,2261,1178.6,3.3105401061705177,0,0,57.48413112143415,10.365017122152944,18.595262062234287,0,57,0,1,1,1,26.13340078660345,0,0,2551,0,57.48413112143415,0.006898095734572099,0,0,0,0,0,0,0,0,18.677245919043898,17,22,0,0
2,2015-01-01 00:00:00,19:18:00,2,2,230,2261,1118.6,3.312677894388189,0,0,57.60710690664857,10.364924213852467,18.509729616281124,0,57,0,1,1,1,25.87700151026436,0,0,2491,0,57.60710690664857,0.006912852828797829,0,0,0,0,0,0,0,0,18.595262062234287,17,22,0,0
2,2015-01-01 00:00:00,19:19:00,2,2,230,2261,1118.6,3.315065682605861,0,0,57.73540557557831,10.364750252695305,18.42448249172149,0,57,0,1,1,1,25.626414030877175,0,0,2491,0,57.73540557557831,0.0069282486690693985,0,0,0,0,0,0,0,0,18.509729616281124,17,22,0,0
2,2015-01-01 00:00:00,19:20:00,2,2,230,2261,1118.6,3.3217034708235325,0,0,57.86327626241776,10.364500620740975,18.339533322140728,0,57,0,1,1,1,25.381450373082764,0,0,2491,0,57.86327626241776,0.006943593151490133,0,0,0,0,0,0,0,0,18.42448249172149,17,22,0,0
2,2015-01-01 00:00:00,19:21:00,2,2,230,2261,1118.6,3.333341259041204,0,0,57.99070001678891,10.364181570609302,18.25495676708879,0,57,0,1,1,1,25.141929384955485,0,0,2491,0,57.99070001678891,0.00695888400201467,0,0,0,0,0,0,0,0,18.339533322140728,17,22,0,0
2,2015-01-01 00:00:00,19:22:00,2,2,230,2261,1118.6,3.3447290472588755,0,0,58.117564849366815,10.36379332712275,18.170799028048016,0,57,0,1,1,1,24.907678615640293,0,0,2491,0,58.117564849366815,0.006974107781924019,0,0,0,0,0,0,0,0,18.25495676708879,17,22,0,0
2,2015-01-01 00:00:00,19:23:00,2,2,230,2261,1118.6,3.356366835476547,0,0,58.24380145792797,10.363336739792327,18.087105143361832,0,57,0,1,1,1,24.678533051436474,0,0,2491,0,58.24380145792797,0.006989256174951357,0,0,0,0,0,0,0,0,18.170799028048016,17,22,0,0
2,2015-01-01 00:00:00,19:24:00,2,2,130,2261,1018.6,3.3532546236942187,0,0,58.369342284957256,10.362795306995043,17.997997141946982,0,57,0,1,1,1,24.45433482327067,0,0,2391,0,58.369342284957256,0.007004321074194872,0,0,0,0,0,0,0,0,18.087105143361832,17,22,0,0
2,2015-01-01 00:00:00,19:25:00,2,2,130,2261,1018.6,3.3498924119118905,0,0,58.50300428707953,10.362163602145861,17.90968455505726,0,57,0,1,1,1,24.234731500776668,0,0,2391,0,58.50300428707953,0.007020360514449544,0,0,0,0,0,0,0,0,17.997997141946982,17,22,0,0
2,2015-01-01 00:00:00,19:26:00,2,2,130,2261,1018.6,3.3465302001295623,0,0,58.635473167414105,10.361442599953705,17.822089688589088,0,57,0,1,1,1,24.019593849561723,0,0,2391,0,58.635473167414105,0.007036256780089694,0,0,0,0,0,0,0,0,17.90968455505726,17,22,0,0
2,2015-01-01 00:00:00,19:27:00,2,2,130,2261,1018.6,3.3429179883472337,0,0,58.76686546711637,10.360632906826298,17.73523618197034,0,57,0,1,1,1,23.80879438830415,0,0,2391,0,58.76686546711637,0.007052023856053965,0,0,0,0,0,0,0,0,17.822089688589088,17,22,0,0
2,2015-01-01 00:00:00,19:28:00,2,2,130,2261,1018.6,3.3413057765649055,0,0,58.89714572704449,10.359737760127615,17.649153365023295,0,57,0,1,1,1,23.602210775843815,0,0,2391,0,58.89714572704449,0.007067657487245339,0,0,0,0,0,0,0,0,17.73523618197034,17,22,0,0
2,2015-01-01 00:00:00,19:29:00,2,2,130,2261,1018.6,3.339943564782577,0,0,59.02626995246506,10.358758389850667,17.563860449258556,0,57,0,1,1,1,23.399725829897537,0,0,2391,0,59.02626995246506,0.0070831523942958075,0,0,0,0,0,0,0,0,17.649153365023295,17,22,0,0
2,2015-01-01 00:00:00,19:30:00,2,2,230,2261,1118.6,3.3385813530002486,0,0,59.154209326112166,10.357695752333285,17.485228371608613,0,57,0,1,1,1,23.201227007426823,0,0,2491,0,59.154209326112166,0.007098505119133461,0,0,0,0,0,0,0,0,17.563860449258556,17,22,0,0
2,2015-01-01 00:00:00,19:31:00,2,2,230,2261,1118.6,3.3369691412179203,0,0,59.27215744258708,10.356556279140795,17.407099897574554,0,57,0,1,1,1,23.00680528512008,0,0,2491,0,59.27215744258708,0.00711265889311045,0,0,0,0,0,0,0,0,17.485228371608613,17,22,0,0
2,2015-01-01 00:00:00,19:32:00,2,2,330,2403,1360.6,3.346606929435592,0,0,59.38935015363817,10.355353674717191,17.343818116409327,0,57,0,1,1,1,22.816339115475675,0,0,2733,0,59.38935015363817,0.0071267220184365815,0,0,0,0,0,0,0,0,17.407099897574554,17,22,0,0
2,2015-01-01 00:00:00,19:33:00,2,2,330,2403,1360.6,3.3559947176532634,0,0,59.48427282538601,10.354102368668842,17.280466057130138,0,57,0,1,1,1,22.630198945439403,0,0,2733,0,59.48427282538601,0.007138112739046322,0,0,0,0,0,0,0,0,17.343818116409327,17,22,0,0
2,2015-01-01 00:00:00,19:34:00,2,2,330,2403,1360.6,3.365382505870935,0,0,59.579300914304795,10.352802396273587,17.217335830550034,0,57,0,1,1,1,22.448235241755416,0,0,2733,0,59.579300914304795,0.007149516109716576,0,0,0,0,0,0,0,0,17.280466057130138,17,22,0,0
2,2015-01-01 00:00:00,19:35:00,2,2,330,420,964,3.374770294088606,0,0,59.67399625417495,10.351454079681474,17.13124264634553,0,57,0,1,1,1,22.270313493074962,0,0,750,0,59.67399625417495,0.007160879550500995,0,0,0,0,0,0,0,0,17.217335830550034,17,22,0,0
2,2015-01-01 00:00:00,19:36:00,2,2,330,420,964,3.3841580823062776,0,0,59.8031360304817,10.350034965351968,17.04669497209844,0,57,0,1,1,1,22.095515164954914,0,0,750,0,59.8031360304817,0.007176376323657805,0,0,0,0,0,0,0,0,17.13124264634553,17,22,0,0
2,2015-01-01 00:00:00,19:37:00,2,2,330,420,964,3.393545870523949,0,0,11706.529957541852,10.348546723119588,16.963275924570887,3.54,57,0,1,1,1,21.9237865869666,0,0,750,0,11706.529957541852,1.4047835949050225,0,0,0,0,0,0,0,0,17.04669497209844,17,22,0,0
2,2015-01-01 00:00:00,19:38:00,2,2,430,420,1064,3.4034336587416205,0,0,8153.455086113145,10.346991189512615,16.88684098039873,2.46,57,0,1,1,1,21.75506173450416,0,0,850,0,8153.455086113145,0.9784146103335775,0,0,0,0,0,0,0,0,16.963275924570887,17,22,0,0
2,2015-01-01 00:00:00,19:39:00,2,2,330,420,964,3.412571446959292,0,0,60.169738529401904,10.345374499644059,16.805352808577123,0,57,0,1,1,1,21.589475994568602,0,0,750,0,60.169738529401904,0.0072203686235282295,0,0,0,0,0,0,0,0,16.88684098039873,17,22,0,0
2,2015-01-01 00:00:00,19:40:00,2,2,330,420,964,3.4224592351769636,0,0,60.29197078713432,10.343692690269922,16.725089717678095,0,57,0,1,1,1,21.42675071613352,0,0,750,0,60.29197078713432,0.007235036494456119,0,0,0,0,0,0,0,0,16.805352808577123,17,22,0,0
2,2015-01-01 00:00:00,19:41:00,2,2,330,420,964,3.433847023394635,0,0,60.41236542348285,10.341948843652746,16.645943221781756,0,57,0,1,1,1,21.266830274009184,0,0,750,0,60.41236542348285,0.007249483850817943,0,0,0,0,0,0,0,0,16.725089717678095,17,22,0,0
2,2015-01-01 00:00:00,19:42:00,2,2,330,432,976,3.444984811612307,0,0,60.53108516732736,10.340143899636464,16.568605945515404,0,57,0,1,1,1,21.109657245021857,0,0,762,0,60.53108516732736,0.007263730220079284,0,0,0,0,0,0,0,0,16.645943221781756,17,22,0,0
2,2015-01-01 00:00:00,19:43:00,2,2,330,432,976,3.4561225998299787,0,0,60.64709108172689,10.338279766327107,16.492326702821586,0,57,0,1,1,1,20.95519971782776,0,0,762,0,60.64709108172689,0.007277650929807228,0,0,0,0,0,0,0,0,16.568605945515404,17,22,0,0
2,2015-01-01 00:00:00,19:44:00,2,2,330,432,976,3.4672603880476505,0,0,60.76150994576762,10.336357609834849,16.417108178855813,0,57,0,1,1,1,20.8034013159568,0,0,762,0,60.76150994576762,0.007291381193492115,0,0,0,0,0,0,0,0,16.492326702821586,17,22,0,0
2,2015-01-01 00:00:00,19:45:00,2,2,330,432,976,3.478648176265322,0,0,60.87433773171628,10.334378886302487,16.342941289581116,0,57,0,1,1,1,20.65420767183772,0,0,762,0,60.87433773171628,0.007304920527805955,0,0,0,0,0,0,0,0,16.417108178855813,17,22,0,0
2,2015-01-01 00:00:00,19:46:00,2,2,330,432,976,3.4882859644829938,0,0,60.98558806562833,10.332342720689535,16.269808251961518,0,57,0,1,1,1,20.507565958155524,0,0,762,0,60.98558806562833,0.0073182705678754,0,0,0,0,0,0,0,0,16.342941289581116,17,22,0,0
2,2015-01-01 00:00:00,19:47:00,2,2,330,432,976,3.4979237527006655,0,0,61.095287622057725,10.33025025160932,16.197699000551864,0,57,0,1,1,1,20.363424539577498,0,0,762,0,61.095287622057725,0.007331434514646928,0,0,0,0,0,0,0,0,16.269808251961518,17,22,0,0
2,2015-01-01 00:00:00,19:48:00,2,2,330,432,976,3.507811540918337,0,0,61.2034514991722,10.328102895241447,16.126604221733512,0,57,0,1,1,1,20.22173319471268,0,0,762,0,61.2034514991722,0.007344414179900665,0,0,0,0,0,0,0,0,16.197699000551864,17,22,0,0
2,2015-01-01 00:00:00,19:49:00,2,2,280,432,926,3.5179493291360084,0,0,61.310093667399734,10.325902055583215,16.053587020920205,0,57,0,1,1,1,20.08244309359094,0,0,712,0,61.310093667399734,0.007357211240087969,0,0,0,0,0,0,0,0,16.126604221733512,17,22,0,0
2,2015-01-01 00:00:00,19:50:00,2,2,180,432,826,3.52783711735368,0,0,61.41961946861969,10.32364566885433,15.975866057239562,0,57,0,1,1,1,19.9454071727518,0,0,612,0,61.41961946861969,0.007370354336234364,0,0,0,0,0,0,0,0,16.053587020920205,17,22,0,0
2,2015-01-01 00:00:00,19:51:00,2,2,180,432,826,3.5374749055713517,0,0,61.53620091414066,10.32132894351405,15.899543144726904,0,57,0,1,1,1,19.810388767462268,0,0,612,0,61.53620091414066,0.00738434410969688,0,0,0,0,0,0,0,0,15.975866057239562,17,22,0,0
2,2015-01-01 00:00:00,19:52:00,2,2,180,432,826,3.546862693789023,0,0,61.65068528290964,10.318953092249465,15.824488711344305,0,57,0,1,1,1,19.677366807505283,0,0,612,0,61.65068528290964,0.007398082233949158,0,0,0,0,0,0,0,0,15.899543144726904,17,22,0,0
2,2015-01-01 00:00:00,19:53:00,2,2,180,432,826,3.5565004820066948,0,0,61.76326693298354,10.316519777653578,15.750680099560098,0,57,0,1,1,1,19.54631653212566,0,0,612,0,61.76326693298354,0.0074115920319580255,0,0,0,0,0,0,0,0,15.824488711344305,17,22,0,0
2,2015-01-01 00:00:00,19:54:00,2,2,180,432,826,3.5661382702243665,0,0,61.87397985065985,10.314030346608618,15.6780924595841,0,57,0,1,1,1,19.41721325210642,0,0,612,0,61.87397985065985,0.007424877582079183,0,0,0,0,0,0,0,0,15.750680099560098,17,22,0,0
2,2015-01-01 00:00:00,19:55:00,2,2,180,643,1037,3.576026058442038,0,0,61.982861310623846,10.311486408593973,15.6190561975864,0,57,0,1,1,1,19.290032272768926,0,0,823,0,61.982861310623846,0.007437943357274862,0,0,0,0,0,0,0,0,15.6780924595841,17,22,0,0
2,2015-01-01 00:00:00,19:56:00,2,2,180,643,1037,3.5864138466597097,0,0,62.0714157036204,10.308901972001305,15.5605301661696,0,57,0,1,1,1,19.165169140959996,0,0,823,0,62.0714157036204,0.00744856988443445,0,0,0,0,0,0,0,0,15.6190561975864,17,22,0,0
2,2015-01-01 00:00:00,19:57:00,2,2,180,643,1037,3.5970516348773813,0,0,62.1592047507456,10.306277914679235,15.502731969905353,0,57,0,1,1,1,19.042562373109984,0,0,823,0,62.1592047507456,0.007459104570089473,0,0,0,0,0,0,0,0,15.5605301661696,17,22,0,0
2,2015-01-01 00:00:00,19:58:00,2,2,180,766,1160,3.6071894230950527,0,0,62.24590204514197,10.303614456676712,15.452855411830276,0,57,0,1,1,1,18.922159978443158,0,0,946,0,62.24590204514197,0.007469508245417037,0,0,0,0,0,0,0,0,15.502731969905353,17,22,0,0
2,2015-01-01 00:00:00,19:59:00,2,2,180,766,1160,3.617327211312724,0,0,62.32071688225459,10.300919464009597,15.403308718660908,0,57,0,1,1,1,18.804156421755646,0,0,946,0,62.32071688225459,0.007478486025870552,0,0,0,0,0,0,0,0,15.452855411830276,17,22,0,0
2,2015-01-01 00:00:00,20:00:00,2,2,180,766,1160,3.627714999530396,0,0,62.395036922008636,10.298193618149021,15.354229960817715,0,57,0,1,1,1,18.688481329813648,0,0,946,0,62.395036922008636,0.007487404430641037,0,0,0,0,0,0,0,0,15.403308718660908,17,22,0,0
2,2015-01-01 00:00:00,20:01:00,2,2,240,766,1220,3.6378527877480673,0,0,62.46865505877343,10.295437154951287,15.309137705188968,0,57,0,1,1,1,18.575071419303583,0,0,1006,0,62.46865505877343,0.007496238607052812,0,0,0,0,0,0,0,0,15.354229960817715,17,22,0,0
2,2015-01-01 00:00:00,20:02:00,2,2,140,766,1120,3.648240575965739,0,0,62.53629344221655,10.292654345929176,15.258483986875468,0,57,0,1,1,1,18.463985238551384,0,0,906,0,62.53629344221655,0.007504355213065987,0,0,0,0,0,0,0,0,15.309137705188968,17,22,0,0
2,2015-01-01 00:00:00,20:03:00,2,2,190,766,1170,3.6536283641834104,0,0,62.612274019686794,10.289833986496273,15.211420107965852,0,57,0,1,1,1,18.354954583732475,0,0,956,0,62.612274019686794,0.007513472882362416,0,0,0,0,0,0,0,0,15.258483986875468,17,22,0,0
2,2015-01-01 00:00:00,20:04:00,2,2,190,911,1315,3.662016152401082,0,0,62.682869838051225,10.286983162182194,15.17326144731487,0,57,0,1,1,1,18.248031642379868,0,0,1101,0,62.682869838051225,0.007521944380566148,0,0,0,0,0,0,0,0,15.211420107965852,17,22,0,0
2,2015-01-01 00:00:00,20:05:00,2,2,190,911,1315,3.6704039406187534,0,0,62.74010782902769,10.284110686058604,15.135120160486114,0,57,0,1,1,1,18.14344762213956,0,0,1101,0,62.74010782902769,0.007528812939483324,0,0,0,0,0,0,0,0,15.17326144731487,17,22,0,0
2,2015-01-01 00:00:00,20:06:00,2,2,190,911,1315,3.678541728836425,0,0,62.79731975927083,10.281216331675543,15.097164321102605,0,57,0,1,1,1,18.041123558818015,0,0,1101,0,62.79731975927083,0.007535678371112501,0,0,0,0,0,0,0,0,15.135120160486114,17,22,0,0
2,2015-01-01 00:00:00,20:07:00,2,2,190,911,1315,3.6869295170540966,0,0,62.85425351834609,10.278300617956242,15.059411424484729,0,57,0,1,1,1,17.94098889086851,0,0,1101,0,62.85425351834609,0.007542510422201532,0,0,0,0,0,0,0,0,15.097164321102605,17,22,0,0
2,2015-01-01 00:00:00,20:08:00,2,2,290,911,1415,3.695817305271768,0,0,62.9108828632729,10.27536436979116,15.027735701558443,0,57,0,1,1,1,17.842976051875866,0,0,1201,0,62.9108828632729,0.007549305943592749,0,0,0,0,0,0,0,0,15.059411424484729,17,22,0,0
2,2015-01-01 00:00:00,20:09:00,2,2,290,911,1415,3.70470509348944,0,0,62.95839644766234,10.272413600922949,14.995982455504198,0,57,0,1,1,1,17.747219577375272,0,0,1201,0,62.95839644766234,0.0075550075737194815,0,0,0,0,0,0,0,0,15.027735701558443,17,22,0,0
2,2015-01-01 00:00:00,20:10:00,2,2,290,911,1415,3.7090928817071114,0,0,63.0060263167437,10.269443048233509,14.96426031915789,0,57,0,1,1,1,17.65364008343408,0,0,1201,0,63.0060263167437,0.007560723158009245,0,0,0,0,0,0,0,0,14.995982455504198,17,22,0,0
2,2015-01-01 00:00:00,20:11:00,2,2,390,911,1515,3.713480669924783,0,0,63.05360952126316,10.266452784657561,14.9384463003611,0,57,0,1,1,1,17.562164581247817,0,0,1301,0,63.05360952126316,0.007566433142551581,0,0,0,0,0,0,0,0,14.96426031915789,17,22,0,0
2,2015-01-01 00:00:00,20:12:00,2,2,390,911,1515,3.7183684581424545,0,0,63.09233054945835,10.263449235890924,14.91239402457368,0,57,0,1,1,1,17.47292246285031,0,0,1301,0,63.09233054945835,0.007571079665935003,0,0,0,0,0,0,0,0,14.9384463003611,17,22,0,0
2,2015-01-01 00:00:00,20:13:00,2,2,390,911,1515,3.723256246360126,0,0,63.13140896313948,10.260432196343274,14.88623723778262,0,57,0,1,1,1,17.385829658827294,0,0,1301,0,63.13140896313948,0.007575769075576738,0,0,0,0,0,0,0,0,14.91239402457368,17,22,0,0
2,2015-01-01 00:00:00,20:14:00,2,2,390,911,1515,3.727394034577798,0,0,63.17064414332607,10.25740072256884,14.859999536431468,0,57,0,1,1,1,17.300809508451625,0,0,1301,0,63.17064414332607,0.007580477297199129,0,0,0,0,0,0,0,0,14.88623723778262,17,22,0,0
2,2015-01-01 00:00:00,20:15:00,2,2,390,911,1515,3.7315318227954695,0,0,63.2100006953528,10.25435476599983,14.83370770263026,0,57,0,1,1,1,17.217788761104,0,0,1301,0,63.2100006953528,0.007585200083442337,0,0,0,0,0,0,0,0,14.859999536431468,17,22,0,0
2,2015-01-01 00:00:00,20:16:00,2,2,390,788,1392,3.734919611013141,0,0,63.24943844605461,10.251293434803374,14.800182047526,0,57,0,1,1,1,17.13669756863891,0,0,1178,0,63.24943844605461,0.007589932613526554,0,0,0,0,0,0,0,0,14.83370770263026,17,22,0,0
2,2015-01-01 00:00:00,20:17:00,2,2,390,577,1181,3.7323073992308125,0,0,63.299726928710996,10.24820269852367,14.754656228880119,0,57,0,1,1,1,17.057224251594253,0,0,967,0,63.299726928710996,0.007595967231445321,0,0,0,0,0,0,0,0,14.800182047526,17,22,0,0
2,2015-01-01 00:00:00,20:18:00,2,2,390,577,1181,3.729945187448484,0,0,63.36801565667982,10.24507112197456,14.710034270275772,0,57,0,1,1,1,16.97890561136588,0,0,967,0,63.36801565667982,0.00760416187880158,0,0,0,0,0,0,0,0,14.754656228880119,17,22,0,0
2,2015-01-01 00:00:00,20:19:00,2,2,390,3011,3614.9999999999995,3.7280829756661555,0,0,63.434948594586345,10.241900260301227,14.808593503534643,0,57,0,1,1,1,16.90173311677098,0,0,3401,0,63.434948594586345,0.007612193831350362,0,0,0,0,0,0,0,0,14.710034270275772,17,22,0,0
2,2015-01-01 00:00:00,20:20:00,2,2,370,3011,3594.9999999999995,3.725970763883827,0,0,3353.2871097446982,10.238830558228761,14.898962546211063,1,57,0,1,1,1,16.830537891830968,0,0,3381,0,3353.2871097446982,0.40239445316936384,0,0,0,0,0,0,0,0,14.808593503534643,17,22,0,0
2,2015-01-01 00:00:00,20:21:00,2,2,370,3011,3594.9999999999995,3.7236085521014988,0,0,63.15155618068341,10.235853463761789,14.985125012746847,0,57,0,1,1,1,16.764838050143215,0,0,3381,0,63.15155618068341,0.00757818674168201,0,0,0,0,0,0,0,0,14.898962546211063,17,22,0,0
2,2015-01-01 00:00:00,20:22:00,2,2,370,577,1161,3.7212463403191705,0,0,63.02231248087973,10.23296464631933,14.924739056080666,0,57,0,1,1,1,16.704303593088916,0,0,947,0,63.02231248087973,0.007562677497705568,0,0,0,0,0,0,0,0,14.985125012746847,17,22,0,0
2,2015-01-01 00:00:00,20:23:00,2,2,370,577,1161,3.718884128536842,0,0,63.112891415879,10.230019958632422,14.868208004441668,0,57,0,1,1,1,16.643774187068228,0,0,947,0,63.112891415879,0.007573546969905481,0,0,0,0,0,0,0,0,14.924739056080666,17,22,0,0
2,2015-01-01 00:00:00,20:24:00,2,2,370,577,1161,3.719771916754514,0,0,63.197687993337496,10.227027075743068,14.81298331019021,0,57,0,1,1,1,16.583380779495897,0,0,947,0,63.197687993337496,0.0075837225592005,0,0,0,0,0,0,0,0,14.868208004441668,17,22,0,0
2,2015-01-01 00:00:00,20:25:00,2,2,370,577,1161,3.7199097049721854,0,0,63.280525034714685,10.22398651447012,14.75905374369471,0,57,0,1,1,1,16.523163178499104,0,0,947,0,63.280525034714685,0.007593663004165763,0,0,0,0,0,0,0,0,14.81298331019021,17,22,0,0
2,2015-01-01 00:00:00,20:26:00,2,2,310,577,1101,3.719797493189857,0,0,63.36141938445794,10.220899359279532,14.70285755542935,0,57,0,1,1,1,16.463159456226844,0,0,887,0,63.36141938445794,0.007603370326134953,0,0,0,0,0,0,0,0,14.75905374369471,17,22,0,0
2,2015-01-01 00:00:00,20:27:00,2,2,310,577,1101,3.715185281407529,0,0,63.44571366685597,10.217758265344218,14.648032734754677,0,57,0,1,1,1,16.403285241914006,0,0,887,0,63.44571366685597,0.007613485640022718,0,0,0,0,0,0,0,0,14.70285755542935,17,22,0,0
2,2015-01-01 00:00:00,20:28:00,2,2,210,439,863,3.7098230696252004,0,0,63.52795089786798,10.214563825646248,14.580531798044554,0,57,0,1,1,1,16.343582775684098,0,0,649,0,63.52795089786798,0.007623354107744159,0,0,0,0,0,0,0,0,14.648032734754677,17,22,0,0
2,2015-01-01 00:00:00,20:29:00,2,2,210,439,863,3.704460857842872,0,0,63.629202302933166,10.211303702380212,14.514995568218858,0,57,0,1,1,1,16.283615055356222,0,0,649,0,63.629202302933166,0.007635504276351981,0,0,0,0,0,0,0,0,14.580531798044554,17,22,0,0
2,2015-01-01 00:00:00,20:30:00,2,2,210,439,863,3.6995986460605437,0,0,63.72750664767172,10.207980545999483,14.451112112156935,0,57,0,1,1,1,16.223457929943386,0,0,649,0,63.72750664767172,0.007647300797720607,0,0,0,0,0,0,0,0,14.514995568218858,17,22,0,0
2,2015-01-01 00:00:00,20:31:00,2,2,210,439,863,3.6949864342782153,0,0,63.8233318317646,10.20459640496811,14.388821317854587,0,57,0,1,1,1,16.163174058590105,0,0,649,0,63.8233318317646,0.007658799819811752,0,0,0,0,0,0,0,0,14.451112112156935,17,22,0,0
2,2015-01-01 00:00:00,20:32:00,2,2,210,439,863,3.690374222495887,0,0,63.91676802321812,10.2011529744204,14.328061010475745,0,57,0,1,1,1,16.10282192455148,0,0,649,0,63.91676802321812,0.0076700121627861755,0,0,0,0,0,0,0,0,14.388821317854587,17,22,0,0
2,2015-01-01 00:00:00,20:33:00,2,2,210,439,863,3.6907620107135584,0,0,21749.999999999996,10.19765768263621,14.268793687279631,0,57,1,1,1,1,19.709410442950492,0,0,649,21685.99209151571,64.00790848428639,2.61,0,0,0,0,0,0,0,0,14.328061010475745,17,22,0,0
2,2015-01-01 00:00:00,20:34:00,2,2,210,577,1001,3.6968997989312298,0,0,21749.999999999996,10.194118774822751,14.262251949294493,0,57,1,1,1,1,23.19129495459056,0,0,787,21685.903190530917,64.09680946908055,2.61,0,0,0,0,0,0,0,0,14.268793687279631,17,22,0,0
2,2015-01-01 00:00:00,20:35:00,2,2,210,577,1001,3.7032875871489015,0,0,21749.999999999996,10.190588427957334,14.296067959723686,0,57,1,1,1,1,26.554523852916297,0,0,787,21685.893377923938,64.10662207605826,2.61,0,0,0,0,0,0,0,0,14.262251949294493,17,22,0,0
2,2015-01-01 00:00:00,20:36:00,2,2,160,577,951,3.710675375366573,0,0,21749.999999999996,10.187107427701436,14.364591472255379,0,57,1,1,1,1,29.80451599200687,0,0,737,21685.94410193958,64.05589806041448,2.61,0,0,0,0,0,0,0,0,14.296067959723686,17,22,0,0
2,2015-01-01 00:00:00,20:37:00,2,2,160,577,951,3.717813163584245,0,0,21749.999999999996,10.183709472516293,14.468192404998916,0,57,1,1,1,1,32.94631229280051,0,0,737,21686.04688720838,63.95311279161693,2.61,0,0,0,0,0,0,0,0,14.364591472255379,17,22,0,0
2,2015-01-01 00:00:00,20:38:00,2,2,210,754,1036.4,3.7252009518019165,0,0,21749.999999999996,10.18042913184961,14.6092648095597,0,57,1,1,1,1,35.9847948924142,0,0,964,21686.202288607496,63.797711392501625,2.61,0,0,0,0,0,0,0,0,14.468192404998916,17,22,0,0
2,2015-01-01 00:00:00,20:39:00,2,2,310,754,1136.4,3.732838740019588,0,0,21749.999999999996,10.177303252841842,14.78599265690001,0,57,1,1,1,1,38.9247619064329,0,0,1064,21686.413897214337,63.58610278566045,2.61,0,0,0,0,0,0,0,0,14.6092648095597,17,22,0,0
2,2015-01-01 00:00:00,20:40:00,2,2,310,577,1101,3.7399765282372597,0,0,21749.999999999996,10.174365950102041,14.987968304303575,0,57,1,1,1,1,41.770786018918706,0,0,887,21686.678988985346,63.32101101464998,2.61,0,0,0,0,0,0,0,0,14.78599265690001,17,22,0,0
2,2015-01-01 00:00:00,20:41:00,2,2,310,577,1101,3.747614316454931,0,0,21749.999999999996,10.171642201051515,15.215375058223902,0,57,1,1,1,1,44.52692773921633,0,0,887,21686.981952456452,63.01804754354464,2.61,0,0,0,0,0,0,0,0,14.987968304303575,17,22,0,0
2,2015-01-01 00:00:00,20:42:00,2,2,310,577,1101,3.7550021046726028,0,0,21749.999999999996,10.169156240001232,15.466191754176418,0,57,1,1,1,1,47.19711574551496,0,0,887,21687.323062587333,62.676937412664145,2.61,0,0,0,0,0,0,0,0,15.215375058223902,17,22,0,0
2,2015-01-01 00:00:00,20:43:00,2,2,310,577,1101,3.7613898928902745,0,0,21749.999999999996,10.166929394236432,15.738552744531404,0,57,1,1,1,1,49.785075827754746,0,0,887,21687.69928763126,62.300712368735375,2.61,0,0,0,0,0,0,0,0,15.466191754176418,17,22,0,0
2,2015-01-01 00:00:00,20:44:00,2,2,210,577,1001,3.768027681107946,0,0,21749.999999999996,10.16498256215218,16.024855556981304,0,57,1,1,1,1,52.29434311772192,0,0,787,21688.107829116794,61.892170883202894,2.61,0,0,0,0,0,0,0,0,15.738552744531404,17,22,0,0
2,2015-01-01 00:00:00,20:45:00,2,2,160,577,951,3.768665469325618,0,0,21749.999999999996,10.16332188196698,16.32667502452739,0,57,1,1,1,1,54.728071988841556,0,0,737,21688.537283335467,61.462716664528045,2.61,0,0,0,0,0,0,0,0,16.024855556981304,17,22,0,0
2,2015-01-01 00:00:00,20:46:00,2,2,160,577,951,3.7698032575432894,0,0,9393.719158187037,10.161962562957756,16.64544425671324,0,57,1,1,1,1,55,0,0,737,9332.709170723829,61.009987463208915,1.1272462989824446,0,0,0,0,0,0,0,0,16.32667502452739,17,22,0,0
2,2015-01-01 00:00:00,20:47:00,2,2,160,577,951,3.770191045760961,0,0,60.531833614930136,10.160919740141109,16.955042136178978,0,57,1,1,1,1,53.695423274037864,0,0,737,0,60.531833614930136,0.007263820033791617,0,0,0,0,0,0,0,0,16.64544425671324,17,22,0,0
2,2015-01-01 00:00:00,20:48:00,2,2,160,577,951,3.7730788339786323,0,0,60.06743679573153,10.160186625291768,17.237686766345504,0,57,1,1,1,1,52.445750446219535,0,0,737,0,60.06743679573153,0.007208092415487785,0,0,0,0,0,0,0,0,16.955042136178978,17,22,0,0
2,2015-01-01 00:00:00,20:49:00,2,2,260,577,1051,3.777716622196304,0,0,59.64346985048174,10.159738107443642,17.50120019319877,0,57,1,1,1,1,51.24819725982926,0,0,837,0,59.64346985048174,0.00715721638205781,0,0,0,0,0,0,0,0,17.237686766345504,17,22,0,0
2,2015-01-01 00:00:00,20:50:00,2,2,360,577,1151,3.781604410413976,0,0,59.248199710201845,10.15955391428139,17.7467981705433,0,57,1,1,1,1,50.100340216746595,0,0,937,0,59.248199710201845,0.007109783965224222,0,0,0,0,0,0,0,0,17.50120019319877,17,22,0,0
2,2015-01-01 00:00:00,20:51:00,2,2,360,754,1186.4,3.7857421986316475,0,0,58.87980274418505,10.15961617074673,17.971949677525657,0,57,1,1,1,1,48.99987960293016,0,0,1114,0,58.87980274418505,0.007065576329302207,0,0,0,0,0,0,0,0,17.7467981705433,17,22,0,0
2,2015-01-01 00:00:00,20:52:00,2,2,360,754,1186.4,3.7896299868493193,0,0,58.542075483711514,10.159903973997446,18.175959681713994,0,57,1,1,1,1,47.94450783675994,0,0,1114,0,58.542075483711514,0.007025049058045382,0,0,0,0,0,0,0,0,17.971949677525657,17,22,0,0
2,2015-01-01 00:00:00,20:53:00,2,2,360,577,1151,3.793017775066991,0,0,58.23606047742901,10.16039549332264,18.35810128316252,0,57,1,1,1,1,46.931972185227764,0,0,937,0,58.23606047742901,0.006988327257291481,0,0,0,0,0,0,0,0,18.175959681713994,17,22,0,0
2,2015-01-01 00:00:00,20:54:00,2,2,360,577,1151,3.7966555632846624,0,0,57.96284807525622,10.161069100396318,18.521796998811297,0,57,1,1,1,1,45.96007181440922,0,0,937,0,57.96284807525622,0.006955541769030747,0,0,0,0,0,0,0,0,18.35810128316252,17,22,0,0
2,2015-01-01 00:00:00,20:55:00,2,2,360,565,1139,3.802293351502334,0,0,57.717304501783055,10.161908604490549,18.667479094673947,0,57,1,1,1,1,45.02679716081745,0,0,925,0,57.717304501783055,0.006926076540213967,0,0,0,0,0,0,0,0,18.521796998811297,17,22,0,0
2,2015-01-01 00:00:00,20:56:00,2,2,360,565,1139,3.8086811397200058,0,0,57.49878135798908,10.162896824718926,18.79698721174366,0,57,1,1,1,1,44.1302217163908,0,0,925,0,57.49878135798908,0.00689985376295869,0,0,0,0,0,0,0,0,18.667479094673947,17,22,0,0
2,2015-01-01 00:00:00,20:57:00,2,2,260,565,1039,3.8160689279376774,0,0,21749.999999999996,10.16401871401277,18.905489438707257,0,57,1,1,1,1,46.93663510703619,0,0,825,21692.695480817612,57.30451918238451,2.61,0,0,0,0,0,0,0,0,18.79698721174366,17,22,0,0
2,2015-01-01 00:00:00,20:58:00,2,2,360,565,1139,3.822706716155349,0,0,21749.999999999996,10.165252481776784,19.049178011852977,0,57,1,1,1,1,49.651310332330745,0,0,925,21692.85823415806,57.14176584193912,2.61,0,0,0,0,0,0,0,0,18.905489438707257,17,22,0,0
2,2015-01-01 00:00:00,20:59:00,2,2,260,565,1039,3.8298445043730207,0,0,56.92623298222053,10.166633032593873,19.213032528596752,0,57,1,1,1,1,48.61042147789273,0,0,825,0,56.92623298222053,0.006831147957866465,0,0,0,0,0,0,0,0,19.049178011852977,17,22,0,0
2,2015-01-01 00:00:00,21:00:00,2,2,260,565,1039,3.835982292590692,0,0,3346.680451207105,10.168178702011405,19.358154914491276,1,57,1,1,1,1,47.61051028914117,0,0,825,0,3346.680451207105,0.4016016541448526,0,0,0,0,0,0,0,0,19.213032528596752,17,22,0,0
2,2015-01-01 00:00:00,21:01:00,2,2,300,565,1079,3.8403700808083636,0,0,56.46276762826309,10.16986870607272,19.488699874379645,0,57,1,1,1,1,46.649545820615664,0,0,865,0,56.46276762826309,0.006775532115391571,0,0,0,0,0,0,0,0,19.358154914491276,17,22,0,0
2,2015-01-01 00:00:00,21:02:00,2,2,300,565,1079,3.8450078690260354,0,0,56.266950188430535,10.17168870574981,19.60327381979287,0,57,1,1,1,1,45.72570752312464,0,0,865,0,56.266950188430535,0.006752034022611665,0,0,0,0,0,0,0,0,19.488699874379645,17,22,0,0
2,2015-01-01 00:00:00,21:03:00,2,2,300,565,1079,3.849645657243707,0,0,56.095089270310694,10.173622733877878,19.702944108087475,0,57,0,1,1,1,44.83718936995009,0,0,865,0,56.095089270310694,0.006731410712437284,0,0,0,0,0,0,0,0,19.60327381979287,17,22,0,0
2,2015-01-01 00:00:00,21:04:00,2,2,300,742,1114.4,3.8557834454613786,0,0,55.94558383786879,10.175657645339676,19.79075557067931,0,57,0,1,1,1,43.98228306852619,0,0,1042,0,55.94558383786879,0.006713470060544255,0,0,0,0,0,0,0,0,19.702944108087475,17,22,0,0
2,2015-01-01 00:00:00,21:05:00,2,2,320,742,1134.4,3.8589212336790504,0,0,55.81386664398104,10.177778096120614,19.866591949732022,0,57,0,1,1,1,43.15944199717086,0,0,1062,0,55.81386664398104,0.006697663997277725,0,0,0,0,0,0,0,0,19.79075557067931,17,22,0,0
2,2015-01-01 00:00:00,21:06:00,2,2,320,565,1099,3.861559021896722,0,0,55.70011207540197,10.179971559794511,19.92804249929989,0,57,0,1,1,1,42.36716818603348,0,0,885,0,55.70011207540197,0.006684013449048237,0,0,0,0,0,0,0,0,19.866591949732022,17,22,0,0
2,2015-01-01 00:00:00,21:07:00,2,2,320,565,1099,3.8634468101143935,0,0,55.60793625105016,10.182222878736713,19.978121728091235,0,57,0,1,1,1,41.603932618457506,0,0,885,0,55.60793625105016,0.00667295235012602,0,0,0,0,0,0,0,0,19.92804249929989,17,22,0,0
2,2015-01-01 00:00:00,21:08:00,2,2,320,565,1099,3.864584598332065,0,0,55.53281740786315,10.184519889016066,20.017551931983704,0,57,0,1,1,1,40.86836081946546,0,0,885,0,55.53281740786315,0.0066639380889435785,0,0,0,0,0,0,0,0,19.978121728091235,17,22,0,0
2,2015-01-01 00:00:00,21:09:00,2,2,320,776,1310,3.8597223865497368,0,0,55.473672102024445,10.18684507453977,20.059379236350324,0,57,0,1,1,1,40.159149632816415,0,0,1096,0,55.473672102024445,0.006656840652242934,0,0,0,0,0,0,0,0,20.017551931983704,17,22,0,0
2,2015-01-01 00:00:00,21:10:00,2,2,320,776,1310,3.8548601747674085,0,0,55.410931145474514,10.189200729691263,20.09126092973078,0,57,0,1,1,1,39.47548397307267,0,0,1096,0,55.410931145474514,0.0066493117374569425,0,0,0,0,0,0,0,0,20.059379236350324,17,22,0,0
2,2015-01-01 00:00:00,21:11:00,2,2,320,776,1310,3.8499979629850802,0,0,55.36310860540383,10.191577019384868,20.114073442191213,0,57,0,1,1,1,38.816156658673286,0,0,1096,0,55.36310860540383,0.00664357303264846,0,0,0,0,0,0,0,0,20.09126092973078,17,22,0,0
2,2015-01-01 00:00:00,21:12:00,2,2,320,776,1310,3.845135751202752,0,0,55.32888983671318,10.193964990539845,20.12843328507762,0,57,0,1,1,1,38.180031379201104,0,0,1096,0,55.32888983671318,0.006639466780405582,0,0,0,0,0,0,0,0,20.114073442191213,17,22,0,0
2,2015-01-01 00:00:00,21:13:00,2,2,320,776,1310,3.8427735394204237,0,0,55.30735007238357,10.196359213792693,20.134934995402983,0,57,0,1,1,1,37.566031444026834,0,0,1096,0,55.30735007238357,0.0066368820086860295,0,0,0,0,0,0,0,0,20.12843328507762,17,22,0,0
2,2015-01-01 00:00:00,21:14:00,2,2,420,776,1410,3.840161327638095,0,0,55.29759750689553,10.198751666618909,20.139981010968178,0,57,0,1,1,1,36.97313700699881,0,0,1196,0,55.29759750689553,0.0066357117008274645,0,0,0,0,0,0,0,0,20.134934995402983,17,22,0,0
2,2015-01-01 00:00:00,21:15:00,2,2,480,776,1470,3.8372991158557666,0,0,55.29002848354773,10.201140632952505,20.141429201592754,0,57,0,1,1,1,36.40058068060321,0,0,1256,0,55.29002848354773,0.0066348034180257285,0,0,0,0,0,0,0,0,20.139981010968178,17,22,0,0
2,2015-01-01 00:00:00,21:16:00,2,2,380,776,1370,3.834686904073438,0,0,55.28785619761087,10.203522875920193,20.130323209240647,0,57,0,1,1,1,35.84754831737156,0,0,1156,0,55.28785619761087,0.006634542743713306,0,0,0,0,0,0,0,0,20.141429201592754,17,22,0,0
2,2015-01-01 00:00:00,21:17:00,2,2,380,953,1405.4,3.8315746922911096,0,0,55.30451518613903,10.20588549784893,20.11543729888064,0,57,0,1,1,1,35.31294882389772,0,0,1333,0,55.30451518613903,0.006636541822336684,0,0,0,0,0,0,0,0,20.130323209240647,17,22,0,0
2,2015-01-01 00:00:00,21:18:00,2,2,380,953,1405.4,3.8284624805087812,0,0,55.32684405167904,10.208224827656746,20.094917815431817,0,57,0,1,1,1,34.79602666318285,0,0,1333,0,55.32684405167904,0.006639221286201485,0,0,0,0,0,0,0,0,20.11543729888064,17,22,0,0
2,2015-01-01 00:00:00,21:19:00,2,2,380,1271,1469,3.824350268726453,0,0,55.35762327685227,10.21053422166245,20.072934877612816,0,57,0,1,1,1,34.29598894727295,0,0,1651,0,55.35762327685227,0.006642914793222273,0,0,0,0,0,0,0,0,20.094917815431817,17,22,0,0
2,2015-01-01 00:00:00,21:20:00,2,2,380,1271,1469,3.8194880569441247,0,0,55.39059768358078,10.21281143671966,20.04594830650233,0,57,0,1,1,1,33.81221159796478,0,0,1651,0,55.39059768358078,0.006646871722029694,0,0,0,0,0,0,0,0,20.072934877612816,17,22,0,0
2,2015-01-01 00:00:00,21:21:00,2,2,380,1283,1481,3.8146258451617965,0,0,55.431077540246505,10.215051626557944,20.015097840533716,0,57,0,1,1,1,33.34397134995586,0,0,1663,0,55.431077540246505,0.006651729304829581,0,0,0,0,0,0,0,0,20.04594830650233,17,22,0,0
2,2015-01-01 00:00:00,21:22:00,2,2,280,1638,1736,3.810013633379468,0,0,55.477353239199424,10.217251364773311,19.99492175446441,0,57,0,1,1,1,32.89060830541769,0,0,1918,0,55.477353239199424,0.0066572823887039315,0,0,0,0,0,0,0,0,20.015097840533716,17,22,0,0
2,2015-01-01 00:00:00,21:23:00,2,2,260,1638,1716,3.8056514215971395,0,0,55.507617368303386,10.219421513612412,19.968857188065474,0,57,0,1,1,1,32.45197951116758,0,0,1898,0,55.507617368303386,0.006660914084196407,0,0,0,0,0,0,0,0,19.99492175446441,17,22,0,0
2,2015-01-01 00:00:00,21:24:00,2,2,320,3570,2162.4,3.810539209814811,0,0,55.54671421790179,10.22156707807745,19.964912354477697,0,57,0,1,1,1,32.02738351378316,0,0,3890,0,55.54671421790179,0.006665605706148215,0,0,0,0,0,0,0,0,19.968857188065474,17,22,0,0
2,2015-01-01 00:00:00,21:25:00,2,2,320,3570,2162.4,3.815176998032483,0,0,55.55263146828345,10.223709549700866,19.955827816177674,0,57,0,1,1,1,31.617095379112904,0,0,3890,0,55.55263146828345,0.006666315776194015,0,0,0,0,0,0,0,0,19.964912354477697,17,22,0,0
2,2015-01-01 00:00:00,21:26:00,2,2,260,3215,1747.4,3.8203147862501545,0,0,55.56625827573349,10.225844466031678,19.91810951435801,0,57,0,1,1,1,31.22045362527157,0,0,3475,0,55.56625827573349,0.0066679509930880195,0,0,0,0,0,0,0,0,19.955827816177674,17,22,0,0
2,2015-01-01 00:00:00,21:27:00,2,2,260,3215,1747.4,3.825452574467826,0,0,55.62283572846298,10.22794371558903,19.877676937290445,0,57,0,1,1,1,30.836020152111246,0,0,3475,0,55.62283572846298,0.0066747402874155586,0,0,0,0,0,0,0,0,19.91810951435801,17,22,0,0
2,2015-01-01 00:00:00,21:28:00,2,2,260,3215,1747.4,3.8303403626854977,0,0,55.68348459406433,10.230004418574214,19.834358562798148,0,57,0,1,1,1,30.463287389702376,0,0,3475,0,55.68348459406433,0.006682018151287721,0,0,0,0,0,0,0,0,19.877676937290445,17,22,0,0
2,2015-01-01 00:00:00,21:29:00,2,2,260,3215,1747.4,3.8264781509031693,0,0,55.74846215580278,10.232013676517399,19.788365683680535,0,57,0,1,1,1,30.101759198311075,0,0,3475,0,55.74846215580278,0.006689815458696334,0,0,0,0,0,0,0,0,19.834358562798148,17,22,0,0
2,2015-01-01 00:00:00,21:30:00,2,2,260,3215,1747.4,3.8318659391208407,0,0,55.8174514744792,10.233979698402221,19.73996692954089,0,57,0,1,1,1,29.750963500534528,0,0,3475,0,55.8174514744792,0.0066980941769375045,0,0,0,0,0,0,0,0,19.788365683680535,17,22,0,0
2,2015-01-01 00:00:00,21:31:00,2,2,260,3004,1536.4,3.836253727338512,0,0,55.89004960568866,10.235899053914023,19.677016794964818,0,57,0,1,1,1,29.410453413085765,0,0,3264,0,55.89004960568866,0.00670680595268264,0,0,0,0,0,0,0,0,19.73996692954089,17,22,0,0
2,2015-01-01 00:00:00,21:32:00,2,2,360,3004,1636.4,3.8398915155561837,0,0,55.98447480755277,10.237756679143786,19.618586554770133,0,57,0,1,1,1,29.079384140360563,0,0,3364,0,55.98447480755277,0.006718136976906333,0,0,0,0,0,0,0,0,19.677016794964818,17,22,0,0
2,2015-01-01 00:00:00,21:33:00,2,2,260,3004,1536.4,3.8397793037738555,0,0,56.0721201678448,10.239552797927661,19.552582969212818,0,57,0,1,1,1,28.75758830411599,0,0,3264,0,56.0721201678448,0.006728654420141377,0,0,0,0,0,0,0,0,19.618586554770133,17,22,0,0
2,2015-01-01 00:00:00,21:34:00,2,2,260,3004,1536.4,3.839917091991527,0,0,56.171125546180775,10.241280392411698,19.485450777671637,0,57,0,1,1,1,28.444492884561463,0,0,3264,0,56.171125546180775,0.006740535065541694,0,0,0,0,0,0,0,0,19.552582969212818,17,22,0,0
2,2015-01-01 00:00:00,21:35:00,2,2,260,3004,1536.4,3.8425548802091987,0,0,56.27182383349255,10.242941399635964,19.41724098508392,0,57,0,1,1,1,28.139763561197864,0,0,3264,0,56.27182383349255,0.0067526188600191064,0,0,0,0,0,0,0,0,19.485450777671637,17,22,0,0
2,2015-01-01 00:00:00,21:36:00,2,2,260,3004,1536.4,3.8391926684268705,0,0,56.37413852237412,10.244527946246205,19.348064799862765,0,57,0,1,1,1,27.843079119833444,0,0,3264,0,56.37413852237412,0.006764896622684895,0,0,0,0,0,0,0,0,19.41724098508392,17,22,0,0
2,2015-01-01 00:00:00,21:37:00,2,2,260,3004,1536.4,3.836830456644542,0,0,56.477902800205854,10.24604040198802,19.27805447951185,0,57,0,1,1,1,27.554133054528318,0,0,3264,0,56.477902800205854,0.006777348336024704,0,0,0,0,0,0,0,0,19.348064799862765,17,22,0,0
2,2015-01-01 00:00:00,21:38:00,2,2,260,3004,1536.4,3.834468244862214,0,0,56.58291828073222,10.247478106164468,19.207329020694484,0,57,0,1,1,1,27.272633783269253,0,0,3264,0,56.58291828073222,0.006789950193687867,0,0,0,0,0,0,0,0,19.27805447951185,17,22,0,0
2,2015-01-01 00:00:00,21:39:00,2,2,260,3004,1536.4,3.8323560330798854,0,0,56.689006468958276,10.248840806279764,19.1360007555214,0,57,0,1,1,1,26.998303689304123,0,0,3264,0,56.689006468958276,0.006802680776274994,0,0,0,0,0,0,0,0,19.207329020694484,17,22,0,0
2,2015-01-01 00:00:00,21:40:00,2,2,260,3004,1536.4,3.827243821297557,0,0,56.795998866717895,10.250124592121633,19.064160580440117,0,57,0,1,1,1,26.730878419447567,0,0,3264,0,56.795998866717895,0.006815519864006148,0,0,0,0,0,0,0,0,19.1360007555214,17,22,0,0
2,2015-01-01 00:00:00,21:41:00,2,2,260,3004,1536.4,3.8221316095152282,0,0,56.903759129339825,10.25132912985427,18.991906030281363,0,57,0,1,1,1,26.47010570383507,0,0,3264,0,56.903759129339825,0.00682845109552078,0,0,0,0,0,0,0,0,19.064160580440117,17,22,0,0
2,2015-01-01 00:00:00,21:42:00,2,2,260,3076,1550.8,3.8182693977329,0,0,57.01214095457796,10.252455631630884,18.920176330361837,0,57,0,1,1,1,26.215745170721,0,0,3336,0,57.01214095457796,0.006841456914549356,0,0,0,0,0,0,0,0,18.991906030281363,17,22,0,0
2,2015-01-01 00:00:00,21:43:00,2,2,260,3076,1550.8,3.8144071859505715,0,0,57.119735504457246,10.25350478016988,18.84816726043588,0,57,0,1,1,1,25.967596570708782,0,0,3336,0,57.119735504457246,0.00685436826053487,0,0,0,0,0,0,0,0,18.920176330361837,17,22,0,0
2,2015-01-01 00:00:00,21:44:00,2,2,310,3076,1600.8,3.810794974168243,0,0,57.22774910934618,10.254476756614265,18.77890223527393,0,57,0,1,1,1,25.72543911117569,0,0,3386,0,57.22774910934618,0.006867329893121542,0,0,0,0,0,0,0,0,18.84816726043588,17,22,0,0
2,2015-01-01 00:00:00,21:45:00,2,2,310,3076,1600.8,3.8104327623859144,0,0,57.33164664708911,10.255378190406503,18.709384300905946,0,57,0,1,1,1,25.489162346689234,0,0,3386,0,57.33164664708911,0.006879797597650694,0,0,0,0,0,0,0,0,18.77890223527393,17,22,0,0
2,2015-01-01 00:00:00,21:46:00,2,2,410,3076,1700.8,3.805320550603586,0,0,57.435923548641085,10.256203476242899,18.645573133288362,0,57,0,1,1,1,25.258557651254428,0,0,3486,0,57.435923548641085,0.006892310825836931,0,0,0,0,0,0,0,0,18.709384300905946,17,22,0,0
2,2015-01-01 00:00:00,21:47:00,2,2,310,3076,1600.8,3.8004583388212576,0,0,57.53164030006746,10.256958673017028,18.5755136532867,0,57,0,1,1,1,25.033626205065104,0,0,3386,0,57.53164030006746,0.0069037968360080955,0,0,0,0,0,0,0,0,18.645573133288362,17,22,0,0
2,2015-01-01 00:00:00,21:48:00,2,2,310,3076,1600.8,3.7930961270389294,0,0,57.63672952006995,10.25763489405237,18.50554375150561,0,57,0,1,1,1,24.813962512827743,0,0,3386,0,57.63672952006995,0.0069164075424083945,0,0,0,0,0,0,0,0,18.5755136532867,17,22,0,0
2,2015-01-01 00:00:00,21:49:00,2,2,310,2938,1462.8,3.785733915256601,0,0,57.74168437274159,10.258232396501635,18.427539059983694,0,57,0,1,1,1,24.599390446116107,0,0,3248,0,57.74168437274159,0.006929002124728991,0,0,0,0,0,0,0,0,18.50554375150561,17,22,0,0
2,2015-01-01 00:00:00,21:50:00,2,2,310,4921,1859.4,3.778371703474273,0,0,57.85869141002446,10.258743456196484,18.373291978788295,0,57,0,1,1,1,24.389463528220446,0,0,5231,0,57.85869141002446,0.006943042969202937,0,0,0,0,0,0,0,0,18.427539059983694,17,22,0,0
2,2015-01-01 00:00:00,21:51:00,2,2,260,4791,1679.4,3.7710094916919448,0,0,57.94006203181756,10.259191595984287,18.307686591477516,0,57,0,1,1,1,24.184831842865613,0,0,5051,0,57.94006203181756,0.006952807443818108,0,0,0,0,0,0,0,0,18.373291978788295,17,22,0,0
2,2015-01-01 00:00:00,21:52:00,2,2,260,4791,1679.4,3.7636472799096166,0,0,58.03847011278373,10.259565793084159,18.242316547664643,0,57,0,1,1,1,23.984928943158536,0,0,5051,0,58.03847011278373,0.006964616413534048,0,0,0,0,0,0,0,0,18.307686591477516,17,22,0,0
2,2015-01-01 00:00:00,21:53:00,2,2,260,4791,1679.4,3.7562850681272884,0,0,58.136525178503035,10.259866437057424,18.17704083161529,0,57,0,1,1,1,23.78960199093085,0,0,5051,0,58.136525178503035,0.006976383021420365,0,0,0,0,0,0,0,0,18.242316547664643,17,22,0,0
2,2015-01-01 00:00:00,21:54:00,2,2,260,4791,1679.4,3.74892285634496,0,0,58.23443875257706,10.260093778107723,18.111910429776408,0,57,0,1,1,1,23.598698550137804,0,0,5051,0,58.23443875257706,0.0069881326503092485,0,0,0,0,0,0,0,0,18.17704083161529,17,22,0,0
2,2015-01-01 00:00:00,21:55:00,2,2,260,4933,1821.4,3.741560644562632,0,0,58.332134355335384,10.260248115988048,18.055283229217302,0,57,0,1,1,1,23.41207310386701,0,0,5193,0,58.332134355335384,0.0069998561226402465,0,0,0,0,0,0,0,0,18.111910429776408,17,22,0,0
2,2015-01-01 00:00:00,21:56:00,2,2,260,4933,1821.4,3.7341984327803037,0,0,58.41707515617405,10.26033795997128,17.998438029212828,0,57,0,1,1,1,23.229869366634027,0,0,5193,0,58.41707515617405,0.007010049018740887,0,0,0,0,0,0,0,0,18.055283229217302,17,22,0,0
2,2015-01-01 00:00:00,21:57:00,2,2,300,4933,1861.4,3.7268362209979755,0,0,58.502342956180755,10.260363234050285,17.94391570813614,0,57,0,1,1,1,23.05192952522514,0,0,5233,0,58.502342956180755,0.007020281154741691,0,0,0,0,0,0,0,0,17.998438029212828,17,22,0,0
2,2015-01-01 00:00:00,21:58:00,2,2,300,4933,1861.4,3.7194740092156473,0,0,58.58412643779579,10.26032635834924,17.889294404484737,0,57,0,1,1,1,22.878187558657487,0,0,5233,0,58.58412643779579,0.0070300951725354955,0,0,0,0,0,0,0,0,17.94391570813614,17,22,0,0
2,2015-01-01 00:00:00,21:59:00,2,2,300,4933,1861.4,3.712111797433319,0,0,58.66605839327289,10.260227368753414,17.834664850679673,0,57,0,1,1,1,22.70849731531828,0,0,5233,0,58.66605839327289,0.007039927007192748,0,0,0,0,0,0,0,0,17.889294404484737,17,22,0,0
2,2015-01-01 00:00:00,22:00:00,2,2,300,4933,1861.4,3.704749585650991,0,0,58.74800272398049,10.260066390199949,17.780072271157277,0,57,0,1,1,1,22.54272070087479,0,0,5233,0,58.74800272398049,0.00704976032687766,0,0,0,0,0,0,0,0,17.834664850679673,17,22,0,0
2,2015-01-01 00:00:00,22:01:00,2,2,300,4933,1861.4,3.6993873738686625,0,0,58.82989159326409,10.259845910924376,17.725567908024487,0,57,0,1,1,1,22.380725856326574,0,0,5233,0,58.82989159326409,0.007059586991191691,0,0,0,0,0,0,0,0,17.780072271157277,17,22,0,0
2,2015-01-01 00:00:00,22:02:00,2,2,300,4933,1861.4,3.695775162086334,0,0,58.91164813796327,10.259568174276481,17.671198389059427,0,57,0,1,1,1,22.222387150602014,0,0,5233,0,58.91164813796327,0.007069397776555593,0,0,0,0,0,0,0,0,17.725567908024487,17,22,0,0
2,2015-01-01 00:00:00,22:03:00,2,2,300,4933,1861.4,3.6921629503040054,0,0,58.99320241641086,10.259233435356377,17.616999673718986,0,57,0,1,1,1,22.067584811774033,0,0,5233,0,58.99320241641086,0.007079184289969304,0,0,0,0,0,0,0,0,17.671198389059427,17,22,0,0
2,2015-01-01 00:00:00,22:04:00,2,2,300,4933,1861.4,3.688550738521677,0,0,59.074500489421524,10.258841984041657,17.56300512576385,0,57,0,1,1,1,21.91620436490141,0,0,5233,0,59.074500489421524,0.007088940058730584,0,0,0,0,0,0,0,0,17.616999673718986,17,22,0,0
2,2015-01-01 00:00:00,22:05:00,2,2,300,4933,1861.4,3.6849385267393484,0,0,59.15549231135422,10.258394142363084,17.509245545068804,0,57,0,1,1,1,21.7681363635702,0,0,5233,0,59.15549231135422,0.007098659077362507,0,0,0,0,0,0,0,0,17.56300512576385,17,22,0,0
2,2015-01-01 00:00:00,22:06:00,2,2,300,4933,1861.4,3.68132631495702,0,0,59.236131682396795,10.257890261917153,17.455749324140843,0,57,0,1,1,1,21.623276131648385,0,0,5233,0,59.236131682396795,0.0071083358018876166,0,0,0,0,0,0,0,0,17.509245545068804,17,22,0,0
2,2015-01-01 00:00:00,22:07:00,2,2,300,4933,1861.4,3.6779641031746917,0,0,59.316376013788734,10.25733101133056,17.40254367153249,0,57,0,1,1,1,21.48152351914813,0,0,5233,0,59.316376013788734,0.0071179651216546486,0,0,0,0,0,0,0,0,17.455749324140843,17,22,0,0
2,2015-01-01 00:00:00,22:08:00,2,2,200,4933,1761.4,3.6758518913923632,0,0,59.396184492701266,10.256718244095964,17.34380320912217,0,57,0,1,1,1,21.34278270800474,0,0,5133,0,59.396184492701266,0.007127542139124153,0,0,0,0,0,0,0,0,17.40254367153249,17,22,0,0
2,2015-01-01 00:00:00,22:09:00,2,2,200,4933,1761.4,3.673489679610035,0,0,59.48429518631674,10.256046347965444,17.285719080099966,0,57,0,1,1,1,21.206762997158396,0,0,5133,0,59.48429518631674,0.00713811542235801,0,0,0,0,0,0,0,0,17.34380320912217,17,22,0,0
2,2015-01-01 00:00:00,22:10:00,2,1,200,4933,1698.4,3.6711274678277066,0,0,59.57142137985005,10.255316094319651,17.224509286863743,0,57,0,1,1,1,21.073394156442124,0,0,5133,0,59.57142137985005,0.007148570565582007,0,0,0,0,0,0,0,0,17.285719080099966,17,22,0,0
2,2015-01-01 00:00:00,22:11:00,2,1,140,2950,1241.8,3.668515256045378,0,0,59.66323606970438,10.254524247843383,17.137337644553853,0,57,0,1,1,1,20.94247970509592,0,0,3090,0,59.66323606970438,0.007159588328364527,0,0,0,0,0,0,0,0,17.224509286863743,17,22,0,0
2,2015-01-01 00:00:00,22:12:00,2,1,140,2950,1241.8,3.6659030442630494,0,0,59.79399353316922,10.253645437487066,17.052314458254653,0,57,0,1,1,1,20.81305310439721,0,0,3090,0,59.79399353316922,0.007175279223980307,0,0,0,0,0,0,0,0,17.137337644553853,17,22,0,0
2,2015-01-01 00:00:00,22:13:00,2,1,140,2950,1241.8,3.6632908324807207,0,0,59.92152831261802,10.252681960000425,16.968922550917558,0,57,0,1,1,1,20.68513682391617,0,0,3090,0,59.92152831261802,0.0071905833975141635,0,0,0,0,0,0,0,0,17.052314458254653,17,22,0,0
2,2015-01-01 00:00:00,22:14:00,2,1,140,2950,1241.8,3.6609286206983924,0,0,60.04661617362366,10.251635889070425,16.887125468910778,0,57,0,1,1,1,20.55873497789581,0,0,3090,0,60.04661617362366,0.00720559394083484,0,0,0,0,0,0,0,0,16.968922550917558,17,22,0,0
2,2015-01-01 00:00:00,22:15:00,2,1,140,2950,1241.8,3.658316408916064,0,0,60.169311796633835,10.25050867834787,16.806878356771744,0,57,0,1,1,1,20.43385030071945,0,0,3090,0,60.169311796633835,0.0072203174155960614,0,0,0,0,0,0,0,0,16.887125468910778,17,22,0,0
2,2015-01-01 00:00:00,22:16:00,2,1,80,2950,1181.8,3.656454197133735,0,0,60.289682464842386,10.2493028938778,16.72462973524576,0,57,0,1,1,1,20.310483908068168,0,0,3030,0,60.289682464842386,0.0072347618957810875,0,0,0,0,0,0,0,0,16.806878356771744,17,22,0,0
2,2015-01-01 00:00:00,22:17:00,2,1,140,2950,1241.8,3.654841985351407,0,0,60.41305539713136,10.248017027716752,16.64755536891076,0,57,0,1,1,1,20.1885160790606,0,0,3090,0,60.41305539713136,0.007249566647655764,0,0,0,0,0,0,0,0,16.72462973524576,17,22,0,0
2,2015-01-01 00:00:00,22:18:00,2,1,140,2950,1241.8,3.6519797735690784,0,0,60.52866694663386,10.246654884728828,16.571840547338123,0,57,0,1,1,1,20.068075238579315,0,0,3090,0,60.52866694663386,0.007263440033596065,0,0,0,0,0,0,0,0,16.64755536891076,17,22,0,0
2,2015-01-01 00:00:00,22:19:00,2,1,140,2950,1241.8,3.64911756178675,0,0,60.64223917899282,10.245217963805912,16.497511366281035,0,57,0,1,1,1,19.949155691258184,0,0,3090,0,60.64223917899282,0.007277068701479139,0,0,0,0,0,0,0,0,16.571840547338123,17,22,0,0
2,2015-01-01 00:00:00,22:20:00,2,1,140,2950,1241.8,3.6445053500044216,0,0,60.753732950578446,10.243705757015645,16.42452367174499,0,57,0,1,1,1,19.83175282306168,0,0,3090,0,60.753732950578446,0.007290447954069414,0,0,0,0,0,0,0,0,16.497511366281035,17,22,0,0
2,2015-01-01 00:00:00,22:21:00,2,1,140,2981,1272.8,3.637393138222093,0,0,60.86321449238252,10.242116844462196,16.354647774947615,0,57,0,1,1,1,19.715860675057712,0,0,3121,0,60.86321449238252,0.007303585739085903,0,0,0,0,0,0,0,0,16.42452367174499,17,22,0,0
2,2015-01-01 00:00:00,22:22:00,2,1,140,2981,1272.8,3.630030926439765,0,0,60.96802833757857,10.240454157345585,16.285937467643805,0,57,0,1,1,1,19.601533705666213,0,0,3121,0,60.96802833757857,0.00731616340050943,0,0,0,0,0,0,0,0,16.354647774947615,17,22,0,0
2,2015-01-01 00:00:00,22:23:00,2,1,140,2981,1272.8,3.622668714657437,0,0,61.07109379853429,10.238718998670992,16.218396688799906,0,57,0,1,1,1,19.48875832342055,0,0,3121,0,61.07109379853429,0.007328531255824116,0,0,0,0,0,0,0,0,16.285937467643805,17,22,0,0
2,2015-01-01 00:00:00,22:24:00,2,1,100,482,733,3.6153065028751086,0,0,61.172404966800144,10.236912672522033,16.120393989402054,0,57,0,1,1,1,19.377521533127332,0,0,582,0,61.172404966800144,0.007340688596016018,0,0,0,0,0,0,0,0,16.218396688799906,17,22,0,0
2,2015-01-01 00:00:00,22:25:00,2,1,100,482,733,3.6079442910927804,0,0,61.31940901589692,10.23500540782403,16.025211503513017,0,57,0,1,1,1,19.266734881980213,0,0,582,0,61.31940901589692,0.007358329081907632,0,0,0,0,0,0,0,0,16.120393989402054,17,22,0,0
2,2015-01-01 00:00:00,22:26:00,2,1,100,482,733,3.600582079310452,0,0,61.46218274473048,10.233000191143216,15.932211029215283,0,57,0,1,1,1,19.156478984753438,0,0,582,0,61.46218274473048,0.007375461929367658,0,0,0,0,0,0,0,0,16.025211503513017,17,22,0,0
2,2015-01-01 00:00:00,22:27:00,2,1,100,693,944.0000000000001,3.593219867528124,0,0,61.60168345617708,10.230899375727173,15.853677757392605,0,57,0,1,1,1,19.04681000667391,0,0,793,0,61.60168345617708,0.00739220201474125,0,0,0,0,0,0,0,0,15.932211029215283,17,22,0,0
2,2015-01-01 00:00:00,22:28:00,2,1,100,693,944.0000000000001,3.5858576557457957,0,0,61.719483363911095,10.22871737783396,15.776517804470469,0,57,0,1,1,1,18.938200066222162,0,0,793,0,61.719483363911095,0.007406338003669332,0,0,0,0,0,0,0,0,15.853677757392605,17,22,0,0
2,2015-01-01 00:00:00,22:29:00,2,1,160,693,1004.0000000000001,3.5784954439634675,0,0,61.8352232932943,10.226455720393533,15.704412978754268,0,57,0,1,1,1,18.83065985323741,0,0,853,0,61.8352232932943,0.007420226795195317,0,0,0,0,0,0,0,0,15.776517804470469,17,22,0,0
2,2015-01-01 00:00:00,22:30:00,2,1,160,693,1004.0000000000001,3.5711332321811393,0,0,61.9433805318686,10.224119539806463,15.633610719133465,0,57,0,1,1,1,18.724324925533903,0,0,853,0,61.9433805318686,0.007433205663824233,0,0,0,0,0,0,0,0,15.704412978754268,17,22,0,0
2,2015-01-01 00:00:00,22:31:00,2,1,160,693,1004.0000000000001,3.563771020398811,0,0,62.0495839212998,10.221710275236859,15.56413453079078,0,57,0,1,1,1,18.61919859198287,0,0,853,0,62.0495839212998,0.007445950070555977,0,0,0,0,0,0,0,0,15.633610719133465,17,22,0,0
2,2015-01-01 00:00:00,22:32:00,2,1,160,693,1004.0000000000001,3.556408808616483,0,0,62.15379820381383,10.219229385856028,15.495946457183596,0,57,0,1,1,1,18.515284848404907,0,0,853,0,62.15379820381383,0.00745845578445766,0,0,0,0,0,0,0,0,15.56413453079078,17,22,0,0
2,2015-01-01 00:00:00,22:33:00,2,1,160,693,1004.0000000000001,3.5490465968341547,0,0,62.256080314224604,10.216678290424216,15.429011045188686,0,57,0,1,1,1,18.41258626366949,0,0,853,0,62.256080314224604,0.007470729637706954,0,0,0,0,0,0,0,0,15.495946457183596,17,22,0,0
2,2015-01-01 00:00:00,22:34:00,2,1,160,681,992.0000000000001,3.5416843850518265,0,0,62.35648343221697,10.214058369836344,15.362591638728839,0,57,0,1,1,1,18.311104113381028,0,0,841,0,62.35648343221697,0.0074827780118660375,0,0,0,0,0,0,0,0,15.429011045188686,17,22,0,0
2,2015-01-01 00:00:00,22:35:00,2,1,160,681,992.0000000000001,3.5343221732694983,0,0,62.45611254190674,10.211370278393876,15.297395922734097,0,57,0,1,1,1,18.210814573426873,0,0,841,0,62.45611254190674,0.0074947335050288095,0,0,0,0,0,0,0,0,15.362591638728839,17,22,0,0
2,2015-01-01 00:00:00,22:36:00,2,1,150,681,982.0000000000001,3.52695996148717,0,0,62.553906115898855,10.208615364173466,15.232793277090684,0,57,0,1,1,1,18.11171870095433,0,0,831,0,62.553906115898855,0.007506468733907864,0,0,0,0,0,0,0,0,15.297395922734097,17,22,0,0
2,2015-01-01 00:00:00,22:37:00,2,1,150,681,982.0000000000001,3.519597749704842,0,0,62.650810084363975,10.205794352890395,15.169369445803977,0,57,0,1,1,1,18.01379606748958,0,0,831,0,62.650810084363975,0.007518097210123678,0,0,0,0,0,0,0,0,15.232793277090684,17,22,0,0
2,2015-01-01 00:00:00,22:38:00,2,1,150,681,982.0000000000001,3.5122355379225136,0,0,62.74594583129404,10.202908544096548,15.10708275586196,0,57,0,1,1,1,17.91704686267034,0,0,831,0,62.74594583129404,0.007529513499755286,0,0,0,0,0,0,0,0,15.169369445803977,17,22,0,0
2,2015-01-01 00:00:00,22:39:00,2,1,150,681,982.0000000000001,3.5058733261401853,0,0,62.839375866207064,10.199960353194314,15.045907530787831,0,57,0,1,1,1,17.82146985223468,0,0,831,0,62.839375866207064,0.007540725103944848,0,0,0,0,0,0,0,0,15.10708275586196,17,22,0,0
2,2015-01-01 00:00:00,22:40:00,2,1,150,681,982.0000000000001,3.5000111143578567,0,0,62.931138703818256,10.196951585404669,14.98581669176984,0,57,0,1,1,1,17.727062970552815,0,0,831,0,62.931138703818256,0.0075517366444581915,0,0,0,0,0,0,0,0,15.045907530787831,17,22,0,0
2,2015-01-01 00:00:00,22:41:00,2,1,210,681,1042,3.494148902575528,0,0,63.02127496234524,10.193883435696575,14.93029490028404,0,57,0,1,1,1,17.633823301206455,0,0,891,0,63.02127496234524,0.007562552995481429,0,0,0,0,0,0,0,0,14.98581669176984,17,22,0,0
2,2015-01-01 00:00:00,22:42:00,2,1,210,539,900,3.4882866907931995,0,0,63.10455764957394,10.190760519549794,14.867299055241663,0,57,0,1,1,1,17.54186655287576,0,0,749,0,63.10455764957394,0.0075725469179488735,0,0,0,0,0,0,0,0,14.93029490028404,17,22,0,0
2,2015-01-01 00:00:00,22:43:00,2,1,150,539,840,3.482174479010871,0,0,63.199051417137504,10.187575322425584,14.80211936661151,0,57,0,1,1,1,17.450894869282763,0,0,689,0,63.199051417137504,0.007583886170056502,0,0,0,0,0,0,0,0,14.867299055241663,17,22,0,0
2,2015-01-01 00:00:00,22:44:00,2,1,250,539,940,3.476562267228543,0,0,63.29682095008273,10.18432641226423,14.744133552774999,0,57,0,1,1,1,17.36080046443,0,0,789,0,63.29682095008273,0.0075956185140099285,0,0,0,0,0,0,0,0,14.80211936661151,17,22,0,0
2,2015-01-01 00:00:00,22:45:00,2,1,150,539,840,3.4712000554462143,0,0,63.383799670837504,10.18102128214851,14.681219118306235,0,57,0,1,1,1,17.271798188523366,0,0,689,0,63.383799670837504,0.007606055960500502,0,0,0,0,0,0,0,0,14.744133552774999,17,22,0,0
2,2015-01-01 00:00:00,22:46:00,2,1,150,539,840,3.471337843663886,0,0,63.478171322540646,10.177661588625599,14.619647500269819,0,57,0,1,1,1,17.18368325416224,0,0,689,0,63.478171322540646,0.007617380558704878,0,0,0,0,0,0,0,0,14.681219118306235,17,22,0,0
2,2015-01-01 00:00:00,22:47:00,2,1,150,539,840,3.4719756318815578,0,0,63.57052874959527,10.174249347432069,14.559278543753283,0,57,0,1,1,1,17.09647115368971,0,0,689,0,63.57052874959527,0.007628463449951433,0,0,0,0,0,0,0,0,14.619647500269819,17,22,0,0
2,2015-01-01 00:00:00,22:48:00,2,1,150,539,840,3.4726134200992296,0,0,63.66108218437007,10.170785852524093,14.500078439528915,0,57,0,1,1,1,17.010172085324523,0,0,689,0,63.66108218437007,0.0076393298621244094,0,0,0,0,0,0,0,0,14.559278543753283,17,22,0,0
2,2015-01-01 00:00:00,22:49:00,2,1,150,328,629,3.473751208316901,0,0,63.74988234070663,10.167272941659895,14.429661791964653,0,57,0,1,1,1,16.924794750433517,0,0,478,0,63.74988234070663,0.007649985880884796,0,0,0,0,0,0,0,0,14.500078439528915,17,22,0,0
2,2015-01-01 00:00:00,22:50:00,2,1,100,328,579,3.4756389965345726,0,0,63.85550731205302,10.163700572069505,14.35809146422736,0,57,0,1,1,1,16.839926282458386,0,0,428,0,63.85550731205302,0.007662660877446364,0,0,0,0,0,0,0,0,14.429661791964653,17,22,0,0
2,2015-01-01 00:00:00,22:51:00,2,1,100,316,567,3.477526784752244,0,0,63.96286280365896,10.160067737818354,14.287479046162515,0,57,0,1,1,1,16.75551013217842,0,0,416,0,63.96286280365896,0.007675543536439075,0,0,0,0,0,0,0,0,14.35809146422736,17,22,0,0
2,2015-01-01 00:00:00,22:52:00,2,1,200,316,667,3.4789145729699156,0,0,64.06878143075623,10.15637492960888,14.224313492153268,0,57,0,1,1,1,16.671563496599646,0,0,516,0,64.06878143075623,0.0076882537716907486,0,0,0,0,0,0,0,0,14.287479046162515,17,22,0,0
2,2015-01-01 00:00:00,22:53:00,2,1,200,316,667,3.475302361187587,0,0,64.16352976177009,10.15262379328798,14.162336480892723,0,57,0,1,1,1,16.58832370053004,0,0,516,0,64.16352976177009,0.007699623571412412,0,0,0,0,0,0,0,0,14.224313492153268,17,22,0,0
2,2015-01-01 00:00:00,22:54:00,2,1,160,316,627,3.471940149405259,0,0,64.25649527866092,10.148815911216314,14.09926974797176,0,57,0,1,1,1,16.50580712843353,0,0,476,0,64.25649527866092,0.007710779433439311,0,0,0,0,0,0,0,0,14.162336480892723,17,22,0,0
2,2015-01-01 00:00:00,22:55:00,2,1,160,316,627,3.4723279376229303,0,0,64.35109537804236,10.144954682865638,14.037556499360875,0,57,0,1,1,1,16.423952115492654,0,0,476,0,64.35109537804236,0.007722131445365084,0,0,0,0,0,0,0,0,14.09926974797176,17,22,0,0
2,2015-01-01 00:00:00,22:56:00,2,1,160,328,639,3.471965725840602,0,0,64.44366525095869,10.14104068238183,13.977812199850561,0,57,0,1,1,1,16.342782196576607,0,0,488,0,64.44366525095869,0.007733239830115044,0,0,0,0,0,0,0,0,14.037556499360875,17,22,0,0
2,2015-01-01 00:00:00,22:57:00,2,1,160,328,639,3.4711035140582736,0,0,64.53328170022417,10.137075377160105,13.919254589552684,0,57,0,1,1,1,16.26234104022538,0,0,488,0,64.53328170022417,0.007743993804026901,0,0,0,0,0,0,0,0,13.977812199850561,17,22,0,0
2,2015-01-01 00:00:00,22:58:00,2,1,160,328,639,3.471991302275945,0,0,64.62111811567097,10.13306207205269,13.861866298488106,0,57,0,1,1,1,16.182644222175288,0,0,488,0,64.62111811567097,0.007754534173880517,0,0,0,0,0,0,0,0,13.919254589552684,17,22,0,0
2,2015-01-01 00:00:00,22:59:00,2,1,160,328,639,3.4731290904936167,0,0,64.70720055226784,10.129002308414524,13.805612118466861,0,57,0,1,1,1,16.10370619756008,0,0,488,0,64.70720055226784,0.007764864066272141,0,0,0,0,0,0,0,0,13.861866298488106,17,22,0,0
2,2015-01-01 00:00:00,23:00:00,2,0,0,142,230,3.472016878711288,0,0,64.7915818222997,10.124894690787118,13.726502073322392,0,57,0,1,1,1,16.0255397322848,0,0,142,0,64.7915818222997,0.007774989818675965,0,0,0,0,0,0,0,0,13.805612118466861,17,22,0,0
2,2015-01-01 00:00:00,23:01:00,2,0,0,142,230,3.4709046669289596,0,0,64.91024689001641,10.120716869779605,13.64974098610102,0,57,0,1,1,1,15.947341172456145,0,0,142,0,64.91024689001641,0.0077892296268019705,0,0,0,0,0,0,0,0,13.726502073322392,17,22,0,0
2,2015-01-01 00:00:00,23:02:00,2,0,0,142,230,3.470542455146631,0,0,65.02538852084847,10.116472172878364,13.574836443147426,0,57,0,1,1,1,15.869191506253589,0,0,142,0,65.02538852084847,0.007803046622501817,0,0,0,0,0,0,0,0,13.64974098610102,17,22,0,0
2,2015-01-01 00:00:00,23:03:00,2,0,0,142,230,3.4701802433643025,0,0,65.13774533527886,10.112162567054535,13.50172515792273,0,57,0,1,1,1,15.791152218392835,0,0,142,0,65.13774533527886,0.007816529440233465,0,0,0,0,0,0,0,0,13.574836443147426,17,22,0,0
2,2015-01-01 00:00:00,23:04:00,2,0,0,142,230,3.4805680315819743,0,0,65.2474122631159,10.107802418280581,13.430386466900504,0,57,0,1,1,1,15.713280549669362,0,0,142,0,65.2474122631159,0.00782968947157391,0,0,0,0,0,0,0,0,13.50172515792273,17,22,0,0
2,2015-01-01 00:00:00,23:05:00,2,0,0,142,230,3.4892058197996456,0,0,65.35442029964925,10.103391546829645,13.360746894383283,0,57,0,1,1,1,15.635631091071781,0,0,142,0,65.35442029964925,0.00784253043595791,0,0,0,0,0,0,0,0,13.430386466900504,17,22,0,0
2,2015-01-01 00:00:00,23:06:00,2,0,0,142,230,3.498593608017317,0,0,65.45887965842508,10.098932600108926,13.292748014050805,0,57,0,1,1,1,15.558254077578976,0,0,142,0,65.45887965842508,0.00785506555901101,0,0,0,0,0,0,0,0,13.360746894383283,17,22,0,0
2,2015-01-01 00:00:00,23:07:00,2,0,0,142,230,3.5077313962349885,0,0,65.5608779789238,10.094427002891068,13.226329708239705,0,57,0,1,1,1,15.48119604820727,0,0,142,0,65.5608779789238,0.007867305357470857,0,0,0,0,0,0,0,0,13.292748014050805,17,22,0,0
2,2015-01-01 00:00:00,23:08:00,2,0,0,142,230,3.51661918445266,0,0,65.66050543764044,10.089876117841913,13.161434742489364,0,57,0,1,1,1,15.404499914194767,0,0,142,0,65.66050543764044,0.007879260652516854,0,0,0,0,0,0,0,0,13.226329708239705,17,22,0,0
2,2015-01-01 00:00:00,23:09:00,2,0,0,142,230,3.5252569726703316,0,0,65.75784788626595,10.085281248485767,13.098008538800148,0,57,0,1,1,1,15.328205180463291,0,0,142,0,65.75784788626595,0.007890941746351915,0,0,0,0,0,0,0,0,13.161434742489364,17,22,0,0
2,2015-01-01 00:00:00,23:10:00,2,0,0,142,230,3.533894760888003,0,0,65.85298719179978,10.080643931834205,13.036000115182183,0,57,0,1,1,1,15.252348151835292,0,0,142,0,65.85298719179978,0.007902358463015974,0,0,0,0,0,0,0,0,13.098008538800148,17,22,0,0
2,2015-01-01 00:00:00,23:11:00,2,0,0,142,230,3.5422825491056744,0,0,65.94599982722673,10.075965361633179,12.975359745894822,0,57,0,1,1,1,15.17696216419403,0,0,142,0,65.94599982722673,0.007913519979267208,0,0,0,0,0,0,0,0,13.036000115182183,17,22,0,0
2,2015-01-01 00:00:00,23:12:00,2,0,0,142,230,3.550420337323346,0,0,66.03696038115777,10.071246680224924,12.916039986949764,0,57,0,1,1,1,15.10207772819746,0,0,142,0,66.03696038115777,0.007924435245738933,0,0,0,0,0,0,0,0,12.975359745894822,17,22,0,0
2,2015-01-01 00:00:00,23:13:00,2,0,0,142,230,3.5585581255410177,0,0,66.12594001957535,10.06648927079209,12.85799661675341,0,57,0,1,1,1,15.027722702984953,0,0,142,0,66.12594001957535,0.007935112802349042,0,0,0,0,0,0,0,0,12.916039986949764,17,22,0,0
2,2015-01-01 00:00:00,23:14:00,2,0,0,319,265.4,3.566945913758689,0,0,66.21300507486988,10.061694760007327,12.803261044489938,0,57,0,1,1,1,14.953922495970275,0,0,319,0,66.21300507486988,0.007945560608984386,0,0,0,0,0,0,0,0,12.85799661675341,17,22,0,0
2,2015-01-01 00:00:00,23:15:00,2,0,0,319,265.4,3.574333701976361,0,0,66.2951084332651,10.056865317100213,12.749604205322356,0,57,0,1,1,1,14.880770745919923,0,0,319,0,66.2951084332651,0.007955413011991814,0,0,0,0,0,0,0,0,12.803261044489938,17,22,0,0
2,2015-01-01 00:00:00,23:16:00,2,0,0,142,230,3.5822214901940326,0,0,66.37559369201647,10.052002656343483,12.69495750154396,0,57,0,1,1,1,14.808282088076469,0,0,142,0,66.37559369201647,0.007965071243041976,0,0,0,0,0,0,0,0,12.749604205322356,17,22,0,0
2,2015-01-01 00:00:00,23:17:00,2,0,0,142,230,3.590359278411704,0,0,66.45756374768406,10.047106166410096,12.641472384015982,0,57,0,1,1,1,14.7364002994189,0,0,142,0,66.45756374768406,0.007974907649722088,0,0,0,0,0,0,0,0,12.69495750154396,17,22,0,0
2,2015-01-01 00:00:00,23:18:00,2,0,0,142,230,3.5987470666293757,0,0,66.53779142397603,10.042177350706513,12.589077795862194,0,57,0,1,1,1,14.665144247874583,0,0,142,0,66.53779142397603,0.007984534970877125,0,0,0,0,0,0,0,0,12.641472384015982,17,22,0,0
2,2015-01-01 00:00:00,23:19:00,2,0,0,142,230,3.607384854847047,0,0,66.61638330620671,10.0372176396181,12.53774131871192,0,57,0,1,1,1,14.594529742704093,0,0,142,0,66.61638330620671,0.007993965996744807,0,0,0,0,0,0,0,0,12.589077795862194,17,22,0,0
2,2015-01-01 00:00:00,23:20:00,2,0,0,142,230,3.6160226430647184,0,0,66.69338802193212,10.032228138728502,12.48743028086923,0,57,0,1,1,1,14.524570952772386,0,0,142,0,66.69338802193212,0.008003206562631855,0,0,0,0,0,0,0,0,12.53774131871192,17,22,0,0
2,2015-01-01 00:00:00,23:21:00,2,0,0,142,230,3.62466043128239,0,0,66.76885457869615,10.02720991915909,12.438113443047012,0,57,0,1,1,1,14.455280453728061,0,0,142,0,66.76885457869615,0.008012262549443538,0,0,0,0,0,0,0,0,12.48743028086923,17,22,0,0
2,2015-01-01 00:00:00,23:22:00,2,0,0,142,230,3.6337982195000613,0,0,66.84282983542948,10.022164598835095,12.389763053377054,0,57,0,1,1,1,14.386669330915781,0,0,142,0,66.84282983542948,0.00802113958025154,0,0,0,0,0,0,0,0,12.438113443047012,17,22,0,0
2,2015-01-01 00:00:00,23:23:00,2,0,0,142,230,3.643686007717733,0,0,66.91535541993441,10.01709405484758,12.342353598707657,0,57,0,1,1,1,14.318747348686573,0,0,142,0,66.91535541993441,0.008029842650392131,0,0,0,0,0,0,0,0,12.389763053377054,17,22,0,0
2,2015-01-01 00:00:00,23:24:00,2,0,0,265,353,3.6528237959354044,0,0,66.98646960193851,10.011998395849192,12.303055492364486,0,57,0,1,1,1,14.251523071476406,0,0,265,0,66.98646960193851,0.008038376352232621,0,0,0,0,0,0,0,0,12.342353598707657,17,22,0,0
2,2015-01-01 00:00:00,23:25:00,2,0,0,265,353,3.661711584153076,0,0,67.04541676145327,10.006885353721788,12.264251639291471,0,57,0,1,1,1,14.18524866402362,0,0,265,0,67.04541676145327,0.008045450011374394,0,0,0,0,0,0,0,0,12.303055492364486,17,22,0,0
2,2015-01-01 00:00:00,23:26:00,2,0,0,265,353,3.6705993723707477,0,0,67.10362254106279,10.001755451215589,12.226056454878355,0,57,0,1,1,1,14.119908629168785,0,0,265,0,67.10362254106279,0.008052434704927535,0,0,0,0,0,0,0,0,12.264251639291471,17,22,0,0
2,2015-01-01 00:00:00,23:27:00,2,0,0,442,388.4,3.6794871605884194,0,0,67.16091531768247,9.996609322354242,12.190528257276785,0,57,0,1,1,1,14.055491888546662,0,0,442,0,67.16091531768247,0.008059309838121897,0,0,0,0,0,0,0,0,12.226056454878355,17,22,0,0
2,2015-01-01 00:00:00,23:28:00,2,0,0,442,388.4,3.688374948806091,0,0,67.21420761408483,9.99144962174089,12.155470925274415,0,57,0,1,1,1,13.99205775142864,0,0,442,0,67.21420761408483,0.00806570491369018,0,0,0,0,0,0,0,0,12.190528257276785,17,22,0,0
2,2015-01-01 00:00:00,23:29:00,2,0,0,265,353,3.6970127370237624,0,0,67.26679361208838,9.986276551095271,12.118839520862183,0,57,0,1,1,1,13.92958881176353,0,0,265,0,67.26679361208838,0.008072015233450606,0,0,0,0,0,0,0,0,12.155470925274415,17,22,0,0
2,2015-01-01 00:00:00,23:30:00,2,0,0,265,353,3.705650525241434,0,0,67.32174071870672,9.981088592803822,12.0828101532284,0,57,0,1,1,1,13.86799869982811,0,0,265,0,67.32174071870672,0.008078608886244808,0,0,0,0,0,0,0,0,12.118839520862183,17,22,0,0
2,2015-01-01 00:00:00,23:31:00,2,0,0,265,353,3.7140383134591053,0,0,67.3757847701574,9.975886080257528,12.047334021193645,0,57,0,1,1,1,13.807278000964175,0,0,265,0,67.3757847701574,0.00808509417241889,0,0,0,0,0,0,0,0,12.0828101532284,17,22,0,0
2,2015-01-01 00:00:00,23:32:00,2,0,0,265,353,3.722426101676777,0,0,67.42899896820953,9.970669588087274,12.012400877157239,0,57,0,1,1,1,13.747415960835925,0,0,265,0,67.42899896820953,0.008091479876185144,0,0,0,0,0,0,0,0,12.047334021193645,17,22,0,0
2,2015-01-01 00:00:00,23:33:00,2,0,0,265,353,3.7290638898944484,0,0,67.48139868426414,9.965437650378389,11.977992582859653,0,57,0,1,1,1,13.688401842343453,0,0,265,0,67.48139868426414,0.008097767842111697,0,0,0,0,0,0,0,0,12.012400877157239,17,22,0,0
2,2015-01-01 00:00:00,23:34:00,2,0,0,265,353,3.73620167811212,0,0,67.53301112571052,9.960191395571877,11.944101356825055,0,57,0,1,1,1,13.630224656646725,0,0,265,0,67.53301112571052,0.008103961335085263,0,0,0,0,0,0,0,0,11.977992582859653,17,22,0,0
2,2015-01-01 00:00:00,23:35:00,2,0,0,265,353,3.7428394663297917,0,0,67.58384796476241,9.954930782477357,11.910715129363808,0,57,0,1,1,1,13.572873523999728,0,0,265,0,67.58384796476241,0.00811006175577149,0,0,0,0,0,0,0,0,11.944101356825055,17,22,0,0
2,2015-01-01 00:00:00,23:36:00,2,0,0,265,353,3.748977254547463,0,0,67.63392730595429,9.949655758136307,11.877822227784131,0,57,0,1,1,1,13.51633752418218,0,0,265,0,67.63392730595429,0.008116071276714515,0,0,0,0,0,0,0,0,11.910715129363808,17,22,0,0
2,2015-01-01 00:00:00,23:37:00,2,0,0,265,353,3.755365042765135,0,0,67.6832666583238,9.944367127915104,11.84541451915247,0,57,0,1,1,1,13.460605711379525,0,0,265,0,67.6832666583238,0.008121991998998858,0,0,0,0,0,0,0,0,11.877822227784131,17,22,0,0
2,2015-01-01 00:00:00,23:38:00,2,0,0,265,353,3.7625028309828066,0,0,67.7318782212713,9.93906626725115,11.813486166149774,0,57,0,1,1,1,13.405667235453436,0,0,265,0,67.7318782212713,0.008127825386552557,0,0,0,0,0,0,0,0,11.84541451915247,17,22,0,0
2,2015-01-01 00:00:00,23:39:00,2,0,0,265,353,3.7671406192004784,0,0,67.77977075077534,9.9337507742977,11.78201740474331,0,57,0,1,1,1,13.351511416769638,0,0,265,0,67.77977075077534,0.008133572490093041,0,0,0,0,0,0,0,0,11.813486166149774,17,22,0,0
2,2015-01-01 00:00:00,23:40:00,2,0,0,442,388.4,3.77327840741815,0,0,67.82697389288504,9.928422871219604,11.753079083573994,0,57,0,1,1,1,13.298127266700716,0,0,442,0,67.82697389288504,0.008139236867146205,0,0,0,0,0,0,0,0,11.78201740474331,17,22,0,0
2,2015-01-01 00:00:00,23:41:00,2,0,0,442,388.4,3.7796661956358215,0,0,67.87038137463901,9.92308536020553,11.724479427126624,0,57,0,1,1,1,13.245574607410692,0,0,442,0,67.87038137463901,0.008144445764956681,0,0,0,0,0,0,0,0,11.753079083573994,17,22,0,0
2,2015-01-01 00:00:00,23:42:00,2,0,0,142,230,3.785803983853493,0,0,67.91328085931006,9.917738304620901,11.68697543335151,0,57,0,1,1,1,13.193836676108512,0,0,142,0,67.91328085931006,0.008149593703117209,0,0,0,0,0,0,0,0,11.724479427126624,17,22,0,0
2,2015-01-01 00:00:00,23:43:00,2,0,0,142,230,3.7919417720711643,0,0,67.96953684997274,9.912372977955478,11.650336070844626,0,57,0,1,1,1,13.142582892341267,0,0,142,0,67.96953684997274,0.00815634442199673,0,0,0,0,0,0,0,0,11.68697543335151,17,22,0,0
2,2015-01-01 00:00:00,23:44:00,2,0,0,142,230,3.797829560288836,0,0,68.02449589373306,9.906989978800361,11.614375933447786,0,57,0,1,1,1,13.091826197732537,0,0,142,0,68.02449589373306,0.008162939507247969,0,0,0,0,0,0,0,0,11.650336070844626,17,22,0,0
2,2015-01-01 00:00:00,23:45:00,2,0,0,353,441,3.8032173485065073,0,0,68.07843609982832,9.901589432442798,11.591429050141578,0,57,0,1,1,1,13.041572787382716,0,0,353,0,68.07843609982832,0.0081694123319794,0,0,0,0,0,0,0,0,11.614375933447786,17,22,0,0
2,2015-01-01 00:00:00,23:46:00,2,0,0,353,441,3.807355136724179,0,0,68.11285642478764,9.896182710249622,11.568451142374863,0,57,0,1,1,1,12.992248170469752,0,0,353,0,68.11285642478764,0.008173542770974518,0,0,0,0,0,0,0,0,11.591429050141578,17,22,0,0
2,2015-01-01 00:00:00,23:47:00,2,0,0,353,441,3.8112429249418507,0,0,68.14732328643771,9.890769505080113,11.545662595887705,0,57,0,1,1,1,12.943819700126388,0,0,353,0,68.14732328643771,0.008177678794372527,0,0,0,0,0,0,0,0,11.568451142374863,17,22,0,0
2,2015-01-01 00:00:00,23:48:00,2,0,0,353,441,3.8161307131595223,0,0,68.18150610616844,9.885351176404908,11.523067423978796,0,57,0,1,1,1,12.896263336036638,0,0,353,0,68.18150610616844,0.008181780732740214,0,0,0,0,0,0,0,0,11.545662595887705,17,22,0,0
2,2015-01-01 00:00:00,23:49:00,2,0,0,353,441,3.8215185013771937,0,0,68.21539886403181,9.87992850493994,11.500670553296459,0,57,0,1,1,1,12.849555992089092,0,0,353,0,68.21539886403181,0.008185847863683818,0,0,0,0,0,0,0,0,11.523067423978796,17,22,0,0
2,2015-01-01 00:00:00,23:50:00,2,0,0,353,441,3.8241562895948653,0,0,68.24899417005531,9.87449850596454,11.47846244126655,0,57,0,1,1,1,12.803675534987303,0,0,353,0,68.24899417005531,0.008189879300406638,0,0,0,0,0,0,0,0,11.500670553296459,17,22,0,0
2,2015-01-01 00:00:00,23:51:00,2,0,0,353,441,3.827294077812537,0,0,68.28230633810017,9.86906196038105,11.456447826698705,0,57,0,1,1,1,12.75860025969068,0,0,353,0,68.28230633810017,0.008193876760572021,0,0,0,0,0,0,0,0,11.47846244126655,17,22,0,0
2,2015-01-01 00:00:00,23:52:00,2,0,0,353,441,3.8301818660302085,0,0,68.31532825995194,9.863618782396411,11.434627567117504,0,57,0,1,1,1,12.71430936060932,0,0,353,0,68.31532825995194,0.008197839391194233,0,0,0,0,0,0,0,0,11.456447826698705,17,22,0,0
2,2015-01-01 00:00:00,23:53:00,2,0,0,530,476.4,3.83256965424788,0,0,68.34805864932375,9.858168597351087,11.415073796629619,0,57,0,1,1,1,12.670782768993952,0,0,530,0,68.34805864932375,0.00820176703791885,0,0,0,0,0,0,0,0,11.434627567117504,17,22,0,0
2,2015-01-01 00:00:00,23:54:00,2,0,0,530,476.4,3.835707442465552,0,0,68.37738930505557,9.852714516360342,11.395606902975024,0,57,0,1,1,1,12.62807157945775,0,0,530,0,68.37738930505557,0.008205286716606669,0,0,0,0,0,0,0,0,11.415073796629619,17,22,0,0
2,2015-01-01 00:00:00,23:55:00,2,0,0,848,540,3.8388452306832237,0,0,68.40658964553747,9.847256633110174,11.379991720517987,0,57,0,1,1,1,12.586151012230445,0,0,848,0,68.40658964553747,0.008208790757464496,0,0,0,0,0,0,0,0,11.395606902975024,17,22,0,0
2,2015-01-01 00:00:00,23:56:00,2,0,0,848,540,3.8419830189008954,0,0,68.43001241922302,9.841798739377065,11.364307524860175,0,57,0,1,1,1,12.545125185981723,0,0,848,0,68.43001241922302,0.008211601490306763,0,0,0,0,0,0,0,0,11.379991720517987,17,22,0,0
2,2015-01-01 00:00:00,23:57:00,2,0,0,848,540,3.843370807118567,0,0,68.45353871270974,9.836338738141785,11.348622886357113,0,57,0,1,1,1,12.50496131995718,0,0,848,0,68.45353871270974,0.00821442464552517,0,0,0,0,0,0,0,0,11.364307524860175,17,22,0,0
2,2015-01-01 00:00:00,23:58:00,2,0,0,848,540,3.8415085953362382,0,0,68.47706567046433,9.830872864879407,11.332932813096708,0,57,0,1,1,1,12.465630080719084,0,0,848,0,68.47706567046433,0.008217247880455721,0,0,0,0,0,0,0,0,11.348622886357113,17,22,0,0
2,2015-01-01 00:00:00,23:59:00,2,0,0,848,540,3.83914638355391,0,0,68.50060078035494,9.825400547043275,11.317245113626637,0,57,0,1,1,1,12.427102962772745,0,0,848,0,68.50060078035494,0.008220072093642594,0,0,0,0,0,0,0,0,11.332932813096708,17,22,0,0
