Irradiances,Clear Sky,Clear Sky,Clear Sky,Total,Clearness,Net,PV,Solar,Sun,Sun,Vector,,vCumulativeRadiationArray,,,
,Direct,Diffuse,Reflected,Clear Sky,Index,Radiation,Output,Angle,Elevation,Azimuth,Dot Product,,Column 1,Column 2,Column 3,Column 4
Minute,,,,,,,,,,,,,,,,
1,0,0,0,0,1,0,0,170.06554043836385,-59.468146515672494,-174.74698347872652,-0.9850057441916835,,0,0,,0.7993558778717617
2,0,0,0,0,0.99,0,0,170.12845395911785,-59.48118292052155,-175.19924337158062,-0.9851945872910269,,0,0,,0.786761031528569
3,0,0,0,0,0.99,0,0,170.18604388914108,-59.493048703117225,-175.65179497060336,-0.9853664096068692,,0,0,,0.7741661851853764
4,0,0,0,0,1,0,0,170.2382158981713,-59.503742403278764,-176.10461114880692,-0.9855212078679608,,0,0,,0.7613213388421838
5,0,0,0,0,1,0,0,170.28488260070185,-59.513262703152456,-176.55766465346605,-0.9856589791271664,,0,0,,0.7484764924989912
6,0,0,0,0,1,0,0,170.32596423627498,-59.52160842796616,-177.01092811883103,-0.9857797207615193,,0,0,,0.7356316461557986
7,0,0,0,0,1,0,0,170.36138931262053,-59.528778546703535,-177.46437407897167,-0.9858834304722732,,0,0,,0.722786799812606
8,0,0,0,0,1,0,0,170.39109520029228,-59.53477217269684,-177.91797498073876,-0.9859701062849446,,0,0,,0.7099419534694134
9,0,0,0,0,1,0,0,170.4150286678091,-59.53958856413783,-178.37170319682713,-0.986039746549351,,0,0,,0.6970971071262207
10,0,0,0,0,1,0,0,170.43314634700326,-59.543227124505556,-178.82553103892621,-0.9860923499396421,,0,0,,0.6842522607830281
11,0,0,0,0,1,0,0,170.44541511932238,-59.545687402911106,-179.27943077094187,-0.9861279154543251,,0,0,,0.6714074144398355
12,0,0,0,0,1,0,0,170.45181241519236,-59.546969094358104,-179.73337462227494,-0.9861464424162841,,0,0,,0.6585625680966429
13,0,0,0,0,1,0,0,170.4523264201963,-59.54707203991934,179.81266519886069,-0.9861479304727926,,0,0,,0.6457177217534503
14,0,0,0,0,1,0,0,170.44695618370636,-59.545996226828585,179.35871649209318,-0.9861323795955205,,0,0,,0.6328728754102577
15,0,0,0,0,1,0,0,170.4357116276446,-59.54374178848812,178.9048070515406,-0.9860997900805335,,0,0,,0.6200280290670651
16,0,0,0,0,1,0,0,170.4186134551883,-59.54030900439147,178.45096465246348,-0.9860501625482889,,0,0,,0.6071831827238725
17,0,0,0,0,1,0,0,170.39569296137046,-59.53569829996168,177.99721703794154,-0.9859834979436234,,0,0,,0.5943383363806799
18,0,0,0,0,1,0,0,170.3669917495931,-59.52991024630528,177.5435919055861,-0.985899797535735,,0,0,,0.5814934900374873
19,0,0,0,0,1,0,0,170.33256135998437,-59.522945559882466,177.09011689430793,-0.9857990629181588,,0,0,,0.5686486436942947
20,0,0,0,0,1,0,0,170.2924628172247,-59.51480510209352,176.63681957115287,-0.9856812960087368,,0,0,,0.5558037973511021
21,0,0,0,0,1,0,0,170.24676610687902,-59.50548987878261,176.18372741822262,-0.9855464990495809,,0,0,,0.5429589510079095
22,0,0,0,0,0.99,0,0,170.19554959037447,-59.495001039659044,175.7308678196942,-0.9853946746070313,,0,0,,0.5303641046647168
23,0,0,0,0,1,0,0,170.13889936952143,-59.48333987763736,175.27826804895446,-0.9852258255716062,,0,0,,0.5175192583215242
24,0,0,0,0,1,0,0,170.07690861188675,-59.47050782809657,174.82595525586316,-0.9850399551579481,,0,0,,0.5046744119783316
25,0,0,0,0,0.97,0,0,170.0096768484048,-59.45650646806013,174.3739564541602,-0.9848370669047614,,0,0,,0.492579565635139
26,0,0,0,0,0.97,0,0,169.9373092543772,-59.44133751529707,173.92229850902962,-0.9846171646747465,,0,0,,0.48048471929194636
27,0,0,0,0,0.54,0,0,169.85991592449764,-59.425002827346425,173.47100812483515,-0.9843802526545244,,0,0,,0.4791398729487537
28,0,0,0,0,0.58,0,0,169.77761115179544,-59.40750440046512,173.0201118330413,-0.9841263353545588,,0,0,,0.47679502660556106
29,0,0,0,0,0.52,0,0,169.69051271946304,-59.38884436850185,172.56963598033073,-0.9838554176090688,,0,0,,0.4759501802623684
30,0,0,0,0,0.64,0,0,169.59874121347386,-59.36902500169745,172.11960671693325,-0.9835675045759381,,0,0,,0.47210533391917575
31,0,0,0,0,0.48,0,0,169.50241936275435,-59.3480487054142,171.6700499851758,-0.9832626017366155,,0,0,,0.4722604875759831
32,0,0,0,0,0.47,0,0,169.40167141250018,-59.32591801879506,171.22099150826844,-0.9829407148960115,,0,0,,0.4726656412327904
33,0,0,0,0,0.57,0,0,169.29662253505228,-59.30263561335491,170.77245677933342,-0.982601850182388,,0,0,,0.47057079488959774
34,0,0,0,0,0.84,0,0,169.18739828162228,-59.27820429150569,170.3244710506919,-0.9822460140472404,,0,0,,0.4617259485464051
35,0,0,0,0,0.77,0,0,169.07412407709674,-59.25262698501703,169.87705932341575,-0.9818732132651756,,0,0,,0.4546311022032124
36,0,0,0,0,0.81,0,0,168.95692475918008,-59.225906753414506,169.43024633715592,-0.9814834549337836,,0,0,,0.4465362558600197
37,0,0,0,0,0.81,0,0,168.83592416227052,-59.198046782317874,168.9840565602546,-0.9810767464735006,,0,0,,0.43844140951682703
38,0,0,0,0,0.81,0,0,168.7112447457166,-59.16905038172042,168.53851418015165,-0.98065309562747,,0,0,,0.43034656317363434
39,0,0,0,0,0.81,0,0,168.58300726545946,-59.13892098421294,168.09364309409153,-0.9802125104613928,,0,0,,0.42225171683044166
40,0,0,0,0,0.8,0,0,168.45133048755218,-59.10766214315314,167.64946690013952,-0.9797549993633758,,0,0,,0.414406870487249
41,0,0,0,0,0.65,0,0,168.31633094162717,-59.07527753078383,167.20600888851249,-0.9792805710437705,,0,0,,0.4103120241440563
42,0,0,0,0,0.57,0,0,168.1781227120766,-59.04177093630131,166.7632920332317,-0.9787892345350085,,0,0,,0.40821717780086364
43,0,0,0,0,0.5,0,0,168.03681726448661,-59.007146263877075,166.3213389841029,-0.9782809991914287,,0,0,,0.407872331457671
44,0,0,0,0,0.51,0,0,167.89252330472786,-58.97140753063435,165.88017205902747,-0.9777558746890991,,0,0,,0.4072774851144783
45,0,0,0,0,0.46,0,0,167.7453466680344,-58.9345588645825,165.4398132366515,-0.9772138710256335,,0,0,,0.40793263877128566
46,0,0,0,0,0.45,0,0,167.59539023539185,-58.89660450251143,165.00028414935304,-0.9766549985200005,,0,0,,0.408837792428093
47,0,0,0,0,0.46,0,0,167.44275387459382,-58.85754878784836,164.5616060765747,-0.9760792678123267,,0,0,,0.40949294608490033
48,0,0,0,0,0.45,0,0,167.28753440340031,-58.8173961684794,164.12379993850072,-0.9754866898636951,,0,0,,0.41039809974170766
49,0,0,0,0,0.46,0,0,167.1298255723396,-58.77615119453842,163.6868862900823,-0.9748772759559355,,0,0,,0.411053253398515
50,0,0,0,0,0.46,0,0,166.9697180648224,-58.73381851616573,163.25088531541252,-0.9742510376914106,,0,0,,0.41170840705532236
51,0,0,0,0,0.49,0,0,166.80729951238024,-58.690402881238676,162.8158168224507,-0.9736079869927938,,0,0,,0.4116135607121297
52,0,0,0,0,0.49,0,0,166.6426545229951,-58.64590913307717,162.38170023809798,-0.9729481361028438,,0,0,,0.411518714368937
53,0,0,0,0,0.56,0,0,166.4758647206426,-58.600342208125646,161.94855460362194,-0.9722714975841703,,0,0,,0.40967386802574435
54,0,0,0,0,0.37,0,0,166.30700879433186,-58.553707133615,161.51639857043125,-0.9715780843189951,,0,0,,0.41257902168255167
55,0,0,0,0,0.37,0,0,166.13616255508194,-58.5060090252058,161.085250396198,-0.9708679095089076,,0,0,,0.415484175339359
56,0,0,0,0,0.35,0,0,165.96339899942214,-58.45725308461602,160.6551279413261,-0.9701409866746123,,0,0,,0.4188893289961663
57,0,0,0,0,0.34,0,0,165.78878837815557,-58.407444597234935,160.2260486657629,-0.9693973296556722,,0,0,,0.4225444826529737
58,0,0,0,0,0.3,0,0,165.61239826925686,-58.356588929725966,159.79802962615292,-0.968636952610245,,0,0,,0.42719963630978103
59,0,0,0,0,0.27,0,0,165.4342936539051,-58.30469152762056,159.37108747332755,-0.9678598700148133,,0,0,,0.43260478996658835
60,0,0,0,0,0.28,0,0,165.25453699477413,-58.25175791290545,158.9452384501302,-0.9670660966639099,,0,0,,0.4377599436233957
61,0,0,0,0,0.29,0,0,165.0731883158107,-58.197793681605056,158.52049838956995,-0.9662556476698352,,0,0,,0.44266509728020303
62,0,0,0,0,0.27,0,0,164.89030528283143,-58.142804501362185,158.09688271330114,-0.9654285384623694,,0,0,,0.44807025093701036
63,0,0,0,0,0.25,0,0,164.70594328436334,-58.08679610901788,157.67440643042312,-0.9645847847884801,,0,0,,0.4539754045938177
64,0,0,0,0,0.25,0,0,164.52015551223283,-58.02977430819361,157.25308413659445,-0.9637244027120208,,0,0,,0.459880558250625
65,0,0,0,0,0.24,0,0,164.33299304148437,-57.97174496687696,156.83293001345714,-0.962847408613426,,0,0,,0.46603571190743237
66,0,0,0,0,0.24,0,0,164.14450490927578,-57.9127140150136,156.41395782836364,-0.961953819189399,,0,0,,0.4721908655642397
67,0,0,0,0,0.26,0,0,163.95473819245728,-57.85268744210673,155.9961809344015,-0.9610436514525947,,0,0,,0.4778460192210471
68,0,0,0,0,0.26,0,0,163.76373808359284,-57.79167129482608,155.5796122707081,-0.9601169227312947,,0,0,,0.48350117287785443
69,0,0,0,0,0.27,0,0,163.57154796522948,-57.72967167462878,155.16426436306938,-0.9591736506690779,,0,0,,0.48890632653466176
70,0,0,0,0,0.28,0,0,163.37820948226053,-57.666694735393136,154.75014932479513,-0.9582138532244847,,0,0,,0.4940614801914691
71,0,0,0,0,0.27,0,0,163.183762612265,-57.60274668106728,154.33727885786425,-0.9572375486706751,,0,0,,0.49946663384827644
72,0,0,0,0,0.25,0,0,162.98824573373417,-57.537833763334504,153.92566425433097,-0.9562447555950802,,0,0,,0.5053717875050838
73,0,0,0,0,0.87,0,0,162.79169569212632,-57.47196227929667,153.51531639798688,-0.9552354928990492,,0,0,,0.49577694116189114
74,0,0,0,0,0.83,0,0,162.5941478637101,-57.405138569177055,153.10624576626807,-0.954209779797489,,0,0,,0.48718209481869845
75,0,0,0,0,0.83,0,0,162.39563621717886,-57.33736901404462,152.6984624324024,-0.9531676358184988,,0,0,,0.47858724847550577
76,0,0,0,0,0.83,0,0,162.1961933730337,-57.26866003356029,152.29197606778575,-0.9521090808029973,,0,0,,0.4699924021323131
77,0,0,0,0,0.83,0,0,161.99585066074863,-57.19901808374735,151.8867959445825,-0.9510341349043463,,0,0,,0.4613975557891204
78,0,0,0,0,0.8,0,0,161.79463817374017,-57.12844965478658,151.48293093853897,-0.9499428185879663,,0,0,,0.45355270944592774
79,0,0,0,0,0.81,0,0,161.59258482217604,-57.05696126883792,151.08038953200347,-0.9488351526309466,,0,0,,0.44545786310273505
80,0,0,0,0,0.82,0,0,161.3897183836645,-56.9845594778891,150.67917981714396,-0.9477111581216509,,0,0,,0.4371130167595424
81,0,0,0,0,0.82,0,0,161.18606555187154,-56.91125086163299,150.27930949935484,-0.9465708564593138,,0,0,,0.42876817041634974
82,0,0,0,0,0.91,0,0,160.98165198311966,-56.837042025374174,149.8807859008449,-0.9454142693536357,,0,0,,0.41817332407315705
83,0,0,0,0,0.92,0,0,160.776502341024,-56.761939597965984,149.48361596439798,-0.9442414188243677,,0,0,,0.4073284777299644
84,0,0,0,0,0.86,0,0,160.57064033922694,-56.685950229778726,149.08780625729747,-0.9430523272008933,,0,0,,0.39798363138677173
85,0,0,0,0,0.69,0,0,160.36408878229085,-56.60908059069984,148.69336297540735,-0.941847017121803,,0,0,,0.39288878504357905
86,0,0,0,0,0.68,0,0,160.1568696048139,-56.53133736816707,148.30029194740055,-0.9406255115344634,,0,0,,0.3880439387003864
87,0,0,0,0,0.52,0,0,159.94900390883052,-56.452727265234984,147.90859863912712,-0.9393878336945797,,0,0,,0.38719909235719374
88,0,0,0,0,0.45,0,0,159.7405119995628,-56.37325699867564,147.51828815811385,-0.9381340071657546,,0,0,,0.38810424601400106
89,0,0,0,0,0.44,0,0,159.53141341958272,-56.292933297114104,147.12936525818682,-0.9368640558190369,,0,0,,0.3892593996708084
90,0,0,0,0,0.44,0,0,159.32172698145192,-56.21176289919895,146.74183434421047,-0.9355780038324706,,0,0,,0.39041455332761577
91,0,0,0,0,0.39,0,0,159.11147079889722,-56.129752551808785,146.35569947693315,-0.9342758756906311,,0,0,,0.3928197069844231
92,0,0,0,0,0.35,0,0,158.9006623165851,-56.04690900829469,145.97096437793357,-0.9329576961841615,,0,0,,0.3962248606412304
93,0,0,0,0,0.36,0,0,158.68931833855314,-55.96323902675918,145.58763243465904,-0.9316234904092993,,0,0,,0.39938001429803777
94,0,0,0,0,0.36,0,0,158.4774550553557,-55.878749368372034,145.20570670554935,-0.9302732837673994,,0,0,,0.4025351679548451
95,0,0,0,0,0.36,0,0,158.26508806998132,-55.793446795723185,144.82518992523745,-0.9289071019644503,,0,0,,0.40569032161165247
96,0,0,0,0,0.27,0,0,158.05223242259405,-55.707338071212774,144.4460845098214,-0.9275249710105836,,0,0,,0.4110954752684598
97,0,0,0,0,0.26,0,0,157.83890261415348,-55.62042995547879,144.06839256219956,-0.9261269172195804,,0,0,,0.41675062892526715
98,0,0,0,0,0.24,0,0,157.62511262896192,-55.53272920586223,143.69211587746258,-0.9247129672083703,,0,0,,0.4229057825820745
99,0,0,0,0,0.25,0,0,157.4108759561884,-55.444242574909794,143.31725594833523,-0.9232831478965229,,0,0,,0.42881093623888183
100,0,0,0,0,0.24,0,0,157.19620561041683,-55.354976808914465,142.943813970662,-0.9218374865057367,,0,0,,0.4349660898956892
101,0,0,0,0,0.22,0,0,156.98111415126272,-55.26493864649351,142.57179084893022,-0.9203760105593211,,0,0,,0.44162124355249655
102,0,0,0,0,0.22,0,0,156.76561370210123,-55.174134817204305,142.20118720182344,-0.9188987478816707,,0,0,,0.4482763972093039
103,0,0,0,0,0.2,0,0,156.5497159679491,-55.08257204019768,141.83200336780138,-0.9174057265977384,,0,0,,0.45543155086611126
104,0,0,0,0,0.19,0,0,156.33343225253907,-54.990257022908416,141.46423941069767,-0.9158969751324968,,0,0,,0.4628367045229186
105,0,0,0,0,0.21,0,0,156.1167734746249,-54.8971964597835,141.09789512533283,-0.914372522210399,,0,0,,0.4697418581797259
106,0,0,0,0,0.21,0,0,155.89975018355375,-54.80339703104692,140.73297004313486,-0.9128323968548312,,0,0,,0.47664701183653324
107,0,0,0,0,0.2,0,0,155.68237257413983,-54.7088654015018,140.36946343776353,-0.9112766283875603,,0,0,,0.4838021654933406
108,0,0,0,0,0.2,0,0,155.4646505008725,-54.61360821936872,140.00737433073255,-0.9097052464281752,,0,0,,0.49095731915014795
109,0,0,0,0,0.2,0,0,155.24659349149044,-54.517632115160694,139.6467014970255,-0.9081182808935231,,0,0,,0.4981124728069553
110,0,0,0,0,0.21,0,0,155.02821075995223,-54.42094370059406,139.2874434707004,-0.9065157619971406,,0,0,,0.5050176264637627
111,0,0,0,0,0.24,0,0,154.80951121883092,-54.32354956753504,138.92959855047852,-0.9048977202486774,,0,0,,0.51117278012057
112,0,0,0,0,0.24,0,0,154.5905034911612,-54.22545628698163,138.57316480531352,-0.9032641864533159,,0,0,,0.5173279337773773
113,0,0,0,0,0.26,0,0,154.37119592176418,-54.12667040808064,138.2181400799364,-0.9016151917111848,,0,0,,0.5229830874341846
114,0,0,0,0,0.25,0,0,154.15159658807488,-54.02719845717911,137.86452200037272,-0.8999507674167672,,0,0,,0.528888241090992
115,0,0,0,0,0.25,0,0,153.93171331049587,-53.92704693690998,137.51230797942816,-0.8982709452583026,,0,0,,0.5347933947477993
116,0,0,0,0,0.24,0,0,153.71155366229928,-53.826222325311505,137.16149522213894,-0.8965757572171833,,0,0,,0.5409485484046066
117,0,0,0,0,0.23,0,0,153.4911249790993,-53.72473107497988,136.81208073118393,-0.8948652355673457,,0,0,,0.547353702061414
118,0,0,0,0,0.22,0,0,153.27043436791433,-53.622579612254846,136.46406131225535,-0.893139412874657,,0,0,,0.5540088557182213
119,0,0,0,0,0.24,0,0,153.04948871583858,-53.51977433643734,136.11743357938403,-0.8913983219962931,,0,0,,0.5601640093750286
120,0,0,0,0,0.25,0,0,152.8282946983419,-53.416321619039316,135.7721939602184,-0.8896419960801148,,0,0,,0.566069163031836
121,0,0,0,0,0.25,0,0,152.60685878721432,-53.3122278030646,135.42833870125213,-0.8878704685640354,,0,0,,0.5719743166886433
122,0,0,0,0,0.25,0,0,152.38518725817306,-53.20749920232088,135.08586387300056,-0.8860837731753859,,0,0,,0.5778794703454506
123,0,0,0,0,0.27,0,0,152.16328619814644,-53.10214210076165,134.74476537512066,-0.8842819439302708,,0,0,,0.583284624002258
124,0,0,0,0,0.27,0,0,151.94116151225083,-52.99616275185815,134.40503894147486,-0.8824650151329212,,0,0,,0.5886897776590654
125,0,0,0,0,0.24,0,0,151.71881893047478,-52.88956737800049,134.06668014513565,-0.8806330213750431,,0,0,,0.5948449313158727
126,0,0,0,0,0.23,0,0,151.49626401408264,-52.78236216992733,133.72968440332838,-0.8787859975351564,,0,0,,0.6012500849726801
127,0,0,0,0,0.23,0,0,151.2735021617526,-52.674553286183816,133.39404698231203,-0.8769239787779327,,0,0,,0.6076552386294874
128,0,0,0,0,0.24,0,0,151.05053861545963,-52.566146852606984,133.05976300219504,-0.8750470005535249,,0,0,,0.6138103922862947
129,0,0,0,0,0.25,0,0,150.82737846611602,-52.45714896183816,132.72682744168566,-0.8731550985968933,,0,0,,0.6197155459431021
130,0,0,0,0,0.23,0,0,150.60402665898,-52.347565672861926,132.39523514277417,-0.8712483089271236,,0,0,,0.6261206995999095
131,0,0,0,0,0.23,0,0,150.38048799884373,-52.23740301057069,132.0649808153479,-0.869326667846743,,0,0,,0.6325258532567168
132,0,0,0,0,0.23,0,0,150.15676715500965,-52.12666696535475,131.73605904173527,-0.8673902119410264,,0,0,,0.6389310069135242
133,0,0,0,0,0.23,0,0,149.93286866606613,-52.015363492717164,131.40846428118087,-0.8654389780773045,,0,0,,0.6453361605703316
134,0,0,0,0,0.23,0,0,149.70879694446955,-51.903498512912414,131.08219087424723,-0.8634730034042565,,0,0,,0.651741314227139
135,0,0,0,0,0.22,0,0,149.48455628094402,-51.79107791060915,130.7572330471462,-0.861492325351207,,0,0,,0.6583964678839463
136,0,0,0,0,0.22,0,0,149.260150848704,-51.67810753457545,130.43358491599608,-0.8594969816274096,,0,0,,0.6650516215407537
137,0,0,0,0,0.22,0,0,149.0355847075107,-51.56459319738705,130.1112404910068,-0.8574870102213343,,0,0,,0.6717067751975611
138,0,0,0,0,0.22,0,0,148.81086180756705,-51.45054067515696,129.7901936805898,-0.8554624493999388,,0,0,,0.6783619288543684
139,0,0,0,0,0.26,0,0,148.58598599325987,-51.335955707286914,129.47043829539462,-0.8534233377079421,,0,0,,0.6840170825111758
140,0,0,0,0,0.25,0,0,148.3609610067559,-51.22084399623917,129.15196805227126,-0.8513697139670923,,0,0,,0.6899222361679831
141,0,0,0,0,0.25,0,0,148.13579049145724,-51.10521120732886,128.83477657815718,-0.8493016172754249,,0,0,,0.6958273898247904
142,0,0,0,0,0.2,0,0,147.91047799532336,-50.98906296853584,128.51885741389006,-0.8472190870065198,,0,0,,0.7029825434815977
143,0,0,0,0,0.2,0,0,147.6850269740647,-50.87240487033587,128.20420401794576,-0.8451221628087512,,0,0,,0.710137697138405
144,0,0,0,0,0.2,0,0,147.45944079421395,-50.75524246555007,127.89080977010173,-0.8430108846045336,,0,0,,0.7172928507952123
145,0,0,0,0,0.19,0,0,147.23372273607993,-50.637581269212944,127.57866797502551,-0.8408852925895604,,0,0,,0.7246980044520197
146,0,0,0,0,0.2,0,0,147.00787599658966,-50.519426758457534,127.26777186578934,-0.8387454272320399,,0,0,,0.731853158108827
147,0,0,0,0,0.19,0,0,146.7819036920223,-50.40078437241775,126.95811460731021,-0.8365913292719234,,0,0,,0.7392583117656344
148,0,0,0,0,0.19,0,0,146.55580886064112,-50.28165951214747,126.64968929971667,-0.8344230397201317,,0,0,,0.7466634654224418
149,0,0,0,0,0.19,0,0,146.32959446522634,-50.16205754055522,126.34248898164165,-0.8322405998577715,,0,0,,0.7540686190792492
150,0,0,0,0,0.18,0,0,146.1032633955142,-50.04198378235479,126.03650663344304,-0.8300440512353526,,0,0,,0.7617237727360565
151,0,0,0,0,0.17,0,0,145.8768184705452,-49.921443524030565,125.73173518035082,-0.8278334356719939,,0,0,,0.7696289263928638
152,0,0,0,0,0.16,0,0,145.6502624409264,-49.80044201381782,125.42816749554343,-0.8256087952546298,,0,0,,0.7777840800496711
153,0,0,0,0,0.16,0,0,145.42359799101015,-49.67898446169659,125.12579640315164,-0.823370172337207,,0,0,,0.7859392337064784
154,0,0,0,0,0.16,0,0,145.1968277409938,-49.5570760393996,124.82461468119216,-0.8211176095398787,,0,0,,0.7940943873632857
155,0,0,0,0,0.15,0,0,144.96995424894303,-49.43472188043315,124.5246150644313,-0.8188511497481932,,0,0,,0.8024995410200931
156,0,0,0,0,0.14,0,0,144.74298001274232,-49.311927080110735,124.2257902471791,-0.8165708361122788,,0,0,,0.8111546946769005
157,0,0,0,0,0.15,0,0,144.515907471975,-49.18869669559896,123.92813288601431,-0.8142767120460194,,0,0,,0.8195598483337079
158,0,0,0,0,0.13,0,0,144.2887390097364,-49.06503574597524,123.63163560244217,-0.8119688212262309,,0,0,,0.8284650019905152
159,0,0,0,0,0.13,0,0,144.0614769543824,-48.940949212297056,123.33629098548428,-0.8096472075918272,,0,0,,0.8373701556473225
160,0,0,0,0,0.11,0,0,143.83412358121635,-48.81644203768207,123.04209159420289,-0.8073119153429855,,0,0,,0.8467753093041299
161,0,0,0,0,0.12,0,0,143.6066811141162,-48.691519127398806,122.74902996015916,-0.8049629889403044,,0,0,,0.8559304629609372
162,0,0,0,0,0.11,0,0,143.379151727105,-48.5661853489676,122.45709858980673,-0.8026004731039561,,0,0,,0.8653356166177446
163,0,0,0,0,0.11,0,0,143.1515375458667,-48.440445532271546,122.16628996682192,-0.8002244128128372,,0,0,,0.874740770274552
164,0,0,0,0,0.11,0,0,142.92384064920896,-48.31430446967627,121.87659655437054,-0.7978348533037095,,0,0,,0.8841459239313594
165,0,0,0,0,0.12,0,0,142.69606307047638,-48.18776691615951,121.58801079731356,-0.7954318400703432,,0,0,,0.8933010775881667
166,0,0,0,0,0.12,0,0,142.46820679891417,-48.06083758944865,121.30052512435043,-0.7930154188626451,,0,0,,0.902456231244974
167,0,0,0,0,0.14,0,0,142.24027378098637,-47.93352117016719,121.01413195010363,-0.7905856356857925,,0,0,,0.9111113849017813
168,0,0,0,0,0.13,0,0,142.01226592164824,-47.80582230198878,120.72882367714331,-0.7881425367993545,,0,0,,0.9200165385585887
169,0,0,0,0,0.14,0,0,141.78418508557675,-47.677745591799024,120.4445926979538,-0.7856861687164122,,0,0,,0.928671692215396
170,0,0,0,0,0.14,0,0,141.55603309835885,-47.54929560986454,120.16143139684323,-0.7832165782026729,,0,0,,0.9373268458722034
171,0,0,0,0,0.15,0,0,141.32781174764037,-47.42047689000911,119.87933215179646,-0.7807338122755803,,0,0,,0.9457319995290108
172,0,0,0,0,0.15,0,0,141.09952278423685,-47.29129392979648,119.59828733627313,-0.7782379182034188,,0,0,,0.9541371531858182
173,0,0,0,0,0.15,0,0,140.87116792320728,-47.16175119071921,119.31828932095112,-0.7757289435044141,,0,0,,0.9625423068426255
174,0,0,0,0,0.16,0,0,140.64274884489268,-47.03185309839405,119.03933047541678,-0.7732069359458276,,0,0,,0.9706974604994328
175,0,0,0,0,0.16,0,0,140.41426719592073,-46.90160404276272,118.76140316980292,-0.7706719435430476,,0,0,,0.9788526141562401
176,0,0,0,0,0.16,0,0,140.18572459017759,-46.771008378298376,118.48449977637544,-0.768124014558676,,0,0,,0.9870077678130474
177,0,0,0,0,0.15,0,0,139.95712260974796,-46.6400704242171,118.20861267106926,-0.7655631975016065,,0,0,,0.9954129214698548
178,0,0,0,0,0.16,0,0,139.7284628058256,-46.5087944646945,117.93373423497579,-0.7629895411261065,,0,0,,1.0035680751266622
179,0,0,0,0,0.16,0,0,139.4997466995934,-46.37718474908683,117.65985685578053,-0.7604030944308819,,0,0,,1.0117232287834697
180,0,0,0,0,0.16,0,0,139.27097578307686,-46.24524549215674,117.38697292915487,-0.7578039066581505,,0,0,,1.019878382440277
181,0,0,0,0,0.16,0,0,139.04215151996914,-46.11298087430286,117.11507486010012,-0.7551920272927001,,0,0,,1.0280335360970845
182,0,0,0,0,0.16,0,0,138.81327534643088,-45.980395041793685,116.84415506424693,-0.752567506060949,,0,0,,1.036188689753892
183,0,0,0,0,0.15,0,0,138.5843486718647,-45.84749210700496,116.5742059691097,-0.7499303929299991,,0,0,,1.0445938434106992
184,0,0,0,0,0.15,0,0,138.35537287966508,-45.714276148660524,116.30522001529741,-0.7472807381066825,,0,0,,1.0529989970675064
185,0,0,0,0,0.17,0,0,138.12634932794572,-45.580751212076535,116.0371896576822,-0.7446185920366074,,0,0,,1.0609041507243138
186,0,0,0,0,0.18,0,0,137.89727935024365,-45.446921309408644,115.77010736652589,-0.7419440054031977,,0,0,,1.068559304381121
187,0,0,0,0,0.19,0,0,137.66816425620226,-45.31279041990206,115.50396562856594,-0.739257029126728,,0,0,,1.0759644580379284
188,0,0,0,0,0.19,0,0,137.43900533223294,-45.17836249014424,115.23875694806131,-0.7365577143633533,,0,0,,1.0833696116947358
189,0,0,0,0,0.21,0,0,137.20980384215682,-45.043641434320044,114.97447384779956,-0.733846112504135,,0,0,,1.0902747653515432
190,0,0,0,0,0.23,0,0,136.9805610278273,-44.908631134469076,114.71110887006613,-0.7311222751740645,,0,0,,1.0966799190083505
191,0,0,0,0,0.23,0,0,136.75127810973336,-44.77333544074536,114.4486545775759,-0.7283862542310783,,0,0,,1.1030850726651578
192,0,0,0,0,0.27,0,0,136.52195628758523,-44.637758171678506,114.18710355436896,-0.7256381017650709,,0,0,,1.1084902263219651
193,0,0,0,0,0.26,0,0,136.29259674088217,-44.50190311443707,113.92644840667084,-0.7228778700969044,,0,0,,1.1141453799787724
194,0,0,0,0,0.25,0,0,136.06320062946395,-44.36577402509311,113.66668176371786,-0.7201056117774095,,0,0,,1.1200505336355797
195,0,0,0,0,0.25,0,0,135.83376909404578,-44.22937462888857,113.40779627854965,-0.7173213795863908,,0,0,,1.125955687292387
196,0,0,0,0,0.25,0,0,135.60430325673724,-44.09270862050243,113.14978462876745,-0.7145252265316139,,0,0,,1.1318608409491944
197,0,0,0,0,0.23,0,0,135.3748042215469,-43.95577966431947,112.89263951726173,-0.7117172058478034,,0,0,,1.1382659946060016
198,0,0,0,0,0.27,0,0,135.14527307487143,-43.8185913946997,112.63635367290748,-0.7088973709956246,,0,0,,1.143671148262809
199,0,0,0,0,0.27,0,0,134.91571088597138,-43.68114741624879,112.38091985122998,-0.7060657756606695,,0,0,,1.1490763019196164
200,0,0,0,0,0.26,0,0,134.6861187074325,-43.543451304089146,112.12633083503978,-0.7032224737524307,,0,0,,1.1547314555764236
201,0,0,0,0,0.3,0,0,134.45649757561475,-43.40550660413162,111.87257943503995,-0.7003675194032786,,0,0,,1.159386609233231
202,0,0,0,0,0.29,0,0,134.22684851108787,-43.26731683334762,111.61965849040436,-0.6975009669674281,,0,0,,1.1642917628900384
203,0,0,0,0,0.28,0,0,133.99717251905517,-43.12888548004172,111.3675608693289,-0.6946228710199062,,0,0,,1.1694469165468457
204,0,0,0,0,0.29,0,0,133.76747058976514,-42.990216004124285,111.116279469556,-0.6917332863555108,,0,0,,1.1743520702036532
205,0,0,0,0,0.28,0,0,133.53774369891158,-42.851311837384465,110.86580721887302,-0.6888322679877682,,0,0,,1.1795072238604605
206,0,0,0,0,0.26,0,0,133.30799280802293,-42.71217638376301,110.61613707558574,-0.6859198711478871,,0,0,,1.1851623775172677
207,0,0,0,0,0.25,0,0,133.0782188648405,-42.57281301962512,110.36726202896688,-0.6829961512837045,,0,0,,1.191067531174075
208,0,0,0,0,0.26,0,0,132.84842280368656,-42.43322509403323,110.11917509968113,-0.6800611640586333,,0,0,,1.1967226848308823
209,0,0,0,0,0.25,0,0,132.61860554582225,-42.29341592901917,109.87186934018654,-0.6771149653505978,,0,0,,1.2026278384876896
210,0,0,0,0,0.26,0,0,132.38876799979613,-42.153388819856445,109.62533783511394,-0.6741576112509758,,0,0,,1.2082829921444969
211,0,0,0,0,0.27,0,0,132.15891106178276,-42.0131470353317,109.37957370162388,-0.6711891580635263,,0,0,,1.2136881458013042
212,0,0,0,0,0.28,0,0,131.9290356159127,-41.87269381801593,109.1345700897425,-0.6682096623033191,,0,0,,1.2188432994581115
213,0,0,0,0,0.36,0,0,131.6991425345937,-41.73203238453488,108.89032018267683,-0.6652191806956582,,0,0,,1.2219984531149188
214,0,0,0,0,0.36,0,0,131.46923267882306,-41.59116592583897,108.64681719710998,-0.6622177701750034,,0,0,,1.2251536067717261
215,0,0,0,0,0.35,0,0,131.23930689849206,-41.450097607472316,108.4040543834766,-0.6592054878838839,,0,0,,1.2285587604285335
216,0,0,0,0,0.33,0,0,131.0093660326824,-41.30883056984109,108.1620250262199,-0.6561823911718125,,0,0,,1.2324639140853408
217,0,0,0,0,0.31,0,0,130.779410909955,-41.16736792848088,107.92072244402989,-0.6531485375941928,,0,0,,1.236869067742148
218,0,0,0,0,0.31,0,0,130.54944234863103,-41.02571277432324,107.68013999006426,-0.6501039849112247,,0,0,,1.2412742213989554
219,0,0,0,0,0.32,0,0,130.31946115706612,-40.88386817396116,107.4402710521514,-0.6470487910868012,,0,0,,1.2454293750557628
220,0,0,0,0,0.32,0,0,130.0894681339174,-40.74183716991344,107.20110905297769,-0.6439830142874102,,0,0,,1.2495845287125702
221,0,0,0,0,0.32,0,0,129.85946406840372,-40.59962278088818,106.96264745025738,-0.6409067128810217,,0,0,,1.2537396823693776
222,0,0,0,0,0.33,0,0,129.62944974055958,-40.45722800204484,106.72487973688789,-0.6378199454359804,,0,0,,1.257644836026185
223,0,0,0,0,0.31,0,0,129.39942592148242,-40.314655805255384,106.48779944108921,-0.6347227707198888,,0,0,,1.2620499896829922
224,0,0,0,0,0.32,0,0,129.1693933735739,-40.17190913936382,106.25140012652918,-0.6316152476984898,,0,0,,1.2662051433397996
225,0,0,0,0,0.32,0,0,128.93935285077532,-40.028990930444884,106.01567539243354,-0.6284974355345411,,0,0,,1.270360296996607
226,0,0,0,0,0.31,0,0,128.70930509879705,-39.88590408206098,105.78061887368361,-0.6253693935866925,,0,0,,1.2747654506534143
227,0,0,0,0,0.3,0,0,128.4792508553427,-39.74265147551812,105.54622424089946,-0.6222311814083544,,0,0,,1.2794206043102216
228,0,0,0,0,0.27,0,0,128.2491908503276,-39.59923597012019,105.31248520051064,-0.6190828587465622,,0,0,,1.284825757967029
229,0,0,0,0,0.27,0,0,128.0191258060922,-39.45566040342178,105.07939549481478,-0.6159244855408418,,0,0,,1.2902309116238364
230,0,0,0,0,0.26,0,0,127.78905643761018,-39.3119275914799,104.84694890202339,-0.6127561219220663,,0,0,,1.2958860652806437
231,0,0,0,0,0.26,0,0,127.55898345269196,-39.16804032910362,104.61513923629671,-0.6095778282113107,,0,0,,1.301541218937451
232,0,0,0,0,0.25,0,0,127.32890755218332,-39.02400139010273,104.3839603477673,-0.606389664918707,,0,0,,1.3074463725942582
233,0,0,0,0,0.23,0,0,127.09882943015928,-38.87981352753443,104.15340612255233,-0.6031916927422893,,0,0,,1.3138515262510655
234,0,0,0,0,0.25,0,0,126.86874977411347,-38.735479473948814,103.92347048275543,-0.5999839725668369,,0,0,,1.3197566799078728
235,0,0,0,0,0.24,0,0,126.63866926514339,-38.591001941632285,103.69414738645928,-0.5967665654627179,,0,0,,1.3259118335646802
236,0,0,0,0,0.25,0,0,126.40858857813147,-38.44638362284984,103.46543082770759,-0.593539532684727,,0,0,,1.3318169872214876
237,0,0,0,0,0.23,0,0,126.17850838192149,-38.30162719008533,103.23731483647775,-0.5903029356709153,,0,0,,1.3382221408782948
238,0,0,0,0,0.24,0,0,125.948429339492,-38.15673529628034,103.00979347864515,-0.5870568360414257,,0,0,,1.3443772945351022
239,0,0,0,0,0.23,0,0,125.71835210812495,-38.01171057507105,102.78286085593795,-0.5838012955973149,,0,0,,1.3507824481919095
240,0,0,0,0,0.17,0,0,125.48827733957123,-37.86655564102382,102.55651110588408,-0.5805363763193809,,0,0,,1.3586876018487168
241,0,0,0,0,0.2,0,0,125.2582056802123,-37.72127308986867,102.33073840174978,-0.57726214036698,,0,0,,1.3658427555055241
242,0,0,0,0,0.19,0,0,125.02813777121847,-37.575865498731325,102.1055369524707,-0.5739786500768455,,0,0,,1.3732479091623315
243,0,0,0,0,0.18,0,0,124.79807424870371,-37.43033542636333,101.88090100257524,-0.5706859679618993,,0,0,,1.3809030628191388
244,0,0,0,0,0.17,0,0,124.56801574387717,-37.284685413370546,101.65682483210097,-0.5673841567100626,,0,0,,1.388808216475946
245,0,0,0,0,0.17,0,0,124.33796288319152,-37.13891798243988,101.43330275650399,-0.5640732791830623,,0,0,,1.3967133701327534
246,0,0,0,0,0.18,0,0,124.10791628848818,-36.993035638564045,101.21032912656185,-0.5607533984152335,,0,0,,1.4043685237895607
247,0,0,0,0,0.18,0,0,123.87787657713962,-36.84704086926499,100.98789832826992,-0.5574245776123207,,0,0,,1.412023677446368
248,0,0,0,0,0.21,0,0,123.6478443621887,-36.70093614481504,100.76600478273193,-0.5540868801502736,,0,0,,1.4189288311031754
249,0,0,0,0,0.22,0,0,123.4178202524852,-36.55472391845669,100.54464294604452,-0.5507403695740416,,0,0,,1.4255839847599827
250,0,0,0,0,0.23,0,0,123.18780485281934,-36.40840662662023,100.3238073091761,-0.5473851095963609,,0,0,,1.43198913841679
251,0,0,0,0,0.22,0,0,122.95779876405322,-36.26198668914,100.10349239784065,-0.5440211640965452,,0,0,,1.4386442920735973
252,0,0,0,0,0.21,0,0,122.72780258324917,-36.11546650946844,99.8836927723663,-0.5406485971192675,,0,0,,1.4455494457304048
253,0,0,0,0,0.21,0,0,122.497816903796,-35.9688484748887,99.66440302755906,-0.5372674728733428,,0,0,,1.4524545993872122
254,0,0,0,0,0.2,0,0,122.26784231553212,-35.822134956725165,99.44561779256163,-0.5338778557305026,,0,0,,1.4596097530440195
255,0,0,0,0,0.2,0,0,122.03787940486737,-35.675328310552395,99.22733173070804,-0.530479810224171,,0,0,,1.4667649067008268
256,0,0,0,0,0.19,0,0,121.80792875490152,-35.528430876402204,99.00953953937413,-0.5270734010482361,,0,0,,1.4741700603576342
257,0,0,0,0,0.18,0,0,121.57799094554127,-35.38144497896895,98.7922359498236,-0.5236586930558178,,0,0,,1.4818252140144414
258,0,0,0,0,0.17,0,0,121.34806655361494,-35.234372927813006,98.57541572705095,-0.520235751258036,,0,0,,1.4897303676712488
259,0,0,0,0,0.21,0,0,121.11815615298468,-35.087217017562516,98.35907366961945,-0.5168046408227664,,0,0,,1.4966355213280562
260,0,0,0,0,0.2,0,0,120.88826031465719,-34.93997952811328,98.14320460949739,-0.5133654270734069,,0,0,,1.5037906749848635
261,0,0,0,0,0.18,0,0,120.65837960689227,-34.792662724827,97.92780341188947,-0.5099181754876296,,0,0,,1.5114458286416708
262,0,0,0,0,0.18,0,0,120.42851459530938,-34.64526885872756,97.71286497506605,-0.5064629516961356,,0,0,,1.519100982298478
263,0,0,0,0,0.18,0,0,120.1986658429925,-34.49780016669583,97.49838423018902,-0.5029998214814055,,0,0,,1.5267561359552853
264,0,0,0,0,0.14,0,0,119.96883391059295,-34.3502588716623,97.28435614113488,-0.4995288507764453,,0,0,,1.5354112896120926
265,0,0,0,0,0.16,0,0,119.73901935643117,-34.20264718279839,97.07077570431576,-0.49605010566353575,,0,0,,1.5435664432689
266,0,0,0,0,0.17,0,0,119.50922273659566,-34.05496729570569,96.85763794849703,-0.492563652372969,,0,0,,1.5514715969257074
267,0,0,0,0,0.17,0,0,119.27944460504138,-33.90722139260364,96.64493793461317,-0.48906955728178925,,0,0,,1.5593767505825147
268,0,0,0,0,0.16,0,0,119.04968551368601,-33.7594116425154,96.43267075558148,-0.4855678869125298,,0,0,,1.567531904239322
269,0,0,0,0,0.17,0,0,118.81994601250499,-33.61154020145209,96.22083153611396,-0.4820587079319492,,0,0,,1.5754370578961294
270,0,0,0,0,0.18,0,0,118.59022664962448,-33.4636092125951,96.00941543252608,-0.47854208714975466,,0,0,,1.5830922115529367
271,0,0,0,0,0.18,0,0,118.36052797141375,-33.31562080647696,95.79841763254556,-0.4750180915173372,,0,0,,1.590747365209744
272,0,0,0,0,0.18,0,0,118.1308505225756,-33.16757710116032,95.58783335511832,-0.47148678812649536,,0,0,,1.5984025188665512
273,0,0,0,0,0.19,0,0,117.9011948462354,-33.01948020241533,95.37765785021296,-0.4679482442081553,,0,0,,1.6058076725233585
274,0,0,0,0,0.19,0,0,117.67156148402898,-32.8713322038953,95.16788639862408,-0.46440252713109065,,0,0,,1.613212826180166
275,0,0,0,0,0.19,0,0,117.4419509761897,-32.72313518731071,94.95851431177495,-0.4608497044006462,,0,0,,1.6206179798369733
276,0,0,0,0,0.18,0,0,117.21236386163304,-32.57489122260157,94.74953693151706,-0.45728984365744085,,0,0,,1.6282731334937806
277,0,0,0,0,0.19,0,0,116.98280067804195,-32.426602368108085,94.54094962993183,-0.4537230126760973,,0,0,,1.635678287150588
278,0,0,0,0,0.2,0,0,116.75326196194861,-32.27827067073975,94.33274780912717,-0.45014927936393095,,0,0,,1.6428334408073952
279,0,0,0,0,0.2,0,0,116.52374824881764,-32.12989816614275,94.12492690103755,-0.446568711759677,,0,0,,1.6499885944642025
280,0,0,0,0,0.19,0,0,116.29426007312598,-31.98148687886578,93.91748236721946,-0.44298137803217835,,0,0,,1.65739374812101
281,0,0,0,0,0.18,0,0,116.06479796844339,-31.83303882252423,93.71040969864902,-0.4393873464790988,,0,0,,1.6650489017778172
282,0,0,0,0,0.17,0,0,115.83536246751112,-31.684555999962825,93.50370441551779,-0.4357866855256207,,0,0,,1.6729540554346245
283,0,0,0,0,0.17,0,0,115.60595410231947,-31.536040403416635,93.29736206702749,-0.4321794637231363,,0,0,,1.6808592090914318
284,0,0,0,0,0.16,0,0,115.37657340418508,-31.387494014670548,93.09137823118564,-0.42856574974794764,,0,0,,1.6890143627482392
285,0,0,0,0,0.2,0,0,115.14722090382699,-31.23891880521712,92.88574851460052,-0.4249456123999613,,0,0,,1.6961695164050465
286,0,0,0,0,0.2,0,0,114.91789713144168,-31.09031673641295,92.68046855227533,-0.42131912060137583,,0,0,,1.7033246700618538
287,0,0,0,0,0.22,0,0,114.68860261677712,-30.941689759633523,92.47553400740193,-0.41768634339536453,,0,0,,1.7099798237186612
288,0,0,0,0,0.2,0,0,114.45933788920658,-30.793039816426415,92.27094057115593,-0.41404734994476844,,0,0,,1.7171349773754685
289,0,0,0,0,0.21,0,0,114.23010347780156,-30.64436883866313,92.06668396249103,-0.4104022095307814,,0,0,,1.724040131032276
290,0,0,0,0,0.22,0,0,114.00089991140321,-30.495678748689325,91.8627599279323,-0.4067509915516219,,0,0,,1.7306952846890833
291,0,0,0,0,0.22,0,0,113.77172771869363,-30.346971459473654,91.65916424137085,-0.40309376552121473,,0,0,,1.7373504383458906
292,0,0,0,0,0.21,0,0,113.54258742826643,-30.198248874755034,91.45589270385841,-0.399430601067868,,0,0,,1.744255592002698
293,0,0,0,0,0.22,0,0,113.31347956869759,-30.049512889188467,91.2529411434037,-0.3957615679329626,,0,0,,1.7509107456595054
294,0,0,0,0,0.23,0,0,113.08440466861288,-29.900765388489486,91.05030541476467,-0.39208673596959714,,0,0,,1.7573158993163127
295,0,0,0,0,0.24,0,0,112.85536325675696,-29.752008249577116,90.8479813992447,-0.388406175141266,,0,0,,1.7634710529731201
296,0,0,0,0,0.26,0,0,112.62635586206265,-29.603243340715323,90.64596500449085,-0.38471995552054905,,0,0,,1.7691262066299274
297,0,0,0,0,0.31,0,0,112.3973830137177,-29.454472521653223,90.44425216428887,-0.3810281472877665,,0,0,,1.7735313602867346
298,0,0,0,0,0.31,0,0,112.16844524122793,-29.30569764376374,90.24283883835409,-0.37733082072958346,,0,0,,1.777936513943542
299,0,0,0,0,0.32,0,0,111.93954307449565,-29.156920550180946,90.04172101214877,-0.37362804623786755,,0,0,,1.7820916676003493
300,0,0,0,0,0.34,0,0,111.71067704385325,-29.008143075936026,89.84089469662703,-0.36991989430782823,,0,0,,1.7857468212571566
301,0,0,0,0,0.35,0,0,111.48184768019213,-28.859367048091855,89.64035592813836,-0.36620643553770205,,0,0,,1.789151974913964
302,0,0,0,0,0.38,0,0,111.25305551495508,-28.71059428587622,89.44010076810751,-0.3624877406262378,,0,0,,1.7918071285707713
303,0,0,0,0,0.38,0,0,111.02430108024174,-28.561826600813706,89.24012530290248,-0.3587638803720139,,0,0,,1.7944622822275786
304,0,0,0,0,0.41,0,0,110.79558490886512,-28.413065796856326,89.0404256436227,-0.3550349256719676,,0,0,,1.796367435884386
305,0,0,0,0,0.4,0,0,110.56690753441347,-28.26431367051268,88.84099792589839,-0.35130094752001967,,0,0,,1.7985225895411934
306,0,0,0,0,0.43,0,0,110.33826949131463,-28.115572010975992,88.6418383096948,-0.34756201700574013,,0,0,,1.7999277431980008
307,0,0,0,0,0.43,0,0,110.10967131489743,-27.966842600250725,88.44294297911328,-0.3438182053129695,,0,0,,1.8013328968548081
308,0,0,0,0,0.45,0,0,109.88111354145504,-27.818127213277958,88.24430814219735,-0.3400695837184795,,0,0,,1.8022380505116156
309,0,0,0,0,0.45,0,0,109.65259670830841,-27.669427618059558,88.04593003073984,-0.33631622359063357,,0,0,,1.803143204168423
310,0,0,0,0,0.47,0,0,109.42412135386598,-27.520745575781003,87.84780490008583,-0.33255819638799294,,0,0,,1.8035483578252303
311,0,0,0,0,0.47,0,0,109.19568801768649,-27.372082840932965,87.64992902894225,-0.32879557365797624,,0,0,,1.8039535114820375
312,0,0,0,0,0.43,0,0,108.96729724054063,-27.2234411614318,87.45229871918657,-0.3250284270355007,,0,0,,1.805358665138845
313,0,0,0,0,0.38,0,0,108.73894956447143,-27.07482227873863,87.25491029567553,-0.32125682824160756,,0,0,,1.8080138187956523
314,0,0,0,0,0.39,0,0,108.51064553285518,-26.926227927977372,87.05776010605567,-0.31748084908209595,,0,0,,1.8104189724524595
315,0,0,0,0,0.38,0,0,108.28238569046312,-26.77765983805147,86.86084452057699,-0.3137005614461723,,0,0,,1.8130741261092669
316,0,0,0,0,0.23,0,0,108.05417058352079,-26.629119731759534,86.66415993190411,-0.30991603730506334,,0,0,,1.8194792797660742
317,0,0,0,0,0.2,0,0,107.8260007597685,-26.480609325909693,86.4677027549309,-0.30612734871064895,,0,0,,1.8266344334228815
318,0,0,0,0,0.2,0,0,107.59787676852223,-26.332130331432932,86.27146942659685,-0.30233456779410095,,0,0,,1.8337895870796888
319,0,0,0,0,0.2,0,0,107.36979916073325,-26.183684453495143,86.07545640570349,-0.29853776676450533,,0,0,,1.840944740736496
320,0,0,0,0,0.18,0,0,107.14176848904731,-26.0352733916081,85.87966017273087,-0.2947370179074733,,0,0,,1.8485998943933033
321,0,0,0,0,0.19,0,0,106.91378530786568,-25.886898839739334,85.68407722965917,-0.29093239358378925,,0,0,,1.8560050480501107
322,0,0,0,0,0.18,0,0,106.68585017340389,-25.738562486420893,85.48870409978736,-0.28712396622801467,,0,0,,1.863660201706918
323,0,0,0,0,0.18,0,0,106.45796364375163,-25.590266014856866,85.29353732755577,-0.2833118083471155,,0,0,,1.8713153553637252
324,0,0,0,0,0.22,0,0,106.23012627893252,-25.442011103030033,85.09857347836952,-0.2794959925190853,,0,0,,1.8779705090205325
325,0,0,0,0,0.23,0,0,106.0023386409631,-25.293799423807243,84.90380913842225,-0.2756765913915551,,0,0,,1.8843756626773398
326,0,0,0,0,0.23,0,0,105.77460129391275,-25.145632645043822,84.70924091452261,-0.27185367768041707,,0,0,,1.890780816334147
327,0,0,0,0,0.24,0,0,105.54691480396293,-24.997512429686875,84.51486543392143,-0.2680273241684388,,0,0,,1.8969359699909545
328,0,0,0,0,0.26,0,0,105.3192797394665,-24.84944043587758,84.32067934413993,-0.26419760370387424,,0,0,,1.9025911236477617
329,0,0,0,0,0.27,0,0,105.09169667100738,-24.701418317052372,84.12667931280028,-0.2603645891990813,,0,0,,1.907996277304569
330,0,0,0,0,0.25,0,0,104.86416617145996,-24.553447722043195,83.93286202745664,-0.25652835362913073,,0,0,,1.9139014309613764
331,0,0,0,0,0.28,0,0,104.63668881604842,-24.405530295176625,83.7392241954282,-0.25268897003041757,,0,0,,1.9190565846181837
332,0,0,0,0,0.25,0,0,104.40926518240666,-24.257667676372062,83.54576254363354,-0.24884651149927206,,0,0,,1.924961738274991
333,0,0,0,0,0.25,0,0,104.18189585063747,-24.1098615012389,83.35247381842616,-0.24500105119056537,,0,0,,1.9308668919317984
334,0,0,0,0,0.23,0,0,103.95458140337266,-23.96211340117268,83.15935478543184,-0.24115266231631918,,0,0,,1.9372720455886057
335,0,0,0,0,0.23,0,0,103.72732242583247,-23.814425003450264,82.96640222938714,-0.2373014181443088,,0,0,,1.943677199245413
336,0,0,0,0,0.24,0,0,103.5001195058859,-23.66679793132414,82.77361295397988,-0.233447391996674,,0,0,,1.9498323529022203
337,0,0,0,0,0.64,0,0,103.27297323411032,-23.519233804115583,82.58098378169018,-0.2295906572485156,,0,0,,1.9459875065590277
338,0,0,0,0,0.73,0,0,103.04588420385195,-23.371734237307013,82.38851155363415,-0.22573128732650477,,0,0,,1.939892660215835
339,0,0,0,0,0.82,0,0,102.81885301128595,-23.224300842633358,82.19619312940794,-0.22186935570748043,,0,0,,1.9315478138726423
340,0,0,0,0,0.81,0,0,102.59188025547708,-23.076935228172452,82.00402538693439,-0.21800493591705514,,0,0,,1.9234529675294496
341,0,0,0,0,0.8,0,0,102.36496653844024,-22.929638998434566,81.81200522231015,-0.21413810152821083,,0,0,,1.915608121186257
342,0,0,0,0,0.8,0,0,102.13811246520122,-22.78241375445095,81.62012954965492,-0.21026892615989934,,0,0,,1.9077632748430644
343,0,0,0,0,0.8,0,0,101.911318643858,-22.635261093861573,81.42839530096232,-0.2063974834756433,,0,0,,1.8999184284998718
344,0,0,0,0,0.81,0,0,101.68458568564182,-22.488182611001836,81.23679942595184,-0.20252384718213148,,0,0,,1.8918235821566791
345,0,0,0,0,0.9,0,0,101.45791420497856,-22.3411798969885,81.04533889192233,-0.19864809102781375,,0,0,,1.8814787358134863
346,0,0,0,0,0.9,0,0,101.23130481955072,-22.194254539804646,80.85401068360765,-0.19477028880150168,,0,0,,1.8711338894702936
347,0,0,0,0,0.89,0,0,101.00475815035918,-22.04740812438386,80.66281180303305,-0.19089051433095977,,0,0,,1.861039043127101
348,0,0,0,0,0.88,0,0,100.77827482178546,-21.900642232693407,80.47173926937353,-0.18700884148150032,,0,0,,1.8511941967839083
349,0,0,0,0,0.89,0,0,100.55185546165443,-21.75395844381674,80.28079011881388,-0.18312534415458073,,0,0,,1.8410993504407156
350,0,0,0,0,0.94,0,0,100.32550070129675,-21.60735833403491,80.08996140440964,-0.17924009628639026,,0,0,,1.829754504097523
351,0,0,0,0,0.43,0,0,100.0992111756124,-21.46084347690742,79.89925019595046,-0.17535317184644958,,0,0,,1.8311596577543303
352,0,0,0,0,0.44,0,0,99.8729875231337,-21.314415443351983,79.70865357982414,-0.17146464483619586,,0,0,,1.8323148114111376
353,0,0,0,0,0.48,0,0,99.64683038608945,-21.168075801723617,79.51816865888301,-0.16757458928757926,,0,0,,1.832469965067945
354,0,0,0,0,0.69,0,0,99.42074041046867,-21.021826117892843,79.32779255231112,-0.1636830792616493,,0,0,,1.8273751187247524
355,0,0,0,0,0.86,0,0,99.19471824608522,-20.875667955323106,79.1375223954936,-0.15979018884714713,,0,0,,1.8180302723815598
356,0,0,0,0,0.74,0,0,98.96876454664273,-20.729602875147343,78.9473553398874,-0.15589599215909605,,0,0,,1.811685426038367
357,0,0,0,0,0.76,0,0,98.7428799697995,-20.583632436243818,78.75728855289304,-0.15200056333738626,,0,0,,1.8048405796951743
358,0,0,0,0,0.67,0,0,98.51706517723437,-20.437758195311105,78.56731921772896,-0.14810397654536817,,0,0,,1.8002457333519817
359,0,0,0,0,0.36,0,0,98.29132083471252,-20.291981706942302,78.3774445333064,-0.14420630596843698,,0,0,,1.803400887008789
360,0,0,0,0,0.34,0,0,98.06564761215196,-20.146304523698472,78.18766171410654,-0.14030762581262263,,0,0,,1.8070560406655962
361,0,0,0,0,0.34,0,0,97.8400461836904,-20.000728196181335,77.99796799005875,-0.13640801030317515,,0,0,,1.8107111943224035
362,0,0,0,0,0.34,0,0,97.61451722775244,-19.855254273105125,77.80836060642069,-0.13250753368315285,,0,0,,1.8143663479792107
363,0,0,0,0,0.35,0,0,97.38906142711731,-19.70988430136772,77.61883682365975,-0.12860627021200774,,0,0,,1.817771501636018
364,0,0,0,0,0.36,0,0,97.16367946898721,-19.56461982612109,77.42939391733623,-0.12470429416417339,,0,0,,1.8209266552928254
365,0,0,0,0,0.36,0,0,96.93837204505586,-19.419462390840824,77.24002917798796,-0.12080167982764932,,0,0,,1.8240818089496327
366,0,0,0,0,0.35,0,0,96.7131398515776,-19.274413537395105,77.0507399110163,-0.11689850150258559,,0,0,,1.82748696260644
367,0,0,0,0,0.38,0,0,96.48798358943736,-19.129474806112842,76.86152343657419,-0.11299483349987265,,0,0,,1.8301421162632474
368,0,0,0,0,0.33,0,0,96.26290396422056,-18.98464773585103,76.67237708945517,-0.10909075013972103,,0,0,,1.8340472699200547
369,0,0,0,0,0.33,0,0,96.0379016862841,-18.839933864061535,76.48329821898443,-0.10518632575025144,,0,0,,1.837952423576862
370,0,0,0,0,0.38,0,0,95.81297747082742,-18.69533472685699,76.29428418891098,-0.10128163466607609,,0,0,,1.8406075772336694
371,0,0,0,0,0.38,0,0,95.58813203796441,-18.550851859076065,76.10533237730162,-0.09737675122688415,,0,0,,1.8432627308904768
372,0,0,0,0,0.38,0,0,95.36336611279589,-18.406486794348016,75.91644017643645,-0.09347174977602736,,0,0,,1.8459178845472841
373,0,0,0,0,0.38,0,0,95.13868042548258,-18.262241065156534,75.72760499270592,-0.0895667046591049,,0,0,,1.8485730382040915
374,0,0,0,0,0.38,0,0,94.91407571131863,-18.118116202902865,75.53882424650926,-0.08566169022254713,,0,0,,1.8512281918608988
375,0,0,0,0,0.45,0,0,94.68955271080583,-17.97411373796823,75.35009537215447,-0.0817567808121989,,0,0,,1.8521333455177063
376,0,0,0,0,0.44,0,0,94.46511216972851,-17.83023519977563,75.16141581776019,-0.07785205077190765,,0,0,,1.8532884991745135
377,0,0,0,0,0.43,0,0,94.24075483922897,-17.686482116850815,74.9727830451586,-0.07394757444210426,,0,0,,1.854693652831321
378,0,0,0,0,0.41,0,0,94.01648147588347,-17.542856016882766,74.78419452980008,-0.07004342615838972,,0,0,,1.8565988064881283
379,0,0,0,0,0.4,0,0,93.79229284177929,-17.399358426783298,74.59564776065966,-0.06613968025012032,,0,0,,1.8587539601449357
380,0,0,0,0,0.34,0,0,93.5681897045918,-17.25599087274613,74.40714024014432,-0.06223641103898998,,0,0,,1.862409113801743
381,0,0,0,0,0.4,0,0,93.34417283766305,-17.112754880305232,74.21866948400263,-0.05833369283761905,,0,0,,1.8645642674585503
382,0,0,0,0,0.45,0,0,93.12024302008022,-16.969651974392505,74.0302330212352,-0.05443159994813594,,0,0,,1.8654694211153577
383,0,0,0,0,0.43,0,0,92.89640103675539,-16.82668367939479,73.84182839400707,-0.050530206660763924,,0,0,,1.8668745747721651
384,0,0,0,0,0.44,0,0,92.67264767850598,-16.683851519210283,73.65345315756156,-0.046629587252409246,,0,0,,1.8680297284289724
385,0,0,0,0,0.43,0,0,92.44898374213541,-16.541157017304148,73.4651048801353,-0.04272981598524108,,0,0,,1.8694348820857798
386,0,0,0,0,0.43,0,0,92.22541003051529,-16.398601696763656,73.27678114287535,-0.03883096710528371,,0,0,,1.8708400357425872
387,0,0,0,0,0.42,0,0,92.00192735266785,-16.256187080352554,73.08847953975722,-0.034933114840999466,,0,0,,1.8724951893993944
388,0,0,0,0,0.4,0,0,91.77853652384935,-16.11391469056483,72.90019767750489,-0.031036333401877274,,0,0,,1.8746503430562018
389,0,0,0,0,0.3,0,0,91.55523836563421,-15.97178604967781,72.71193317551193,-0.027140696977018312,,0,0,,1.8793054967130092
390,0,0,0,0,0.29,0,0,91.33203370600006,-15.82980267980468,72.52368366576435,-0.02324627973372437,,0,0,,1.8842106503698166
391,0,0,0,0,0.34,0,0,91.10892337941362,-15.687966102946278,72.33544679276494,-0.019353155816086272,,0,0,,1.8878658040266239
392,0,0,0,0,0.27,0,0,90.88590822691737,-15.54627784104234,72.14722021345906,-0.01546139934357248,,0,0,,1.8932709576834312
393,0,0,0,0,0.26,0,0,90.66298909621692,-15.404739416022036,71.95900159716163,-0.011571084409614683,,0,0,,1.8989261113402385
394,0,0,0,0,0.27,0,0,90.44016684176981,-15.263352349853953,71.77078862548639,-0.0076822850802034555,,0,0,,1.9043312649970459
395,0,0,0,0,0.29,0,0,90.21744232487443,-15.122118164595362,71.58257899227547,-0.003795075392470721,,0,0,,1.9092364186538533
396,0,0,0,0,0.29,0,0,89.99481641376049,-14.981038382440985,71.39437040353167,9.047064671355213e-05,,0,0,,1.9141415723106607
397,0,0,0,0,0.29,0,0,89.77228998368018,-14.84011452577101,71.2061605773513,0.00397427906215376,,0,0,,1.9190467259674682
398,0,0,0,0,0.29,0,0,89.54986391700014,-14.699348117198554,71.01794724385887,0.007856275911736375,,0,0,,1.9239518796242756
399,0,0,0,0,0.3,0,0,89.32753910329458,-14.55874067961654,70.82972814514328,0.011736387287836826,,0,0,,1.928607033281083
400,0,0,0,0,0.27,0,0,89.10531643943935,-14.41829373624385,70.64150103519536,0.015614539318727553,,0,0,,1.9340121869378903
401,0,0,0,0,0.26,0,0,88.88319682970686,-14.278008810670988,70.45326367984686,0.01949065816998386,,0,0,,1.9396673405946976
402,0,0,0,0,0.26,0,0,88.66118118586215,-14.137887426905017,70.26501385671088,0.023364670045890924,,0,0,,1.9453224942515048
403,0,0,0,0,0.31,0,0,88.43927042725987,-13.99793110941401,70.07674935512404,0.027236501190846182,,0,0,,1.949727647908312
404,0,0,0,0,0.35,0,0,88.21746548094245,-13.858141383170755,69.88846797608959,0.031106077890765995,,0,0,,1.9531328015651195
405,0,0,0,0,0.36,0,0,87.99576728173909,-13.718519773695975,69.70016753222238,0.03497332647448822,,0,0,,1.9562879552219268
406,0,0,0,0,0.35,0,0,87.77417677236609,-13.579067807100833,69.51184584769527,0.03883817331517372,,0,0,,1.9596931088787342
407,0,0,0,0,0.32,0,0,87.55269490352804,-13.439787010128937,69.32350075818657,0.0427005448317101,,0,0,,1.9638482625355416
408,0,0,0,0,0.25,0,0,87.33132263402014,-13.300678910197638,69.13513011082938,0.04656036749011118,,0,0,,1.969753416192349
409,0,0,0,0,0.26,0,0,87.11006093083193,-13.161745035438829,68.94673176416225,0.05041756780491668,,0,0,,1.9754085698491561
410,0,0,0,0,0.3,0,0,86.88891076925162,-13.022986914739008,68.75830358808093,0.0542720723405936,,0,0,,1.9800637235059635
411,0,0,0,0,0.28,0,0,86.66787313297212,-12.884406077778909,68.56984346379207,0.05812380771293173,,0,0,,1.9852188771627708
412,0,0,0,0,0.28,0,0,86.44694901419795,-12.746004055072364,68.38134928376807,0.06197270059044096,,0,0,,1.990374030819578
413,0,0,0,0,0.29,0,0,86.22613941375332,-12.607782378004693,68.19281895170319,0.06581867769574953,,0,0,,1.9952791844763855
414,0,0,0,0,0.28,0,0,86.00544534119157,-12.469742578870413,68.00425038247143,0.0696616658069971,,0,0,,2.000434338133193
415,0,0,0,0,0.29,0,0,85.78486781490574,-12.331886190910383,67.8156415020856,0.07350159175922935,,0,0,,2.00533949179
416,0,0,0,0,0.29,0,0,85.5644078622404,-12.194214748348324,67.62699024765784,0.07733838244579153,,0,0,,2.0102446454468073
417,0,0,0,0,0.33,0,0,85.34406651960475,-12.056729786426807,67.43829456736155,0.08117196481971926,,0,0,,2.0141497991036146
418,0,0,0,0,0.27,0,0,85.12384483258697,-11.919432841442509,67.24955242039472,0.08500226589513066,,0,0,,2.019554952760422
419,0,0,0,0,0.28,0,0,84.90374385606997,-11.782325450781052,67.06076177694472,0.08882921274861404,,0,0,,2.0247101064172295
420,0,0,0,0,0.23,0,0,84.68376465434834,-11.645409152951053,66.87192061815438,0.09265273252061793,,0,0,,2.0311152600740368
421,0,0,0,0,0.23,0,0,84.46390830124668,-11.508685487617727,66.68302693608946,0.09647275241683768,,0,0,,2.037520413730844
422,0,0,0,0,0.24,0,0,84.24417588023934,-11.3721559956358,66.49407873370778,0.1002891997096001,,0,0,,2.0436755673876514
423,0,0,0,0,0.25,0,0,84.02456848457145,-11.23582221908183,66.30507402482924,0.10410200173925088,,0,0,,2.049580721044459
424,0,0,0,0,0.25,0,0,83.80508721738141,-11.099685701286006,66.1160108341077,0.10791108591553451,,0,0,,2.0554858747012665
425,0,0,0,0,0.24,0,0,83.58573319182477,-10.963747986863204,65.9268871970039,0.11171637971897969,,0,0,,2.061641028358074
426,0,0,0,0,0.23,0,0,83.36650753119952,-10.82801062174358,65.73770115975998,0.11551781070227772,,0,0,,2.068046182014881
427,0,0,0,0,0.22,0,0,83.14741136907298,-10.692475153202512,65.54845077937532,0.11931530649166172,,0,0,,2.0747013356716884
428,0,0,0,0,0.25,0,0,82.92844584940993,-10.55714312988986,65.35913412358352,0.12310879478828635,,0,0,,2.080606489328496
429,0,0,0,0,0.26,0,0,82.70961212670244,-10.422016101858778,65.16974927083113,0.1268982033696024,,0,0,,2.086261642985303
430,0,0,0,0,0.26,0,0,82.49091136610113,-10.287095620593766,64.98029431025748,0.1306834600907326,,0,0,,2.0919167966421104
431,0,0,0,0,0.25,0,0,82.27234474354795,-10.152383239038196,64.79076734167583,0.13446449288584553,,0,0,,2.097821950298918
432,0,0,0,0,0.27,0,0,82.05391344591061,-10.017880511621245,64.6011664755561,0.13824122976952682,,0,0,,2.1032271039557253
433,0,0,0,0,0.28,0,0,81.8356186711185,-9.883588994284144,64.4114898330087,0.14201359883815073,,0,0,,2.108382257612533
434,0,0,0,0,0.29,0,0,81.61746162830022,-9.74951024450591,64.22173554576992,0.14578152827124766,,0,0,,2.11328741126934
435,0,0,0,0,0.28,0,0,81.39944353792289,-9.615645821328377,64.03190175618849,0.14954494633287235,,0,0,,2.1184425649261476
436,0,0,0,0,0.28,0,0,81.18156563193284,-9.481997285380686,63.841986617213585,0.15330378137296993,,0,0,,2.123597718582955
437,0,0,0,0,0.27,0,0,80.96382915389813,-9.348566198903095,63.65198829238408,0.15705796182873963,,0,0,,2.1290028722397625
438,0,0,0,0,0.26,0,0,80.74623535915288,-9.21535412577025,63.46190495581921,0.16080741622599673,,0,0,,2.1346580258965697
439,0,0,0,0,0.26,0,0,80.528785514943,-9.082362631513755,63.27173479221049,0.16455207318053444,,0,0,,2.140313179553377
440,0,0,0,0,0.28,0,0,80.31148090057388,-8.949593283344168,63.08147599681497,0.16829186139948238,,0,0,,2.1454683332101845
441,0,0,0,0,0.29,0,0,80.0943228075599,-8.817047650172373,62.891126775449926,0.17202670968266354,,0,0,,2.1503734868669917
442,0,0,0,0,0.28,0,0,79.87731253977552,-8.684727302630339,62.70068534448863,0.1757565469239499,,0,0,,2.155528640523799
443,0,0,0,0,0.28,0,0,79.66045141360817,-8.552633813091182,62.51014993085757,0.17948130211261767,,0,0,,2.1606837941806067
444,0,0,0,0,0.28,0,0,79.44374075811335,-8.420768755688732,62.31951877203505,0.18320090433469627,,0,0,,2.1658389478374143
445,0,0,0,0,0.27,0,0,79.22718191517096,-8.289133706336305,62.12879011605093,0.18691528277432137,,0,0,,2.1712441014942216
446,0,0,0,0,0.28,0,0,79.01077623964409,-8.157730242744977,61.93796222148767,0.19062436671508157,,0,0,,2.176399255151029
447,0,0,0,0,0.28,0,0,78.79452509953934,-8.02655994444115,61.7470333574828,0.1943280855413655,,0,0,,2.1815544088078367
448,0,0,0,0,0.25,0,0,78.57842987616922,-7.895624392783532,61.55600180373257,0.19802636873970533,,0,0,,2.1874595624646442
449,0,0,0,0,0.22,0,0,78.36249196431646,-7.764925170979394,61.364865850496926,0.20171914590012,,0,0,,2.1941147161214514
450,0,0,0,0,0.21,0,0,78.14671277240032,-7.634463864100298,61.173623798605696,0.20540634671745522,,0,0,,2.201019869778259
451,0,0,0,0,0.21,0,0,77.93109372264477,-7.504242059097063,60.98227395946612,0.20908790099272245,,0,0,,2.2079250234350662
452,0,0,0,0,0.2,0,0,77.71563625124891,-7.374261344814175,60.79081465507161,0.21276373863443515,,0,0,,2.2150801770918735
453,0,0,0,0,0.2,0,0,77.50034180855926,-7.244523312003511,60.59924421801174,0.21643378965994325,,0,0,,2.222235330748681
454,0,0,0,0,0.2,0,0,77.28521185924411,-7.115029553337372,60.40756099148363,0.22009798419676538,,0,0,,2.229390484405488
455,0,0,0,0,0.2,0,0,77.07024788247013,-6.985781663420912,60.21576332930434,0.22375625248391978,,0,0,,2.2365456380622954
456,0,0,0,0,0.21,0,0,76.85545137208092,-6.856781238803925,60.02384959592481,0.227408524873251,,0,0,,2.243450791719103
457,0,0,0,0,0.2,0,0,76.64082383677786,-6.728029877991881,59.831818166444705,0.23105473183075775,,0,0,,2.25060594537591
458,0,0,0,0,0.2,0,0,76.4263668003029,-6.59952918145638,59.63966742662879,0.23469480393791584,,0,0,,2.2577610990327175
459,0,0,0,0,0.2,0,0,76.21208180162394,-6.471280751644929,59.44739577292448,0.23832867189299814,,0,0,,2.264916252689525
460,0,0,0,0,0.21,0,0,75.99797039512188,-6.343286192989952,59.255001612480264,0.24195626651239827,,0,0,,2.2718214063463322
461,0,0,0,0,0.19,0,0,75.78403415078054,-6.215547111917287,59.06248336316602,0.24557751873194264,,0,0,,2.2792265600031394
462,0,0,0,0,0.17,0,0,75.57027465437822,-6.088065116853839,58.869839453593755,0.24919235960820982,,0,0,,2.2871317136599467
463,0,0,0,0,0.2,0,0,75.3566935076822,-5.9608418182346945,58.677068323140325,0.2528007203198393,,0,0,,2.294286867316754
464,0,0,0,0,0.21,0,0,75.1432923286449,-5.833878828509424,58.48416842197062,0.25640253216884556,,0,0,,2.3011920209735615
465,0,0,0,0,0.21,0,0,74.93007275160306,-5.7071777621478095,58.291138211062666,0.25999772658192183,,0,0,,2.308097174630369
466,0,0,0,0,0.2,0,0,74.71703642747867,-5.580740235644774,58.09797616223319,0.26358623511174956,,0,0,,2.315252328287176
467,0,0,0,0,0.17,0,0,74.50418502398284,-5.454567867524723,57.90468075816501,0.26716798943829867,,0,0,,2.3231574819439835
468,0,0,0,0,0.17,0,0,74.29152022582163,-5.328662278345078,57.71125049243515,0.27074292137013,,0,0,,2.331062635600791
469,0,0,0,0,0.16,0,0,74.07904373490476,-5.2030250906992075,57.51768386954437,0.2743109628456924,,0,0,,2.339217789257598
470,0,0,0,0,0.17,0,0,73.8667572705564,-5.077657929218549,57.32397940494769,0.27787204593461995,,0,0,,2.3471229429144054
471,0,0,0,0,0.18,0,0,73.65466256972891,-4.95256242057414,57.13013562508629,0.2814261028390233,,0,0,,2.354778096571213
472,0,0,0,0,0.17,0,0,73.44276138721857,-4.827740193477316,56.93615106742024,0.2849730658947825,,0,0,,2.36268325022802
473,0,0,0,0,0.18,0,0,73.23105549588445,-4.703192878679782,56.742024280462715,0.2885128675728335,,0,0,,2.3703384038848276
474,0,0,0,0,0.18,0,0,73.01954668686933,-4.578922108972902,56.54775382381504,0.29204544048045517,,0,0,,2.377993557541635
475,0,0,0,0,0.17,0,0,72.8082367698237,-4.454929519186303,56.35333826820316,0.2955707173625507,,0,0,,2.3858987111984424
476,0,0,0,0,0.18,0,0,72.59712757313193,-4.331216746185707,56.15877619551478,0.2990886311029308,,0,0,,2.39355386485525
477,0,0,0,0,0.18,0,0,72.38622094414161,-4.207785428870094,55.96406619883824,0.3025991147255881,,0,0,,2.4012090185120574
478,0,0,0,0,0.18,0,0,72.1755187493951,-4.084637208168044,55.76920688250186,0.30610210139597505,,0,0,,2.408864172168865
479,0,0,0,0,0.17,0,0,71.96502287486412,-3.961773727033433,55.57419686211482,0.3095975244222746,,0,0,,2.416769325825672
480,0,0,0,0,0.18,0,0,71.7547352261869,-3.83919663044028,55.37903476460889,0.31308531725667116,,0,0,,2.4244244794824796
481,0,0,0,0,0.17,0,0,71.54465772890819,-3.716907565376933,55.183719228281305,0.3165654134966167,,0,0,,2.432329633139287
482,0,0,0,0,0.16,0,0,71.33479232872205,-3.594908180839465,54.98824890283882,0.32003774688609504,,0,0,,2.440484786796094
483,0,0,0,0,0.19,0,0,71.12514099171734,-3.4732001278242866,54.79262244944253,0.323502251316884,,0,0,,2.4478899404529013
484,0,0,0,0,0.18,0,0,70.91570570462628,-3.351785059320065,54.59683854075409,0.32695886082981274,,0,0,,2.455545094109709
485,0,0,0,0,0.18,0,0,70.70648847507549,-3.2306646302987874,54.400895860982644,0.3304075096160194,,0,0,,2.4632002477665162
486,0,0,0,0,0.19,0,0,70.49749133184045,-3.1098404977061476,54.20479310593311,0.3338481320182016,,0,0,,2.4706054014233234
487,0,0,0,0,0.16,0,0,70.28871632510233,-2.989314320451104,54.00852898305517,0.3372806625318684,,0,0,,2.4787605550801306
488,0,0,0,0,0.14,0,0,70.08016552670803,-2.869087759394613,53.81210221149346,0.3407050358065873,,0,0,,2.487415708736938
489,0,0,0,0,0.14,0,0,69.87184103043334,-2.749162477337745,53.61551152213875,0.34412118664722674,,0,0,,2.4960708623937453
490,0,0,0,0,0.13,0,0,69.6637449522486,-2.629540139008817,53.41875565768006,0.3475290500151988,,0,0,,2.5049760160505525
491,0,0,0,0,0.13,0,0,69.4558794305878,-2.5102224110498415,53.22183337265766,0.35092856102969794,,0,0,,2.5138811697073598
492,0,0,0,0,0.13,0,0,69.24824662662053,-2.3912109620021944,53.02474343351732,0.3543196549689342,,0,0,,2.522786323364167
493,0,0,0,0,0.13,0,0,69.0408487245269,-2.272507462291405,52.827484618665196,0.3577022672713674,,0,0,,2.531691477020974
494,0,0,0,0,0.13,0,0,68.8336879317757,-2.154113584211238,52.63005571852388,0.361076333536935,,0,0,,2.5405966306777814
495,0,0,0,0,0.11,0,0,68.62676647940552,-2.036031001906881,52.43245553558924,0.3644417895282791,,0,0,,2.550001784334589
496,0,0,0,0,0.11,0,0,68.42008662230893,-1.9182613913573638,52.23468288448831,0.3677985711719689,,0,0,,2.559406937991396
497,0,0,0,0,0.11,0,0,68.21365063951998,-1.8008064303571951,52.036736592037954,0.3711466145597205,,0,0,,2.5688120916482036
498,0,0,0,0,0.11,0,0,68.00746083450464,-1.6836677984970891,51.83861549730456,0.3744858559496139,,0,0,,2.578217245305011
499,0,0,0,0,0.1,0,0,67.80151953545446,-1.5668471771439603,51.64031845166452,0.3778162317673065,,0,0,,2.587872398961818
500,0,0,0,0,0.13,0,0,67.59582909558353,-1.4503462494200396,51.44184431886561,0.381137678607243,,0,0,,2.5967775526186254
501,0,0,0,0,0.13,0,0,67.39039189342824,-1.3341667001811552,51.24319197508918,0.38445013323386396,,0,0,,2.6056827062754326
502,0,0,0,0,0.13,0,0,67.18521033315093,-1.2183102159942185,51.044360309013356,0.3877535325828075,,0,0,,2.61458785993224
503,0,0,0,0,0.14,0,0,66.980286844846,-1.1027784851138196,50.84534822187682,0.3910478137621121,,0,0,,2.623243013589047
504,0,0,0,0,0.16,0,0,66.77562388484975,-0.9875731974580189,50.64615462754363,0.39433291405341286,,0,0,,2.6313981672458544
505,0,0,0,0,0.16,0,0,66.57122393605337,-0.8726960445832779,50.44677845256874,0.3976087709131352,,0,0,,2.6395533209026616
506,0,0,0,0,0.15,0,0,66.367089508219,-0.7581487196585175,50.247218636264265,0.4008753219736867,,0,0,,2.647958474559469
507,0,0,0,0,0.13,0,0,66.16322313829927,-0.6439329174383565,50.0474741307666,0.40413250504464393,,0,0,,2.6568636282162763
508,0,0,0,0,0.14,0,0,65.95962739076002,-0.5300503342354592,49.84754390110433,0.40738025811393624,,0,0,,2.6655187818730837
509,0,0,0,0,0.14,0,0,65.75630485790633,-0.416502667892043,49.647426925266714,0.41061851934902677,,0,0,,2.674173935529891
510,0,0,0,0,0.14,0,0,65.55325816021177,-0.303291617750496,49.4471221942731,0.41384722709808935,,0,0,,2.6828290891866984
511,0,0,0,0,0.15,0,0,65.35048994665107,-0.19041888462314396,49.24662871224288,0.41706631989118265,,0,0,,2.691234242843506
512,0,0,0,0,0.16,0,0,65.14800289503587,-0.07788617076114143,49.04594549646629,0.42027573644141997,,0,0,,2.699389396500313
513,5.332081358561406e-99,6.154609238439179e-100,1.648292882233331e-101,5.964025211227657e-99,0.15,8.946037816841485e-100,8.946037816841485e-100,64.9457997123541,0.034304820177542036,48.845071577475736,0.42347541564613667,,1413,1.1308169570246185e-102,8.002950863585411e-106,2.7077945501571206
514,1.1531589119943507e-21,1.3210941192422724e-22,3.661515126106267e-24,1.2889298390446842e-21,0.15,1.933394758567026e-22,1.933394758567026e-22,64.7438831351123,0.14615238316097412,48.64400599911794,0.42666529658805286,,2826,1.0341318079006144e-24,3.659348223285967e-28,2.678757692708971
515,2.1353558248668753e-11,2.4282308522759973e-12,6.956208705174264e-14,2.3851351187996493e-11,0.15,3.577702678199474e-12,3.577702678199474e-12,64.54225592968145,0.25765481181703354,48.44274781862659,0.42984531853643343,,4239,3.350915476067264e-14,7.904966916884322e-18,2.678757692708971
516,2.440964984126302e-07,2.75543459215414e-08,8.149411626676946e-10,2.724657854968393e-07,0.17,4.6319183534462684e-08,4.6319183534462684e-08,64.34092089264608,0.36881039846806435,48.241296106695714,0.43301542094824436,,5652,6.168907024610904e-10,1.0914555952956305e-13,2.6787576927113323
517,3.649293601642311e-05,4.089586653053415e-06,1.2473811458300916e-07,4.070726078405954e-05,0.16,6.513161725449526e-06,6.513161725449526e-06,64.1398808511566,0.4796174341663988,48.03964994755363,0.4361755434693052,,7065,1.1267279234327505e-07,1.594802439395259e-11,2.678757693053957
518,0.0008284550186487062,9.21752484050621e-05,2.8965225054437194e-06,0.0009235267895592121,0.15,0.0001385290184338818,0.0001385290184338818,63.939138663284886,0.5900742087308268,47.83780843903739,0.439325625935439,,8478,3.025736474799476e-06,3.568927193677136e-10,2.6787577004292284
519,0.007000887322701844,0.0007734023511363359,2.5014775040675784e-05,0.007799304448878856,0.14,0.00109190262284304,0.00109190262284304,63.73869721838329,0.7001790107838878,47.63577069266809,0.44246560837361565,,9891,3.0095050454308702e-05,3.042670150066596e-09,2.6787577585276203
520,0.033042639535861326,0.003624648719341888,0.00012055782190843638,0.03678784607711165,0.14,0.005150298450795631,0.005150298450795631,63.538559437446715,0.8099301277901433,47.43353583372635,0.44559543100309607,,11304,0.00017684315387152285,1.5644298820906127e-08,2.6787580311244312
521,0.10749486460980694,0.011709787560646754,0.0004001738865410515,0.11960482605699474,0.14,0.016744675647979265,0.016744675647979265,63.338728273478125,0.919325846095304,47.23110300132863,0.4487150342365689,,12717,0.0007149559685887736,5.622048978444394e-08,2.6787589088633754
522,0.2717564330171887,0.029399646779507908,0.0010314881343424524,0.30218756793103907,0.14,0.04230625951034547,0.04230625951034547,63.13920671185713,1.0283644509662864,47.028471348503864,0.45182435868128545,,14130,0.002226216476301783,1.5755247532213612e-07,2.6787611008638543
523,0.5745432551132051,0.06173286410893355,0.0022219366451773402,0.638498055867316,0.13,0.08300474726275109,0.08300474726275109,62.93999777071188,1.1370442266321634,46.8256400422708,0.4549233451401901,,15543,0.005484238960741308,3.528430136229369e-07,2.6787653253636625
524,1.0651537039448484,0.11367563977686397,0.004194339911530396,1.1830236836332428,0.18,0.2129442630539837,0.2129442630539837,62.74110450129411,1.2453634563260416,46.622608263715584,0.4580119346130477,,16956,0.014582267203807935,8.600063224703901e-07,2.678776296255133
525,1.7879277293072313,0.18953792079760498,0.007164352646241924,1.9846300027510781,0.18,0.35723340049519403,0.35723340049519403,62.54252998835736,1.353320422327865,46.41937520806994,0.46109006829756705,,18369,0.031066711739939804,1.691257648208384e-06,2.678794277776903
526,2.778806921093872,0.292633973267034,0.01132422498887782,3.082765119349784,0.17,0.5240700702894633,0.5240700702894633,62.34427735053838,1.4609134060081101,46.21594008478979,0.4641576875905196,,19782,0.05701427192903877,2.882128800376037e-06,2.678820038548508
527,4.063888420455389,0.42516466641782324,0.016833547140413636,4.505886634013626,0.18,0.8110595941224527,0.8110595941224527,62.1463497407416,1.5681406878724142,46.01230211763424,0.46721473408885617,,21195,0.09985984145006449,4.711481078087497e-06,2.678859610861705
528,5.659447966763741,0.5882567105908459,0.023815763142631514,6.271520440497219,0.19,1.1915888836944717,1.1915888836944717,61.94875034652672,1.6750005476071415,45.808460544744975,0.47026114959081783,,22608,0.1666971617089122,7.373370563911544e-06,2.678917192512715
529,7.572862147970137,0.7820928818532932,0.03235870970875705,8.387313739532187,0.19,1.5935896105111156,1.5935896105111156,61.751482390499305,1.781491264125864,45.60441461872602,0.473296876097045,,24021,0.26120571161381534,1.087405651778924e-05,2.678992918901043
530,9.803971938648683,1.0060822110247574,0.04251758627438763,10.852571735947828,0.2,2.170514347189566,2.170514347189566,61.55454913070449,1.8876111156167419,45.4001636067239,0.4763218558116806,,25434,0.3968004615881705,1.5601181944962276e-05,2.6790951754703243
531,12.34657446113299,1.259036510439221,0.05431914446824705,13.659930116040458,0.2,2.731986023208092,2.731986023208092,61.357953861023546,1.993358379590912,45.19570679050807,0.47933603114347134,,26847,0.5759895413771017,2.1454521599325873e-05,2.679221794160925
532,15.189854641958208,1.5393339536755462,0.06776627624137883,16.796954871875133,0.2,3.3593909743750268,3.3593909743750268,61.161699911573415,2.0987313329317208,44.99104346655165,0.4823393447068636,,28260,0.806647272515375,2.8543781759213555e-05,2.679375148124948
533,18.319659046806283,1.8450605057259952,0.08284249662682724,20.247562049159104,0.23,4.6569392713065945,4.6569392713065945,60.965790649109174,2.203728251944957,44.78617294611249,0.4853317393230968,,29673,1.140484566603058,3.843509475290864e-05,2.6795891157354985
534,21.719573258960068,2.174126357673142,0.09951604476800312,23.993215661401212,0.22,5.278507445508267,5.278507445508267,60.77022947742924,2.3083474124099683,44.581094555314465,0.4883131580212906,,31086,1.5346119300186376,4.936665798168428e-05,2.679825585905346
535,25.371799295450845,2.5243581399153814,0.117743477740496,28.013900913106724,0.23,6.443197210014547,6.443197210014547,60.5750198377835,2.4125870896317654,44.37580763522903,0.49128354403953056,,32499,2.034622180674634,6.260568573416517e-05,2.6801119708510064
536,29.257848326217374,2.89356949256557,0.13747272493511223,32.288890543718054,0.23,7.426444825055153,7.426444825055153,60.38016520928392,2.5164455584940275,44.17031154195696,0.49424284082594866,,33912,2.632421072844024,7.762506112420454e-05,2.68043686804779
537,33.35907237939746,3.279613262444963,0.15864562410509514,36.79733126594752,0.23,8.46338619116793,8.46338619116793,60.185669109318056,2.619921093513072,43.96460564671026,0.49719099203979994,,35325,3.337816719201185,9.448879601418783e-05,2.680801662192072
538,37.6570610183824,3.680418654547969,0.18119998746123936,41.51867966039161,0.23,9.549296321890072,9.549296321890072,59.99153509396495,2.723011968892751,43.758689335894324,0.5001279415525347,,36738,4.160545246908358,0.00011324909485841248,2.6812074825638934
539,42.13392794736363,4.094016399971723,0.20507125732649695,46.433015604661854,0.25,11.608253901165464,11.608253901165464,59.797766758413694,2.825716458580296,43.552562011190105,0.503053633448868,,38151,5.192801560061293,0.00013611180729368282,2.6817020458189016
540,46.77250987101385,4.518554597928953,0.230193812520124,51.52125828146293,0.25,12.880314570365732,12.880314570365732,59.604367737384344,2.928032836323117,43.34622308963654,0.5059680120278434,,39564,6.373317574653495,0.00016108880736663369,2.682242345072168
541,51.55649671890054,4.952307452078493,0.2565019831494782,56.76530615412851,0.24,13.623673476990842,13.623673476990842,59.41134170555118,3.0299593757265253,43.139672003712974,0.5088710218038932,,40977,7.658600243563836,0.00018689997421880166,2.68280068891392
542,56.470509109017044,5.393678706268976,0.2839308255290666,62.148118640815085,0.22,13.672586100979318,13.672586100979318,59.21869237796828,3.1314943503124257,42.93290820142162,0.5117626075078967,,42390,8.984737860677384,0.00021195418402164152,2.6833426583581335
543,61.500135950628405,5.841201217145907,0.31241670212029304,67.6537538698946,0.23,15.560363390075759,15.560363390075759,59.02642351049726,3.232636033578926,42.72593114637018,0.5146427140882298,,43803,10.53463124962128,0.000240500222578848,2.6839601625928746
544,66.6319424931853,6.293533789114185,0.3418977045944641,73.26737398689396,0.66,48.35646683135001,48.35646683135001,58.8345389002371,3.333382699060927,42.51874031785434,0.517511286711815,,45216,15.475736503713259,0.00034226239613661664,2.6861614688435633
545,71.85345694205004,6.749456139981722,0.3723139518351762,78.97522703386694,0.6,47.38513622032016,47.38513622032016,58.64304238595592,3.4337326203916168,42.31133521094033,0.5203682707651641,,46629,20.43791008437495,0.00043830899406753195,2.6882391364973763
546,77.1531419621315,7.20786265799281,0.4036077891223966,84.76461240924671,0.68,57.63993643828777,57.63993643828777,58.45193784852464,3.533684071364962,42.10371533654742,0.5232136118554193,,48042,26.618262265094195,0.0005540623259875566,2.6907430976863433
547,82.5203559343235,7.667755445992292,0.43572390993596205,90.62383529025176,0.55,49.84310940963847,49.84310940963847,58.26122921135246,3.633235325999107,41.895880221530305,0.5260472558113876,,49455,32.08563678605335,0.0006487844866252826,2.6927921152829675
548,87.94530766692527,8.128237019053696,0.46860941775513126,96.5421541037341,0.77,74.33745865987527,74.33745865987527,58.070920440823826,3.7323846586007274,41.687829408761466,0.5288691486845727,,50868,40.42075429679298,0.0007946204744985645,2.6959468206165615
549,93.41900734571394,8.58850292148986,0.5022138418463341,102.50972410905013,0.58,59.45563998324907,59.45563998324907,57.88101554673713,3.8311303438303432,41.47956245721333,0.531679236750202,,52281,47.2299240904825,0.0009033860119447313,2.698299622734176
550,98.93321578728786,9.047834452009226,0.536489118240285,108.51753935753737,0.59,64.02534822094705,64.02534822094705,57.69151858274458,3.9294706567685447,41.27107894204034,0.5344774665082496,,53694,54.713956329066306,0.0010189957225959381,2.700800477126327
551,104.48039350192238,9.50559162705483,0.5713895448167438,114.55737467379396,0.53,60.7154085771108,60.7154085771108,57.50243364679344,4.027403872983221,41.06237845466078,0.537263784684454,,55107,61.9527793803708,0.0011242270379510915,2.703076827406208
552,110.0536506418396,9.961206468091289,0.6068717175596303,120.62172882749051,0.44,53.073560684095824,53.073560684095824,57.313764881568346,4.124928268597655,40.8534606028384,0.540038138231334,,56520,68.40265349457569,0.001210238030689591,2.704937406139186
553,115.64669858168395,10.414176665581795,0.6428944535450097,126.70376970081075,0.54,68.42003563843781,68.42003563843781,57.125516474934564,4.222042120359613,40.64432501076388,0.5428004743291966,,57933,76.87285226685778,0.00132692683387461,2.7074616033222454
554,121.25380362828994,10.864059648057228,0.6794187050165584,132.79728198136374,0.53,70.38255945012278,70.38255945012278,56.93769266038191,4.31874370571138,40.43497131913581,0.5455507403871449,,59346,85.74358645001931,0.0014448081833656743,2.7100115975136236
555,126.86974316909303,11.310467067003406,0.7164074679344314,138.89661770403086,0.45,62.50347796681389,62.50347796681389,56.750297717469586,4.4150313028606885,40.22539918524165,0.5482888840440775,,60759,93.75930415346272,0.001543134418826227,2.712138577993292
556,132.4897644288819,11.753059695694215,0.7538256876092297,144.99664981218535,0.49,71.04835840797082,71.04835840797082,56.56333597227113,4.510903190852627,40.015608283038155,0.5510148531696858,,62172,103.02562271084354,0.001657106458065424,2.7146040064880808
557,138.10954590202272,12.191542731341894,0.7916401634159209,151.09272879678053,0.49,74.03543711042246,74.03543711042246,56.37681179781981,4.606357649642454,39.805598303231434,0.5537285958654473,,63585,112.84061359348254,0.0017746420318232687,2.717146520903268
558,143.72516145322172,12.625661484067809,0.8298194540928951,157.1806423913824,0.49,77.01851477177738,77.01851477177738,56.19072961455409,4.701392960169369,39.59536895335679,0.5564300604656128,,64998,123.21433933312194,0.0018956635486187567,2.719764442789916
559,149.33304702756232,13.055197432477808,0.8683337847437652,163.2565782447839,0.49,79.9957233399441,79.9957233399441,56.00509389076282,4.796007404431192,39.38491995785791,0.5591191955381906,,66411,134.15636011187917,0.002020092456247898,2.72245607291685
560,154.92996987473666,13.479964623494295,0.9071549563541631,169.3170894545851,0.49,82.96537383274669,82.96537383274669,55.81990914303036,4.89019926555997,39.17425105816578,0.5617959498859247,,67824,145.67574869519095,0.002147849562031006,2.7252196981982086
561,160.51300016900615,13.899806393118507,0.946256258396069,175.35906282052073,0.5,87.67953141026037,87.67953141026037,55.63517993668079,4.983966827898557,38.96336201277696,0.564460272547271,,69237,158.02815344909737,0.002282423465041775,2.7281307835604824
562,166.07948489231055,14.31459238464417,0.9856123849049816,181.3796896618597,0.5,90.68984483092984,90.68984483092984,55.450910886221614,5.077308377078031,38.75225259733148,0.5671121127973668,,70650,170.9867935817259,0.0024201952382409894,2.731111044839392
563,171.62702384072554,14.724215841272965,1.0251993542701232,187.37643903626864,0.5,93.68821951813432,93.68821951813432,55.26710665578638,5.170222200096105,38.54092260469004,0.569751420148996,,72063,184.55952578887207,0.002561085796995297,2.73415877128632
564,177.15344761222053,15.128591150902505,1.064994432865872,193.3470331959889,0.49,94.74004626603455,94.74004626603455,55.08377195957591,5.262706585396406,38.32937184501073,0.5723781443535516,,73476,198.46988451756323,0.0027011525466487454,2.7371886772007286
565,182.65679743502824,15.527651621935258,1.1049760625673173,199.28942511953082,0.73,145.4812803372575,145.4812803372575,54.900911562298255,5.354759822948689,38.11760014582517,0.5749922354019905,,74889,220.1111014817985,0.002939164650106137,2.7423373244117957
566,188.13530669979318,15.921347470186161,1.1451237921284143,205.20177796210774,0.97,199.0457246232445,199.0457246232445,54.718530279606604,5.446380204329939,37.90560735211379,0.5775936435257873,,76302,250.0993237991511,0.0032777558097972677,2.7496616848317594
567,193.58738406421872,16.309643998275412,1.1854182123534869,211.08244627484763,0.99,208.97162181209916,208.97162181209916,54.53663297853522,5.537566022806407,37.69339332638058,0.5801823191978818,,77715,281.975609262452,0.003628329270571344,2.7572452448476965
568,199.01159800555214,16.692519950224824,1.2258408949580326,216.929958850735,1,216.929958850735,216.929958850735,54.355224577933214,5.628315573416496,37.480957948727216,0.58275821313362,,79128,315.468073444133,0.003986807115611831,2.7649997914874955
569,204.40666270351454,17.06996602529632,1.2663743349904297,222.7430030638013,1,222.7430030638013,222.7430030638013,54.174310048895315,5.718627153054588,37.26830111692618,0.5853212762916946,,80541,350.2656169814879,0.004348910703635265,2.7728327697331916
570,209.77142514380827,17.441983536389813,1.3070018966695736,228.52041057686765,1,228.52041057686765,228.52041057686765,53.99389441518999,5.808499060555733,37.0554227464933,0.5878714598750777,,81954,386.3784106405649,0.004714576599562741,2.7807428073653173
571,215.10485333993978,17.808583199541236,1.347707762483303,234.26114430196432,1,234.26114430196432,234.26114430196432,53.81398275368412,5.8979295967812275,36.84232277075933,0.5904087153319502,,83367,423.81593696130994,0.0050837374136206166,2.7887284466169553
572,220.40602557854905,18.169784042216275,1.3884768853869451,239.96428650615226,1,239.96428650615226,239.96428650615226,53.634580194764176,5.9869170647050645,36.62900114094081,0.5929329943566252,,84780,462.58701377730176,0.0054563224083192,2.7967881573038267
573,225.67412060066889,18.525612419177552,1.4292949439395288,245.62902796378597,1,245.62902796378597,245.62902796378597,53.4556919227533,6.075459769501264,36.415457826209945,0.5954442488904688,,86193,502.6998169323718,0.005832258036410983,2.804920348461332
574,230.90840863822743,18.87610112570871,1.470148300216104,251.25465806415224,1,251.25465806415224,251.25465806415224,53.277323176324195,6.163556018632064,36.20169281376356,0.5979424311228146,,87606,544.1619022025146,0.00621146841771699,2.8131233786591987
575,236.10824323164098,19.22128859890961,1.5110239603376152,256.84055579088823,1,256.84055579088823,256.84055579088823,53.09947924890729,6.251204121936981,35.98770610889111,0.6004274934918741,,89019,586.9802264352336,0.006593875761750116,2.821395565143615
576,241.27305376046783,19.561218198632705,1.5519095374641796,262.3861814965647,1,262.3861814965647,262.3861814965647,52.922165489093786,6.338402391722703,35.773497735041715,0.6028993886856415,,90432,631.1611679214222,0.0069794007422308724,2.8297351919387044
577,246.40233862481895,19.895937560416957,1.5927932171031771,267.8910694023391,1,267.8910694023391,267.8910694023391,52.74538730103331,6.425149142853856,35.55906773389015,0.6053580696427959,,91845,676.7105460171908,0.007367962828865924,2.838140517023519
578,251.49565902052638,20.225498013492906,1.6336637245896894,273.354820758609,1,273.354820758609,273.354820758609,52.56915014482566,6.511442692844586,35.34441616540173,0.607803489553596,,93258,723.6336400347972,0.007759480581127594,2.8466097786870384
579,256.5526332559895,20.54995405758854,1.6745102946035086,278.7770976081816,1,278.7770976081816,278.7770976081816,52.39345953690632,6.597281361950978,35.12954310789621,0.6102356018607714,,94671,771.9352074231429,0.008153871908220499,2.855141201151734
580,261.5729315631474,20.869362892861258,1.715322642593778,284.15761709860243,1,284.15761709860243,284.15761709860243,52.218321050425054,6.682663473264309,34.91444865811035,0.6126543602604098,,96084,821.6195012592079,0.008551054298938512,2.863732999545807
581,266.55627135918763,21.18378399782347,1.756090937989257,289.49614629500036,1,289.49614629500036,289.49614629500036,52.043740315617534,6.767587352805121,34.69913293125953,0.6150597187028377,,97497,872.6902870723961,0.008950945024692002,2.8723833842950466
582,271.5024129194264,21.49327875062058,1.796805779079086,294.792497449126,0.82,241.72984790828332,241.72984790828332,51.86972302016917,6.8520513296180665,34.48359606109796,0.6174516313934977,,98910,915.7079560727911,0.00925799166993015,2.8790253778353283
583,276.411155425294,21.79791008946644,1.8374581694557242,300.04652368421614,0.82,246.03814942105723,246.03814942105723,51.69627490957087,6.936053735867614,34.26783819997786,0.6198300527938201,,100323,959.8675771542455,0.0095677718684075,2.885726503247716
584,281.2823333545558,22.097742208444014,1.8780394959182298,305.25811505891807,0.8,244.20649204713447,244.20649204713447,51.52340178746614,7.019592906934476,34.05185951890708,0.6221949376220897,,101736,1004.0661518957606,0.009869329951008105,2.8922497689069107
585,286.11581318382656,22.392840285245004,1.9185415077404508,310.427194976812,0.8,248.34175598144964,248.34175598144964,51.35110951598904,7.1026671815128815,33.83566020760567,0.6245462408543082,,103149,1049.3823210444095,0.010173460925887886,2.898828691040987
586,290.9114903760951,22.68327023775168,1.9589562972146828,315.5537169110615,0.82,258.7540478670704,258.7540478670704,51.17940401609242,7.185274901708588,33.6192404745609,0.6268839177250517,,104562,1096.9782065542,0.010491174676786978,2.9057014340390213
587,295.669286628409,22.969098506662842,1.9992762813871294,320.63766141645897,0.72,230.85911621985045,230.85911621985045,51.008291267866106,7.267414413137647,33.40260054708104,0.6292079237283221,,105975,1139.7775072640416,0.01075515458611976,2.9114118134870446
588,300.38914735708676,23.250391861635737,2.039494184907018,325.6790334036295,0.73,237.7456943846495,237.7456943846495,50.83777731084409,7.349084065025958,33.185740671347645,0.6315182146183951,,107388,1184.1935951610415,0.011027243222343665,2.9172975998723074
589,305.0710393998306,23.527217228658774,2.0796030239162993,330.6778596524057,0.86,284.38295930106887,284.38295930106887,50.667868244300514,7.430282210309531,32.968661112466265,0.6338147464106625,,108801,1237.7241549451003,0.011376036570850455,2.92484265272862
590,309.71494891595734,23.799641536590396,2.1195960909118132,335.6341865434595,0.51,171.17343513716435,171.17343513716435,50.4985702275337,7.511007205735504,32.75136215451594,0.6360974753824691,,110214,1270.1834892391648,0.011524701845855924,2.928058560837581
591,314.32087946762397,24.067731580997567,2.1594669405163023,340.5480779891378,0.5,170.2740389945689,170.2740389945689,50.32988948013756,7.591257411963869,32.533844100596866,0.6383663580739457,,111627,1302.7066665201264,0.011670175374417717,2.9312054254979647
592,318.88885026645346,24.331553903607237,2.1992093760990206,345.4196135461597,0.52,179.61819904400306,179.61819904400306,50.16183228225987,7.671031193669928,32.31610727287661,0.6406213512888367,,113040,1337.2587424526687,0.011829960566637196,2.9346618782259575
593,323.41889457133476,24.591174685845562,2.2388174371906344,350.248886694371,0.43,150.6070212785795,150.6070212785795,49.99440497484679,7.750326919647438,32.09815201263476,0.6428624120953217,,114453,1366.4322041343153,0.011938806358368198,2.93701641639394
594,327.9110582244338,24.846659655086018,2.2782853876408775,355.0360032671607,0.3,106.5108009801482,106.5108009801482,49.827613959872785,7.829142962912404,31.87997868030591,0.6450894978268331,,115866,1387.2050784872024,0.011972494765394527,2.937745159682041
595,332.36539831359914,25.098074002360125,2.317607704471025,359.7810800204303,0.29,104.33651320592477,104.33651320592477,49.66146570055549,7.9074777008076405,31.661587655520876,0.6473025660828691,,117279,1407.6903752423598,0.012002919322661003,2.9384032997919034
596,336.78198195036924,25.345482310402787,2.3567790673763622,364.4842433281484,0.3,109.34527299844451,109.34527299844451,49.49596672155468,7.985329515107907,31.44297933714628,0.6495015747298002,,118692,1429.3002988329633,0.012042094655351358,2.939250735550291
597,341.1608851537501,25.58894849101278,2.395794348837013,369.1456279935999,0.3,110.74368839807995,110.74368839807995,49.331123609154744,8.062696792125744,31.224154143322373,0.6516864819016716,,120105,1451.3277975988813,0.012083824966478342,2.9401534402736216
598,345.50219183077843,25.82853573080588,2.4346486047982556,373.76537616638257,0.31,115.8672666115786,115.8672666115786,49.16694301142981,8.139577922817915,31.005112511499064,0.6538572460009999,,121518,1474.520268790735,0.012134171635401626,2.9412425329406453
599,349.8059928456787,26.064306444526114,2.4733370658841576,378.34363635608895,0.3,113.50309090682669,113.50309090682669,49.00343163839086,8.215971302892529,30.785854898470085,0.656013825699566,,122931,1497.3805946007697,0.012180659024987755,2.9422481421733933
600,354.072385170123,26.296322235160105,2.511855129110753,382.8805625343939,0.28,107.2065575096303,107.2065575096303,48.840596262114076,8.291875332916703,30.566381780405337,0.658156179939201,,124344,1519.1043156066862,0.012216949073591698,2.943033163837502
601,358.3014711077587,26.524643860171157,2.5501983500673346,387.3763133179972,0.29,112.33913086221918,112.33913086221918,48.678443716849614,8.367288418424886,30.346693652881328,0.6602842679325684,,125757,1542.0041829949619,0.01226177614760977,2.9440028573374155
602,362.49335758675574,26.749331203234977,2.5883624355365384,391.83105122552723,0.29,113.63100485540289,113.63100485540289,48.51698089911003,8.44220897002772,30.12679103090971,0.6623980491639404,,127170,1565.3033226718933,0.012308746738003407,2.9450189191078864
603,366.6481555146631,26.97044325091731,2.6263432365258756,396.24494200210626,0.28,110.94858376058976,110.94858376058976,48.35621476773746,8.516635403521498,29.90667444896375,0.6644974833899692,,128583,1588.1834881542052,0.012351426612804221,2.9459421646704853
604,370.76597919035356,27.18803807378725,2.664136741685234,400.61815400582606,0.29,116.17926466168954,116.17926466168954,48.19615234394887,8.59056613999818,29.686344461002907,0.6665825306404534,,129996,1612.2778104661472,0.012402518619543272,2.9470473803892814
605,374.846945768279,27.40217281150753,2.7017390710865197,404.95085765087305,0.36,145.7823087543143,145.7823087543143,48.036800711358396,8.663999605955922,29.465801640495343,0.668653151219099,,131409,1642.679310196199,0.01250050841415884,2.949167083023861
606,378.8911747706722,27.612903661487277,2.7391464703432917,409.2432249025028,0.35,143.23512871587596,143.23512871587596,47.878167015976025,8.736934233410173,29.245046580438316,0.6707093057042747,,132822,1672.7124159444043,0.012593639727939681,2.9511816876258767
607,382.89878764369183,27.82028587072137,2.7763553050496257,413.4954288194628,0.35,144.72340008681198,144.72340008681198,47.72025846618156,8.80936846000522,29.02407989337651,0.6727509549497631,,134235,1703.2199705549858,0.012688344847133652,2.9532303365841814
608,386.86990735385507,28.024373730476793,2.813362055518901,417.70764313985075,0.34,142.02059866754925,142.02059866754925,47.56308233267324,8.881300729126304,28.802902211418207,0.6747780600855057,,135648,1733.3151055647547,0.012778036576763054,2.955170536544201
609,390.8046580214038,28.225220573518186,2.850163311804421,421.8800419067264,0.39,164.53321634362328,164.53321634362328,47.40664594838986,8.952729490012155,28.58151418624932,0.6767905825183423,,137061,1768.360759490863,0.012901998084727698,2.957852055941705
610,394.70316458753587,28.422878773594274,2.8867557689849845,426.0127991301151,0.35,149.10447969554028,149.10447969554028,47.25095670840546,9.023653197868,28.35991648914513,0.6787884839327474,,138474,1800.2810694291081,0.013000859868488729,2.9599906213333322
611,398.56555251268713,28.617399746933362,2.9231362226996622,430.10608848232016,0.34,146.23607008398886,146.23607008398886,47.096022069796035,9.094070313979032,28.138109810979902,0.6807717262915575,,139887,1831.743177207735,0.01309444892811866,2.9620151278346842
612,402.3919475032897,28.808833955519916,2.959301564917013,434.16008302372666,0.34,147.61442822806708,147.61442822806708,46.94184955147664,9.163979305824299,27.91609486223412,0.682740271836697,,141300,1863.6571540685384,0.013189364147689585,2.964068321657322
613,406.1824752646381,28.99723091194612,2.9952487799249483,438.1749549565091,0.33,144.597735135648,144.597735135648,46.78844673400859,9.233378647191001,27.693872372999497,0.6846940830898963,,142713,1895.0691217001613,0.013278882244085412,2.9660047656055637
614,409.9372612777006,29.182639185651954,3.030974940528358,442.1508754038809,0.33,145.9097888832807,145.9097888832807,46.635821259375184,9.30226681828918,27.471443092981538,0.6866331228534056,,144126,1926.9157253748863,0.013369660750835285,2.9679684745884822
615,413.6564305978853,29.365106410385405,3.066477204442425,446.0880142127131,0.33,147.20904469019533,147.20904469019533,46.483980830725564,9.370642305866784,27.248807791499893,0.6885573542107027,,145539,1959.1949060940997,0.013461648809556886,2.9699583484440915
616,417.3401076739366,29.544679292730173,3.101752810870313,449.9865397775371,0.35,157.49528892213797,157.49528892213797,46.33293321208508,9.438503603325085,27.025967257486137,0.6904667405271964,,146952,1993.8869510302343,0.01356828727087916,2.9722651379245586
617,420.98841618529167,29.721403621563688,3.136799077254688,453.84661888411006,0.34,154.30785042059742,154.30785042059742,46.18268622803159,9.505849210834468,26.802922299479224,0.6923612454509236,,148365,2028.0290645104433,0.013669187911639829,2.9744478076085827
618,424.60147889635357,29.895324278320587,3.171613396193087,457.66841657086724,0.32,146.45389330267753,146.45389330267753,46.03324776333648,9.572677635450473,26.57967374561846,0.6942408329132413,,149778,2060.5759746477233,0.01375753431510451,2.9763589056460305
619,428.17941752627775,30.066485247950048,3.206193232507937,461.45209600673576,0.39,179.96631744262694,179.96631744262694,45.884625762569414,9.638987391230204,26.356222443633957,0.6961054671295136,,151191,2100.7433656569997,0.013894632389871087,2.9793245935670902
620,431.72235263297136,30.23492963046532,3.2405361204624414,465.1978183838991,0.28,130.25538914749177,130.25538914749177,45.73682822966558,9.704776999348994,26.132569260834565,0.6979551125997927,,152604,2129.939098635912,0.013957295343738775,2.9806801105260243
621,435.23040351011554,30.400699652994373,3.2746396611141972,468.9057428242241,0.29,135.98266541902498,135.98266541902498,45.589863227454785,9.770044988217316,25.908715084093227,0.6997897341094955,,154017,2160.545825584269,0.014027969805828377,2.9822089314004487
622,438.703688096118,30.5638366822495,3.308501519798888,472.5760262981664,0.32,151.22432841541325,151.22432841541325,45.44373887715091,9.834789893597963,25.684660819829872,0.7016092967300726,,155430,2194.7228022650133,0.014120329423309614,2.98420684276736
623,442.1423228939919,30.724381237341728,3.342119423736851,476.20882355507047,0.33,157.14891177317327,157.14891177317327,45.29846335780086,9.899010258723434,25.460407393991517,0.7034137658196746,,156843,2230.382000020017,0.014220475252450012,2.986373184463491
624,445.5464229012355,30.882373002873592,3.375491159755769,479.8042870638648,0.34,163.13345760171404,163.13345760171404,45.15404490569192,9.962704634413539,25.23595575202987,0.7052031070238113,,158256,2267.5459267580914,0.014328340958687768,2.988706521548133
625,448.91610154886354,31.037850842250354,3.408614572123154,483.36256696323704,0.35,169.17689843713296,169.17689843713296,45.01049181371639,10.02587157919316,25.011306858876196,0.7069772862760053,,159669,2306.2368138031384,0.014443860823347915,2.991205432403361
626,452.25147064881156,31.190852811156045,3.441487560482657,486.88381102045025,0.38,185.0158481877711,185.0158481877711,44.86781243069252,10.088509659410189,24.786461698913545,0.7087362697984412,,161082,2348.7121559530474,0.014580847990173002,2.9941687211780943
627,455.55264034899267,31.3414161711462,3.4741080778886175,490.3681645980275,0.38,186.33990254725043,186.33990254725043,44.726015160640515,10.150617449353609,24.56142127594621,0.710480024102608,,162495,2391.6525401581607,0.014718314656808892,2.997142382431066
628,458.8197190953502,31.48957740331422,3.5064741289335863,493.815770627598,0.44,217.27893907614313,217.27893907614313,44.58510846201261,10.212193531371689,24.336186613166433,0.7122085159899375,,163908,2441.907865982031,0.01489803954646528,3.001030168129554
629,462.0528136002943,31.635372221992817,3.5385837679638663,497.226769590251,0.43,213.80751092380794,213.80751092380794,44.445100846876244,10.273236495990279,24.11075875311843,0.7139217125524357,,165321,2491.540189497655,0.015070923775549718,3.0047699775383325
630,465.2520288169675,31.778835588456182,3.570435097378408,500.6012995028021,0.42,210.25254579117686,210.25254579117686,44.30600088004903,10.333744942031155,23.885138757659526,0.7156195811733097,,166734,2540.521835256449,0.015236975273528188,3.0083619821865892
631,468.417467918825,31.920001724592527,3.6020262660067144,503.9394959094243,0.42,211.65458828195818,211.65458828195818,44.167817178184706,10.393717476730467,23.65932770791856,0.7173020895275881,,168147,2590.0034655533905,0.01540320948665983,3.0119579393055402
632,471.54923228405545,32.05890412651943,3.633355467561568,507.24149187813646,0.43,218.11384150759866,218.11384150759866,44.030558408808766,10.45315271585717,23.43332670425133,0.7189692055827374,,169560,2641.171406354589,0.01557661834368123,3.015709097398378
633,474.6474214844081,32.19557557811839,3.664420939162748,510.50741800168925,0.4,204.20296720067572,204.20296720067572,43.89423328930298,10.51204928383149,23.20713686619335,0.7206208975992708,,170973,2689.238714636348,0.015729025721232873,3.019005954188343
634,477.7121332780263,32.330048164466916,3.695220959928041,513.7374024024213,0.4,205.4949609609685,205.4949609609685,43.7588505858376,10.570405813843365,22.980759332409555,0.7222571341313533,,172386,2737.7717043139055,0.015881636004744615,3.0223072002139406
635,480.7434636059202,32.46235328514983,3.72575384962812,516.9315707406981,0.4,206.77262829627927,206.77262829627927,43.62441911225017,10.62822094797087,22.754195260641218,0.7238778840273998,,173799,2786.7667900165184,0.016034423615881095,3.02561228216791
636,483.74150659173665,32.59252166743299,3.756017967401995,520.0900462265716,0.41,213.23691895289437,213.23691895289437,43.490947728870246,10.685493337298544,22.527445827649906,0.7254831164306685,,175212,2837.456683259662,0.016194419807203056,3.029073299201351
637,486.7063545445181,32.72058337928542,3.786011710530024,523.2129496343335,0.38,198.82092086104674,198.82092086104674,43.358445341288636,10.742221642035663,22.30051222915847,0.7270728007798488,,176625,2884.8696202225537,0.016333302874579216,3.0320775998529723
638,489.6380979641623,32.84656784223732,3.815733513261534,526.3003993196611,0.38,199.99415174147123,199.99415174147123,43.2269208990706,10.798404531634398,22.073395679789165,0.7286469068096416,,178038,2932.7110944427604,0.01647238844765028,3.0350862810817407
639,492.5368255493187,32.97050384406309,3.8451818456943583,529.3525112390761,0.31,164.0992784841136,164.0992784841136,43.09638339441172,10.854040684907858,21.846097412998667,0.7302054045513373,,179451,2972.0863572625894,0.016562105294830286,3.0370270243813846
640,495.40262420747905,33.09241955128039,3.874355212703676,532.3693989714632,0.31,165.03451368115358,165.03451368115358,42.96684186073578,10.909128790147937,21.61861868101017,0.7317482643333855,,180864,3011.805377690411,0.016652320957683184,3.0389785579975115
641,498.23557906704036,33.212342521457366,3.9032521529177524,535.3511737414154,0.32,171.31237559725295,171.31237559725295,42.83830537123362,10.963667545243029,21.390960754742515,0.7332754567819598,,182277,3053.157444642744,0.016750097075564904,3.0410936384044653
642,501.03577349113186,33.33029971532137,3.9318712377382443,538.2979444441914,0.53,285.2979105554215,285.2979105554215,42.710783037342324,11.017655657795531,21.163124923736223,0.7347869528215175,,183690,3122.2243394579264,0.016997247207022302,3.0464399582619794
643,503.80328909302085,33.44631750866393,3.960211070402905,541.2098176720876,0.53,286.84120336620646,286.84120336620646,42.584284007163554,11.071091845239083,20.935112496076485,0.7362827236753529,,185103,3191.8636061052816,0.017243716234233274,3.051771544560032
644,506.53820575292195,33.56042170403765,3.9882702850886527,544.0868977420482,0.5,272.0434488710241,272.0434488710241,42.4588174638207,11.123974834955613,20.706924798313175,0.7377627408661447,,186516,3258.096087197874,0.01746818550257283,3.056627234903585
645,509.2406016360502,33.67263754224127,4.0160475460530245,546.9292867243445,0.5,273.46464336217224,273.46464336217224,42.33439262375376,11.176303364392071,20.478563175377726,0.7392269762164994,,187929,3324.8586714790085,0.01769210005629258,3.061470925731824
646,511.9105532117708,33.78298971359047,4.04354154681218,549.7370844721735,0.5,274.86854223608674,274.86854223608674,42.21101873495151,11.228076181176846,20.25002899049701,0.7406754018494861,,189342,3392.146360507865,0.01791544591536936,3.0663023146306867
647,514.5481352737154,33.89150236897262,4.070751009353755,552.5103886520418,0.45,248.6296748934188,248.6296748934188,42.088705075120025,11.279292043235941,20.02132362510401,0.742107990189169,,190755,3453.1733394206017,0.018102662260074974,3.0703521545213177
648,517.1534209607343,33.99819913068388,4.0976746833828495,555.249294774801,0.43,238.75719675316444,238.75719675316444,41.967460949787394,11.32994971890868,19.79244847874555,0.743524713961131,,192168,3511.9308959413625,0.018275315848327308,3.0740869747372788
649,519.7264817785762,34.10310310304827,4.124311345599636,557.953896227224,0.42,234.3406364154341,234.3406364154341,41.84729569034355,11.380047987063131,19.563404968986816,0.7449255461929936,,193581,3569.75028597364,0.018440602569330874,3.077662435828373
650,522.2673876221908,34.206236882818594,4.150659799007112,560.6242843040164,0.43,241.06844225072706,241.06844225072706,41.72821865201522,11.429585637211103,19.334194531312782,0.7463104602149305,,194994,3629.3803786738226,0.018612779771038198,3.081386950911861
651,524.7762067985562,34.30762256935936,4.176718872247556,563.2605482401632,0.43,242.20203574327016,242.20203574327016,41.61023921177531,11.4785614696227,19.104818619026563,0.747679429660175,,196407,3689.4400544767886,0.01878466681165533,3.0851051892679635
652,527.2530060499473,34.40728177461269,4.202487418966397,565.8627752435264,0.45,254.63824885958687,254.63824885958687,41.49336676618629,11.52697429544044,18.87527870314463,0.7490324284655221,,197820,3752.7380590133853,0.018970468400633836,3.0891244253446586
653,529.69785057756,34.50523563284822,4.227964317202224,568.4310505276104,0.47,267.16259374797687,267.16259374797687,41.377610729177654,11.574822936792895,18.64557627228883,0.750369430871825,,199233,3819.3089836727713,0.019170062106542447,3.0934420107209704
654,532.1108040654252,34.601504810198534,4.253148468801757,570.9654573444255,0.56,319.74065611287836,319.74065611287836,41.26298052975672,11.62210622690785,18.415712832575423,0.7516904114244848,,200646,3899.169291810575,0.019433077618345618,3.0991315284456653
655,534.4919287045366,34.69610951398174,4.278038798858604,573.466077017377,0.68,389.9569323718164,389.9569323718164,41.14948560965307,11.66882301022488,18.185689907500784,0.7529953449739363,,202059,3996.7931158289425,0.019780327111531496,3.1066431848222327
656,536.841285217139,34.78906950181347,4.302634255174794,575.9329889741273,0.7,403.1530922818891,403.1530922818891,41.037135420896306,11.714972142507445,17.955509037824214,0.7542842066761255,,203472,4097.950437710865,0.02014011971038209,3.1144261720473603
657,539.1589328811145,34.880404090510226,4.326933807744015,578.3662707793687,0.72,416.4237149611455,416.4237149611455,40.925939423327215,11.760552490954348,17.72517178144738,0.7555569719929837,,204885,4202.67131682633,0.02051234261574215,3.1224780500642293
658,541.4449295544199,34.9701321647866,4.350936448255604,580.7659981674622,0.7,406.5361987172235,406.5361987172235,40.81590708204237,11.805562934310618,17.494679713290786,0.7568136166928936,,206298,4305.130316421367,0.020868502440262955,3.1301824535822687
659,543.6993316995272,35.058272185749104,4.3746411896183925,583.1322450748947,0.79,460.67447360916685,460.67447360916685,40.70704786477243,11.850002362977774,17.264034425167033,0.7580541168511518,,207711,4421.48420138109,0.021286711832214426,3.139229105362725
660,545.9221944078226,35.144842199189,4.398047065503486,585.4650836725151,0.8,468.3720669380121,468.3720669380121,40.59937123919434,11.893869679123384,17.033237525650993,0.7592784488504234,,209124,4540.032842567443,0.021709764745162886,3.148380531566459
661,548.1135714239289,35.22985984367729,4.42115312990521,587.7645843975114,0.8,470.2116675180091,470.2116675180091,40.4928866701779,11.93716379679001,16.80229063994683,0.7604865893811916,,210537,4659.29456049562,0.02213052603815776,3.157482385742084
662,550.2735151699143,35.313342358464574,4.443958456719377,590.0308159850982,0.81,477.9249609479296,477.9249609479296,40.38760361696684,11.979883642003395,16.57119540975188,0.7616785154422028,,211950,4780.760036155117,0.022556074716466697,3.166687800021114
663,552.4020767693544,35.39530659118887,4.466462139338159,592.2638454998814,0.81,479.733714854904,479.733714854904,40.28353153029553,12.02202815287994,16.3399534931175,0.7628542043409023,,213363,4902.9294472850015,0.022979286227157482,3.1758426569908123
664,554.4993060712221,35.475769005394504,4.488663290260845,594.4637383668775,0.81,481.5156280771708,481.5156280771708,40.180679849441354,12.063596279733419,16.108566564306702,0.7640136336938688,,214776,5025.793697269354,0.023400164344569943,3.1849470382972136
665,556.5652516735745,35.5547456878651,4.510561040719804,596.6305584021594,0.92,548.9001137299866,548.9001137299866,40.07905799921409,12.104586985180898,15.877036313648805,0.7651567814272381,,216189,5166.122032574227,0.023896322350231636,3.195679864464417
666,558.5999609470185,35.63225235577391,4.532154540321004,598.7643678431134,0.87,520.9250000235087,520.9250000235087,39.97867538688259,12.144999244247876,15.645364447390863,0.7662836257771256,,217602,5299.550452016834,0.02435432786471096,3.2055873808491855
667,560.6034800579292,35.70830436365464,4.55344295669849,600.8652273782824,0.88,528.7614000928885,528.7614000928885,39.879541399040356,12.184832044472552,15.413552687546161,0.7673941452900391,,219015,5435.237481840717,0.024816736213687268,3.2155901387835404
668,562.5758539914054,35.78291671019596,4.574425475182216,602.9331961767837,0.89,536.6105445973375,536.6105445973375,39.78166539841063,12.224084386009265,15.181602771739515,0.7684883188232877,,220428,5573.189412440655,0.025283491264452135,3.225686924011953
669,564.5171265739434,35.856104044862924,4.595101298478695,604.968331917285,0.78,471.87529889548233,471.87529889548233,39.685056720592456,12.26275528173102,14.949516453049638,0.7695661255453847,,221841,5694.715780892269,0.02567025834220126,3.2340534196954045
670,566.4273404958135,35.9278806743484,4.615469646363919,606.9706908165258,0.77,467.3674319287249,467.3674319287249,39.589724670749035,12.300843757331124,14.717295499848346,0.7706275449364437,,223254,5815.291897211303,0.02604787326189588,3.2422219370728875
671,568.3065373331281,35.99826056885792,4.635529755388068,608.940327657374,0.87,529.7780850619154,529.7780850619154,39.495678520239785,12.338348851423884,14.484941695636842,0.7716725567885695,,224667,5952.203873683116,0.026493449744213065,3.2518605902324316
672,570.154757569586,36.06725736823084,4.655280878591497,610.8772958164083,0.91,555.8983391929315,555.8983391929315,39.40292750319765,12.375269615644314,14.252456838878926,0.7727011412062428,,226080,6096.10779405286,0.026964383377799276,3.262047766027025
673,571.9720406178857,36.13488438790115,4.674722285231584,612.7816472910184,0.91,557.6312990348268,557.6312990348268,39.31148081305349,12.411605114746914,14.019842742831255,0.7737132786066988,,227493,6240.698219612265,0.027432484602217498,3.2721736715107737
674,573.7584248407949,36.20115462470095,4.693853260519959,614.6534327260158,0.87,534.7484864716338,534.7484864716338,39.22134759900928,12.44735442670337,13.787101235370617,0.7747089497203006,,228906,6379.579144110506,0.027869864241699675,3.2816350116203137
675,575.5139475718714,36.26608076250971,4.712673105369735,616.4927014397508,0.89,548.6785042813782,548.6785042813782,39.13253696246216,12.48251664279926,13.554234158818247,0.7756881355909052,,230319,6522.303227839035,0.028318563504700155,3.291341216369976
676,577.2386451358266,36.32967517775241,4.7311811361523315,618.2995014497313,0.96,593.567521391742,593.567521391742,39.04505795338127,12.517090867729713,13.321243369761223,0.7766508175762253,,231732,6676.943111085176,0.028813211429950008,3.302041376671923
677,578.9325528685243,36.39194994474927,4.7493766844634875,620.0738794977372,0.91,564.2672303429408,564.2672303429408,38.95891956663985,12.551076219693911,13.088130738870946,0.7775969773481834,,233145,6824.172395458133,0.029270078257985943,3.311924261137995
678,580.595705136615,36.452916840920615,4.767259096898174,621.8158810744338,0.9,559.6342929669904,559.6342929669904,38.87413073830464,12.584471830488582,12.85489815071874,0.7785265968932614,,234558,6970.409552254736,0.029717210891356236,3.3215965767569826
679,582.2281353567932,36.51258735184898,4.7848277348339705,623.5255504434762,1,623.5255504434762,623.5255504434762,38.79070034188533,12.617276845600264,12.62154750358859,0.7794396585128434,,235971,7133.57864582401,0.030230742954956372,3.3327052363110194
680,583.829876014682,36.570972676202054,4.802081974222652,625.2029306651067,1,625.2029306651067,625.2029306651067,38.708637184546504,12.649490424296479,12.388080709287049,0.7803361448235517,,237384,7297.419120241692,0.030740989789714943,3.3437428302172707
681,585.400958683338,36.628083730518796,4.819021205389641,626.8480636192464,1,626.8480636192464,626.8480636192464,38.62795000328478,12.681111739715694,12.154499692950333,0.7812160387575798,,238797,7461.9189541388005,0.031247959371930135,3.354709531017994
682,586.9414140413749,36.68393115386165,4.8356448328410275,628.4609900280775,1,628.4609900280775,628.4609900280775,38.548647461074225,12.712139978956085,11.920806392848618,0.7820793235630152,,240210,7627.066088644596,0.03175165933410181,3.3656055038184447
683,588.4512718907049,36.738525312337465,4.851952275077884,630.0417494781202,1,630.0417494781202,630.0417494781202,38.47073814298267,12.74257434316307,11.687002760187635,0.7829259828041599,,241623,7792.848428293887,0.03225209697873914,3.3764309065855613
684,589.9305611738966,36.7918763034899,4.86794296441759,631.5903804418041,1,631.5903804418041,631.5903804418041,38.39423055226252,12.772414047615595,11.453090758907482,0.783756000361842,,243036,7959.253841921724,0.032749279291634674,3.38718589043511
685,591.3793099911484,36.843993960565705,4.883616346821915,633.106920298536,1,633.106920298536,633.106920298536,38.319133106418654,12.80165832181114,11.21907236547878,0.7845693604337238,,244449,8126.2701635459125,0.03324321295462822,3.3978705999077903
686,592.7975456168776,36.894887856657476,4.8989718817316215,634.5914053552667,1,634.5914053552667,634.5914053552667,38.2454541332574,12.83030640954944,10.984949568696182,0.7853660475346022,,245862,8293.885193237766,0.03373390435788274,3.4084851732347863
687,594.185294515926,36.94456730872547,4.914009041907331,636.0438708665588,1,636.0438708665588,636.0438708665588,38.17320186691966,12.858357569014876,10.750724369469225,0.7861460464967029,,247275,8462.0866979815,0.03422135961169346,3.419029742593217
688,595.54258235938,36.99304138150053,4.928727313276431,637.464351054157,1,637.464351054157,637.464351054157,38.10238444390184,12.885811072857518,10.516398780610613,0.7869093424699702,,248688,8630.86241252267,0.03470558455785028,3.429504434351931
689,596.8694340400107,37.04031889127095,4.94312619478584,638.8528791260675,1,638.8528791260675,638.8528791260675,38.03300989906831,12.912666208272832,10.281974826621955,0.7876559209223488,,250101,8800.200040206018,0.035186584780572724,3.439909369308047
690,598.1658736873295,37.086408409555055,4.9572051982603815,640.209487295145,1,640.209487295145,640.209487295145,37.96508616165914,12.938922277079977,10.047454543476938,0.7883857676400614,,251514,8970.08725380311,0.035664365617035676,3.4502446629146455
691,599.4319246822655,37.13131826666212,4.970963848266588,641.5342067971942,1,641.5342067971942,641.5342067971942,37.89862105129711,12.964578595798708,9.812839978402097,0.7890988687278784,,252927,9140.511696330124,0.03613893216750337,3.460510425499986
692,600.6676096714632,37.17505655514352,4.9844016819817645,642.8270679085884,1,642.8270679085884,642.8270679085884,37.83362227399784,12.989634495724854,9.578133189655071,0.7897952106093831,,254340,9311.460981856122,0.03661028930508816,3.470706762478609
693,601.8729505812029,37.217631133136315,4.997518249068099,644.0880999634073,1,644.0880999634073,644.0880999634073,37.770097418187156,13.01408932300434,9.343336246300487,0.7904747800272296,,255753,9482.92269630217,0.03707844168515001,3.4808337745546623
694,603.047968630948,37.25904962760142,5.010313111551684,645.3173313701011,1,645.3173313701011,645.3173313701011,37.70805395072988,13.03794243870575,9.10845122798351,0.7911375640433961,,257166,9654.884398231605,0.03754339375435168,3.490891557917782
695,604.1926843465161,37.29931943745798,5.022785843706257,646.5147896276803,1,646.5147896276803,646.5147896276803,37.647499212974324,13.061193218891399,8.873480224701018,0.79178355003943,,258579,9827.333619631792,0.03800514975938414,3.5008802044318426
696,605.3071175728836,37.33844773661644,5.0349360319415295,647.6805013414415,1,647.6805013414415,647.6805013414415,37.58844041681668,13.083841054686912,8.638425336570553,0.7924127257166893,,259992,10000.257866687674,0.038463713755375835,3.5107998018168596
697,606.3912874866174,37.37644147691151,5.046763274695935,648.814492238225,1,648.814492238225,648.814492238225,37.53088464078978,13.105885352349254,8.403288673597004,0.793025079096576,,261405,10173.644620547404,0.03891908961399898,3.5206504338243487
698,607.4452126079442,37.413307390937454,5.058267182333659,649.9167871812153,1,649.9167871812153,649.9167871812153,37.4748388261806,13.12732553333322,8.168072355437143,0.7936205985207644,,262818,10347.481338080383,0.03937128103128546,3.530432180406397
699,608.4689108124537,37.44905199478699,5.069447377045841,650.9874101842865,1,650.9874101842865,650.9874101842865,37.42030977318103,13.148161034356391,7.932778511161962,0.7941992726514231,,264231,10521.755452627955,0.039820291535164136,3.5401451178787076
700,609.4623993424431,37.48368159069576,5.0803034927557755,652.0263844258945,1,652.0263844258945,652.0263844258945,37.36730413707635,13.168391307462471,7.697409279016979,0.7947610904714308,,265644,10696.454374747069,0.040266124492731134,3.5497893190778704
701,610.425694817899,37.517202269593824,5.090835175028019,653.0337322625207,0.97,633.4427202946451,633.4427202946451,37.31582842447619,13.188015820083047,7.461966806180442,0.7953060412845862,,267057,10866.312159401163,0.04068911191019581,3.5589393284917223
702,611.3588132471289,37.54961991356602,5.101042080981293,654.0094752416762,0.97,634.3891909844259,634.3891909844259,37.26588898959215,13.207034055097726,7.226453248519591,0.795834114715811,,268470,11036.557520430337,0.04110909047726129,3.56802425084071
703,612.2617700370341,37.58094019822236,5.110923879205041,654.9536341144616,0.97,635.3050250910277,635.3050250910277,37.21749203056713,13.225445510892643,6.990870770344908,0.7963453007113486,,269883,11207.178184035893,0.041526061975136974,3.577044124655725
704,613.1345800030349,37.611168594980256,5.1204802496795585,655.8662288476947,0.95,623.07291740531,623.07291740531,37.17064358586064,13.243249701417314,6.755221544162525,0.7968395895389543,,271296,11374.636420581628,0.041927033279449855,3.5857178843413875
705,613.9772573786457,37.64031037325978,5.129710883699584,656.7472786356051,0.95,623.9099147038248,623.9099147038248,37.12534953069481,13.26044615623984,6.519507750424756,0.7973169717880814,,272709,11542.438124078233,0.042325108903916754,3.594329005053037
706,614.7898158247054,37.66837060259343,5.138615483801251,657.5968019111001,0.92,604.9890577582121,604.9890577582121,37.08161557356577,13.277034420600394,6.28373157727883,0.7977774383700601,,274122,11705.2617530156,0.042700920586511114,3.6024585150374833
707,615.572268438264,37.69535415465173,5.147193763692334,658.4148163566081,0.72,474.0586677767578,474.0586677767578,37.039447252824765,13.293014055463058,6.0478952203139,0.7982209805182702,,275535,11832.93093620397,0.042945291655158035,3.6077447185656983
708,616.3246277611294,37.72126570518583,5.155445448185661,659.2013389145009,0.67,441.66489707271563,441.66489707271563,36.99884993333363,13.308384637565915,5.812000882306353,0.7986475897883087,,276948,11951.950854364006,0.04315593849518323,3.612301403917668
709,617.0469057880733,37.74610973588833,5.163370273135642,659.9563857970973,0.68,448.77034234202614,448.77034234202614,36.959828803199265,13.323145759469435,5.576050772963486,0.7990572580581501,,278361,12072.95839506454,0.04337158723766813,3.6169662897803474
710,617.739113974705,37.76989053617369,5.170967985377825,660.6799724962565,0.75,495.50997937219233,495.50997937219233,36.92238887059127,13.3372970296031,5.340047108665598,0.7994499775283009,,279774,12206.645958684527,0.04363038008780132,3.6225644634308773
711,618.4012632450085,37.79261220487897,5.1782383426714125,661.3721137925589,0.7,462.96047965479124,462.96047965479124,36.88653496064722,13.350838072310326,5.103992112206572,0.7998257407219488,,281187,12331.620536504455,0.04385558555873655,3.627436079214296
712,619.0333639985494,37.81427865188629,5.185181113644637,662.0328237640803,0.9,595.8295413876723,595.8295413876723,36.852271712470085,13.363768527891546,4.867888012532976,0.8001845404851037,,282600,12492.547133911889,0.044205757727926,3.6350109585422845
713,619.6354261173527,37.83489359966784,5.19179607774297,662.6621157947635,0.89,589.7692830573395,589.7692830573395,36.8196035762215,13.376088052645583,4.631737044481759,0.8005263699867359,,284013,12651.916522746793,0.044546962719124804,3.6423918610292554
714,620.2074589724542,37.854460584754534,5.19808302518009,663.2600025823889,0.9,596.93400232415,596.93400232415,36.78853481031574,13.387796318909192,4.395541448516598,0.800851222718904,,285426,12813.298487279475,0.04489184057261593,3.649852214400964
715,620.7494714301263,37.87298295912905,5.20404175689153,663.8264961461468,0.9,597.4438465315321,597.4438465315321,36.75906947871756,13.398893015094838,4.159303470462947,0.8011590924968803,,286839,12974.89079883519,0.045234053942578206,3.657254930007658
716,621.2614718577806,37.89046389154424,5.209672084490962,664.3616078338158,0.9,597.9254470504343,597.9254470504343,36.73121144834854,13.40937784572662,3.9230253612418475,0.8014499734592683,,288252,13136.681885552787,0.04557360186764632,3.6645999870532067
717,621.743468129551,37.90690636876783,5.214973830229078,664.865348328548,0.77,511.9463182129819,511.94631821298196,36.704964386605326,13.419250531474402,3.6867093766025802,0.8017238600681135,,289665,13275.26330300276,0.045829711228497605,3.6701401118087156
718,622.1954676315568,37.92231319675387,5.219946826955,665.3377276552657,0.32,212.90807284968503,212.90807284968503,36.680331758993404,13.428510809186113,3.450357776854176,0.8019807471090098,,291078,13332.918016788326,0.045805309974605864,3.669612267022794
719,622.6174772668473,37.93668700174211,5.224590918080179,665.7787551866696,0.33,219.70698921160098,219.70698921160098,36.657316826880155,13.43715843191819,3.2139728265958993,0.8022206296911981,,292491,13392.434574685389,0.04578750995649572,3.6692272193203097
720,623.0095034600336,37.95003023128548,5.228905957544743,666.1884396488638,0.35,233.1659538771023,233.1659538771023,36.635922645370165,13.445193168964186,2.9775567944467127,0.80244350324766,,293904,13455.617461343762,0.04578235567172873,3.6691157224951265
721,623.3715521616032,37.96234515520682,5.232891809786247,666.5667891265963,0.35,233.29837619430867,233.29837619430867,36.61615206130639,13.45261480588151,2.7411119527738306,0.8026493635352041,,295317,13518.855095558025,0.04577743609598508,3.6690093028653505
722,623.703628851924,37.97363386648509,5.236548349710808,666.9138110681199,0.31,206.74328143111717,206.74328143111717,36.59800771139986,13.459423144516306,2.5046405774203913,0.8028382066345472,,296730,13574.910059024876,0.04574835729122393,3.6683802739006053
723,624.0057385449369,37.98389828207171,5.239875462666554,667.2295122896752,0.31,206.8411488097993,206.8411488097993,36.581492020490856,13.465618003026474,2.2681449474323236,0.8030100289503892,,298143,13631.005504504215,0.04571968989546699,3.6677601444825276
724,624.2778857915358,37.993140143637675,5.242873044419386,667.5138989795929,0.32,213.60444767346974,213.60444767346974,36.56660719994442,13.47119921590277,2.0316273447844693,0.8031648272114806,,299556,13688.948131666259,0.04569745934538537,3.6672792560822502
725,624.5200746826433,38.00136101825173,5.24554100113103,667.7669767020261,0.3,200.33009301060784,200.33009301060784,36.553355246182285,13.476166633988063,1.7950900541060242,0.8033025984706857,,300969,13743.30076272269,0.04566350940702428,3.6665448553819515
726,624.7323088519739,38.00856229899011,5.247879249339322,667.9887504003034,0.3,200.39662512009102,200.39662512009102,36.54173793935371,13.480520124494697,1.5585353624053653,0.8034233401050386,,302382,13797.68093043523,0.045629967823598065,3.665819288163085
727,624.914591478494,38.014745205478235,5.249887715940715,668.179224399913,0.32,213.81735180797216,213.81735180797216,36.5317568421474,13.484259571019908,1.3219655587943075,0.8035270498157921,,303795,13855.711673454936,0.04560875482958882,3.6653604114048965
728,625.066925288574,38.019910784364676,5.251566338175023,668.3384024111137,0.34,227.2350568197787,227.2350568197787,36.52341329874599,13.487384873559417,1.085382934211894,0.8036137256284633,,305208,13917.391743823164,0.04559969510570878,3.6651644326231017
729,625.189312557836,38.0240599097277,5.252915063612317,668.466287531176,0.34,227.27853776059987,227.27853776059987,36.51670843392508,13.489895948519056,0.848789781147737,0.8036833658928694,,306621,13979.089817194907,0.045590777595777544,3.6649715301951575
730,625.2817551126961,38.02719328341455,5.253933850142012,668.5628822462527,0.33,220.6257511412634,220.6257511412634,36.511643152297985,13.491792728724496,0.6121883933650134,0.8037359692831603,,308034,14038.986440587943,0.04557609367987931,3.6646538896149567
731,625.3442543316045,38.02931143531394,5.2546226659641295,668.6281884328826,0.33,220.64730218285126,220.64730218285126,36.50821813770757,13.493075163429115,0.375581065623152,0.8037715347978429,,309447,14098.891988307212,0.04556157270326489,3.664339773716388
732,625.3768111459802,38.03041472356158,5.2549814895826765,668.6622073591245,0.51,341.0177257531535,341.0177257531535,36.50643385276586,13.493743218319867,0.13897009340029398,0.8037900617598016,,310860,14191.480474111013,0.045652320897223875,3.666302826976912
733,625.3794260408433,38.030503334679096,5.255010309801201,668.6649396853236,0.76,508.1853541608459,508.1853541608459,36.506290538542544,13.493796875521324,-0.09764222738441697,0.8037915498163095,,312273,14329.456332516977,0.04588759301161796,3.6713922030969535
734,625.3520990551443,38.02957728364644,5.254709125720457,668.6363854645112,0.75,501.47728909838344,501.47728909838344,36.50778821440245,13.493236133597726,-0.3342536006486468,0.8037759989390361,,313686,14465.60785047887,0.04611492974018244,3.6763099219713054
735,625.2948297817915,38.027636413907636,5.254077946738235,668.5765441424373,0.67,447.946284575433,447.946284575433,36.51092667799249,13.49206100755317,-0.570861730424722,0.8037434094240478,,315099,14587.219936856425,0.04629408515056038,3.680185388767283
736,625.2076173673724,38.024680397310085,5.25311679255129,668.4854145572339,0.48,320.8729989874723,320.8729989874723,36.51570550537806,13.490271528829851,-0.8074643211374528,0.8036937818918017,,316512,14674.32690078978,0.046362624168403664,3.6816680159864124
737,625.0904605115775,38.020708733977266,5.251825693159445,668.3629949387142,0.49,327.49786751997,327.49786751997,36.52212405132859,13.487867745304403,-1.0440590778818657,0.803627117287135,,317925,14763.223756085934,0.046436183867534585,3.683259249937442
738,624.9433574663143,38.015720752114795,5.250204688871808,668.2092829073009,0.49,327.4225486245774,327.4225486245774,36.530181449752,13.484849721282307,-1.28064370670078,0.8035434168792451,,319338,14852.089428720152,0.04650899494804925,3.6848342898668447
739,624.7663060345246,38.00971560774973,5.248253830315154,668.0242754725895,0.81,541.0996631327976,541.0996631327976,36.539876614277006,13.481217537490416,-1.517215914862158,0.8034426822616676,,320751,14998.927792336699,0.04676190500524301,3.690305207697099
740,624.5593035686927,38.002692284402926,5.24597317844446,667.8079690315401,0.82,547.6025346058628,547.6025346058628,36.55120823898288,13.476971291067525,-1.753773411136177,0.8033249153522442,,322164,15147.505561857351,0.047017995684984513,3.6958449283452444
741,624.3223469690511,37.994649592694195,5.243362804555602,667.5603593663009,0.82,547.3994946803667,547.3994946803667,36.56417479927501,13.472111095553068,-1.9903139060719446,0.8031901183930871,,323577,15295.999308036942,0.04727159009458936,3.70133064999884
742,624.0554326814821,37.98558616988022,5.240422790300261,667.2814416416626,0.83,553.8435965625799,553.8435965625799,36.578774552905216,13.4666370808739,-2.226835112273798,0.803038293950536,,324990,15446.208170391106,0.04752825677833505,3.706882830691524
743,623.7585566951127,37.9755004793247,5.237153227703014,666.9712104021404,0.78,520.2375441136695,520.2375441136695,36.59500554113517,13.460549393329181,-2.4633347446771325,0.8028694449151097,,326403,15587.268208967042,0.04775467201271753,3.711780615922245
744,623.431714539602,37.964390809900486,5.233554219180646,666.6296595686831,0.78,519.9711344635729,519.9711344635729,36.612865590041025,13.453848195573329,-2.699810520823674,0.8026835745014501,,327816,15728.218071306892,0.04797879929993317,3.716628908574107
745,623.0749012821233,37.95225527532343,5.229625877563733,666.2567824350105,0.78,519.6802902993081,519.6802902993081,36.63235231195727,13.446533666597151,-2.9362601611361545,0.8024806862482623,,329229,15869.0476837329,0.04820063750074538,3.7214276840032916
746,622.6881115240333,37.93909181341728,5.22536832612045,665.852571663571,0.76,506.04795446431393,506.04795446431393,36.65346310705775,13.438606001707008,-3.172681389192311,0.8022607840182459,,330642,16006.139304273853,0.048409274394280985,3.7259408904512994
747,622.2713393972386,37.92489818530957,5.2207816985827415,665.4170192811309,0.77,512.3711048464709,512.3711048464709,36.67619516507107,13.430065412502161,-3.4090719319981555,0.8020238719980225,,332055,16144.89618268707,0.048621150660845554,3.7305241706000514
748,621.8245785602429,37.90967197455755,5.215866139174758,664.9501166739752,0.75,498.71258750548145,498.71258750548145,36.70054546712815,13.420912126850205,-3.645429520260444,0.8017699546980556,,333468,16279.9043388961,0.048819989740833,3.73482543200549
749,621.3478221938879,37.893410586203856,5.210621802643698,664.4518545827355,0.75,498.3388909370516,498.3388909370516,36.726510787738924,13.41114638886065,-3.881751888658285,0.8014990369525643,,334881,16414.758187168874,0.04901669006951387,3.7390804282177306
750,620.8410629967777,37.87611124576145,5.205048854293043,663.9222230968322,0.88,584.2515563252124,584.2515563252124,36.75408769689512,13.400768458856664,-4.118036776113839,0.8012111239194322,,336294,16572.79432183108,0.04928067203646535,3.744790852175897
751,620.3042931803876,37.85777099812684,5.199147470018211,663.3612116485326,0.91,603.6587026001647,603.6587026001647,36.7832725622962,13.389778613344905,-4.354281926062016,0.8009062210801082,,337707,16736.007410691687,0.049557774670621835,3.750785100719583
752,619.7375044638576,37.83838670642122,5.19291783634472,662.7688090066235,0.9,596.4919281059612,596.4919281059612,36.81406155169493,13.378177144983578,-4.590485086719143,0.8005843342395031,,339120,16897.207059306027,0.04982663086608288,3.75660096336199
753,619.1406880684657,37.81795505075871,5.186360150468868,662.1450032696932,0.88,582.68760287733,582.68760287733,36.846450635359254,13.365964362548633,-4.826644011350528,0.8002454695258782,,340533,17054.598194557686,0.05008207191243635,3.762126631224235
754,618.5138347117801,37.796472526940846,5.17947462030098,661.489781859022,0.62,410.1236647525936,410.1236647525936,36.880435588646726,13.353140590898114,-5.062756458536845,0.7998896333907292,,341946,17165.320015316625,0.05019892034214942,3.76465428142782
755,617.8569346014903,37.773935445076525,5.172261464511288,660.803131511078,0.59,389.87384759153605,389.87384759153605,36.91601199468785,13.339706170934729,-5.298820192439311,0.7995168326086631,,343359,17270.51748227673,0.05029871790830218,3.7668130895437932
756,617.1699774289137,37.75033992812683,5.164720912578516,660.0850382696191,0.54,356.4459206655943,356.4459206655943,36.95317524717439,13.325661459566614,-5.534832983063569,0.7991270742772697,,344772,17366.64029338222,0.05037137671673518,3.7683848355431095
757,616.4529523621743,37.72568191037324,5.156853204841169,659.3354874773887,0.5,329.66774373869436,329.66774373869436,36.991920553248754,13.311006829666288,-5.770792606522232,0.7987203658169855,,346185,17455.488713195085,0.05042242937503094,3.769489200081441
758,615.7058480390527,37.69995713580889,5.148658592551653,658.5544637674133,0.5,329.27723188370663,329.27723188370663,37.0322429364901,13.295742670027842,-6.006696845296031,0.7982967149709534,,347598,17544.17656751578,0.0504726050423644,3.770574593664066
759,614.9286525595081,37.67316115645149,5.140137337933267,657.7419510538929,0.51,335.4483950374854,335.4483950374854,37.074137239993334,13.279869385322357,-6.242543488493498,0.797856129804875,,349011,17634.467900327905,0.05052696877842792,3.7717505830108298
760,614.1213534778627,37.645289330576986,5.131289714240114,656.8979325226799,0.51,335.0179455865667,335.0179455865667,37.11759812953644,13.263387396051566,-6.478330332109133,0.7973986187068565,,350424,17724.582461389626,0.0505803896462275,3.7729061763525706
761,613.2839377946544,37.61633682087284,5.122116005820049,656.0223906213473,0.5,328.01119531067366,328.01119531067366,37.16262009683179,13.246297138499797,-6.714055179280025,0.7969241903872499,,351837,17812.7504076134,0.05062784871293639,3.7739328047798693
762,612.4163919481497,37.586298592509735,5.112616508180701,655.1153070488401,0.5,327.55765352442006,327.55765352442006,37.20919746285725,13.228599064684131,-6.9497158405408115,0.7964328538784866,,353250,17900.732343320655,0.05067440153806272,3.774939829505807
763,611.5187018055153,37.55516941113063,5.10279152805868,654.1766627447046,0.5,327.0883313723523,327.0883313723523,37.25732438126235,13.210293642302917,-7.185310134076989,0.7959246185349053,,354663,17988.521930174484,0.05072004108174375,3.7759270982449773
764,610.5908526536509,37.52294384075582,5.092641383492051,653.2064378778988,0.49,320.0711545601704,320.0711545601704,37.306994841845025,13.191381354682562,-7.42083588597647,0.7953994940325746,,356076,18074.361021522236,0.05075984065627067,3.776788037522489
765,609.632829189671,37.48961624160262,5.082166403896123,652.2046118351698,0.54,352.1904903909917,352.1904903909917,37.358202674094656,13.171862700722588,-7.656290930479389,0.7948574903691076,,357489,18168.73780863674,0.05082320801097863,3.7781587919898065
766,608.6446155110443,37.45518076781848,5.071366930142731,651.1711632090055,0.53,345.1207165007729,345.1207165007729,37.41094155079627,13.15173819483912,-7.891673110225992,0.7942986178634732,,358902,18261.14289610393,0.05088058271089024,3.7793999141192893
767,607.6261951053777,37.41963136512604,5.060243314643027,650.1060697851468,0.27,175.52863884198965,175.52863884198965,37.46520499169197,13.131008366906624,-8.126980276502739,0.7937228871557981,,360315,18308.099682026572,0.050811372499137065,3.7779027677198243
768,606.5775508398528,37.3829617683787,5.048795921433961,649.0093085296655,0.26,168.74242021771303,168.74242021771303,37.5209863671945,13.10967376219808,-8.362210289486402,0.7931303092071652,,361728,18353.20090742788,0.05073757328000011,3.776306352502829
769,605.4986649503011,37.34516549902505,5.037025126268477,647.8808555755946,0.27,174.92783100541055,174.92783100541055,37.57827890214849,13.087734941323497,-8.597361018486176,0.7925208952994044,,363141,18399.912509569334,0.05066878295089052,3.7748182889507085
770,604.389519029925,37.306235862480825,5.024931316709624,646.7206862091155,0.27,174.61458527646118,174.61458527646118,37.637075679634904,13.06519248016683,-8.83243034218377,0.791894657034878,,364554,18446.496444685832,0.05060017567955867,3.773334185280893
771,603.2500940176562,37.26616594540654,5.012514892228651,645.5287748552914,0.26,167.8374814623758,167.8374814623758,37.697369644814,13.042046969821335,-9.067416148871411,0.79125160633626,,365967,18491.228860712265,0.050527038942615767,3.7717521007935173
772,602.0803701861527,37.22494861288928,4.999776264307248,644.3050950633492,0.24,154.6332228152038,154.6332228152038,37.75915360880234,13.018299016523342,-9.302316336687712,0.7905917554463087,,367380,18532.400846863457,0.050444773386856816,3.769972542871577
773,600.8803271294279,37.18257650552678,4.98671585654402,643.0496194914987,0.46,295.8028249660894,295.8028249660894,37.82242025257934,12.993949241584465,-9.537128813851336,0.7899151169276337,,368793,18611.07910173841,0.05046483827442064,3.7704065839387972
774,599.6499437501133,37.13904203641213,4.973334104765394,641.7623198912908,0.44,282.37542075216794,282.37542075216794,37.887162130918895,12.968998281322326,-9.771851498892495,0.7892217036624574,,370206,18686.10658517517,0.05047488853550502,3.7706239898940024
775,598.38919824635,37.09433738801706,4.959631457141049,640.4431670915081,0.97,621.2298720787629,621.2298720787629,37.9533716763418,12.943446786989714,-10.006482320882116,0.7885115288523685,,371619,18850.9890671751,0.050726655706987804,3.7760701849675447
776,597.0980680983095,37.048454508972206,4.945608374304083,639.0921309815858,0.97,619.9193670521382,619.9193670521382,38.02104120308448,12.917295424702308,-10.24101921965873,0.7877846060180719,,373032,19015.340542363538,0.05097509206278158,3.781444328264481
777,595.7765300543365,37.001385110741985,4.9312653294760045,637.7091804945545,1,637.7091804945545,637.7091804945545,38.0901629110799,12.89054487536489,-10.475460146053015,0.7870409489991304,,374445,19184.21529068018,0.05123373336719726,3.7870392236975396
778,594.4245601167173,36.953120664192376,4.916602808596796,636.2942835895064,1,636.2942835895064,636.2942835895064,38.16072888994652,12.863195834596125,-10.709803062109925,0.7862805719537018,,375858,19352.51797475522,0.051488907977893836,3.7925591280579214
779,593.0421335270707,36.903652396049395,4.9016213104601665,634.8474072335803,1,634.8474072335803,634.8474072335803,38.23273112298101,12.835249012651898,-10.944045941308383,0.785503489358269,,377271,19520.236323789497,0.05174062232132737,3.7980041803618962
780,591.629224751356,36.85297128524609,4.886321346854214,633.3685173834563,1,633.3685173834563,633.3685173834563,38.30616149115096,12.806705134347276,-11.178186768778533,0.7847097160073642,,378684,19687.358099075405,0.05198888281278165,3.8033745193840587
781,590.185807464503,36.80106805915591,4.870703442707682,631.8575789663666,1,631.8575789663666,631.8575789663666,38.381011777083444,12.777564938977026,-11.412223541516425,0.783899267013288,,380097,19853.87109484347,0.052233695858803074,3.808670283709996
782,588.7118545346557,36.747933189710096,4.854768136241997,630.3145558606078,1,630.3145558606078,630.3145558606078,38.45727366904588,12.747829180234826,-11.646154268596224,0.7830721578058211,,381510,20019.763139119797,0.05247506785960997,3.8138916117884083
783,587.2073380070361,36.69355688939691,4.83851597912934,628.7394108755624,1,628.7394108755624,628.7394108755624,38.53493876491528,12.717498626131091,-11.879976971379767,0.7822284041319305,,382923,20185.02209459481,0.05271300521147805,3.8190386419827096
784,585.6722290874204,36.63792910714011,4.821947536656928,627.1321057312175,1,627.1321057312175,627.1321057312175,38.61399857613241,12.686574058909482,-12.11368968372353,0.7813680220554698,,384336,20349.635859503676,0.05294751430910369,3.8241115126221485
785,584.1064981252341,36.581039524054425,4.805063387897777,625.4926010371863,1,625.4926010371863,625.4926010371863,38.69444453163721,12.655056274962126,-12.347290452182987,0.7804910279568738,,385749,20513.59236851885,0.05317860154794659,3.8291103620524867
786,582.5101145962607,36.522877549075446,4.787864125888185,623.8208562712243,1,623.8208562712243,623.8208562712243,38.776267981782446,12.622946084743575,-12.580777336214172,0.7795974385328457,,387162,20676.87959365514,0.05340627332655359,3.8340353286862676
787,580.8830470849667,36.463432314461215,4.770350357812156,622.1168297572401,1,622.1168297572401,622.1168297572401,38.85946020222196,12.590244312683437,-12.814148408372649,0.7786872707960399,,388575,20839.485545187756,0.0536305360488651,3.8388865510527053
788,579.225263266446,36.40269267116325,4.752522705193108,620.3804786428024,1,620.3804786428024,620.3804786428024,38.94401239777057,12.556951797097879,-13.047401754509654,0.7777605420747385,,389988,21001.398272583796,0.053851396126505933,3.843664167847244
789,577.5367298879796,36.34064718406391,4.73438180409306,618.6117588761366,1,618.6117588761366,618.6117588761366,39.02991570623271,12.52306939009984,-13.280535473965505,0.7768172700125204,,391401,21162.605865447636,0.05406885998106197,3.8483683179808033
790,575.8174127502192,36.277284127077685,4.715928305319661,616.8106251826166,1,616.8106251826166,616.8106251826166,39.11716120219673,12.488597957508084,-13.513547679760165,0.7758574725679259,,392814,21323.09645448072,0.05428293404634438,3.852999140628759
791,574.067276687993,36.21259147811344,4.697162874641347,614.9770310407478,1,614.9770310407478,614.9770310407478,39.20573990079222,12.453538378755116,-13.746436498781048,0.7748811680141149,,394227,21482.85821245625,0.05449362477064293,3.8575567752796855
792,572.286285550738,36.14655691389482,4.678086193010936,613.1109286576437,1,613.1109286576437,613.1109286576437,39.29564276140775,12.41789154679391,-13.979200071967853,0.7738883749385187,,395640,21641.87935520929,0.05470093861897,3.8620413617839002
793,570.4744021825641,36.07916780463598,4.658698956798023,611.2122689439981,1,611.2122689439981,611.2122689439981,39.386860691366415,12.381658368003569,-14.211836554494662,0.7728791122424864,,397053,21800.148142642858,0.054904882075296896,3.8664530404018356
794,568.6315884019544,36.01041120856958,4.639001878030537,609.2810014885546,1,609.2810014885546,609.2810014885546,39.479384549556954,12.344839762093873,-14.444344115948994,0.7718533991409251,,398466,21957.652879750516,0.05510546164478404,3.8707919518522855
795,566.7578049811051,35.94027386632413,4.618995684645793,607.317074532075,1,607.317074532075,607.317074532075,39.57320515001814,12.307436662008756,-14.676720940508039,0.7708112551619334,,399879,22114.38191765606,0.0553026838560066,3.875058237360549
796,564.853011624918,35.86874219514776,4.598681120751504,605.3204349408173,1,605.3204349408173,605.3204349408173,39.66831326547425,12.269450013828783,-14.90896522711186,0.7697527001464307,,401292,22270.323654670923,0.05549655526317725,3.8792520387065106
797,562.9171669496452,35.79580228297498,4.578058946897073,603.2910281795173,1,603.2910281795173,603.2910281795173,39.764699630819834,12.230880776672542,-15.14107518963374,0.7686777542477785,,402705,22425.466537369877,0.055687082448367606,3.8833734982726975
798,560.9502284612017,35.72143988233381,4.557129940355679,601.2287982838913,1,601.2287982838913,601.2287982838913,39.86235494655172,12.191729922597107,-15.373049057047375,0.767586437931397,,404118,22579.79906168571,0.05587427202372997,3.8874227590923383
799,558.9521525331553,35.6456404040898,4.535894895417581,599.1336878326626,1,599.1336878326626,599.1336878326626,39.9612698821466,12.15199843649752,-15.604885073591225,0.7664787719743763,,405531,22733.3097740235,0.05605813063372097,3.891399964897463
800,556.9228943844005,35.56838891102387,4.5143546236950804,597.0056379191194,0.96,573.1254124023546,573.1254124023546,40.06143507938272,12.111687316005305,-15.836581498929755,0.7653547774650792,,406944,22879.88017246035,0.0562236577329076,3.8949806258184987
801,554.8624080565363,35.48967011124078,4.492509954439697,594.8445881222168,0.9,535.3601293099952,535.3601293099952,40.1628411556039,12.070797571386079,-16.068136608311676,0.7642144758027408,,408357,23016.52981412247,0.0563637449930391,3.898010975412931
802,552.7706463909599,35.409468351405174,4.470361734872073,592.6504764772371,0.85,503.75290500565154,503.75290500565154,40.26547870692488,12.029330225436322,-16.299548692725082,0.7630578886970615,,409770,23144.86032931995,0.056482564192888565,3.900581257062644
803,550.647561005691,35.327767609801704,4.447910830525102,590.4232394460179,0.89,525.4766831069559,525.4766831069559,40.36933831137645,11.987286313379188,-16.530816059049616,0.7618850381677922,,411183,23278.45820981103,0.05661337703604242,3.9034109836618054
804,548.4931022719499,35.24455148921634,4.4251581256009445,588.1628118867671,0.61,358.77931525092794,358.77931525092794,40.47441053198941,11.944666882759574,-16.761937030205473,0.7606959465443166,,412596,23369.489544172167,0.05664012628375498,3.903989619948082
805,546.3072192905051,35.159803209635434,4.402104523342456,585.8691270234831,0.53,310.51063732244603,310.51063732244603,40.58068591981629,11.90147299333828,-16.992909945299353,0.759490636465225,,414009,23448.11095633289,0.05663671793688758,3.9039158910269967
806,544.0898598678209,35.073505600759646,4.3787509464197605,583.5421164150004,0.86,501.84622011690027,501.84622011690027,40.68815501688996,11.857705716985487,-17.223733159767292,0.758269130877884,,415422,23574.910913988744,0.05674930772561093,3.9063514188563992
807,541.8409704920186,34.9856410943292,4.355098337332508,581.1817099236804,0.78,453.32173374047073,453.32173374047073,40.796808359118316,11.813366137573363,-17.454405045514466,0.7570314530379991,,416835,23689.204570024624,0.05683113119105791,3.908121413537568
808,539.5604963086948,34.8961917162579,4.331147658828693,578.7878356837814,0.92,532.4848088290789,532.4848088290789,40.90663647911442,11.768455350868022,-17.68492399105178,0.7557776265091726,,418248,23823.16383772282,0.05695942081665141,3.910896558218977
809,537.248381096616,34.80513907857245,4.306899894340611,576.360420069529,0.99,570.5968158688337,570.5968158688337,41.01762990896139,11.722974464420714,-17.915288401629393,0.7545076751624538,,419661,23966.39168018845,0.057108932400648266,3.914130773575195
810,534.9045672433281,34.712464371154226,4.282356048438839,573.8993876629212,0.91,522.2484427732583,522.2484427732583,41.12977918291172,11.676924597458349,-18.145496699367133,0.753221623175886,,421074,24097.186397444508,0.05722791337732681,3.9167045547604684
811,532.5289957207226,34.61814835328097,4.257517147305047,571.4046612213086,0.77,439.98158914040766,439.98158914040766,41.243074840020576,11.630306880773384,-18.375547323381713,0.7519194950340453,,422487,24207.12359084583,0.05729673005523443,3.9181931882863994
812,530.1216060605943,34.522171344965145,4.232384239224445,568.8761616447839,0.78,443.7234060829315,443.7234060829315,41.357507426712736,11.583122456613022,-18.605438729910933,0.7506013155275745,,423900,24317.735396626744,0.0573666793975625,3.9197063234634
813,527.6823363302424,34.424513218086766,4.206958395098871,566.3138079434281,0.79,447.3879082753082,447.3879082753082,41.4730674992831,11.53537247856786,-18.835169392434604,0.7492671097527112,,425313,24428.994115839356,0.057437684989265214,3.9212423072910285
814,525.2111231081623,34.325153387318096,4.181240708981391,563.7175172044617,0.41,231.1241820538293,231.1241820538293,41.58974562633052,11.487058111459907,-19.06473780179248,0.74791690311081,,426726,24486.3314223505,0.05738185960628249,3.919189374532637
815,522.7079014598836,34.224070800837936,4.155232298633484,561.087204559355,0.4,224.434881823742,224.434881823742,41.707532391125085,11.43818053123009,-19.29414246629892,0.7465507213078595,,428139,24541.871374678143,0.05732220464540288,3.916995612182127
816,520.1726049140165,34.12124393083354,4.128934306105841,558.4227831509559,0.39,217.7848854288728,217.7848854288728,41.826418393908824,11.388740924825186,-19.52338191185458,0.7451685903539916,,429552,24595.6298600894,0.057258794884180265,3.9146637701228273
817,517.6051654385697,34.01665076378827,4.102347898343911,555.7241641007018,0.38,211.1751823582667,211.1751823582667,41.94639425412994,11.338740490084273,-19.752454682054793,0.7437705365629874,,430965,24647.623106347728,0.05719170490955815,3.9121965912285237
818,515.0055134176156,33.91026879055347,4.075474267819374,552.9912564759884,0.37,204.6067648961157,204.6067648961157,42.06745061261086,11.288180435624689,-19.98135933829495,0.7423565865517758,,432378,24697.867679331943,0.05712100911547753,3.909596811275496
819,512.3735776283795,33.802074996203615,4.048314633188807,550.223967257772,0.38,209.08510755795334,209.08510755795334,42.18957813365035,11.237061980727562,-20.210094459872714,0.7409267672399271,,433791,24749.075636212187,0.05705299472836501,3.9070956378686175
820,509.7092852188375,33.69204584967337,4.020870239980805,547.4222013084917,0.38,208.02043649722685,208.02043649722685,42.31276750706011,11.185386355222851,-20.438658644087138,0.7394811058491396,,435204,24799.885180219328,0.056984506530774824,3.9045770404693028
821,507.0125616859238,33.5801572931768,3.9931423613130375,544.5858613404137,0.37,201.49676869595305,201.49676869595305,42.43700945013604,11.133154799374063,-20.667050506334597,0.7380196299027225,,436617,24848.96599844701,0.056912502258150754,3.9019291422890103
822,504.2833308544396,33.46638473140815,3.965132298640588,541.7148478844883,0.38,205.85164219610556,205.85164219610556,42.562294709564995,11.080368563762532,-20.895268680201767,0.7365423672250713,,438030,24898.967335514222,0.05684306402646901,3.8993756081637123
823,501.5215148567848,33.35070302052509,3.936841382537216,538.8090592598471,0.39,210.13553311134038,210.13553311134038,42.68861406326733,11.027028909171346,-21.12331181755533,0.7350493459411376,,439443,24949.863984963406,0.05677610972290697,3.896913418461578
824,498.72703411362943,33.233086456915636,3.908270973511148,535.8683915440562,0.34,182.1952531249791,182.1952531249791,42.815958322175725,10.973137106468982,-21.35117858862872,0.7335405944758948,,440856,24993.86550571596,0.0566939442940914,3.893891852080655
825,495.8998073156583,33.11350876575017,3.8794224628570917,532.8927385442655,0.36,191.84138587593557,191.84138587593557,42.94431833195128,10.9186944364926,-21.57886768210575,0.7320161415537958,,442269,25040.06019438713,0.05661726278438491,3.891071952335622
826,493.03975140653426,32.991943089321445,3.850297273546348,529.881991769402,0.36,190.75751703698472,190.75751703698472,43.07368497463719,10.863702189931079,-21.80637780520117,0.7304760161982268,,443682,25085.85627930667,0.056540171292291934,3.8882369758239537
827,490.14678156723437,32.86836197517567,3.8208968611568976,526.8360404035669,0.55,289.7598222219618,289.7598222219618,43.204049170251,10.808161667207798,-22.033707683738175,0.7289202477309547,,445095,25155.208327392025,0.05651649272041255,3.8873662157272757
828,487.22081120193417,32.74273736403888,3.791222714845532,523.7547712808185,0.49,256.6398379276011,256.6398379276011,43.335401878316006,10.75207417836316,-22.26085606222288,0.7273488657715682,,446508,25216.442908425335,0.056474784121281894,3.885832416138504
829,484.261751925623,32.61504057754413,3.7612763583641815,520.6380688615313,0.5,260.31903443076567,260.31903443076567,43.46773409933278,10.695441042936935,-22.487821703915778,0.7257619002369151,,447921,25278.359480486302,0.05643486123777698,3.8843642847800135
830,481.2695135536518,32.48524230576528,3.731059351122701,517.4858152105397,0.46,238.0434749968483,238.0434749968483,43.60103687619157,10.638263589850435,-22.71460339090014,0.7241593813405314,,449334,25334.79622127502,0.05638299398949338,3.882456909184902
831,478.244004093438,32.35331259456553,3.700573289300537,514.2978899773041,0.47,241.7200082893329,241.7200082893329,43.73530129552638,10.58054315728847,-22.94119992414751,0.7225413395920668,,450747,25391.91762582568,0.05633297088128303,3.8806173503313004
832,475.1851297385617,32.21922083276927,3.6698198070098655,511.07417037834085,0.48,245.3156017816036,245.3156017816036,43.87051848901181,10.522281092581268,-23.167610123580108,0.7209078057967041,,452160,25449.696309539562,0.05628471406037589,3.8788427452473235
833,472.0927948655142,32.08293573916773,3.638800577512812,507.81453118219474,0.49,248.82912027927543,248.82912027927543,44.006679634603515,10.46347875208616,-23.393832828130353,0.7192588110545719,,453573,25508.104670763452,0.05623814616558625,3.8771302490386983
834,468.9669020333845,31.944425349370775,3.607517314495751,504.518844697251,0.49,247.214233901653,247.214233901653,44.14377595772314,10.404137501069298,-23.619866895797422,0.7175943867601532,,454986,25565.934691807146,0.05619059639594877,3.8753816451863443
835,465.8073519867875,31.803657002518516,3.5759717734036043,501.18698076270965,0.49,245.58162057372772,245.58162057372772,44.28179873238881,10.344258713587225,-23.84571120370089,0.7159145646016871,,456399,25623.182132448026,0.05614206458043954,3.873596927400997
836,462.6140436623697,31.660597327869024,3.544165752837444,497.81880674307615,0.46,228.99665110181505,228.99665110181505,44.420739282292196,10.283843772368455,-24.071364648131404,0.7142193765605664,,457812,25676.373787659435,0.05608497328086515,3.871497441596275
837,459.38687419925236,31.51521223128023,3.5121010960187546,494.41418752655136,0.75,370.8106406449135,370.8106406449135,44.56058898182313,10.222894068694991,-24.29682614459858,0.7125088549107278,,459225,25762.19488754014,0.05609928659707145,3.8720238020823325
838,456.12573895381337,31.367466881607033,3.479779692324037,490.9729855277444,0.95,466.42433625135715,466.42433625135715,44.70133925704272,10.161411002283897,-24.522094627875948,0.7107830322180378,,460638,25869.748122971756,0.05616069044015421,3.8742818781441613
839,452.83053151922564,31.217325697036866,3.44720347889354,487.49506069515604,0.96,467.99525826734975,467.99525826734975,44.84298158660624,10.099395981168847,-24.747169052043105,0.7090419413396727,,462051,25977.26001360243,0.05622162924353032,3.8765228527514775
840,449.5011437502309,31.06475233139065,3.4143744423182656,483.9802705239398,0.81,392.02401912439126,392.02401912439126,44.98550750263649,10.036850421581766,-24.972048390524986,0.7072856154234931,,463464,26066.976521911794,0.056243799997220484,3.877338164068604
841,446.1374657936429,30.909709660418816,3.381294620409532,480.42847007447125,0.78,374.7342066580876,374.7342066580876,45.12890859154909,9.973775747834523,-25.19673163612845,0.7055140879074129,,464877,26152.404280223225,0.05625661041570829,3.8778092567213935
842,442.7393861251383,30.752159768126138,3.3479661040557276,476.8395119973202,0.77,367.16642423793655,367.16642423793655,45.273176494830516,9.910173392200699,-25.421217801075954,0.7037273925187622,,466290,26235.777279270565,0.0562649365829646,3.8781154447061246
843,439.30679159293294,30.592063933163217,3.3143910391711606,473.2132465652673,0.89,421.1597894430879,421.1597894430879,45.41830290976993,9.846044794797509,-25.64550591703661,0.7019255632736457,,467703,26331.027590996604,0.05629860743034918,3.879353662554446
844,435.8395674689904,30.42938261532677,3.2805716287421975,469.5495217130594,1,469.5495217130594,469.5495217130594,45.56427959014611,9.781391403467842,-25.86959503515443,0.7001086344762952,,469116,26436.78909707746,0.05635448182768753,3.8814083977756404
845,432.33759750847247,30.264075442215784,3.246510134976208,465.84818308566446,1,465.84818308566446,465.84818308566446,45.71109834687035,9.716214673662435,-26.093484226073894,0.6982766407184158,,470529,26541.281913381765,0.05640732433788728,3.883351637829332
846,428.80076401820355,30.096101196096622,3.2122088815592766,462.10907409585946,1,462.10907409585946,462.10907409585946,45.858751048586505,9.65051606832227,-26.3171725799629,0.6964296168785279,,471942,26644.498812215916,0.05645714687867559,3.88518382098018
847,425.22894793497943,29.925417801035252,3.177670256028852,458.33203599204353,0.71,325.4157455543509,325.4157455543509,46.00722962222917,9.584297057761123,-26.540659206533004,0.694567598121303,,473355,26716.87188360947,0.05644151193841719,3.884608858851539
848,421.6220289146371,29.751982310362397,3.142896712268109,454.5169079372676,0.85,386.33937174667744,386.33937174667744,46.15652605354125,9.517559119548382,-26.763943235057063,0.6926906198968942,,474768,26802.41926953193,0.056453719015460035,3.8850577641166084
849,417.9798854328722,29.575750894544022,3.1078907731290664,450.6635271005453,0.86,387.57063330646895,387.57063330646895,46.30663238755177,9.450303738392057,-26.987023814384298,0.6907987179402613,,476181,26887.857944526742,0.05646562534945061,3.8854956098021303
850,414.3023948988802,29.396678829537816,3.072655033192047,446.77172876161006,0.86,384.22368673498465,384.22368673498465,46.457540729015165,9.382532406022056,-27.20990011295284,0.6888919282704903,,477594,26972.17578807237,0.05647511440276128,3.8858445619695274
851,410.58943378300086,29.214720485725667,3.037192161669612,442.84134643039613,0.87,385.2719713944446,385.2719713944446,46.60924324281296,9.314246621073792,-27.43257131879966,0.6869702871901081,,479007,27056.334604760064,0.05648421548069248,3.886179246659956
852,406.8408777596341,29.029829317521042,3.0015049054634932,438.87221198261864,0.87,381.8188244248782,381.8188244248782,46.76173215431908,9.245447888972015,-27.655036639568024,0.6850338312843909,,480420,27139.34850002941,0.056490879855187984,3.886424323576316
853,403.0566018668227,28.841957853761755,2.9655960923837696,434.8641558129682,0.86,373.98317399915265,373.98317399915265,46.914999749729645,9.176137721815,-27.877295302512582,0.6830825974206677,,481833,27220.271209550192,0.056493165079083814,3.8865083608143127
854,399.23648068401525,28.651057689010216,2.9294686345400733,430.81700700756556,0.86,370.5026260265064,370.5026260265064,47.06903837635837,9.106317638259068,-28.099346554501846,0.6811166227476186,,483246,27300.051828574382,0.056493073566205164,3.8865049955031163
855,395.38038852965576,28.457079475896226,2.893125531915273,426.73059353746726,0.86,366.98831044222186,366.98831044222186,47.22384044289867,9.035989163403448,-28.3211896620184,0.6791359446945676,,484659,27378.685427987206,0.05649061593406334,3.886414618093013
856,391.48819968040095,28.259972918652153,2.8565698761328338,422.60474247518596,0.77,325.4056517058932,325.4056517058932,47.379398419653256,8.965153828675536,-28.542823911156653,0.6771406009707697,,486072,27448.058679444996,0.056469121199009605,3.8856241668078257
857,387.5597886139187,28.05968676800585,2.8198048544297345,418.4392802363543,0.77,322.1982457819928,322.1982457819928,47.53570483873246,8.893813171716499,-28.764248607618278,0.675130629564693,,487485,27516.39656248267,0.05644562717310824,3.8847601932384133
858,383.59503027740715,27.85616881761481,2.7828337538477705,414.23403284886973,0.91,376.95296989247146,376.95296989247146,47.69275229422219,8.821968736267344,-28.985463076705354,0.6731060687432961,,488898,27595.931212775293,0.05644517100248987,3.8847434179373614
859,379.59380038415753,27.649365902243723,2.745659965656778,409.98882625205806,0.95,389.48938493945514,389.48938493945514,47.85053344232246,8.749622072055365,-29.206466663311215,0.6710669570512985,,490311,27677.67490174814,0.05644922284376272,3.884892421083178
860,375.55597574070515,27.43922389790973,2.7082869900244373,405.7034866286393,0.96,389.4753471634937,389.4753471634937,48.0090410014574,8.676774734681056,-29.427258731908946,0.6690133333104474,,491724,27758.97397026913,0.056452347191247795,3.885007316404231
861,371.4814346073325,27.225687724242615,2.6707184409481743,401.3778407725233,0.96,385.32272714162235,385.32272714162235,48.168267752357906,8.603428285505462,-29.64783866653792,0.6669452366187788,,493137,27838.963623461506,0.056452798357173574,3.8850239076618096
862,367.37005709495503,27.008701349333748,2.6329580514659026,397.0117164957547,0.96,381.13124783592446,381.13124783592446,48.3282065381176,8.529584291538045,-29.868205870787875,0.6648627063498725,,494550,27917.639740428327,0.05645059092190542,3.8849427310369147
863,363.2217256016812,26.788207797375776,2.5950096791633914,392.6049430782204,1,392.6049430782204,392.6049430782204,48.488850264223196,8.455244325324974,-30.08835976778103,0.6627657821521029,,495963,27998.22169884187,0.05645223877354131,3.88500332943183
864,359.0363252926609,26.564149159427423,2.5568773119974493,388.1573517640858,1,388.1573517640858,388.1573517640858,48.65019189856005,8.380409964838012,-30.308299800151996,0.6606545039478842,,497376,28077.42750000818,0.05645111042754009,3.8849618354313424
865,354.81374462714825,26.336466607672072,2.5185650744553114,383.66877630927564,1,383.66877630927564,383.66877630927564,48.81222447139397,8.305082793363844,-30.52802543002563,0.65852891193291,,498789,28155.253559688204,0.05644722229176707,3.8848188524212666
866,350.55387593708974,26.105100413578146,2.480077234072234,379.1390535847401,1,379.1390535847401,379.1390535847401,48.97494107532985,8.229264399393974,-30.747536138992928,0.6563890465753881,,500202,28231.696543691858,0.05644059108858393,3.8845749953527635
867,346.2566160619325,25.869989970411567,2.4414182083307505,374.56802424067484,1,374.56802424067484,374.56802424067484,49.13833486524824,8.152956376515181,-30.966831428084713,0.6542349486152705,,501615,28306.753375281798,0.056431233865179065,3.8842308911222316
868,341.92186704479735,25.6310738205982,2.4025925719668173,369.95553343736236,1,369.95553343736236,369.95553343736236,49.30239905822061,8.076160323300558,-31.185910817743558,0.6520666590634775,,503028,28380.42124285848,0.056419168004283024,3.8837871789653557
869,337.54953689563496,25.388289688485877,2.3636050647098115,365.30143164883066,1,365.30143164883066,365.30143164883066,49.46712693340407,7.998877843201078,-31.404773847793674,0.6498842192011165,,504441,28452.69760793895,0.05640441123528609,3.8832445108659503
870,333.1395404275185,25.141574519113867,2.3244605994853864,360.6055755461178,1,360.6055755461178,360.6055755461178,49.632511831916354,7.921110544437816,-31.62342007740888,0.6476876705786965,,505854,28523.580213442354,0.05638698164577596,3.8826035519802455
871,328.69180017280115,24.89086452366105,2.2851642711122255,355.86782896757444,1,355.86782896757444,355.86782896757444,49.79854715669202,7.842860039894742,-31.841849085078756,0.6454770550153369,,507267,28593.067092295692,0.05636689769351386,3.8818649810773
872,324.20624738650804,24.63609523231485,2.2457213655260317,351.08806398434893,1,351.08806398434893,351.08806398434893,49.96522637232027,7.76412794701214,-32.06006046857293,0.6432524145979717,,508680,28661.15657637397,0.05634417821886838,3.8810294909962453
873,319.68282314503045,24.377201555381017,2.206137369566518,346.266162069978,1,346.266162069978,346.266162069978,50.132543004865546,7.6849158876807095,-32.27805384490353,0.6410137916805476,,510093,28727.847305789484,0.05631884245772729,3.880097789121107
874,315.1214795489583,24.11411785354046,2.1664179813657314,341.40201538386447,1,341.40201538386447,341.40201538386447,50.3004906416714,7.605225488136234,-32.49582885028602,0.6387612288832182,,511506,28793.13823854554,0.05629091005490755,3.879070597873947
875,310.5221810397356,23.846778018255556,2.126569121378946,336.49552817937007,1,336.49552817937007,336.49552817937007,50.46906293114835,7.525058378854991,-32.713385140098154,0.6364947690915318,,512919,28857.028660570635,0.05626040107808569,3.877948655227141
876,305.88490584075004,23.575115563433403,2.0865969441022547,331.5466183482857,1,331.5466183482857,331.5466183482857,50.63825358254645,7.444416194449782,-32.93072238883729,0.6342144554556162,,514332,28919.518196149686,0.05622733603227037,3.8767327152355966
877,301.20964753449203,23.299063729571454,2.0465078505243417,326.5552191145878,1,326.5552191145878,326.5552191145878,50.80805636571337,7.363300573566693,-33.147840290076125,0.6319203313893559,,515745,28980.606818769516,0.05619173587484031,3.8754235485897595
878,296.4964167885348,23.01855560173967,2.006308501363244,321.52128089163773,1,321.52128089163773,321.52128089163773,50.9784651108385,7.281713158782484,-33.36473855641673,0.6296124405695661,,517158,29040.294862396535,0.05615362203117139,3.8740219431902885
879,291.74524324433713,22.733524242898316,1.9660058311428081,316.4447733183783,1,316.4447733183783,316.4447733183783,51.1494737081837,7.199655596502779,-33.581416919443036,0.6272908269351612,,518571,29098.583033205094,0.05611301641087738,3.8725287047452936
880,286.95617758420957,22.443902844208193,1.9256070631673128,311.3256874915851,1,311.3256874915851,311.3256874915851,51.3210761078014,7.117129536860906,-33.79787512967174,0.6249555346863187,,519984,29155.472421775703,0.05606994142468942,3.870944657391066
881,282.12929379329086,22.149624894167257,1.8851197254571288,306.16403841291526,1,306.16403841291526,306.16403841291526,51.49326631924088,7.034136633617489,-34.01411295650183,0.6226066082836362,,521397,29210.96451578282,0.05602442000200005,3.8692706443372464
882,277.2646916350201,21.8506243686023,1.8445516677127372,300.95986767133513,0.95,285.91187428776834,285.91187428776834,51.66603841124271,6.95067854406079,-34.23013018816248,0.6202440924472868,,522810,29262.35637832211,0.0559713019611754,3.8673172718703843
883,272.3624993603918,21.54683594376048,1.8039110793792612,295.7132463835315,0.95,280.9275840643549,280.9275840643549,51.83938651142261,6.866756928907798,-34.44592663165956,0.6178680321561667,,524223,29312.424819981006,0.05591594573298197,3.865281591895301
884,267.42287667326264,21.23819523498474,1.7632065088887638,290.4242784171361,0.97,281.71155006462203,281.71155006462203,52.013304805944955,6.782373452206067,-34.661502112720925,0.6154784726470383,,525636,29362.19872920202,0.055860326783557485,3.86323625056202
885,262.4460179761634,20.924639063722193,1.7224468841630134,285.0931039240486,0.63,179.60865547215062,179.60865547215062,52.187787539186345,6.697529781236347,-34.876856475739984,0.6130754594136707,,527049,29393.652239986724,0.05577024572665298,3.859923593438163
886,257.4321559234492,20.606105755907436,1.6816415344650768,279.71990321382174,0.67,187.41233515326059,187.41233515326059,52.36282901339019,6.612227586415967,-35.09198958371833,0.6106590382059718,,528462,29426.175908458477,0.05568267142851989,3.8567031203159963
887,252.38156531125608,20.2825354750877,1.640800213694176,274.30490100003794,0.65,178.29818565002466,178.29818565002466,52.53842358831236,6.5264685412030525,-35.306901318206826,0.6082292550291182,,529875,29456.832207286265,0.0555920400231871,3.8533702245792254
888,247.29456733659626,19.953870594014763,1.5999331252244255,268.84837105583546,0.66,177.4399248968514,177.4399248968514,52.714565680858726,6.440254322001481,-35.521591579245474,0.6057861561426792,,531288,29487.052916044224,0.055501070824193706,3.850024906757117
889,242.17153426108308,19.620056108825956,1.5590509483946948,263.35064131830376,0.51,134.3088270723349,134.3088270723349,52.89124976471496,6.353586608066702,-35.736060285302294,0.6033297880597355,,532701,29509.706889369263,0.05539637975030883,3.846174978219127
890,237.01289451821674,19.2810401003739,1.5181648667634857,257.8120994853541,0.54,139.21853372209122,139.21853372209122,53.068470369968956,6.266467081412342,-35.950307373210606,0.6008601975459952,,534114,29532.957065704904,0.05529335884418851,3.842386468733415
891,231.81913830692483,18.936774247748314,1.4772865982496208,252.23319915292277,0.52,131.16126355951985,131.16126355951985,53.24622208272659,6.178897426717621,-36.16433279810557,0.5983774316189017,,535527,29554.640279432602,0.0551879555642061,3.8385103493992276
892,226.5908237181606,18.587214399566054,1.436428427286494,246.61446654501316,0.46,113.44265461070606,113.44265461070606,53.42449954472105,6.090879331235635,-36.37813653335939,0.5958815375467394,,536940,29573.200335567642,0.05507729045250427,3.8344407305110955
893,221.32858344581933,18.232321209191664,1.3956032391244622,240.95650789413546,0.47,113.24955871024366,113.24955871024366,53.60329745291619,6.002414484702435,-36.591718570515596,0.5933725628477335,,538353,29591.532618810594,0.0549667831679411,3.830376915586784
894,216.0331321380845,17.872060840695642,1.3548245564227086,235.26001753520285,0.41,96.45660718943316,96.45660718943316,53.782610559104306,5.913504579247002,-36.80507891922207,0.590850555289146,,539766,29606.97725066434,0.05485150463472012,3.8261376418990087
895,210.7052744505513,17.506405753064243,1.3141065782781332,229.52578678189366,0.43,98.69608831621427,98.69608831621427,53.962433669498914,5.824151309302026,-37.018217607163265,0.588315562886365,,541179,29622.60496155582,0.054737166374814655,3.8219329459926676
896,205.34591386812755,17.135335570948158,1.2734642218445125,223.75471366092023,0.45,100.6896211474141,100.6896211474141,54.14276164432267,5.734356371515561,-37.23113467999147,0.585767633901992,,542592,29638.3669128264,0.054623671032426574,3.817759247687984
897,199.9560623687684,16.75883805108141,1.2329131666998243,217.94781358654961,0.45,98.07651611394733,98.07651611394733,54.32358939739093,5.644121464663556,-37.44383020125696,0.5832068168449219,,544005,29653.54075617393,0.05450968420542813,3.8135674754391022
898,194.53685100855805,16.376910154418727,1.1924699021228715,212.10623106509965,0.48,101.81099091124783,101.81099091124783,54.504911895691286,5.553448289563243,-37.65630425233737,0.5806331604694205,,545418,29669.104037354555,0.054397002000950746,3.809423679615419
899,189.0895415144906,15.98955923503271,1.1521517774417034,206.23125252696502,0.59,121.67643899090936,121.67643899090936,54.68672415895949,5.462338548987402,-37.86855693236632,0.578046713774195,,546831,29687.475954927864,0.05429003833895274,3.805490178509996
900,183.61553897847324,15.596804357880675,1.111977055615039,200.32432039196894,0.6,120.19459223518136,120.19459223518136,54.869021259251994,5.370793947579522,-38.08058835816091,0.5754475260014625,,548244,29705.395815066437,0.05418280148084874,3.8015466308414245
901,178.11640575350097,15.198677758693739,1.0719649702031093,194.38704848239783,0.63,122.46384054391064,122.46384054391064,55.05179832051543,5.278816191769816,-38.29239866414876,0.5728356466360113,,549657,29723.418262057352,0.05407630260700282,3.7976302219398015
902,172.59387666053766,14.795226460452689,1.0321357858750746,188.42123890686543,0.61,114.9369557331879,114.9369557331879,55.2350505181535,5.18640698969218,-38.50398800229403,0.5702111254042596,,551070,29740.108796408163,0.05396793292396277,3.79364501556158
903,167.04987562219674,14.386514062185245,0.9925108625848275,182.42890054696682,0.65,118.57878535552844,118.57878535552844,55.41877307859138,5.0935680511020065,-38.71535654202287,0.5675740122733085,,552483,29757.0937472174,0.05386065045841664,3.7896997907166603
904,161.4865338466447,13.972622717133826,0.9531127235241399,176.41226928730268,0.56,98.79087080088951,98.79087080088951,55.602961278837995,5.000301087294911,-38.926504470148096,0.5649243574499908,,553896,29771.04637899121,0.05374844082461547,3.7855733732927295
905,155.9062096919179,13.553655318675467,0.9139651269293659,170.37383013752273,0.55,93.7056065756375,93.7056065756375,55.78761044604661,4.906607811026378,-39.13743199079324,0.5622622113799147,,555309,29784.090504419633,0.05363516619471256,3.7814077915090043
906,150.31151034661434,13.129737913691104,0.8750931417726105,164.31634140207805,0.53,87.08766094310137,87.08766094310137,55.972715957073625,4.812489936432291,-39.348139325315984,0.5595876247465043,,556722,29796.03413696906,0.05352048982610542,3.777190661931948
907,144.70531546713445,12.701022364330067,0.8365232273071367,158.24286105877167,0.56,88.61600219291215,88.61600219291215,56.15827323803629,4.717949178950415,-39.558626712231,0.5569006484700334,,558135,29808.002493397467,0.053406438394649085,3.772996513907015
908,139.09080291349875,12.267689280225369,0.7982833163553992,152.1567755100795,0.66,100.42347183665248,100.42347183665248,56.34427776386914,4.62298725524275,-39.76889440713219,0.5542013337066575,,559548,29821.3531773247,0.05329543341648027,3.7689143967077876
909,133.47147672425984,11.829951244090747,0.7604029021213365,146.06183087047194,0.63,92.01895344839733,92.01895344839733,56.53072505787984,4.527605883118833,-39.97894268261442,0.5514897318474385,,560961,29833.389269006686,0.05318264419274546,3.764766665338522
910,127.85119746478026,11.388056354138673,0.7229131281696713,139.9621669470886,0.61,85.37692183772404,85.37692183772404,56.71761069130424,4.431806781459984,-40.188771828194824,0.5487658945173672,,562374,29844.371044480897,0.05306854698915828,3.760570834080948
911,122.23421507039731,10.942292106723968,0.6858468810358239,133.8623540581571,0.44,58.89943578558913,58.89943578558913,56.904930282861145,4.33559167014442,-40.39838215023353,0.5460298735743798,,563787,29851.81733987286,0.052948750751388135,3.7561654255067434
912,116.6252042844436,10.492989641805135,0.649238884700438,127.76743281094917,0.43,54.939996108708144,54.939996108708144,57.09267949830688,4.23896226997335,-40.60777397185403,0.5432817211083715,,565200,29858.64035655272,0.05282845073700057,3.7517414909598443
913,111.02930275769921,10.040528371912014,0.6131257958696267,121.68295692548085,0.45,54.75733061646638,54.75733061646638,57.28085404998993,4.141920302598007,-40.81694763286311,0.5405214894402037,,566613,29865.31668878981,0.052708491843268354,3.7473301008457907
914,105.45215182674983,9.585341011902774,0.5775462986301679,115.61503913728276,0.46,53.18291800315007,53.18291800315007,57.469449696405825,4.044467490447543,-41.025903489670505,0.5377492311207084,,568026,29871.678949566227,0.05258857684254986,3.7429203248613847
915,99.899939918904,9.127919021349376,0.5425411965787796,109.57040013683215,0.71,77.79498409715082,77.79498409715082,57.658462241752275,3.9466055566579583,-41.234641915208,0.5349649989296883,,569439,29880.804431632878,0.05247410948606063,3.738710881533859
916,94.3794484342842,8.668818463199406,0.5081534999318721,103.55642039741548,0.84,86.987393133829,86.987393133829,57.84788753548519,3.848336225001887,-41.4431632988485,0.5321688458749108,,570852,29890.802844441914,0.05236173797138648,3.7345785110733467
917,88.89809982325983,8.208666270516234,0.47442850437800943,97.58119459815407,0.84,81.96820346244941,81.96820346244941,58.037721471875166,3.7496612198193855,-41.651468046324645,0.5293608251910992,,572265,29900.02811926609,0.05224857036384558,3.7304168649493716
918,83.46400739895104,7.748166896412647,0.44141385750348505,91.65358815286717,0.85,77.9055499299371,77.9055499299371,58.22795998956501,3.65058226594961,-41.859556579647155,0.5265409903389197,,573678,29908.60701914569,0.05213483351138738,3.7262342853095687
919,78.08602618681604,7.288109299250504,0.40915960745898594,85.78329509352554,0.85,72.9158008294967,72.9158008294967,58.418599071128355,3.55110108866347,-42.06742933702307,0.5237093950039633,,575091,29916.456920623947,0.05202038793968945,3.7220256430999097
920,72.77380379951728,6.829374183839362,0.3777182270903386,79.98089621044699,0.85,67.98376177887994,67.98376177887994,58.609634742629474,3.451219413597229,-42.275086772773705,0.5208660930957238,,576504,29923.60608360213,0.05190528787935926,3.7177929326065886
921,67.53782991439236,6.372941377271942,0.3471446049678167,74.25791589663211,0.84,62.376649353170976,62.376649353170976,58.801063073184466,3.350938966687005,-42.482529357252574,0.5180111387465708,,577917,29930.00761033954,0.05178945698143426,3.71353334615901
922,62.389482397025134,5.919897162096526,0.31749599254585414,68.62687555166751,0.81,55.58776919685069,55.58776919685069,58.99288017452392,3.25026147410428,-42.689757576762965,0.5151445863107197,,579330,29935.56959740531,0.05167274195606184,3.709241246648333
923,57.34106742603683,5.471441315912259,0.2888318939888215,63.10134063593791,0.51,32.18168372432834,32.18168372432834,59.185082200557126,3.149188662192302,-42.89677193347566,0.5122664903631967,,580743,29938.70575124677,0.0515524177669757,3.704816423096684
924,52.405850093623684,5.028893510510074,0.2612138819239516,57.69595748605771,0.57,32.88669576705289,32.88669576705289,59.377665346938116,3.047722257403466,-43.103572945346336,0.5093769056988001,,582156,29941.823659315523,0.05143264633417078,3.7004119267047693
925,47.59807083975182,4.593698599789147,0.23470531844504183,52.42647475798601,0.63,33.02867909753118,33.02867909753118,59.57062585063363,2.9458639862376317,-43.3101611460331,0.5064758873310568,,583569,29944.8664342155,0.051313326160600546,3.6960240250017917
926,42.9329416766422,4.167430167425602,0.20937095601932385,47.30974280008713,0.62,29.33204053605402,29.33204053605402,59.76395998949278,2.8436155751813743,-43.51653708481393,0.5035634904911747,,584982,29947.488828845606,0.05119386379212627,3.6916308941976244
927,38.426614423948216,3.75179150561853,0.18527638750936584,42.36368231707611,0.55,23.300025274391864,23.300025274391864,59.957664081819125,2.7409787506482077,-43.722701326504186,0.5006397706269913,,586395,29949.507598816628,0.051073947763566586,3.6872210804152
928,34.09611105889656,3.3486129481772338,0.16248730835031253,37.60721131542411,0.55,20.68396622348326,20.68396622348326,60.15173448594455,2.637955238919736,-43.92865445137392,0.4977047834019186,,587808,29951.241750437766,0.05095412405145518,3.6828146614945867
929,29.959203763250926,2.9598441790598744,0.14106854719534495,33.06011648950614,0.79,26.117492026709854,26.117492026709854,60.34616759980571,2.5345467660877445,-44.134397055065634,0.4947585846938827,,589221,29953.357187194197,0.05083552213379054,3.678453173064546
930,26.034229336058672,2.5875397793017845,0.12108281447221246,28.742851929832668,0.8,22.994281543866137,22.994281543866137,60.54095986052263,2.4307550579972563,-44.339929748511764,0.49180123059426,,590634,29955.15329906123,0.050716947041757214,3.6740926711251363
931,22.339819436119683,2.233835867222863,0.1025891120922046,24.676244415434752,0.79,19.494233088193454,19.494233088193454,60.73610774397976,2.3265818401905096,-44.54525315785247,0.4888327774068097,,592047,29956.618923761485,0.05059837972958479,3.669732455283742
932,18.89452486857695,1.9009152503823306,0.0856407434734605,20.881080862432743,0.78,16.28724307269754,16.28724307269754,60.931607764409605,2.2220288378519086,-44.75036792435348,0.48585328164660146,,593460,29957.795022071747,0.05047988916198522,3.6653750616611886
933,15.716309339201832,1.5909580917479706,0.07028286354259512,17.377550294492398,0.79,13.728264732648995,13.728264732648995,61.12745647397877,2.1170977757538876,-44.955274704324154,0.4828628000389399,,594873,29958.74491217855,0.05036158123192438,3.661024384384608
934,12.821886690572203,1.3060747918196896,0.056549517448157186,14.18451099984005,0.79,11.20576368987364,11.20576368987364,61.32365046237687,2.0117903782037225,-45.15997416903569,0.47986138951828394,,596286,29959.485939244096,0.05024348372969363,3.656681445419215
935,10.225877189095927,1.0482177721213453,0.044460140567181186,11.318555101784453,0.79,8.941658530409718,8.941658530409718,61.520186356407955,1.9061083689912894,-45.36446700463951,0.4768491072271634,,597699,29960.049436147176,0.05012564758540198,3.6523481176780743
936,7.93976552221787,0.8190693967086838,0.0340155402898315,8.792850459216385,0.78,6.858423358188781,6.858423358188781,61.71706081958473,1.800053471337774,-45.56875391208595,0.47382601051509127,,599112,29960.459994328437,0.050008111996301924,3.6480258426080585
937,5.970659747060525,0.6199048344635271,0.025193465158586486,6.615758046682639,0.78,5.160291276412458,5.160291276412458,61.914270551725714,1.6936274078452735,-45.77283560704319,0.47079215693747123,,600525,29960.75235550461,0.049890932693067915,3.6437166696590975
938,4.319882192122354,0.4514319069223977,0.017944006355249453,4.789258105400002,0.8,3.8314064843200017,3.8314064843200017,62.111812288555164,1.5868319004473743,-45.976712819816406,0.46774760425450196,,601938,29960.956954307007,0.049774157727717816,3.6394223659048106
939,2.981477626984675,0.3136157717685569,0.012185289533631235,3.3072786882868628,0.79,2.6127501637466217,2.6127501637466217,62.309682801305854,1.4796686703606567,-46.18038629526727,0.4646924104300781,,603351,29961.0878383305,0.049657807542094895,3.6351436830772497
940,1.9408086896462762,0.2055056613105826,0.00780021608579273,2.1541145670426514,0.8,1.7232916536341212,1.7232916536341212,62.507878896325096,1.372139438037119,-46.38385679273382,0.46162663363068585,,604764,29961.168379134047,0.049541917804522176,3.6308819328497948
941,1.173527660493539,0.12509450647650838,0.004635394322053836,1.3032575612921011,0.64,0.8340848392269448,0.8340848392269448,62.70639741468339,1.2642459231175265,-46.58712508595053,0.45855033222429653,,606177,29961.20451679007,0.049426495094320747,3.6266373571715924
942,0.6453573479585515,0.06925937024048091,0.0025037956407692723,0.7171205138398017,0.65,0.4661283339958711,0.4661283339958711,62.90523523178643,1.1559898443856984,-46.79019196296894,0.45546356477925426,,607590,29961.22309748259,0.049311580337863675,3.622411461076508
943,0.3132381072630355,0.033846688214143605,0.0011928864825405344,0.34827768195971964,0.8,0.2786221455677757,0.2786221455677757,63.10438925699004,1.0473729197237334,-46.993058226078496,0.452366390063162,,609003,29961.233223269148,0.0491971849453437,3.6182046641650394
944,0.1283933167898553,0.013969397666039789,0.0004796197201800305,0.14284233417607511,0.8,0.11427386734086009,0.11427386734086009,63.30385643321823,0.9383968660681116,-47.195724691727975,0.44925886704176166,,610416,29961.236967652,0.04908330870693429,3.6140169587209874
945,0.041531504283146975,0.004550272353326949,0.00015207178808080473,0.046233848424554726,0.8,0.03698707873964378,0.03698707873964378,63.503633736584426,0.8290633993667672,-47.39819219044717,0.4461410548778124,,611829,29961.238045221806,0.04896995409701372,3.6098484357375877
946,0.009501504600293127,0.0010483536695233891,3.4075838724668285e-05,0.010583934108541184,0.8,0.008467147286832948,0.008467147286832948,63.70371817601595,0.7193742345370302,-47.6004615667692,0.44301301292996326,,613242,29961.238260642152,0.04885712045267961,3.6056990708371472
947,0.0012719441837940751,0.00014134188878861688,4.4642748927648984e-06,0.001417750347475457,0.8,0.0011342002779803656,0.0011342002779803656,63.90410679288138,0.6093310854245363,-47.8025336791531,0.4398748007516243,,614655,29961.23828524308,0.04874480527327212,3.6015687720599483
948,6.959857263060794e-05,7.789735823856959e-06,2.3885489254498016e-07,7.762716334700988e-05,0.8,6.21017306776079e-05,6.21017306776079e-05,64.10479666062157,0.49893566476298995,-48.004409399907146,0.4367264780898313,,616068,29961.23828635327,0.04863300526297953,3.597457418205212
949,7.200109520783116e-07,8.117339239124105e-08,2.413906839554778e-09,8.035982513091074e-07,0.82,6.58950566073468e-07,6.58950566073468e-07,64.30578488438356,0.38818968413488564,-48.20608961511241,0.43356810488410985,,617481,29961.238286362495,0.04852171692143158,3.593364880549689
950,1.8789699795835461e-10,2.1339279892402177e-11,6.1477663467799e-13,2.0985105448543477e-10,0.83,1.7417637522291085e-10,1.7417637522291085e-10,64.50706860065773,0.27709485393311206,-48.40757522454712,0.4303997412653332,,618894,29961.238286362495,0.04841093674581188,3.589291030280173
951,7.154280697286313e-19,8.185493131071159e-20,2.2820073260833404e-21,7.995650083654263e-19,0.97,7.755780581144634e-19,7.755780581144634e-19,64.70864497691855,0.1656528833234335,-48.60886714161136,0.4272214475545775,,620307,29961.238286362495,0.048300661263475174,3.5852357396929775
952,2.6469426450072677e-62,3.051240942695686e-63,8.221520576912114e-65,2.9602882598537483e-62,0.96,2.8418767294595983e-62,2.8418767294595983e-62,64.91051121126823,0.05386548020792777,-48.809966293252515,0.4240332842619735,,621720,29961.238286362495,0.048190887033330916,3.5733908933497847
953,0,0,0,0,0.96,0,0,65.11266453208373,-0.05826564881074186,-49.01087361989114,0.42083531208555464,,0,29961.238286362495,,3.561546047006592
954,0,0,0,0,0.97,0,0,65.31510219766729,-0.17073879846409618,-49.21159007534757,0.41762759191010124,,0,29961.238286362495,,3.549451200663399
955,0,0,0,0,0.99,0,0,65.5178214958999,-0.28355226485178686,-49.41211662676903,0.4144101848059818,,0,29961.238286362495,,3.5368563543202063
956,0,0,0,0,0.99,0,0,65.72081974389835,-0.39670434547461064,-49.6124542545575,0.41118315202798983,,0,29961.238286362495,,3.5242615079770134
957,0,0,0,0,0.93,0,0,65.92409428767542,-0.5101933392666568,-49.81260395229824,0.4079465550141776,,0,29961.238286362495,,3.5131666616338206
958,0,0,0,0,0.93,0,0,66.12764250180346,-0.6240175466265862,-50.012566726688846,0.4047004553846868,,0,29961.238286362495,,3.502071815290628
959,0,0,0,0,0.93,0,0,66.33146178908116,-0.7381752694480074,-50.21234359746914,0.40144491494057566,,0,29961.238286362495,,3.490976968947435
960,0,0,0,0,0.94,0,0,66.53554958020374,-0.8526648111490253,-50.411935597351786,0.39817999566264084,,0,29961.238286362495,,3.4796321226042424
961,0,0,0,0,0.94,0,0,66.73990333343635,-0.9674844767008695,-50.611343771953464,0.39490575971023933,,0,29961.238286362495,,3.4682872762610497
962,0,0,0,0,0.94,0,0,66.94452053429067,-1.0826325726556902,-50.81056917972693,0.3916222694201042,,0,29961.238286362495,,3.456942429917857
963,0,0,0,0,0.95,0,0,67.14939869520504,-1.1981074071735094,-51.00961289189384,0.38832958730515726,,0,29961.238286362495,,3.4453475835746645
964,0,0,0,0,0.96,0,0,67.3545353552276,-1.3139072900482578,-51.20847599237823,0.3850277760533196,,0,29961.238286362495,,3.4335027372314717
965,0,0,0,0,0.96,0,0,67.55992807970276,-1.4300305327330147,-51.407159577740856,0.38171689852631835,,0,29961.238286362495,,3.421657890888279
966,0,0,0,0,0.96,0,0,67.76557445996102,-1.546475448364385,-51.605664757114376,0.37839701775848883,,0,29961.238286362495,,3.409813044545086
967,0,0,0,0,0.89,0,0,67.9714721130119,-1.6632403517860253,-51.80399265213922,0.3750681969555755,,0,29961.238286362495,,3.3997181982018936
968,0,0,0,0,0.9,0,0,68.17761868124015,-1.7803235595713283,-52.00214439690041,0.371730499493528,,0,29961.238286362495,,3.389373351858701
969,0,0,0,0,0.91,0,0,68.38401183210514,-1.897723390045247,-52.200121137865196,0.36838398891729474,,0,29961.238286362495,,3.378778505515508
970,0,0,0,0,0.91,0,0,68.59064925784347,-2.015438163305368,-52.39792403382145,0.3650287289396131,,0,29961.238286362495,,3.3681836591723155
971,0,0,0,0,0.88,0,0,68.79752867517469,-2.133466201242033,-52.59555425581701,0.36166478343979713,,0,29961.238286362495,,3.358338812829123
972,0,0,0,0,0.88,0,0,69.00464782501038,-2.2518058275577726,-52.79301298710001,0.35829221646251946,,0,29961.238286362495,,3.3484939664859303
973,0,0,0,0,0.88,0,0,69.21200447216607,-2.3704553677857882,-52.99030142305988,0.35491109221659406,,0,29961.238286362495,,3.3386491201427377
974,0,0,0,0,1,0,0,69.41959640507652,-2.4894131493077056,-53.18742077116938,0.35152147507375286,,0,29961.238286362495,,3.325804273799545
975,0,0,0,0,1,0,0,69.62742143551398,-2.60867750137051,-53.38437225092754,0.3481234295674203,,0,29961.238286362495,,3.3129594274563523
976,0,0,0,0,0.94,0,0,69.83547739830966,-2.7282467551026213,-53.58115709380353,0.3447170203914847,,0,29961.238286362495,,3.3016145811131596
977,0,0,0,0,0.98,0,0,70.04376215107816,-2.8481192435292,-53.777776543181524,0.34130231239906655,,0,29961.238286362495,,3.289269734769967
978,0,0,0,0,0.86,0,0,70.25227357394498,-2.9682933015866833,-53.9742318543064,0.3378793706012832,,0,29961.238286362495,,3.279924888426774
979,0,0,0,0,0.8,0,0,70.461009569277,-3.088767266136444,-54.1705242942304,0.33444826016601326,,0,29961.238286362495,,3.2720800420835814
980,0,0,0,0,0.79,0,0,70.6699680614161,-3.2095394759777562,-54.36665514176096,0.33100904641665313,,0,29961.238286362495,,3.264485195740389
981,0,0,0,0,0.85,0,0,70.87914699641568,-3.3306082718598824,-54.562625687409316,0.32756179483087533,,0,29961.238286362495,,3.2553903493971963
982,0,0,0,0,0.85,0,0,71.08854434178012,-3.4519719964934517,-54.75843723334027,0.32410657103938056,,0,29961.238286362495,,3.2462955030540037
983,0,0,0,0,0.84,0,0,71.2981580862072,-3.5736289945610267,-54.95409109332272,0.32064344082464935,,0,29961.238286362495,,3.237450656710811
984,0,0,0,0,0.73,0,0,71.50798623933332,-3.695577612726844,-55.14958859268152,0.31717247011968935,,0,29961.238286362495,,3.2313558103676185
985,0,0,0,0,0.72,0,0,71.71802683148199,-3.8178161996459186,-55.34493106825016,0.3136937250067791,,0,29961.238286362495,,3.225510964024426
986,0,0,0,0,0.74,0,0,71.92827791341468,-3.940343105972232,-55.54011986832452,0.3102072717162113,,0,29961.238286362495,,3.219166117681233
987,0,0,0,0,0.74,0,0,72.1387375560848,-4.06315668436627,-55.73515635261769,0.30671317662503067,,0,29961.238286362495,,3.2128212713380404
988,0,0,0,0,0.44,0,0,72.34940385039455,-4.186255289501719,-55.93004189221589,0.3032115062557715,,0,29961.238286362495,,3.213976424994848
989,0,0,0,0,0.46,0,0,72.5602749069543,-4.309637278071486,-56.124777869535315,0.2997023272751897,,0,29961.238286362495,,3.2146315786516553
990,0,0,0,0,0.44,0,0,72.77134885584506,-4.433301008792889,-56.31936567828019,0.2961857064929952,,0,29961.238286362495,,3.215786732308463
991,0,0,0,0,0.39,0,0,72.98262384638339,-4.557244842412188,-56.51380672340195,0.29266171086057785,,0,29961.238286362495,,3.21819188596527
992,0,0,0,0,0.39,0,0,73.19409804688927,-4.681467141708278,-56.70810242105922,0.2891304074697353,,0,29961.238286362495,,3.2205970396220773
993,0,0,0,0,0.4,0,0,73.40576964445641,-4.805966271495717,-56.902254198579264,0.28559186355139393,,0,29961.238286362495,,3.2227521932788847
994,0,0,0,0,0.35,0,0,73.61763684472565,-4.93074059862701,-57.096263494420334,0.2820461464743289,,0,29961.238286362495,,3.226157346935692
995,0,0,0,0,0.33,0,0,73.8296978716604,-5.0557884919941465,-57.290131758135104,0.27849332374388236,,0,29961.238286362495,,3.230062500592499
996,0,0,0,0,0.34,0,0,74.04195096732523,-5.181108322529368,-57.483860450335385,0.2749334630006779,,0,29961.238286362495,,3.2337176542493067
997,0,0,0,0,0.33,0,0,74.25439439166679,-5.30669846320532,-57.67745104265779,0.2713666320193327,,0,29961.238286362495,,3.237622807906114
998,0,0,0,0,0.32,0,0,74.46702642229727,-5.4325572890343965,-57.87090501773075,0.2677928987071668,,0,29961.238286362495,,3.241777961562921
999,0,0,0,0,0.33,0,0,74.67984535428054,-5.558683177067371,-58.06422386914237,0.2642123311029118,,0,29961.238286362495,,3.2456831152197285
1000,0,0,0,0,0.34,0,0,74.89284949992079,-5.685074506391417,-58.25740910140981,0.2606249973754129,,0,29961.238286362495,,3.249338268876536
1001,0,0,0,0,0.42,0,0,75.10603718855339,-5.811729658127266,-58.450462229949515,0.25703096582233353,,0,29961.238286362495,,3.2509934225333432
1002,0,0,0,0,0.38,0,0,75.31940676633859,-5.938647015425808,-58.643384781048745,0.2534303048688539,,0,29961.238286362495,,3.2536485761901504
1003,0,0,0,0,0.38,0,0,75.53295659605743,-6.065824963463873,-58.83617829183831,0.24982308306636816,,0,29961.238286362495,,3.2563037298469575
1004,0,0,0,0,0.41,0,0,75.74668505691007,-6.1932618894394285,-59.028844310266436,0.24620936909117938,,0,29961.238286362495,,3.258208883503765
1005,0,0,0,0,0.42,0,0,75.96059054431649,-6.32095618256596,-59.221384395073684,0.2425892317431935,,0,29961.238286362495,,3.2598640371605723
1006,0,0,0,0,0.42,0,0,76.17467146971973,-6.448906234066295,-59.41380011576944,0.23896273994460654,,0,29961.238286362495,,3.2615191908173795
1007,0,0,0,0,0.43,0,0,76.38892626039114,-6.5771104371656195,-59.60609305260918,0.235329962738595,,0,29961.238286362495,,3.262924344474187
1008,0,0,0,0,0.42,0,0,76.60335335923826,-6.705567187083906,-59.79826479657314,0.23169096928800056,,0,29961.238286362495,,3.264579498130994
1009,0,0,0,0,0.45,0,0,76.81795122461463,-6.83427488102759,-59.990316949346266,0.2280458288740129,,0,29961.238286362495,,3.2654846517878013
1010,0,0,0,0,0.53,0,0,77.03271833013231,-6.9632319181806555,-60.182251123299174,0.22439461089485108,,0,29961.238286362495,,3.2643898054446088
1011,0,0,0,0,0.54,0,0,77.24765316447606,-7.092436699694928,-60.37406894147057,0.22073738486444236,,0,29961.238286362495,,3.263044959101416
1012,0,0,0,0,0.58,0,0,77.46275423122025,-7.221887628679825,-60.56577203755067,0.21707422041109864,,0,29961.238286362495,,3.260700112758223
1013,0,0,0,0,0.68,0,0,77.67802004864764,-7.351583110191349,-60.75736205586612,0.21340518727619046,,0,29961.238286362495,,3.2558552664150304
1014,0,0,0,0,0.56,0,0,77.89344914957026,-7.481521551220463,-60.94884065136576,0.20973035531282042,,0,29961.238286362495,,3.254010420071838
1015,0,0,0,0,0.6,0,0,78.10904008115278,-7.611701360680788,-61.14020948960808,0.20604979448449182,,0,29961.238286362495,,3.2511655737286453
1016,0,0,0,0,0.66,0,0,78.32479140473755,-7.742120949395668,-61.33147024674972,0.20236357486377696,,0,29961.238286362495,,3.246820727385453
1017,0,0,0,0,0.63,0,0,78.54070169567188,-7.872778730084523,-61.522624609535,0.1986717666309844,,0,29961.238286362495,,3.2432258810422603
1018,0,0,0,0,0.63,0,0,78.75676954313757,-8.00367311734864,-61.7136742752872,0.19497444007282105,,0,29961.238286362495,,3.2396310346990678
1019,0,0,0,0,0.67,0,0,78.97299354998208,-8.134802527656204,-61.904620951900704,0.19127166558105474,,0,29961.238286362495,,3.235036188355875
1020,0,0,0,0,0.74,0,0,79.189372332552,-8.266165379326813,-62.09546635783446,0.1875635136511751,,0,29961.238286362495,,3.228691342012682
1021,0,0,0,0,0.74,0,0,79.40590452052845,-8.397760092515215,-62.286212222107096,0.18385005488104875,,0,29961.238286362495,,3.2223464956694894
1022,0,0,0,0,0.74,0,0,79.6225887567642,-8.529585089194503,-62.47686028429266,0.18013135996957874,,0,29961.238286362495,,3.2160016493262966
1023,0,0,0,0,0.69,0,0,79.83942369712317,-8.661638793138659,-62.66741229451831,0.176407499715355,,0,29961.238286362495,,3.210906802983104
1024,0,0,0,0,0.89,0,0,80.05640801032118,-8.793919629904373,-62.85787001346273,0.1726785450153098,,0,29961.238286362495,,3.2008119566399116
1025,0,0,0,0,0.92,0,0,80.27354037776938,-8.926426026812392,-63.04823521235638,0.16894456686336468,,0,29961.238286362495,,3.189967110296719
1026,0,0,0,0,0.91,0,0,80.4908194934188,-9.05915641292807,-63.238509672982495,0.16520563634908147,,0,29961.238286362495,,3.1793722639535265
1027,0,0,0,0,0.89,0,0,80.70824406360718,-9.19210921904137,-63.42869518767987,0.16146182465630726,,0,29961.238286362495,,3.169277417610334
1028,0,0,0,0,0.9,0,0,80.92581280690739,-9.32528287764628,-63.61879355934647,0.15771320306182102,,0,29961.238286362495,,3.158932571267141
1029,0,0,0,0,0.9,0,0,81.14352445397789,-9.458675822919496,-63.808806601445006,0.15395984293397333,,0,29961.238286362495,,3.1485877249239484
1030,0,0,0,0,0.91,0,0,81.36137774741451,-9.592286490698573,-63.998736138009015,0.15020181573133168,,0,29961.238286362495,,3.137992878580756
1031,0,0,0,0,0.9,0,0,81.57937144160456,-9.726113318459447,-64.188584003651,0.14643919300131608,,0,29961.238286362495,,3.127648032237563
1032,0,0,0,0,0.84,0,0,81.79750430258206,-9.860154745293263,-64.37835204357141,0.14267204637884023,,0,29961.238286362495,,3.1188031858943703
1033,0,0,0,0,0.84,0,0,82.01577510788513,-9.994409211882697,-64.56804211356913,0.13890044758494519,,0,29961.238286362495,,3.1099583395511776
1034,0,0,0,0,0.84,0,0,82.2341826464148,-10.128875160477543,-64.75765608005338,0.13512446842543555,,0,29961.238286362495,,3.101113493207985
1035,0,0,0,0,0.85,0,0,82.45272571829547,-10.263551034869815,-64.94719582005668,0.13134418078951166,,0,29961.238286362495,,3.0920186468647923
1036,0,0,0,0,0.84,0,0,82.67140313473723,-10.398435280368103,-65.13666322124952,0.1275596566484007,,0,29961.238286362495,,3.0831738005215996
1037,0,0,0,0,0.84,0,0,82.89021371789953,-10.533526343771449,-65.32606018195605,0.12377096805398695,,0,29961.238286362495,,3.074328954178407
1038,0,0,0,0,0.74,0,0,83.10915630075647,-10.668822673342481,-65.5153886111713,0.11997818713744021,,0,29961.238286362495,,3.067984107835214
1039,0,0,0,0,0.62,0,0,83.3282297269638,-10.804322718780076,-65.70465042857961,0.11618138610784233,,0,29961.238286362495,,3.0646392614920215
1040,0,0,0,0,0.59,0,0,83.5474328507274,-10.940024931191306,-65.89384756457471,0.11238063725081117,,0,29961.238286362495,,3.062044415148829
1041,0,0,0,0,0.6,0,0,83.7667645366732,-11.075927763062834,-66.08298196028075,0.1085760129271267,,0,29961.238286362495,,3.0591995688056364
1042,0,0,0,0,0.56,0,0,83.98622365971869,-11.21202966823167,-66.272055567575,0.1047675855713513,,0,29961.238286362495,,3.0573547224624438
1043,0,0,0,0,0.57,0,0,84.2058091049458,-11.348329101855388,-66.46107034911165,0.10095542769045295,,0,29961.238286362495,,3.0552598761192513
1044,0,0,0,0,0.62,0,0,84.42551976747549,-11.484824520381625,-66.65002827834748,0.09713961186242193,,0,29961.238286362495,,3.0519150297760587
1045,0,0,0,0,0.64,0,0,84.64535455234349,-11.621514381517144,-66.83893133956816,0.09332021073489162,,0,29961.238286362495,,3.048070183432866
1046,0,0,0,0,0.61,0,0,84.86531237437761,-11.758397144196104,-67.02778152791664,0.08949729702375409,,0,29961.238286362495,,3.044975337089673
1047,0,0,0,0,0.61,0,0,85.08539215807644,-11.895471268547904,-67.2165808494225,0.08567094351177496,,0,29961.238286362495,,3.0418804907464803
1048,0,0,0,0,0.64,0,0,85.3055928374894,-12.032735215864289,-67.4053313210327,0.08184122304721018,,0,29961.238286362495,,3.0380356444032874
1049,0,0,0,0,0.86,0,0,85.52591335609814,-12.17018744856596,-67.59403497064392,0.07800820854241716,,0,29961.238286362495,,3.0286907980600946
1050,0,0,0,0,0.86,0,0,85.74635266669942,-12.307826430168499,-67.78269383713629,0.07417197297246612,,0,29961.238286362495,,3.0193459517169017
1051,0,0,0,0,0.86,0,0,85.96690973128905,-12.445650625247763,-67.9713099704081,0.0703325893737532,,0,29961.238286362495,,3.010001105373709
1052,0,0,0,0,0.86,0,0,86.18758352094738,-12.58365849940465,-68.15988543141255,0.06649013084260738,,0,29961.238286362495,,3.000656259030516
1053,0,0,0,0,0.86,0,0,86.40837301572594,-12.72184851922923,-68.34842229219534,0.06264467053390071,,0,29961.238286362495,,2.991311412687323
1054,0,0,0,0,0.85,0,0,86.6292772045354,-12.860219152264355,-68.53692263593399,0.05879628165965456,,0,29961.238286362495,,2.9822165663441305
1055,0,0,0,0,0.77,0,0,86.85029508503483,-12.998768866968632,-68.72538855697856,0.05494503748764457,,0,29961.238286362495,,2.9751217200009377
1056,0,0,0,0,0.76,0,0,87.07142566352199,-13.137496132678729,-68.91382216089347,0.05109101134000908,,0,29961.238286362495,,2.968276873657745
1057,0,0,0,0,0.8,0,0,87.29266795482502,-13.276399419571211,-69.10222556450114,0.04723427659185044,,0,29961.238286362495,,2.9604320273145524
1058,0,0,0,0,0.81,0,0,87.51402098219532,-13.41547719862367,-69.29060089592681,0.04337490666983888,,0,29961.238286362495,,2.9523371809713597
1059,0,0,0,0,0.85,0,0,87.73548377720145,-13.554727941575281,-69.4789502946448,0.03951297505081525,,0,29961.238286362495,,2.943242334628167
1060,0,0,0,0,0.85,0,0,87.95705537962446,-13.694150120886816,-69.66727591152649,0.03564855526038946,,0,29961.238286362495,,2.9341474882849745
1061,0,0,0,0,0.66,0,0,88.17873483735403,-13.833742209699949,-69.85557990888907,0.031781720871544475,,0,29961.238286362495,,2.929802641941782
1062,0,0,0,0,0.75,0,0,88.40052120628589,-13.973502681796061,-70.04386446054639,0.027912545503233428,,0,29961.238286362495,,2.9232077955985893
1063,0,0,0,0,0.75,0,0,88.6224135502205,-14.113430011554346,-70.232131751861,0.02404110281897776,,0,29961.238286362495,,2.9166129492553967
1064,0,0,0,0,0.75,0,0,88.84441094076254,-14.253522673909407,-70.42038397979756,0.020167466525465385,,0,29961.238286362495,,2.910018102912204
1065,0,0,0,0,0.54,0,0,89.06651245722169,-14.393779144308157,-70.60862335297772,0.016291710371147697,,0,29961.238286362495,,2.908673256569011
1066,0,0,0,0,0.56,0,0,89.28871718651419,-14.534197898666191,-70.7968520917364,0.012413908144835875,,0,29961.238286362495,,2.9068284102258186
1067,0,0,0,0,0.65,0,0,89.51102422306602,-14.674777413323461,-70.98507242817996,0.00853413367429314,,0,29961.238286362495,,2.902733563882626
1068,0,0,0,0,0.65,0,0,89.73343266871618,-14.815516164999455,-71.17328660624491,0.004652460824834201,,0,29961.238286362495,,2.8986387175394333
1069,0,0,0,0,0.61,0,0,89.95594163262197,-14.956412630747622,-71.36149688175912,0.0007689634979143855,,0,29961.238286362495,,2.8955438711962405
1070,0,0,0,0,0.62,0,0,90.17855023116459,-15.097465287909358,-71.54970552250377,-0.003116284370276024,,0,29961.238286362495,,2.892199024853048
1071,0,0,0,0,0.41,0,0,90.40125758785587,-15.238672614067164,-71.73791480827691,-0.007003208810217128,,0,29961.238286362495,,2.8941041785098554
1072,0,0,0,0,0.39,0,0,90.62406283324609,-15.380033086997393,-71.92612703095872,-0.010891735820470688,,0,29961.238286362495,,2.8965093321666626
1073,0,0,0,0,0.41,0,0,90.8469651048327,-15.521545184622251,-72.11434449457803,-0.014781791369087811,,0,29961.238286362495,,2.89841448582347
1074,0,0,0,0,0.41,0,0,91.06996354696982,-15.663207384961185,-72.30256951538034,-0.01867330139501769,,0,29961.238286362495,,2.9003196394802777
1075,0,0,0,0,0.78,0,0,91.29305731077888,-15.805018166081725,-72.49080442189744,-0.022566191809519635,,0,29961.238286362495,,2.892974793137085
1076,0,0,0,0,0.83,0,0,91.5162455540599,-15.946976006049626,-72.67905155501818,-0.026460388497570892,,0,29961.238286362495,,2.884379946793892
1077,0,0,0,0,0.83,0,0,91.73952744120399,-16.08907938287837,-72.86731326806132,-0.03035581731928102,,0,29961.238286362495,,2.8757851004506993
1078,0,0,0,0,1,0,0,91.96290214310618,-16.23132677447814,-73.05559192684903,-0.03425240411129882,,0,29961.238286362495,,2.8629402541075066
1079,0,0,0,0,1,0,0,92.18636883707983,-16.37371665860402,-73.24388990978285,-0.03815007468822985,,0,29961.238286362495,,2.850095407764314
1080,0,0,0,0,1,0,0,92.40992670677123,-16.516247512803695,-73.43220960792023,-0.04204875484404438,,0,29961.238286362495,,2.837250561421121
1081,0,0,0,0,1,0,0,92.63357494207531,-16.658917814364386,-73.62055342505319,-0.04594837035349204,,0,29961.238286362495,,2.8244057150779285
1082,0,0,0,0,1,0,0,92.85731273905215,-16.801726040259226,-73.80892377778817,-0.04984884697351438,,0,29961.238286362495,,2.8115608687347358
1083,0,0,0,0,1,0,0,93.08113929984428,-16.944670667093003,-73.99732309562755,-0.05375011044465972,,0,29961.238286362495,,2.798716022391543
1084,0,0,0,0,0.84,0,0,93.30505383259461,-17.08775017104716,-74.1857538210524,-0.05765208649249342,,0,29961.238286362495,,2.7898711760483503
1085,0,0,0,0,0.85,0,0,93.52905555136552,-17.230963027824256,-74.37421840960734,-0.061554700829018184,,0,29961.238286362495,,2.7807763297051578
1086,0,0,0,0,0.85,0,0,93.75314367605807,-17.374307712591687,-74.56271932998604,-0.06545787915408181,,0,29961.238286362495,,2.771681483361965
1087,0,0,0,0,0.73,0,0,93.97731743233248,-17.51778269992477,-74.75125906411886,-0.06936154715679455,,0,29961.238286362495,,2.7655866370187727
1088,0,0,0,0,0.74,0,0,94.20157605152929,-17.661386463749228,-74.93984010726207,-0.07326563051694626,,0,29961.238286362495,,2.75924179067558
1089,0,0,0,0,0.91,0,0,94.42591877059076,-17.805117477282874,-75.12846496808787,-0.07717005490641578,,0,29961.238286362495,,2.7486469443323873
1090,0,0,0,0,0.99,0,0,94.65034483198356,-17.948974212976772,-75.31713616877694,-0.08107474599059171,,0,29961.238286362495,,2.7360520979891945
1091,0,0,0,0,1,0,0,94.87485348362179,-18.092955142455665,-75.50585624511157,-0.08497962942978397,,0,29961.238286362495,,2.7232072516460017
1092,0,0,0,0,1,0,0,95.09944397879072,-18.237058736457644,-75.69462774657092,-0.08888463088063996,,0,29961.238286362495,,2.710362405302809
1093,0,0,0,0,1,0,0,95.32411557607135,-18.381283464773286,-75.88345323642775,-0.09278967599756233,,0,29961.238286362495,,2.6975175589596163
1094,0,0,0,0,1,0,0,95.54886753926522,-18.525627796183986,-76.07233529184627,-0.0966946904341204,,0,29961.238286362495,,2.6846727126164236
1095,0,0,0,0,1,0,0,95.77369913732038,-18.670090198399667,-76.26127650398193,-0.1005995998444682,,0,29961.238286362495,,2.671827866273231
1096,0,0,0,0,1,0,0,95.99860964425751,-18.81466913799573,-76.45027947808272,-0.10450432988476006,,0,29961.238286362495,,2.658983019930038
1097,0,0,0,0,0.92,0,0,96.22359833909682,-18.959363080349377,-76.63934683359166,-0.10840880621456346,,0,29961.238286362495,,2.6481381735868457
1098,0,0,0,0,0.92,0,0,96.44866450578571,-19.10417048957516,-76.82848120425133,-0.11231295449827768,,0,29961.238286362495,,2.637293327243653
1099,0,0,0,0,0.92,0,0,96.67380743312665,-19.249089828459905,-77.01768523820957,-0.1162167004065472,,0,29961.238286362495,,2.6264484809004607
1100,0,0,0,0,0.91,0,0,96.89902641470589,-19.394119558396806,-77.20696159812678,-0.1201199696176769,,0,29961.238286362495,,2.615853634557268
1101,0,0,0,0,0.92,0,0,97.12432074882268,-19.5392581393189,-77.39631296128505,-0.12402268781904868,,0,29961.238286362495,,2.6050087882140756
1102,0,0,0,0,1,0,0,97.34968973841873,-19.68450402963174,-77.58574201969813,-0.12792478070853155,,0,29961.238286362495,,2.592163941870883
1103,0,0,0,0,1,0,0,97.57513269100882,-19.829855686145443,-77.77525148022399,-0.13182617399590257,,0,29961.238286362495,,2.57931909552769
1104,0,0,0,0,1,0,0,97.80064891861126,-19.97531156400583,-77.96484406467813,-0.13572679340425817,,0,29961.238286362495,,2.5664742491844974
1105,0,0,0,0,1,0,0,98.02623773767914,-20.12087011662504,-78.1545225099484,-0.13962656467142617,,0,29961.238286362495,,2.5536294028413047
1106,0,0,0,0,1,0,0,98.25189846903213,-20.266529795611174,-78.34428956811212,-0.14352541355138332,,0,29961.238286362495,,2.540784556498112
1107,0,0,0,0,1,0,0,98.47763043778868,-20.41228905069738,-78.53414800655399,-0.14742326581566753,,0,29961.238286362495,,2.5279397101549193
1108,0,0,0,0,1,0,0,98.70343297329853,-20.55814632967003,-78.72410060808583,-0.1513200472547897,,0,29961.238286362495,,2.5150948638117265
1109,0,0,0,0,0.74,0,0,98.929305409076,-20.70410007829622,-78.91415017106809,-0.15521568367964908,,0,29961.238286362495,,2.5087500174685338
1110,0,0,0,0,0.63,0,0,99.15524708273324,-20.850148740250454,-79.10429950953241,-0.1591101009229429,,0,29961.238286362495,,2.5051551711253413
1111,0,0,0,0,0.59,0,0,99.3812573359144,-20.99629075704058,-79.29455145330624,-0.16300322484058039,,0,29961.238286362495,,2.5025603247821486
1112,0,0,0,0,0.63,0,0,99.60733551422993,-21.142524567932895,-79.48490884813889,-0.16689498131309516,,0,29961.238286362495,,2.498965478438956
1113,0,0,0,0,0.6,0,0,99.83348096719114,-21.288848609876517,-79.6753745558286,-0.17078529624705197,,0,29961.238286362495,,2.4961206320957636
1114,0,0,0,0,0.58,0,0,100.05969304814558,-21.435261317426914,-79.86595145435217,-0.17467409557646305,,0,29961.238286362495,,2.493775785752571
1115,0,0,0,0,0.54,0,0,100.28597111421242,-21.581761122668656,-80.05664243799532,-0.17856130526419564,,0,29961.238286362495,,2.492430939409378
1116,0,0,0,0,0.58,0,0,100.51231452621819,-21.728346455137284,-80.24745041748474,-0.18244685130337968,,0,29961.238286362495,,2.4900860930661852
1117,0,0,0,0,0.58,0,0,100.73872264863316,-21.8750157417405,-80.43837832012206,-0.1863306597188201,,0,29961.238286362495,,2.4877412467229925
1118,0,0,0,0,0.38,0,0,100.96519484950774,-22.02176740667838,-80.62942908991894,-0.19021265656840322,,0,29961.238286362495,,2.4903964003797996
1119,0,0,0,0,0.38,0,0,101.19173050040918,-22.168599871362794,-80.82060568773389,-0.1940927679445031,,0,29961.238286362495,,2.4930515540366067
1120,0,0,0,0,0.35,0,0,101.41832897635912,-22.315511554336105,-81.0119110914109,-0.19797091997539376,,0,29961.238286362495,,2.496456707693414
1121,0,0,0,0,0.37,0,0,101.64498965577066,-22.462500871188812,-81.203348295919,-0.20184703882665023,,0,29961.238286362495,,2.4993618613502213
1122,0,0,0,0,0.35,0,0,101.87171192038619,-22.609566234476528,-81.39492031349393,-0.20572105070255672,,0,29961.238286362495,,2.5027670150070285
1123,0,0,0,0,0.36,0,0,102.09849515521546,-22.756706053635924,-81.58663017378113,-0.2095928818475122,,0,29961.238286362495,,2.5059221686638358
1124,0,0,0,0,0.35,0,0,102.32533874847365,-22.903918734899957,-81.77848092398006,-0.21346245854743173,,0,29961.238286362495,,2.509327322320643
1125,0,0,0,0,0.35,0,0,102.55224209152001,-23.051202681212075,-81.97047562899053,-0.21732970713115365,,0,29961.238286362495,,2.51273247597745
1126,0,0,0,0,0.35,0,0,102.77920457879652,-23.198556292139667,-82.16261737156012,-0.22119455397183937,,0,29961.238286362495,,2.5161376296342572
1127,0,0,0,0,0.35,0,0,103.00622560776671,-23.345977963786464,-82.35490925243323,-0.22505692548837555,,0,29961.238286362495,,2.5195427832910644
1128,0,0,0,0,0.32,0,0,103.23330457885498,-23.49346608870421,-82.5473543905019,-0.22891674814677648,,0,29961.238286362495,,2.5236979369478716
1129,0,0,0,0,0.26,0,0,103.46044089538574,-23.641019055803202,-82.73995592295776,-0.23277394846158173,,0,29961.238286362495,,2.529353090604679
1130,0,0,0,0,0.27,0,0,103.68763396352311,-23.788635250262185,-82.93271700544585,-0.2366284529972585,,0,29961.238286362495,,2.534758244261486
1131,0,0,0,0,0.27,0,0,103.9148831922104,-23.936313053436983,-83.1256408122197,-0.24048018836959695,,0,29961.238286362495,,2.5401633979182936
1132,0,0,0,0,0.26,0,0,104.14218799310983,-24.084050842768484,-83.31873053629766,-0.2443290812471059,,0,29961.238286362495,,2.545818551575101
1133,0,0,0,0,0.82,0,0,104.36954778054289,-24.231846991689483,-83.51198938962166,-0.2481750583524141,,0,29961.238286362495,,2.5374737052319083
1134,0,0,0,0,0.72,0,0,104.59696197142995,-24.379699869530658,-83.70542060321627,-0.2520180464636608,,0,29961.238286362495,,2.5316288588887157
1135,0,0,0,0,0.69,0,0,104.82442998523082,-24.527607841425528,-83.89902742735022,-0.25585797241589325,,0,29961.238286362495,,2.526534012545523
1136,0,0,0,0,0.69,0,0,105.05195124388472,-24.6755692682145,-84.0928131316985,-0.2596947631024558,,0,29961.238286362495,,2.5214391662023306
1137,0,0,0,0,0.71,0,0,105.2795251717507,-24.823582506347798,-84.2867810055066,-0.26352834547638293,,0,29961.238286362495,,2.515844319859138
1138,0,0,0,0,0.71,0,0,105.50715119554845,-24.971645907787554,-84.48093435775621,-0.26735864655179464,,0,29961.238286362495,,2.510249473515945
1139,0,0,0,0,0.44,0,0,105.73482874429813,-25.11975781990875,-84.67527651733153,-0.27118559340527754,,0,29961.238286362495,,2.5114046271727526
1140,0,0,0,0,0.39,0,0,105.96255724926151,-25.26791658539924,-84.86981083318823,-0.2750091131772817,,0,29961.238286362495,,2.51380978082956
1141,0,0,0,0,0.4,0,0,106.19033614388213,-25.416120542158694,-85.06454067452263,-0.27882913307350116,,0,29961.238286362495,,2.5159649344863673
1142,0,0,0,0,0.41,0,0,106.418164863726,-25.564368023196465,-85.25946943094317,-0.28264558036626325,,0,29961.238286362495,,2.517870088143175
1143,0,0,0,0,0.43,0,0,106.64604284642232,-25.712657356528574,-85.45460051264291,-0.28645838239591426,,0,29961.238286362495,,2.519275241799982
1144,0,0,0,0,0.4,0,0,106.8739695316036,-25.860986865073357,-85.64993735057308,-0.29026746657219693,,0,29961.238286362495,,2.5214303954567896
1145,0,0,0,0,0.35,0,0,107.10194436084673,-26.009354866546357,-85.8454833966189,-0.29407276037564106,,0,29961.238286362495,,2.5248355491135968
1146,0,0,0,0,0.36,0,0,107.32996677761314,-26.15775967335389,-86.04124212377599,-0.2978741913589398,,0,29961.238286362495,,2.527990702770404
1147,0,0,0,0,0.39,0,0,107.55803622718906,-26.306199592485605,-86.23721702632776,-0.3016716871483243,,0,29961.238286362495,,2.5303958564272113
1148,0,0,0,0,0.39,0,0,107.78615215662612,-26.454672925406,-86.43341162002532,-0.30546517544494894,,0,29961.238286362495,,2.5328010100840186
1149,0,0,0,0,0.39,0,0,108.0143140146815,-26.603177967944713,-86.62982944226782,-0.30925458402626416,,0,29961.238286362495,,2.535206163740826
1150,0,0,0,0,0.4,0,0,108.24252125175823,-26.75171301018577,-86.82647405228448,-0.313039840747395,,0,29961.238286362495,,2.5373613173976333
1151,0,0,0,0,0.4,0,0,108.47077331984455,-26.900276336355706,-87.02334903131677,-0.31682087354250493,,0,29961.238286362495,,2.5395164710544407
1152,0,0,0,0,0.62,0,0,108.69906967245514,-27.04886622471046,-87.22045798280472,-0.3205976104261879,,0,29961.238286362495,,2.536171624711248
1153,0,0,0,0,0.81,0,0,108.92740976456896,-27.19748094742119,-87.41780453256958,-0.3243699794948102,,0,29961.238286362495,,2.5280767783680553
1154,0,0,0,0,0.84,0,0,109.15579305257044,-27.346118770458855,-87.61539232900323,-0.3281379089279058,,0,29961.238286362495,,2.5192319320248626
1155,0,0,0,0,0.84,0,0,109.3842189941882,-27.49477795347768,-87.81322504325504,-0.33190132698953334,,0,29961.238286362495,,2.51038708568167
1156,0,0,0,0,0.84,0,0,109.61268704843347,-27.643456749697396,-88.01130636941973,-0.3356601620296304,,0,29961.238286362495,,2.501542239338477
1157,0,0,0,0,0.86,0,0,109.84119667554052,-27.792153405784244,-88.20964002473004,-0.33941434248540175,,0,29961.238286362495,,2.4921973929952843
1158,0,0,0,0,0.86,0,0,110.06974733690367,-27.940866161730835,-88.40822974974527,-0.3431637968826556,,0,29961.238286362495,,2.4828525466520914
1159,0,0,0,0,0.88,0,0,110.29833849501772,-28.089593250734726,-88.60707930854683,-0.34690845383719493,,0,29961.238286362495,,2.473007700308899
1160,0,0,0,0,0.88,0,0,110.52696961341387,-28.23833289907578,-88.80619248892822,-0.3506482420561445,,0,29961.238286362495,,2.4631628539657062
1161,0,0,0,0,0.88,0,0,110.75564015659853,-28.387083325992258,-89.00557310259074,-0.35438309033932,,0,29961.238286362495,,2.4533180076225136
1162,0,0,0,0,0.89,0,0,110.98434958999252,-28.535842743555655,-89.2052249853418,-0.358112927580613,,0,29961.238286362495,,2.443223161279321
1163,0,0,0,0,0.9,0,0,111.21309737986427,-28.6846093565443,-89.40515199728448,-0.3618376827692788,,0,29961.238286362495,,2.4328783149361284
1164,0,0,0,0,0.94,0,0,111.44188299327087,-28.833381362315553,-89.6053580230219,-0.36555728499135776,,0,29961.238286362495,,2.4215334685929357
1165,0,0,0,0,0.89,0,0,111.670705897992,-28.982156950676877,-89.80584697185095,-0.3692716634309838,,0,29961.238286362495,,2.4114386222497433
1166,0,0,0,0,0.91,0,0,111.8995655625144,-29.130934303755414,-90.0066227780413,-0.37298074737251646,,0,29961.238286362495,,2.4008437759065506
1167,0,0,0,0,0.85,0,0,112.12846145573644,-29.2797115958664,-90.20768940065318,-0.3766844661981449,,0,29961.238286362495,,2.391748929563358
1168,0,0,0,0,0.83,0,0,112.35739304735124,-29.42848699338007,-90.40905082447817,-0.38038274939648686,,0,29961.238286362495,,2.383154083220165
1169,0,0,0,0,0.82,0,0,112.58635980734675,-29.577258654587435,-90.61071105952183,-0.38407552655689037,,0,29961.238286362495,,2.3748092368769727
1170,0,0,0,0,0.77,0,0,112.81536120615309,-29.726024729564443,-90.81267414155784,-0.38776272737422496,,0,29961.238286362495,,2.36771439053378
1171,0,0,0,0,0.76,0,0,113.04439671453189,-29.87478336003498,-91.01494413225704,-0.39144428164950157,,0,29961.238286362495,,2.3608695441905874
1172,0,0,0,0,0.76,0,0,113.27346580350952,-30.023532679232375,-91.21752511939049,-0.3951201192912086,,0,29961.238286362495,,2.354024697847395
1173,0,0,0,0,0.73,0,0,113.50256794431414,-30.17227081175949,-91.42042121703993,-0.3987901703167136,,0,29961.238286362495,,2.3479298515042024
1174,0,0,0,0,0.72,0,0,113.73170260830378,-30.320995873447533,-91.62363656579565,-0.4024543648535356,,0,29961.238286362495,,2.34208500516101
1175,0,0,0,0,0.76,0,0,113.96086926689924,-30.469705971213262,-91.82717533296275,-0.40611263314069135,,0,29961.238286362495,,2.3352401588178173
1176,0,0,0,0,0.76,0,0,114.19006739151463,-30.618399202914855,-92.03104171276573,-0.4097649055300222,,0,29961.238286362495,,2.328395312474625
1177,0,0,0,0,0.77,0,0,114.4192964534882,-30.767073657206392,-92.23523992655434,-0.4134111124875263,,0,29961.238286362495,,2.321300466131432
1178,0,0,0,0,0.92,0,0,114.64855592401203,-30.91572741339071,-92.4397742230094,-0.4170511845946854,,0,29961.238286362495,,2.3104556197882395
1179,0,0,0,0,0.59,0,0,114.87784527406,-31.06435854127091,-92.64464887834649,-0.4206850525497691,,0,29961.238286362495,,2.307860773445047
1180,0,0,0,0,0.67,0,0,115.1071639743164,-31.21296510100039,-92.84986819652289,-0.4243126471691654,,0,29961.238286362495,,2.303265927101854
1181,0,0,0,0,0.73,0,0,115.33651149510433,-31.36154514293127,-93.05543650944455,-0.42793389938870835,,0,29961.238286362495,,2.2971710807586616
1182,0,0,0,0,0.73,0,0,115.56588730631105,-31.51009670746143,-93.26135817717001,-0.4315487402649765,,0,29961.238286362495,,2.291076234415469
1183,0,0,0,0,0.71,0,0,115.79529087731403,-31.658617824879908,-93.46763758811632,-0.4351571009766058,,0,29961.238286362495,,2.2854813880722764
1184,0,0,0,0,0.68,0,0,116.02472167690658,-31.807106515210883,-93.67427915926578,-0.43875891282561225,,0,29961.238286362495,,2.2806365417290837
1185,0,0,0,0,0.76,0,0,116.25417917322119,-31.95556078805601,-93.8812873363699,-0.4423541072386863,,0,29961.238286362495,,2.273791695385891
1186,0,0,0,0,0.76,0,0,116.48366283365375,-32.10397864243529,-94.08866659415595,-0.4459426157685136,,0,29961.238286362495,,2.2669468490426987
1187,0,0,0,0,0.82,0,0,116.713172124785,-32.25235806662621,-94.29642143653037,-0.4495243700950649,,0,29961.238286362495,,2.258602002699506
1188,0,0,0,0,0.93,0,0,116.94270651230161,-32.400697038001574,-94.50455639678243,-0.4530993020268944,,0,29961.238286362495,,2.2475071563563134
1189,0,0,0,0,0.73,0,0,117.17226546091774,-32.54899352286542,-94.71307603778993,-0.45666734350245564,,0,29961.238286362495,,2.241412310013121
1190,0,0,0,0,0.61,0,0,117.40184843429337,-32.697245476287605,-94.92198495222037,-0.4602284265913826,,0,29961.238286362495,,2.238317463669928
1191,0,0,0,0,0.67,0,0,117.63145489495267,-32.84545084193662,-95.13128776273349,-0.4637824834957853,,0,29961.238286362495,,2.2337226173267353
1192,0,0,0,0,0.68,0,0,117.86108430420136,-32.99360755191075,-95.3409891221831,-0.4673294465515447,,0,29961.238286362495,,2.2288777709835426
1193,0,0,0,0,0.42,0,0,118.09073612204229,-33.14171352656784,-95.55109371381654,-0.4708692482295936,,0,29961.238286362495,,2.23053292464035
1194,0,0,0,0,0.44,0,0,118.32040980709107,-33.28976667435299,-95.7616062514757,-0.47440182113721613,,0,29961.238286362495,,2.2316880782971573
1195,0,0,0,0,0.49,0,0,118.5501048164884,-33.43776489162512,-95.97253147979279,-0.47792709801931027,,0,29961.238286362495,,2.2315932319539646
1196,0,0,0,0,0.36,0,0,118.77982060581374,-33.58570606248134,-96.1838741743898,-0.48144501175969007,,0,29961.238286362495,,2.234748385610772
1197,0,0,0,0,0.35,0,0,119.0095566289953,-33.73358805858008,-96.39563914207216,-0.48495549538234706,,0,29961.238286362495,,2.238153539267579
1198,0,0,0,0,0.33,0,0,119.23931233822029,-33.88140873896217,-96.60783122102369,-0.48845848205273334,,0,29961.238286362495,,2.2420586929243864
1199,0,0,0,0,0.34,0,0,119.46908718384306,-34.02916594987057,-96.82045528099879,-0.4919539050790326,,0,29961.238286362495,,2.245713846581194
1200,0,0,0,0,0.34,0,0,119.69888061429191,-34.17685752456808,-97.03351622351302,-0.4954416979134284,,0,29961.238286362495,,2.2493690002380013
1201,0,0,0,0,0.34,0,0,119.9286920759747,-34.324481283153524,-97.24701898203216,-0.4989217941533738,,0,29961.238286362495,,2.253024153894809
1202,0,0,0,0,0.33,0,0,120.15852101318234,-34.47203503237616,-97.4609685221584,-0.5023941275428503,,0,29961.238286362495,,2.256929307551616
1203,0,0,0,0,0.72,0,0,120.38836686799175,-34.61951656544838,-97.67536984181596,-0.5058586319736389,,0,29961.238286362495,,2.2510844612084235
1204,0,0,0,0,0.74,0,0,120.61822908016579,-34.7669236618566,-97.89022797143228,-0.5093152414865679,,0,29961.238286362495,,2.2447396148652308
1205,0,0,0,0,0.82,0,0,120.84810708705274,-34.914254087170505,-98.10554797411841,-0.5127638902727737,,0,29961.238286362495,,2.2363947685220382
1206,0,0,0,0,0.82,0,0,121.07800032348345,-35.06150559285045,-98.32133494584639,-0.5162045126749545,,0,29961.238286362495,,2.2280499221788457
1207,0,0,0,0,0.82,0,0,121.30790822166709,-35.20867591605319,-98.53759401562378,-0.5196370431886207,,0,29961.238286362495,,2.219705075835653
1208,0,0,0,0,0.82,0,0,121.53783021108451,-35.35576277943571,-98.75433034566505,-0.5230614164633397,,0,29961.238286362495,,2.2113602294924606
1209,0,0,0,0,0.82,0,0,121.76776571837999,-35.502763890957446,-98.97154913155984,-0.5264775673039779,,0,29961.238286362495,,2.203015383149268
1210,0,0,0,0,0.82,0,0,121.99771416725157,-35.649676943680646,-99.189255602439,-0.5298854306719495,,0,29961.238286362495,,2.1946705368060755
1211,0,0,0,0,0.82,0,0,122.2276749783384,-35.796499615569005,-99.4074550211356,-0.5332849416864478,,0,29961.238286362495,,2.186325690462883
1212,0,0,0,0,0.82,0,0,122.45764756910667,-35.94322956928436,-99.62615268434364,-0.5366760356256832,,0,29961.238286362495,,2.1779808441196904
1213,0,0,0,0,0.82,0,0,122.68763135373331,-36.089864451981754,-99.84535392277222,-0.5400586479281151,,0,29961.238286362495,,2.169635997776498
1214,0,0,0,0,0.82,0,0,122.91762574298743,-36.23640189510277,-100.06506410129614,-0.5434327141936831,,0,29961.238286362495,,2.1612911514333053
1215,0,0,0,0,0.82,0,0,123.14763014410913,-36.38283951416686,-100.28528861910148,-0.5467981701850263,,0,29961.238286362495,,2.1529463050901128
1216,0,0,0,0,0.81,0,0,123.37764396068684,-36.52917490856104,-100.50603290982832,-0.550154951828716,,0,29961.238286362495,,2.14485145874692
1217,0,0,0,0,0.63,0,0,123.6076665925312,-36.67540566132771,-100.72730244170694,-0.5535029952164662,,0,29961.238286362495,,2.1412566124037276
1218,0,0,0,0,0.61,0,0,123.8376974355476,-36.82152933895079,-100.94910271769102,-0.5568422366063591,,0,29961.238286362495,,2.1381617660605348
1219,0,0,0,0,0.62,0,0,124.06773588160479,-36.96754349113999,-101.17143927558402,-0.5601726124240507,,0,29961.238286362495,,2.134816919717342
1220,0,0,0,0,0.63,0,0,124.29778131840212,-37.11344565061325,-101.39431768816183,-0.5634940592639869,,0,29961.238286362495,,2.1312220733741496
1221,0,0,0,0,0.62,0,0,124.5278331293333,-37.259233332877486,-101.61774356328874,-0.566806513890607,,0,29961.238286362495,,2.127877227030957
1222,0,0,0,0,0.65,0,0,124.75789069334762,-37.40490403600748,-101.84172254402823,-0.5701099132395498,,0,29961.238286362495,,2.1237823806877643
1223,0,0,0,0,0.66,0,0,124.98795338480824,-37.55045524042308,-102.06626030874764,-0.5734041944188539,,0,29961.238286362495,,2.1194375343445717
1224,0,0,0,0,0.58,0,0,125.21802057334737,-37.69588440866453,-102.29136257121624,-0.5766892947101537,,0,29961.238286362495,,2.117092688001379
1225,0,0,0,0,0.52,0,0,125.4480916237186,-37.841188985166134,-102.51703508069717,-0.579965151569875,,0,29961.238286362495,,2.1162478416581862
1226,0,0,0,0,0.5,0,0,125.67816589564589,-37.986366396028004,-102.74328362203235,-0.5832317026304258,,0,29961.238286362495,,2.1159029953149937
1227,0,0,0,0,0.52,0,0,125.90824274366928,-38.131414048786304,-102.97011401572018,-0.5864888857013828,,0,29961.238286362495,,2.115058148971801
1228,0,0,0,0,0.5,0,0,126.13832151698723,-38.27632933218156,-103.1975321179857,-0.5897366387706742,,0,29961.238286362495,,2.1147133026286085
1229,0,0,0,0,0.48,0,0,126.36840155929569,-38.421109615925324,-103.4255438208438,-0.5929749000057639,,0,29961.238286362495,,2.1148684562854156
1230,0,0,0,0,0.74,0,0,126.5984822086233,-38.565752250464996,-103.65415505215341,-0.5962036077548256,,0,29961.238286362495,,2.108523609942223
1231,0,0,0,0,0.97,0,0,126.82856279716293,-38.71025456674728,-103.88337177566414,-0.5994227005479186,,0,29961.238286362495,,2.09642876359903
1232,0,0,0,0,0.96,0,0,127.05864265109963,-38.85461387597953,-104.11319999105365,-0.6026321170981551,,0,29961.238286362495,,2.0845839172558374
1233,0,0,0,0,1,0,0,127.28872109043431,-38.998827469389724,-104.3436457339567,-0.6058317963028708,,0,29961.238286362495,,2.0717390709126446
1234,0,0,0,0,1,0,0,127.51879742880377,-39.142892617984714,-104.57471507598441,-0.6090216772447861,,0,29961.238286362495,,2.058894224569452
1235,0,0,0,0,1,0,0,127.74887097329608,-39.286806572306766,-104.80641412473393,-0.6122016991931661,,0,29961.238286362495,,2.046049378226259
1236,0,0,0,0,1,0,0,127.97894102426191,-39.43056656218866,-105.03874902378809,-0.6153718016049764,,0,29961.238286362495,,2.0332045318830665
1237,0,0,0,0,1,0,0,128.20900687512153,-39.57416979650691,-105.27172595270487,-0.6185319241260362,,0,29961.238286362495,,2.0203596855398738
1238,0,0,0,0,1,0,0,128.4390678121669,-39.71761346293387,-105.50535112699598,-0.6216820065921692,,0,29961.238286362495,,2.007514839196681
1239,0,0,0,0,1,0,0,128.66912311435922,-39.860894727687835,-105.73963079809391,-0.6248219890303455,,0,29961.238286362495,,1.9946699928534883
1240,0,0,0,0,0.81,0,0,128.89917205312133,-40.00401073528198,-105.97457125330793,-0.6279518116598247,,0,29961.238286362495,,1.9865751465102957
1241,0,0,0,0,0.8,0,0,129.12921389212582,-40.146958608271575,-106.21017881576826,-0.6310714148932973,,0,29961.238286362495,,1.978730300167103
1242,0,0,0,0,0.82,0,0,129.3592478870765,-40.28973544700003,-106.44645984435677,-0.6341807393380124,,0,29961.238286362495,,1.9703854538239103
1243,0,0,0,0,0.79,0,0,129.5892732854863,-40.43233832934323,-106.68342073362653,-0.6372797257969159,,0,29961.238286362495,,1.9627906074807175
1244,0,0,0,0,1,0,0,129.81928932644811,-40.574764310452736,-106.92106791370675,-0.6403683152697733,,0,29961.238286362495,,1.9499457611375248
1245,0,0,0,0,1,0,0,130.0492952404004,-40.71701042249745,-107.15940785019427,-0.6434464489542909,,0,29961.238286362495,,1.937100914794332
1246,0,0,0,0,1,0,0,130.27929024888752,-40.85907367440423,-107.39844704403203,-0.6465140682472432,,0,29961.238286362495,,1.9242560684511394
1247,0,0,0,0,1,0,0,130.50927356431276,-41.00095105159697,-107.6381920313709,-0.6495711147455792,,0,29961.238286362495,,1.9114112221079467
1248,0,0,0,0,0.88,0,0,130.7392443896862,-41.14263951573465,-107.87864938341848,-0.6526175302475404,,0,29961.238286362495,,1.901566375764754
1249,0,0,0,0,0.78,0,0,130.96920191836517,-41.28413600444829,-108.1198257062706,-0.6556532567537664,,0,29961.238286362495,,1.8942215294215614
1250,0,0,0,0,0.82,0,0,131.19914533378866,-41.425437431076524,-108.36172764072815,-0.6586782364684006,,0,29961.238286362495,,1.8858766830783686
1251,0,0,0,0,0.82,0,0,131.42907380920448,-41.566540684400415,-108.60436186209634,-0.6616924118001908,,0,29961.238286362495,,1.8775318367351759
1252,0,0,0,0,0.9,0,0,131.65898650738913,-41.70744262837704,-108.84773507996684,-0.6646957253635825,,0,29961.238286362495,,1.867186990391983
1253,0,0,0,0,0.91,0,0,131.8888825803604,-41.84814010187233,-109.09185403798278,-0.6676881199798146,,0,29961.238286362495,,1.8565921440487905
1254,0,0,0,0,0.9,0,0,132.11876116908255,-41.98862991839283,-109.3367255135853,-0.6706695386780075,,0,29961.238286362495,,1.8462472977055977
1255,0,0,0,0,0.9,0,0,132.34862140316326,-42.12890886581683,-109.58235631774089,-0.6736399246962467,,0,29961.238286362495,,1.835902451362405
1256,0,0,0,0,0.89,0,0,132.5784624005423,-42.26897370612449,-109.82875329465004,-0.6765992214826637,,0,29961.238286362495,,1.8258076050192122
1257,0,0,0,0,0.88,0,0,132.80828326717233,-42.40882117512772,-110.07592332143535,-0.6795473726965141,,0,29961.238286362495,,1.8159627586760196
1258,0,0,0,0,0.89,0,0,133.03808309669031,-42.548447982198844,-110.32387330780936,-0.6824843222092477,,0,29961.238286362495,,1.805867912332827
1259,0,0,0,0,0.44,0,0,133.26786097008045,-42.68785080999941,-110.5726101957213,-0.6854100141055806,,0,29961.238286362495,,1.8070230659896342
1260,0,0,0,0,0.43,0,0,133.49761595532712,-42.82702631420789,-110.82214095898142,-0.6883243926845546,,0,29961.238286362495,,1.8084282196464416
1261,0,0,0,0,0.4,0,0,133.72734710705927,-42.965971123247584,-111.0724726028641,-0.6912274024606042,,0,29961.238286362495,,1.810583373303249
1262,0,0,0,0,0.37,0,0,133.95705346618345,-43.104681838013875,-111.32361216368619,-0.6941189881646066,,0,29961.238286362495,,1.8134885269600565
1263,0,0,0,0,0.37,0,0,134.18673405950787,-43.243155031601425,-111.57556670836333,-0.6969990947449388,,0,29961.238286362495,,1.816393680616864
1264,0,0,0,0,0.36,0,0,134.41638789935473,-43.38138724903132,-111.8283433339405,-0.6998676673685231,,0,29961.238286362495,,1.8195488342736712
1265,0,0,0,0,0.4,0,0,134.6460139831621,-43.519375006978166,-112.08194916709805,-0.7027246514218709,,0,29961.238286362495,,1.8217039879304786
1266,0,0,0,0,0.92,0,0,134.87561129307457,-43.65711479349728,-112.33639136363212,-0.7055699925121259,,0,29961.238286362495,,1.810859141587286
1267,0,0,0,0,0.72,0,0,135.10517879552103,-43.79460306775213,-112.59167710790749,-0.7084036364680928,,0,29961.238286362495,,1.8050142952440933
1268,0,0,0,0,0.77,0,0,135.33471544078188,-43.93183625974215,-112.84781361228478,-0.711225529341277,,0,29961.238286362495,,1.7979194489009007
1269,0,0,0,0,0.76,0,0,135.56422016254206,-44.06881077003093,-113.10480811651802,-0.7140356174069056,,0,29961.238286362495,,1.791074602557708
1270,0,0,0,0,0.74,0,0,135.79369187743174,-44.20552296947504,-113.36266788712427,-0.716833847164952,,0,29961.238286362495,,1.7847297562145152
1271,0,0,0,0,0.73,0,0,136.02312948455346,-44.34196919895338,-113.62140021672388,-0.7196201653411552,,0,29961.238286362495,,1.7786349098713226
1272,0,0,0,0,0.75,0,0,136.25253186499518,-44.4781457690977,-113.88101242334997,-0.7223945188880346,,0,29961.238286362495,,1.77204006352813
1273,0,0,0,0,0.74,0,0,136.4818978813284,-44.614048960023695,-114.14151184972656,-0.7251568549858961,,0,29961.238286362495,,1.7656952171849372
1274,0,0,0,0,0.71,0,0,136.71122637709195,-44.74967502106347,-114.40290586251596,-0.7279071210438438,,0,29961.238286362495,,1.7601003708417444
1275,0,0,0,0,0.73,0,0,136.94051617625945,-44.885020170499,-114.66520185153189,-0.7306452647007748,,0,29961.238286362495,,1.7540055244985517
1276,0,0,0,0,0.63,0,0,137.1697660826915,-45.02008059529741,-114.92840722892043,-0.7333712338263825,,0,29961.238286362495,,1.750410678155359
1277,0,0,0,0,0.63,0,0,137.39897487957,-45.154852450847244,-115.19252942830529,-0.7360849765221429,,0,29961.238286362495,,1.7468158318121663
1278,0,0,0,0,0.65,0,0,137.6281413288163,-45.28933186069697,-115.45757590389903,-0.7387864411223077,,0,29961.238286362495,,1.7427209854689736
1279,0,0,0,0,0.63,0,0,137.85726417049042,-45.423514916294955,-115.72355412957718,-0.7414755761948845,,0,29961.238286362495,,1.7391261391257808
1280,0,0,0,0,0.68,0,0,138.08634212217243,-45.557397676731824,-115.99047159791594,-0.7441523305426175,,0,29961.238286362495,,1.7342812927825881
1281,0,0,0,0,0.69,0,0,138.3153738783239,-45.69097616848482,-116.25833581919179,-0.7468166532039627,,0,29961.238286362495,,1.7291864464393956
1282,0,0,0,0,0.69,0,0,138.5443581096299,-45.82424638516473,-116.52715432034236,-0.7494684934540577,,0,29961.238286362495,,1.724091600096203
1283,0,0,0,0,0.69,0,0,138.77329346231946,-45.957204287265206,-116.79693464388754,-0.752107800805686,,0,29961.238286362495,,1.7189967537530104
1284,0,0,0,0,0.72,0,0,139.00217855746553,-46.089845801915274,-117.06768434681001,-0.7547345250102406,,0,29961.238286362495,,1.7131519074098178
1285,0,0,0,0,0.65,0,0,139.2310119902616,-46.222166822634485,-117.33941099939426,-0.7573486160586785,,0,29961.238286362495,,1.7090570610666251
1286,0,0,0,0,0.77,0,0,139.45979232927587,-46.354163209091446,-117.61212218402318,-0.759950024182474,,0,29961.238286362495,,1.7019622147234326
1287,0,0,0,0,0.73,0,0,139.68851811568103,-46.48583078686579,-117.88582549393129,-0.7625386998545672,,0,29961.238286362495,,1.6958673683802399
1288,0,0,0,0,0.73,0,0,139.91718786245914,-46.617165347213714,-118.1605285319133,-0.7651145937903046,,0,29961.238286362495,,1.6897725220370472
1289,0,0,0,0,0.69,0,0,140.1458000535806,-46.74816264683771,-118.43623890898758,-0.7676776569483783,,0,29961.238286362495,,1.6846776756938546
1290,0,0,0,0,0.69,0,0,140.37435314315624,-46.87881840765993,-118.7129642430134,-0.7702278405317604,,0,29961.238286362495,,1.679582829350662
1291,0,0,0,0,0.7,0,0,140.60284555456175,-47.00912831660035,-118.99071215726106,-0.7727650959886323,,0,29961.238286362495,,1.6742379830074694
1292,0,0,0,0,0.74,0,0,140.83127567953233,-47.13908802535942,-119.26949027893298,-0.7752893750133062,,0,29961.238286362495,,1.6678931366642766
1293,0,0,0,0,0.59,0,0,141.05964187722842,-47.26869315020557,-119.54930623763673,-0.7778006295471487,,0,29961.238286362495,,1.665298290321084
1294,0,0,0,0,0.6,0,0,141.28794247326883,-47.39793927176787,-119.83016766380712,-0.7802988117794933,,0,29961.238286362495,,1.6624534439778913
1295,0,0,0,0,0.57,0,0,141.51617575873254,-47.52682193483417,-120.11208218707728,-0.7827838741485516,,0,29961.238286362495,,1.6603585976346986
1296,0,0,0,0,0.53,0,0,141.74433998912593,-47.65533664815498,-120.39505743459767,-0.7852557693423184,,0,29961.238286362495,,1.659263751291506
1297,0,0,0,0,0.93,0,0,141.97243338331498,-47.78347888425325,-120.67910102930176,-0.7877144502994718,,0,29961.238286362495,,1.6481689049483135
1298,0,0,0,0,0.92,0,0,142.20045412242143,-47.91124407924047,-120.96422058811794,-0.7901598702102708,,0,29961.238286362495,,1.6373240586051208
1299,0,0,0,0,1,0,0,142.42840034868064,-48.03862763263947,-121.25042372012598,-0.7925919825174451,,0,29961.238286362495,,1.624479212261928
1300,0,0,0,0,0.96,0,0,142.65627016425984,-48.16562490721412,-121.53771802465744,-0.795010740917082,,0,29961.238286362495,,1.6126343659187354
1301,0,0,0,0,0.92,0,0,142.88406163003586,-48.292231228806074,-121.82611108933936,-0.7974160993595089,,0,29961.238286362495,,1.6017895195755427
1302,0,0,0,0,0.82,0,0,143.11177276432934,-48.41844188617949,-122.11561048807948,-0.7998080120501679,,0,29961.238286362495,,1.59344467323235
1303,0,0,0,0,0.73,0,0,143.33940154159552,-48.54425213087308,-122.40622377899263,-0.8021864334504893,,0,29961.238286362495,,1.5873498268891573
1304,0,0,0,0,0.78,0,0,143.56694589106775,-48.66965717706118,-122.6979585022673,-0.8045513182787577,,0,29961.238286362495,,1.5800049805459646
1305,0,0,0,0,0.77,0,0,143.79440369535394,-48.794652201422615,-122.99082217797138,-0.8069026215109755,,0,29961.238286362495,,1.572910134202772
1306,0,0,0,0,0.76,0,0,144.02177278898182,-48.919232343019225,-123.28482230379569,-0.809240298381718,,0,29961.238286362495,,1.5660652878595793
1307,0,0,0,0,0.8,0,0,144.24905095689292,-49.043392703183265,-123.57996635273524,-0.8115643043849872,,0,29961.238286362495,,1.5582204415163867
1308,0,0,0,0,0.8,0,0,144.4762359328819,-49.167128345414845,-123.87626177070672,-0.8138745952750591,,0,29961.238286362495,,1.5503755951731941
1309,0,0,0,0,0.8,0,0,144.70332539797909,-49.290434295289394,-124.1737159741013,-0.8161711270673253,,0,29961.238286362495,,1.5425307488300015
1310,0,0,0,0,0.95,0,0,144.93031697877444,-49.41330554037548,-124.47233634727233,-0.8184538560391307,,0,29961.238286362495,,1.5309359024868088
1311,0,0,0,0,0.96,0,0,145.15720824568004,-49.53573703016384,-124.77213023995685,-0.8207227387306063,,0,29961.238286362495,,1.5190910561436162
1312,0,0,0,0,0.96,0,0,145.38399671112808,-49.65772367600756,-125.0731049646297,-0.8229777319454962,,0,29961.238286362495,,1.5072462098004236
1313,0,0,0,0,1,0,0,145.61067982770314,-49.77926035107412,-125.37526779379034,-0.8252187927519803,,0,29961.238286362495,,1.4944013634572308
1314,0,0,0,0,1,0,0,145.83725498620362,-49.90034189030944,-125.67862595718069,-0.8274458784834905,,0,29961.238286362495,,1.4815565171140381
1315,0,0,0,0,1,0,0,146.06371951363207,-50.02096309041486,-125.98318663893396,-0.8296589467395254,,0,29961.238286362495,,1.4687116707708454
1316,0,0,0,0,1,0,0,146.29007067110857,-50.14111870983698,-126.28895697465326,-0.8318579553864551,,0,29961.238286362495,,1.4558668244276527
1317,0,0,0,0,1,0,0,146.5163056517063,-50.260803468771165,-126.59594404841988,-0.8340428625583257,,0,29961.238286362495,,1.44302197808446
1318,0,0,0,0,1,0,0,146.74242157820373,-50.38001204917884,-126.90415488972963,-0.8362136266576528,,0,29961.238286362495,,1.4301771317412673
1319,0,0,0,0,1,0,0,146.96841550075212,-50.49873909481966,-127.21359647035825,-0.8383702063562177,,0,29961.238286362495,,1.4173322853980745
1320,0,0,0,0,1,0,0,147.19428439445235,-50.61697921129815,-127.52427570115366,-0.8405125605958516,,0,29961.238286362495,,1.4044874390548818
1321,0,0,0,0,1,0,0,147.42002515683873,-50.73472696612632,-127.8361994287557,-0.8426406485892182,,0,29961.238286362495,,1.391642592711689
1322,0,0,0,0,1,0,0,147.64563460526472,-50.85197688880157,-128.1493744322423,-0.8447544298205888,,0,29961.238286362495,,1.3787977463684964
1323,0,0,0,0,1,0,0,147.87110947418708,-50.968723470901786,-128.46380741970236,-0.8468538640466163,,0,29961.238286362495,,1.3659529000253037
1324,0,0,0,0,1,0,0,148.09644641234328,-51.08496116619674,-128.7795050247342,-0.8489389112970999,,0,29961.238286362495,,1.353108053682111
1325,0,0,0,0,0.97,0,0,148.32164197981683,-51.20068439077734,-129.09647380286958,-0.8510095318757439,,0,29961.238286362495,,1.3410132073389183
1326,0,0,0,0,0.93,0,0,148.54669264498784,-51.31588752320274,-129.41472022792397,-0.8530656863609186,,0,29961.238286362495,,1.3299183609957257
1327,0,0,0,0,0.94,0,0,148.77159478136033,-51.43056490466597,-129.73425068827112,-0.8551073356064058,,0,29961.238286362495,,1.318573514652533
1328,0,0,0,0,0.93,0,0,148.99634466426366,-51.54471083917863,-130.05507148304395,-0.8571344407421475,,0,29961.238286362495,,1.3074786683093405
1329,0,0,0,0,0.94,0,0,149.2209384674202,-51.65831959377519,-130.37718881825964,-0.8591469631749831,,0,29961.238286362495,,1.2961338219661478
1330,0,0,0,0,0.98,0,0,149.445372259375,-51.77138539873748,-130.70060880287113,-0.8611448645893867,,0,29961.238286362495,,1.2837889756229552
1331,0,0,0,0,0.98,0,0,149.66964199977934,-51.88390244783966,-131.02533744474357,-0.8631281069481955,,0,29961.238286362495,,1.2714441292797627
1332,0,0,0,0,0.99,0,0,149.89374353552262,-51.995864898614784,-131.35138064655658,-0.865096652493334,,0,29961.238286362495,,1.25884928293657
1333,0,0,0,0,0.98,0,0,150.11767259670526,-52.10726687264271,-131.67874420163258,-0.867050463746532,,0,29961.238286362495,,1.2465044365933775
1334,0,0,0,0,0.99,0,0,150.34142479244514,-52.218102455860915,-132.0074337896922,-0.8689895035100402,,0,29961.238286362495,,1.2339095902501849
1335,0,0,0,0,0.99,0,0,150.56499560650985,-52.328365698897656,-132.33745497253585,-0.870913734867336,,0,29961.238286362495,,1.2213147439069922
1336,0,0,0,0,0.99,0,0,150.78838039276684,-52.43805061742921,-132.66881318965403,-0.8728231211838289,,0,29961.238286362495,,1.2087198975637996
1337,0,0,0,0,1,0,0,151.01157437044202,-52.54715119256055,-133.00151375376504,-0.8747176261075548,,0,29961.238286362495,,1.1958750512206069
1338,0,0,0,0,1,0,0,151.23457261917952,-52.65566137123117,-133.33556184628296,-0.8765972135698712,,0,29961.238286362495,,1.1830302048774142
1339,0,0,0,0,1,0,0,151.45737007389133,-52.763575066645906,-133.67096251271508,-0.8784618477861422,,0,29961.238286362495,,1.1701853585342215
1340,0,0,0,0,1,0,0,151.67996151938763,-52.87088615873148,-134.00772065799117,-0.8803114932564206,,0,29961.238286362495,,1.1573405121910287
1341,0,0,0,0,1,0,0,151.90234158477787,-52.977588494619376,-134.34584104172484,-0.8821461147661221,,0,29961.238286362495,,1.144495665847836
1342,0,0,0,0,1,0,0,152.12450473763084,-53.083675889155714,-134.6853282734092,-0.8839656773866978,,0,29961.238286362495,,1.1316508195046433
1343,0,0,0,0,1,0,0,152.34644527788217,-53.18914212543847,-135.02618680754753,-0.8857701464762987,,0,29961.238286362495,,1.1188059731614506
1344,0,0,0,0,1,0,0,152.56815733147798,-53.29398095538289,-135.36842093872076,-0.8875594876804345,,0,29961.238286362495,,1.1059611268182579
1345,0,0,0,0,1,0,0,152.78963484374034,-53.39818610031516,-135.71203479659354,-0.889333666932627,,0,29961.238286362495,,1.0931162804750651
1346,0,0,0,0,1,0,0,153.01087157244322,-53.50175125159555,-136.05703234086124,-0.8910926504550615,,0,29961.238286362495,,1.0802714341318724
1347,0,0,0,0,1,0,0,153.2318610805826,-53.60467007127104,-136.40341735613896,-0.8928364047592272,,0,29961.238286362495,,1.0674265877886797
1348,0,0,0,0,1,0,0,153.45259672882727,-53.70693619275804,-136.75119344679504,-0.8945648966465555,,0,29961.238286362495,,1.054581741445487
1349,0,0,0,0,1,0,0,153.67307166763436,-53.80854322155626,-137.10036403173217,-0.8962780932090528,,0,29961.238286362495,,1.0417368951022943
1350,0,0,0,0,1,0,0,153.89327882901273,-53.90948473599316,-137.45093233911723,-0.897975961829925,,0,29961.238286362495,,1.0288920487591016
1351,0,0,0,0,1,0,0,154.11321091791814,-54.0097542880009,-137.8029014010641,-0.8996584701842028,,0,29961.238286362495,,1.0160472024159088
1352,0,0,0,0,1,0,0,154.33286040325953,-54.10934540392486,-138.15627404827,-0.9013255862393507,,0,29961.238286362495,,1.0032023560727161
1353,0,0,0,0,0.57,0,0,154.55221950850088,-54.20825158536544,-138.51105290461126,-0.9029772782558828,,0,29961.238286362495,,1.0011075097295234
1354,0,0,0,0,0.58,0,0,154.77128020183505,-54.30646631005264,-138.86724038169882,-0.9046135147879641,,0,29961.238286362495,,0.9987626633863308
1355,0,0,0,0,0.63,0,0,154.99003418591062,-54.40398303275465,-139.2248386733987,-0.9062342646840095,,0,29961.238286362495,,0.9951678170431382
1356,0,0,0,0,0.63,0,0,155.2084728870891,-54.50079518622017,-139.58384975032,-0.9078394970872771,,0,29961.238286362495,,0.9915729706999455
1357,0,0,0,0,0.47,0,0,155.42658744420834,-54.59689618215551,-139.94427535427468,-0.909429181436456,,0,29961.238286362495,,0.9919781243567529
1358,0,0,0,0,0.74,0,0,155.644368696829,-54.692279412236616,-140.30611699271202,-0.9110032874662474,,0,29961.238286362495,,0.9856332780135603
1359,0,0,0,0,0.71,0,0,155.8618071729371,-54.78693824915608,-140.66937593313347,-0.912561785207942,,0,29961.238286362495,,0.9800384316703676
1360,0,0,0,0,0.74,0,0,156.0788930760761,-54.88086604770606,-141.03405319748987,-0.9141046449899889,,0,29961.238286362495,,0.973693585327175
1361,0,0,0,0,0.77,0,0,156.29561627188056,-54.97405614589721,-141.40014955656775,-0.9156318374385618,,0,29961.238286362495,,0.9665987389839823
1362,0,0,0,0,0.64,0,0,156.51196627398068,-55.06650186611371,-141.76766552436763,-0.9171433334781184,,0,29961.238286362495,,0.9627538926407896
1363,0,0,0,0,0.64,0,0,156.72793222924733,-55.158196516304855,-142.1366013524797,-0.9186391043319523,,0,29961.238286362495,,0.9589090462975969
1364,0,0,0,0,0.63,0,0,156.94350290234433,-55.249133391213725,-142.5069570244624,-0.9201191215227432,,0,29961.238286362495,,0.9553141999544043
1365,0,0,0,0,0.64,0,0,157.15866665955366,-55.33930577364254,-142.87873225022753,-0.9215833568730964,,0,29961.238286362495,,0.9514693536112115
1366,0,0,0,0,0.51,0,0,157.37341145183834,-55.42870693575562,-143.25192646043968,-0.923031782506082,,0,29961.238286362495,,0.9508745072680189
1367,0,0,0,0,0.51,0,0,157.5877247971044,-55.51733014041941,-143.6265388009325,-0.9244643708457638,,0,29961.238286362495,,0.9502796609248263
1368,0,0,0,0,0.89,0,0,157.80159376162325,-55.60516864258016,-144.00256812715043,-0.9258810946177245,,0,29961.238286362495,,0.9401848145816336
1369,0,0,0,0,0.85,0,0,158.0150049405734,-55.69221569067936,-144.38001299861978,-0.9272819268495859,,0,29961.238286362495,,0.9310899682384409
1370,0,0,0,0,0.85,0,0,158.22794443765838,-55.778464528106554,-144.75887167345627,-0.9286668408715214,,0,29961.238286362495,,0.9219951218952482
1371,0,0,0,0,0.84,0,0,158.44039784375641,-55.86390839469006,-145.13914210291503,-0.9300358103167649,,0,29961.238286362495,,0.9131502755520555
1372,0,0,0,0,0.84,0,0,158.65235021455487,-55.9485405282252,-145.52082192598914,-0.9313888091221105,,0,29961.238286362495,,0.9043054292088628
1373,0,0,0,0,0.84,0,0,158.8637860471222,-56.032354166040264,-145.90390846406433,-0.9327258115284119,,0,29961.238286362495,,0.8954605828656701
1374,0,0,0,0,0.84,0,0,159.07468925536534,-56.115342546599706,-146.28839871563576,-0.9340467920810707,,0,29961.238286362495,,0.8866157365224774
1375,0,0,0,0,0.85,0,0,159.28504314432215,-56.197498911144955,-146.67428935109368,-0.935351725630521,,0,29961.238286362495,,0.8775208901792847
1376,0,0,0,0,0.84,0,0,159.4948303832338,-56.27881650537196,-147.06157670758603,-0.9366405873327088,,0,29961.238286362495,,0.868676043836092
1377,0,0,0,0,0.84,0,0,159.70403297734234,-56.359288581146004,-147.45025678396487,-0.9379133526495658,,0,29961.238286362495,,0.8598311974928993
1378,0,0,0,0,0.77,0,0,159.91263223835495,-56.43890839825271,-147.84032523582297,-0.9391699973494743,,0,29961.238286362495,,0.8527363511497066
1379,0,0,0,0,0.78,0,0,160.12060875351744,-56.51766922618541,-148.23177737063045,-0.9404104975077313,,0,29961.238286362495,,0.8453915048065139
1380,0,0,0,0,0.79,0,0,160.32794235323462,-56.595564345968306,-148.62460814297606,-0.9416348295070015,,0,29961.238286362495,,0.8377966584633213
1381,0,0,0,0,0.79,0,0,160.5346120771786,-56.672587052015004,-149.01881214992432,-0.9428429700377687,,0,29961.238286362495,,0.8302018121201287
1382,0,0,0,0,0.76,0,0,160.74059613881928,-56.74873065402159,-149.4143836264934,-0.9440348960987787,,0,29961.238286362495,,0.823356965776936
1383,0,0,0,0,0.73,0,0,160.94587188831687,-56.82398847889436,-149.8113164412635,-0.9452105849974769,,0,29961.238286362495,,0.8172621194337433
1384,0,0,0,0,0.74,0,0,161.15041577371002,-56.898353872710835,-150.2096040921237,-0.946370014350442,,0,29961.238286362495,,0.8109172730905506
1385,0,0,0,0,1,0,0,161.35420330033804,-56.97182020271388,-150.6092397021644,-0.9475131620838101,,0,29961.238286362495,,0.798072426747358
1386,0,0,0,0,1,0,0,161.55720898843254,-57.04438085933793,-151.01021601572486,-0.9486400064336964,,0,29961.238286362495,,0.7852275804041654
1387,0,0,0,0,1,0,0,161.75940632881776,-57.11602925826661,-151.41252539460328,-0.9497505259466085,,0,29961.238286362495,,0.7723827340609728
1388,0,0,0,0,1,0,0,161.960767736659,-57.186758842520824,-151.81615981443846,-0.9508446994798558,,0,29961.238286362495,,0.7595378877177802
1389,0,0,0,0,1,0,0,162.1612645032014,-57.25656308457659,-152.2211108612702,-0.9519225062019515,,0,29961.238286362495,,0.7466930413745876
1390,0,0,0,0,1,0,0,162.36086674544669,-57.32543548851117,-152.6273697282885,-0.9529839255930093,,0,29961.238286362495,,0.733848195031395
1391,0,0,0,0,0.58,0,0,162.55954335371757,-57.39336959217696,-153.03492721277806,-0.9540289374451335,,0,29961.238286362495,,0.7315033486882023
1392,0,0,0,0,0.59,0,0,162.7572619370682,-57.46035896940178,-153.4437737132683,-0.9550575218628057,,0,29961.238286362495,,0.7289085023450097
1393,0,0,0,0,0.59,0,0,162.95398876650466,-57.52639723221426,-153.8538992268951,-0.9560696592632604,,0,29961.238286362495,,0.7263136560018171
1394,0,0,0,0,0.56,0,0,163.1496887159907,-57.59147803309336,-154.2652933469848,-0.9570653303768609,,0,29961.238286362495,,0.7244688096586244
1395,0,0,0,0,0.58,0,0,163.34432520122286,-57.655595067240405,-154.67794526086618,-0.9580445162474641,,0,29961.238286362495,,0.7221239633154317
1396,0,0,0,0,0.62,0,0,163.53786011617632,-57.71874207487264,-155.09184374792105,-0.9590071982327829,,0,29961.238286362495,,0.7187791169722391
1397,0,0,0,0,0.42,0,0,163.7302537674338,-57.78091284353643,-155.5069771778787,-0.9599533580047399,,0,29961.238286362495,,0.7204342706290464
1398,0,0,0,0,0.36,0,0,163.92146480633474,-57.8421012104391,-155.92333350936445,-0.9608829775498167,,0,29961.238286362495,,0.7235894242858537
1399,0,0,0,0,0.37,0,0,164.11145015899956,-57.90230106479715,-156.34090028870833,-0.9617960391693972,,0,29961.238286362495,,0.726494577942661
1400,0,0,0,0,0.37,0,0,164.3001649543121,-57.96150635020023,-156.759664649022,-0.9626925254801042,,0,29961.238286362495,,0.7293997315994684
1401,0,0,0,0,0.35,0,0,164.4875624499735,-58.01971106698817,-157.17961330955146,-0.963572419414131,,0,29961.238286362495,,0.7328048852562757
1402,0,0,0,0,0.35,0,0,164.6735939567736,-58.07690927463991,-157.60073257531184,-0.9644357042195651,,0,29961.238286362495,,0.7362100389130831
1403,0,0,0,0,0.32,0,0,164.85820876126851,-58.13309509417253,-158.02300833701182,-0.9652823634607084,,0,29961.238286362495,,0.7403651925698904
1404,0,0,0,0,0.33,0,0,165.04135404709544,-58.18826271054823,-158.44642607127406,-0.9661123810183893,,0,29961.238286362495,,0.7442703462266977
1405,0,0,0,0,0.34,0,0,165.22297481520894,-58.24240637508746,-158.87097084115803,-0.9669257410902699,,0,29961.238286362495,,0.7479254998835051
1406,0,0,0,0,0.34,0,0,165.40301380338087,-58.29552040788667,-159.29662729699066,-0.9677224281911467,,0,29961.238286362495,,0.7515806535403124
1407,0,0,0,0,0.29,0,0,165.58141140537063,-58.347599200237624,-159.7233796775117,-0.9685024271532463,,0,29961.238286362495,,0.7564858071971198
1408,0,0,0,0,0.29,0,0,165.75810559024603,-58.39863721704752,-160.15121181133762,-0.969265723126512,,0,29961.238286362495,,0.7613909608539271
1409,0,0,0,0,0.34,0,0,165.93303182241726,-58.44862899925681,-160.58010711875085,-0.9700123015788896,,0,29961.238286362495,,0.7650461145107345
1410,0,0,0,0,0.33,0,0,166.1061229830338,-58.497569166252916,-161.01004861381682,-0.9707421482966008,,0,29961.238286362495,,0.7689512681675418
1411,0,0,0,0,0.32,0,0,166.2773092934972,-58.545452418277726,-161.4410189068354,-0.9714552493844165,,0,29961.238286362495,,0.7731064218243491
1412,0,0,0,0,0.32,0,0,166.44651824194716,-58.59227353882649,-161.87300020712837,-0.9721515912659199,,0,29961.238286362495,,0.7772615754811564
1413,0,0,0,0,0.34,0,0,166.61367451369887,-58.63802739703604,-162.30597432616767,-0.9728311606837651,,0,29961.238286362495,,0.7809167291379637
1414,0,0,0,0,0.34,0,0,166.77869992673556,-58.682708950059556,-162.7399226810469,-0.9734939446999302,,0,29961.238286362495,,0.7845718827947711
1415,0,0,0,0,0.34,0,0,166.94151337349552,-58.72631324542624,-163.17482629829843,-0.9741399306959628,,0,29961.238286362495,,0.7882270364515784
1416,0,0,0,0,0.36,0,0,167.10203077033793,-58.768835423383,-163.610665818058,-0.9747691063732208,,0,29961.238286362495,,0.7913821901083857
1417,0,0,0,0,0.37,0,0,167.2601650162213,-58.81027071921589,-164.04742149857879,-0.9753814597531062,,0,29961.238286362495,,0.794287343765193
1418,0,0,0,0,0.43,0,0,167.4158259622846,-58.85061446554904,-164.4850732210947,-0.9759769791772933,,0,29961.238286362495,,0.7956924974220004
1419,0,0,0,0,0.43,0,0,167.5689203941802,-58.889862094618564,-164.92360049503483,-0.9765556533079506,,0,29961.238286362495,,0.7970976510788078
1420,0,0,0,0,0.46,0,0,167.71935202916433,-58.928009140519,-165.36298246358766,-0.977117471127957,,0,29961.238286362495,,0.7977528047356152
1421,0,0,0,0,0.45,0,0,167.86702153010773,-58.965051241419864,-165.80319790961457,-0.977662421941111,,0,29961.238286362495,,0.7986579583924225
1422,0,0,0,0,0.44,0,0,168.01182653873164,-59.00098414174993,-166.24422526191205,-0.9781904953723346,,0,29961.238286362495,,0.7998131120492298
1423,0,0,0,0,0.43,0,0,168.1536617305091,-59.035803694346804,-166.6860426018191,-0.9787016813678706,,0,29961.238286362495,,0.8012182657060372
1424,0,0,0,0,0.41,0,0,168.2924188937796,-59.06950586256925,-167.12862767017018,-0.9791959701954751,,0,29961.238286362495,,0.8031234193628445
1425,0,0,0,0,0.41,0,0,168.427987035707,-59.102086722370025,-167.57195787458681,-0.9796733524446009,,0,29961.238286362495,,0.8050285730196518
1426,0,0,0,0,0.47,0,0,168.56025251775833,-59.13354246432676,-168.01601029710815,-0.9801338190265783,,0,29961.238286362495,,0.8054337266764592
1427,0,0,0,0,0.5,0,0,168.68909922337525,-59.16386939562843,-168.46076170215298,-0.980577361174787,,0,29961.238286362495,,0.8050888803332665
1428,0,0,0,0,0.5,0,0,168.81440876045417,-59.19306394201515,-168.90618854481065,-0.9810039704448241,,0,29961.238286362495,,0.8047440339900739
1429,0,0,0,0,0.53,0,0,168.93606070112293,-59.22112264966896,-169.3522669794541,-0.9814136387146644,,0,29961.238286362495,,0.8036491876468812
1430,0,0,0,0,0.53,0,0,169.0539328610951,-59.24804218705346,-169.79897286866924,-0.9818063581848138,,0,29961.238286362495,,0.8025543413036885
1431,0,0,0,0,0.53,0,0,169.1679016205911,-59.27381934669964,-170.2462817924945,-0.9821821213784602,,0,29961.238286362495,,0.8014594949604958
1432,0,0,0,0,0.6,0,0,169.27784228841662,-59.29845104693618,-170.69416905796274,-0.9825409211416137,,0,29961.238286362495,,0.7986146486173031
1433,0,0,0,0,0.48,0,0,169.38362951028915,-59.32193433356175,-171.14260970893787,-0.9828827506432446,,0,29961.238286362495,,0.7987698022741104
1434,0,0,0,0,0.48,0,0,169.485137721888,-59.344266381457466,-171.59157853623773,-0.9832076033754114,,0,29961.238286362495,,0.7989249559309177
1435,0,0,0,0,0.5,0,0,169.58224164637085,-59.36544449613708,-172.0410500880347,-0.9835154731533865,,0,29961.238286362495,,0.7985801095877251
1436,0,0,0,0,0.52,0,0,169.6748168352557,-59.385466115233505,-172.49099868052355,-0.9838063541157731,,0,29961.238286362495,,0.7977352632445324
1437,0,0,0,0,0.46,0,0,169.76274025061576,-59.40432880991913,-172.94139840884782,-0.9840802407246169,,0,29961.238286362495,,0.7983904169013397
1438,0,0,0,0,0.48,0,0,169.84589088548958,-59.422030286258405,-173.3922231582721,-0.9843371277655119,,0,29961.238286362495,,0.798545570558147
1439,0,0,0,0,0.48,0,0,169.92415041828824,-59.438568386491305,-173.84344661559217,-0.984577010347699,,0,29961.238286362495,,0.7987007242149543
1440,0,0,0,0,0.46,0,0,169.99740389582004,-59.453941090245124,-174.29504228076775,-0.9847998839041594,,0,29961.238286362495,,0.7993558778717617
