Simulation results - aggregated,,,,,,,,,,,,,,,,,,,,,,,,,,
Date,Time,Occupancy (normalised),Activity (normalised),Total electricity demand,Total PV output,Total net electricity demand,Thermal demand for space heating,Thermal demand for hot water,Passive solar gains,Average internal building node temperature,Hot water demand (litres),Average hot water temperature in hot water tank,Space heating timer state (normalised),Space heating thermostat state (normalised),Hot water timer state (normalised),Hot water thermostat state (normalised),Fuel flow rate (gas),Solar thermal collector gains,Self-consumption,Average hot water demand,Average gas demand,Space cooling timer state (normalised),Space cooling thermostat state (normalised),Average heating thermostat set point,Average cooling thermostat set point,Electricity used in heating or cooling
,,,,Pe,Ppv,Pnet,φspace,φwater,φs,θi,,θcyl,,,,,mfuel,,Pself,,,,,,,
,,,,kW,kW,kW,kW,kW,W,°C,ltr.min-1,°C,,,,,m3/h,kW,kW,ltr.min-1,m3/h,,,°C,°C,kW
,0,0.8,0.2,0.439,0,0.439,0,0,0,19.311839821481602,0,60.9005293087537,0,1,0,0,0,0,0,0,0,0,0.2,,,
,0.0006944444444444445,0.8,0.2,0.439,0,0.439,0,0,0,19.23158700619955,0,60.89339981912731,0,1,0,0,0,0,0,0,0,0,0.2,,,
,0.001388888888888889,0.8,0.2,0.46,0,0.46,0,0,0,19.154211480209757,3,60.64046939830977,0,1,0,0,0,0,0,0.6,0,0,0.2,,,
,0.0020833333333333333,0.8,0.2,0.727,0,0.727,0,0,0,19.085914430712677,0,60.633357468380964,0,1,0,0,0,0,0,0,0,0,0.2,,,
,0.002777777777777778,0.8,0.2,0.727,0,0.727,0,0,0,19.020598201587084,0,60.6262350495745,0,1,0,0,0,0,0,0,0,0,0.2,,,
,0.003472222222222222,0.8,0.2,0.567,0,0.567,0,0,0,18.95387575199914,0,60.61910265468627,0,1,0,0,0,0,0,0,0,0,0.2,,,
,0.004166666666666667,0.8,0.2,0.532,0,0.532,0,0,0,18.889683594345712,0,60.61196004436009,0,0.6,0,0,0,0,0,0,0,0,0.2,,,
,0.004861111111111111,0.8,0.2,0.532,0,0.532,0,0,0,18.828188522353603,0,60.60480765411152,0,0.4,0,0,0,0,0,0,0,0,0.2,,,
,0.005555555555555556,0.8,0.2,0.532,0,0.532,0,0,0,18.769205857211414,0,60.59764594797465,0,0.4,0,0,0,0,0,0,0,0,0.2,,,
,0.00625,0.8,0.2,0.632,0,0.632,0,0,0,18.713234709741815,0,60.5904753582448,0,0.4,0,0,0,0,0,0,0,0,0.2,,,
,0.006944444444444444,0.8,0.13333333333333333,0.301,0,0.301,0,0,0,18.6548000711974,0,60.58329640270506,0,0.4,0,0,0,0,0,0,0,0,0.2,,,
,0.007638888888888889,0.8,0.13333333333333333,0.301,0,0.301,0,0,0,18.598639671998654,0,60.576108660476805,0,0.4,0,0,0,0,0,0,0,0,0.2,,,
,0.008333333333333333,0.8,0.13333333333333333,0.341,0,0.341,0,0,0,18.545507249740233,0,60.56891252293592,0,0.2,0,0,0,0,0,0,0,0,0.2,,,
,0.009027777777777777,0.8,0.13333333333333333,0.341,0,0.341,0,0,0,18.49425473695675,0,60.561708510603374,0,0.2,0,0,0,0,0,0,0,0,0.2,,,
,0.009722222222222222,0.8,0.13333333333333333,0.341,0,0.341,0,0,0,18.444775495322766,0,60.554496947099324,0,0,0,0,0,0,0,0,0,0,0.2,,,
,0.010416666666666666,0.8,0.13333333333333333,0.416,0,0.416,0,0,0,18.398786223872072,0,60.547278137707586,0,0,0,0,0,0,0,0,0,0,0.2,,,
,0.011111111111111112,0.8,0.13333333333333333,0.416,0,0.416,0,0,0,18.354271614007995,0,60.54005268195093,0,0,0,0,0,0,0,0,0,0,0.2,,,
,0.011805555555555555,0.8,0.13333333333333333,0.416,0,0.416,0,0,0,18.31116175122154,0,60.53282083376784,0,0,0,0,0,0,0,0,0,0,0.2,,,
,0.0125,0.8,0.13333333333333333,0.416,0,0.416,0,0,0,18.269369916899812,0,60.525582835067986,0,0,0,0,0,0,0,0,0,0,0.2,,,
,0.013194444444444444,0.8,0.13333333333333333,0.416,0,0.416,0,0,0,18.228815696993944,0,60.51833891285344,0,0,0,0,0,0,0,0,0,0,0.2,,,
,0.013888888888888888,0.8,0.13333333333333333,0.416,0,0.416,0,0,0,18.18942425476125,0,60.51108928030216,0,0,0,0,0,0,0,0,0,0,0.2,,,
,0.014583333333333334,0.8,0.13333333333333333,0.476,0,0.476,0,0,0,18.152483258329227,0,60.503834137726344,0,0,0,0,0,0,0,0,0,0,0.2,,,
,0.015277777777777777,0.8,0.13333333333333333,0.476,0,0.476,0,0,0,18.116486095149448,0,60.49657390614702,0,0,0,0,0,0,0,0,0,0,0.2,,,
,0.01597222222222222,0.8,0.13333333333333333,0.516,0,0.516,0,0,0,18.08230349079152,0,60.48930874823657,0,0,0,0,0,0,0,0,0,0,0.2,,,
,0.016666666666666666,0.8,0.13333333333333333,0.376,0,0.376,0,0,0,18.045687958595373,0,60.48203897590672,0,0,0,0,0,0,0,0,0,0,0.2,,,
,0.017361111111111112,0.8,0.13333333333333333,0.475,0,0.475,0,0,0,18.012267629270518,0,60.474764172875176,0,0,0,0,0,0,0,0,0,0,0.2,,,
,0.018055555555555554,0.8,0.13333333333333333,0.4,0,0.4,0,0,0,17.977767023637547,0,60.46748488775343,0,0,0,0,0,0,0,0,0,0,0.2,,,
,0.01875,0.8,0.13333333333333333,0.52,0,0.52,0,0,0,17.946909230306495,0,60.46020093611956,0,0,0,0,0,0,0,0,0,0,0.2,,,
,0.019444444444444445,0.8,0.13333333333333333,0.52,0,0.52,0,0,0,17.91666102770489,0,60.452912943255726,0,0,0,0,0,0,0,0,0,0,0.2,,,
,0.02013888888888889,0.8,0.13333333333333333,0.52,0,0.52,0,0,0,17.887020436929316,0,60.445621014355915,0,0,0,0,0,0,0,0,0,0,0.2,,,
,0.020833333333333332,0.8,0.13333333333333333,0.52,0,0.52,0,0,0,17.85796674303186,0,60.43832525425692,0,0,0,0,0,0,0,0,0,0,0.2,,,
,0.021527777777777778,0.8,0.13333333333333333,0.709,0,0.709,0,0,0,17.83432456758046,0,60.43102576422642,0,0,0,0,0,0,0,0,0,0,0.2,,,
,0.022222222222222223,0.8,0.13333333333333333,0.709,0,0.709,0,0,0,17.810917829007735,0,60.42372347259271,0,0,0,0,0,0,0,0,0,0,0.2,,,
,0.022916666666666665,0.8,0.13333333333333333,0.709,0,0.709,0,0,0,17.787792840695783,0,60.41641842019667,0,0,0,0,0,0,0,0,0,0,0.2,,,
,0.02361111111111111,0.8,0.13333333333333333,3.191,0,3.191,0,0,0,17.82539379794146,0,60.40911065581162,0,0,0,0,0,0,0,0,0,0,0.2,,,
,0.024305555555555556,0.8,0.13333333333333333,3.548,0,3.548,0,0,0,17.869151153494514,0,60.40181059006456,0,0,0,0,0,0,0,0,0,0,0.2,,,
,0.025,0.8,0.13333333333333333,3.817,0,3.817,0,0,0,17.91686690063289,0,60.39451927701829,0,0.4,0,0,0,0,0,0,0,0,0.2,,,
,0.025694444444444443,0.8,0.13333333333333333,1.347,0,1.347,0,0,0,17.90208511449496,0,60.387237393753765,0,0.6,0,0,0,0,0,0,0,0,0.2,,,
,0.02638888888888889,0.8,0.13333333333333333,1.347,0,1.347,0,0,0,17.887992423460283,0,60.379954224791604,0,0.6,0,0,0,0,0,0,0,0,0.2,,,
,0.027083333333333334,0.8,0.13333333333333333,1.051,0,1.051,0,0,0,17.86662161791145,0,60.372669888482804,0,0.6,0,0,0,0,0,0,0,0,0.2,,,
,0.027777777777777776,0.8,0.06666666666666667,0.59,0,0.59,0,0,0,17.83335532949409,0,60.365383137350705,0,0.6,0,0,0,0,0,0,0,0,0.2,,,
,0.02847222222222222,0.8,0.06666666666666667,0.59,0,0.59,0,0,0,17.800974783797674,0,60.35809193258363,0,0.6,0,0,0,0,0,0,0,0,0.2,,,
,0.029166666666666667,0.8,0.06666666666666667,0.859,0,0.859,0,0,0,17.77534761961089,0,60.3507964267867,0,0.8,0,0,0,0,0,0,0,0,0.2,,,
,0.029861111111111113,0.8,0.06666666666666667,0.859,0,0.859,0,0,0,17.749984545048967,0,60.34349777841976,0,0.8,0,0,0,0,0,0,0,0,0.2,,,
,0.030555555555555555,0.8,0.06666666666666667,0.859,0,0.859,0,0,0,17.724979956224832,0,60.33619603329405,0,1,0,0,0,0,0,0,0,0,0.2,,,
,0.03125,0.8,0.06666666666666667,0.859,0,0.859,0,0,0,17.70031930180038,0,60.32889125339513,0,1,0,0,0,0,0,0,0,0,0.2,,,
,0.03194444444444444,0.8,0.06666666666666667,0.919,0,0.919,0,0,0,17.67734556961591,0,60.32158349820342,0,1,0,0,0,0,0,0,0,0,0.2,,,
,0.03263888888888889,0.8,0.06666666666666667,0.859,0,0.859,0,0,0,17.65324980637157,0,60.31427305741566,0,1,0,0,0,0,0,0,0,0,0.2,,,
,0.03333333333333333,0.8,0.06666666666666667,0.859,0,0.859,0,0,0,17.629487324646497,0,60.30695973914404,0,1,0,0,0,0,0,0,0,0,0.2,,,
,0.034027777777777775,0.8,0.06666666666666667,0.859,0,0.859,0,0,0,17.60602318648524,0,60.29964360101584,0,1,0,0,0,0,0,0,0,0,0.2,,,
,0.034722222222222224,0.8,0.06666666666666667,0.59,0,0.59,0,0,0,17.576762840177672,0,60.292324694659065,0,1,0,0,0,0,0,0,0,0,0.2,,,
,0.035416666666666666,0.8,0.06666666666666667,0.766,0,0.766,0,0,0,17.55213582622908,0,60.28500202691259,0,1,0,0,0,0,0,0,0,0,0.2,,,
,0.03611111111111111,0.8,0.06666666666666667,0.766,0,0.766,0,0,0,17.52778065285417,0,60.27767639270676,0,1,0,0,0,0,0,0,0,0,0.2,,,
,0.03680555555555556,0.8,0.06666666666666667,0.577,0,0.577,0,0,0,17.49891385312031,0,60.27034783915135,0,1,0,0,0,0,0,0,0,0,0.2,,,
,0.0375,0.8,0.06666666666666667,0.846,0,0.846,0,0,0,17.4767427845403,0,60.263015593325164,0,1,0,0,0,0,0,0,0,0,0.2,,,
,0.03819444444444445,0.8,0.06666666666666667,0.846,0,0.846,0,0,0,17.454703466272953,0,60.25568080370082,0,1,0,0,0,0,0,0,0,0,0.2,,,
,0.03888888888888889,0.8,0.06666666666666667,0.906,0,0.906,0,0,0,17.434252362040773,0,60.24834349330011,0,1,0,0,0,0,0,0,0,0,0.2,,,
,0.03958333333333333,0.8,0.06666666666666667,1.131,0,1.131,0,0,0,17.419030323903193,0,60.24100393482047,0,1,0,0,0,0,0,0,0,0,0.2,,,
,0.04027777777777778,0.8,0.06666666666666667,0.862,0,0.862,0,0,0,17.397574210760236,0,60.23366302505859,0,1,0,0,0,0,0,0,0,0,0.2,,,
,0.04097222222222222,0.8,0.06666666666666667,0.983,0,0.983,0,0,0,17.379511361186392,0,60.22631969554758,0,1,0,0,0,0,0,0,0,0,0.2,,,
,0.041666666666666664,0.8,0,0.714,0,0.714,0,0,0,17.35396961593227,0,60.218974528404544,0,1,0,0,0,0,0,0,0,0,0.2,,,
,0.04236111111111111,0.8,0,0.825,0,0.825,0,0,0,17.331682804494125,0,60.211626241848116,0,1,0,0,0,0,0,0,0,0,0.2,,,
,0.043055555555555555,0.8,0,0.825,0,0.825,0,0,0,17.30967367581379,0,60.20427539440171,0,1,0,0,0,0,0,0,0,0,0.2,,,
,0.04375,0.8,0,0.825,0,0.825,0,0,0,17.28796523797187,0,60.19692203410709,0,1,0,0,0,0,0,0,0,0,0.2,,,
,0.044444444444444446,0.8,0,0.825,0,0.825,0,0,0,17.266545362993405,0,60.18956621294204,0,1,0,0,0,0,0,0,0,0,0.2,,,
,0.04513888888888889,0.8,0,1.032,0,1.032,0,0,0,17.247826106704785,0,60.18220798079633,0,1,0,0,0,0,0,0,0,0,0.2,,,
,0.04583333333333333,0.8,0,1.032,0,1.032,0,0,0,17.229240237215645,0,60.174847801046496,0,1,0,0,0,0,0,0,0,0,0.2,,,
,0.04652777777777778,0.8,0,1.032,0,1.032,0,0,0,17.210824298513824,0,60.1674856968927,0,1,0,0,0,0,0,0,0,0,0.2,,,
,0.04722222222222222,0.8,0,1.032,0,1.032,0,0,0,17.192570962774987,0,60.16012169779583,0,1,0,0,0,0,0,0,0,0,0.2,,,
,0.04791666666666667,0.8,0,1.032,0,1.032,0,0,0,17.17447398506051,0,60.15275583195554,0,1,0,0,0,0,0,0,0,0,0.2,,,
,0.04861111111111111,0.8,0,1.032,0,1.032,0,0,0,17.15652892141851,0,60.14538812649607,0,1,0,0,0,0,0,0,0,0,0.2,,,
,0.049305555555555554,0.8,0,1.032,0,1.032,0,0,0,17.138732278634308,0,60.1380186077752,0,1,0,0,0,0,0,0,0,0,0.2,,,
,0.05,0.8,0,1.032,0,1.032,0,0,0,17.121032916467357,0,60.130647301547356,0,1,0,0,0,0,0,0,0,0,0.2,,,
,0.050694444444444445,0.8,0,0.856,0,0.856,0,0,0,17.099452937485744,0,60.123274224795615,0,1,0,0,0,0,0,0,0,0,0.2,,,
,0.05138888888888889,0.8,0,0.856,0,0.856,0,0,0,17.078216364380722,0,60.11589871257494,0,1,0,0,0,0,0,0,0,0,0.2,,,
,0.052083333333333336,0.8,0,0.892,0,0.892,0,0,0,17.056301186004152,0,60.10852082417239,0,1,0,0,0,0,0,0,0,0,0.2,,,
,0.05277777777777778,0.8,0,0.892,0,0.892,0,0,0,17.03471178492981,0,60.101140443663,0,1,0,0,0,0,0,0,0,0,0.2,,,
,0.05347222222222222,0.8,0,0.783,0,0.783,0,0,0,17.010620225514117,0,60.093757627321494,0,1,0,0,0,0,0,0,0,0,0.2,,,
,0.05416666666666667,0.8,0,0.893,0,0.893,0,0,0,16.98826419053174,0,60.086371946624034,0,1,0,0,0,0,0,0,0,0,0.2,,,
,0.05486111111111111,0.8,0,0.782,0,0.782,0,0,0,16.96351410492424,0,60.07898369958015,0,1,0,0,0,0,0,0,0,0,0.2,,,
,0.05555555555555555,0.8,0,0.782,0,0.782,0,0,0,16.939207854758532,0,60.071592476221056,0,1,0,0,0,0,0,0,0,0,0.2,,,
,0.05625,0.8,0,0.782,0,0.782,0,0,0,16.915285061553117,0,60.06419835314309,0,1,0,0,0,0,0,0,0,0,0.2,,,
,0.05694444444444444,0.8,0,0.782,0,0.782,0,0,0,16.891727692967514,0,60.05680139657883,0,1,0,0,0,0,0,0,0,0,0.2,,,
,0.05763888888888889,0.8,0,0.782,0,0.782,0,0,0,16.868523380235327,0,60.049401669658195,0,1,0,0,0,0,0,0,0,0,0.2,,,
,0.058333333333333334,0.8,0,0.782,0,0.782,0,0,0,16.845668584296465,0,60.04199923338001,0,1,0,0,0,0,0,0,0,0,0.2,,,
,0.059027777777777776,0.8,0,0.782,0,0.782,0,0,0,16.823147968401322,0,60.03459414812588,0,1,0,0,0,0,0,0,0,0,0.2,,,
,0.059722222222222225,0.8,0,0.782,0,0.782,0,0,0,16.800958504961812,0,60.02718647163793,0,1,0,0,0,0,0,0,0,0,0.2,,,
,0.06041666666666667,0.8,0,0.575,0,0.575,0,0,0,16.7766666380245,0,60.01977626112936,0,1,0,0,0,0,0,0,0,0,0.2,,,
,0.06111111111111111,0.8,0,0.575,0,0.575,0,0,0,16.75281350931956,0,60.01236315662254,0,1,0,0,0,0,0,0,0,0,0.2,,,
,0.06180555555555556,0.8,0,0.575,0,0.575,0,0,0,16.72933875799762,0,60.00494723382586,0,1,0,0,0,0,0,0,0,0,0.2,,,
,0.0625,0.8,0,0.575,0,0.575,0,0,0,16.706230144171137,0,59.997528558087154,0,1,0,0,0,0,0,0,0,0,0.2,,,
,0.06319444444444444,0.8,0,0.575,0,0.575,0,0,0,16.683474611593248,0,59.99010719264477,0,1,0,0,0,0,0,0,0,0,0.2,,,
,0.06388888888888888,0.8,0,0.575,0,0.575,0,0,0,16.66105613003307,0,59.982683198488004,0,1,0,0,0,0,0,0,0,0,0.2,,,
,0.06458333333333334,0.8,0,0.765,0,0.765,0,0,0,16.64453480891529,0,59.97525663384771,0,1,0,0,0,0,0,0,0,0,0.2,,,
,0.06527777777777778,0.8,0,0.765,0,0.765,0,0,0,16.627780615207175,0,59.96782851010629,0,1,0,0,0,0,0,0,0,0,0.2,,,
,0.06597222222222222,0.8,0,0.604,0,0.604,0,0,0,16.60910783054496,0,59.96039878761003,0,1,0,0,0,0,0,0,0,0,0.2,,,
,0.06666666666666667,0.8,0,0.494,0,0.494,0,0,0,16.58922517661894,0,59.952967137731676,0,1,0,0,0,0,0,0,0,0,0.2,,,
,0.06736111111111111,0.8,0,0.494,0,0.494,0,0,0,16.569468007728645,0,59.945533353395476,0,1,0,0,0,0,0,0,0,0,0.2,,,
,0.06805555555555555,0.8,0,0.494,0,0.494,0,0,0,16.54981928555664,0,59.93809745647908,0,1,0,0,0,0,0,0,0,0,0.2,,,
,0.06875,0.8,0,0.494,0,0.494,0,0,0,16.530285103505527,0,59.93065946593549,0,1,0,0,0,0,0,0,0,0,0.2,,,
,0.06944444444444445,0.8,0,0.494,0,0.494,0,0,0,16.510871000247295,0,59.92321940175907,0,1,0,0,0,0,0,0,0,0,0.2,,,
,0.07013888888888889,0.8,0,0.494,0,0.494,0,0,0,16.491580182446807,0,59.91577728489024,0,1,0,0,0,0,0,0,0,0,0.2,,,
,0.07083333333333333,0.8,0,0.494,0,0.494,0,0,0,16.47241670714936,0,59.90833313681553,0,1,0,0,0,0,0,0,0,0,0.2,,,
,0.07152777777777777,0.8,0,0.494,0,0.494,0,0,0,16.45338318403146,0,59.9008869797133,0,1,0,0,0,0,0,0,0,0,0.2,,,
,0.07222222222222222,0.8,0,0.494,0,0.494,0,0,0,16.43447943656499,0,59.893438836205476,0,1,0,0,0,0,0,0,0,0,0.2,,,
,0.07291666666666667,0.8,0,0.494,0,0.494,0,0,0,16.415706426618918,0,59.88598872887983,0,1,0,0,0,0,0,0,0,0,0.2,,,
,0.07361111111111111,0.8,0,0.494,0,0.494,0,0,0,16.39706541001261,0,59.87853668048515,0,1,0,0,0,0,0,0,0,0,0.2,,,
,0.07430555555555556,0.8,0,0.304,0,0.304,0,0,0,16.372982016737506,0,59.871082713981636,0,1,0,0,0,0,0,0,0,0,0.2,,,
,0.075,0.8,0,0.304,0,0.304,0,0,0,16.349572460943865,0,59.863625896719256,0,1,0,0,0,0,0,0,0,0,0.2,,,
,0.07569444444444444,0.8,0,0.526,0,0.526,0,0,0,16.33203893385049,0,59.85616634470169,0,1,0,0,0,0,0,0,0,0,0.2,,,
,0.0763888888888889,0.8,0,0.526,0,0.526,0,0,0,16.31469577879638,0,59.84870506571699,0,1,0,0,0,0,0,0,0,0,0.2,,,
,0.07708333333333334,0.8,0,0.526,0,0.526,0,0,0,16.297593641645115,0,59.84124209269637,0,1,0,0,0,0,0,0,0,0,0.2,,,
,0.07777777777777778,0.8,0,0.526,0,0.526,0,0,0,16.28071420613955,0,59.833777467247614,0,1,0,0,0,0,0,0,0,0,0.2,,,
,0.07847222222222222,0.8,0,0.526,0,0.526,0,0,0,16.264043629208103,0,59.82631122783143,0,1,0,0,0,0,0,0,0,0,0.2,,,
,0.07916666666666666,0.8,0,0.526,0,0.526,0,0,0,16.247568423703544,0,59.8188434105288,0,1,0,0,0,0,0,0,0,0,0.2,,,
,0.0798611111111111,0.8,0,0.526,0,0.526,0,0,0,16.231276966433377,0,59.8113740491025,0,1,0,0,0,0,0,0,0,0,0.2,,,
,0.08055555555555556,0.8,0,0.526,0,0.526,0,0,0,16.21515859271376,0,59.8039031753169,0,1,0,0,0,0,0,0,0,0,0.2,,,
,0.08125,0.8,0,0.526,0,0.526,0,0,0,16.199203532507852,0,59.796430819102724,0,1,0,0,0,0,0,0,0,0,0.2,,,
,0.08194444444444444,0.8,0,0.526,0,0.526,0,0,0,16.18340059336837,0,59.78895700871074,0,1,0,0,0,0,0,0,0,0,0.2,,,
,0.08263888888888889,0.8,0,0.526,0,0.526,0,0,0,16.16774022438732,0,59.78148177046811,0,1,0,0,0,0,0,0,0,0,0.2,,,
,0.08333333333333333,0.8,0,0.526,0,0.526,0,0,0,16.152214346541697,0,59.77400512906022,0,1,0,0,0,0,0,0,0,0,0.2,,,
,0.08402777777777778,0.8,0,0.526,0,0.526,0,0,0,16.136815514663,0,59.76652710778321,0,1,0,0,0,0,0,0,0,0,0.2,,,
,0.08472222222222223,0.8,0,0.526,0,0.526,0,0,0,16.121535385657737,0,59.75904772865296,0,1,0,0,0,0,0,0,0,0,0.2,,,
,0.08541666666666667,0.8,0,0.702,0,0.702,0,0,0,16.11034707444547,0,59.7515670122513,0,1,0,0,0,0,0,0,0,0,0.2,,,
,0.08611111111111111,0.8,0,0.702,0,0.702,0,0,0,16.09902031052424,0,59.74408566026197,0,1,0,0,0,0,0,0,0,0,0.2,,,
,0.08680555555555555,0.8,0,0.702,0,0.702,0,0,0,16.087628866189668,0,59.73660364905915,0,1,0,0,0,0,0,0,0,0,0.2,,,
,0.0875,0.8,0,0.702,0,0.702,0,0,0,16.07617595831011,0,59.729120967667804,0,1,0,0,0,0,0,0,0,0,0.2,,,
,0.08819444444444445,0.8,0,0.702,0,0.702,0,0,0,16.064665042889818,0,59.7216376056662,0,1,0,0,0,0,0,0,0,0,0.2,,,
,0.08888888888888889,0.8,0,0.702,0,0.702,0,0,0,16.053099448908213,0,59.714153553226865,0,1,0,0,0,0,0,0,0,0,0.2,,,
,0.08958333333333333,0.8,0,0.702,0,0.702,0,0,0,16.04148462034103,0,59.7066688010947,0,1,0,0,0,0,0,0,0,0,0.2,,,
,0.09027777777777778,0.8,0,0.702,0,0.702,0,0,0,16.02982423602316,0,59.699183340949425,0,1,0,0,0,0,0,0,0,0,0,,,
,0.09097222222222222,0.8,0,0.48,0,0.48,0,0,0,16.012712764193726,0,59.691697165102866,0,1,0,0,0,0,0,0,0,0,0,,,
,0.09166666666666666,0.8,0,0.48,0,0.48,0,0,0,15.99581459322477,0,59.68420933920557,0,1,0,0,0,0,0,0,0,0,0,,,
,0.09236111111111112,0.8,0,0.48,0,0.48,0,0,0,15.979056792579097,0,59.676719900106264,0,1,0,0,0,0,0,0,0,0,0,,,
,0.09305555555555556,0.8,0,0.48,0,0.48,0,0,0,15.962436416406778,0,59.66922887214497,0,1,0,0,0,0,0,0,0,0,0,,,
,0.09375,0.8,0,0.48,0,0.48,0,0,0,15.945949122375044,0,59.66173627915256,0,1,0,0,0,0,0,0,0,0,0,,,
,0.09444444444444444,0.8,0,0.48,0,0.48,0,0,0,15.929590811314636,0,59.6542421442114,0,1,0,0,0,0,0,0,0,0,0,,,
,0.09513888888888888,0.8,0,0.48,0,0.48,0,0,0,15.913357585525299,0,59.64674648969719,0,1,0,0,0,0,0,0,0,0,0,,,
,0.09583333333333334,0.8,0,0.48,0,0.48,0,0,0,15.8972427476439,0,59.639249337313615,0,1,0,0,0,0,0,0,0,0,0,,,
,0.09652777777777778,0.8,0,0.48,0,0.48,0,0,0,15.88124370551905,0,59.63175070761254,0,1,0,0,0,0,0,0,0,0,0,,,
,0.09722222222222222,0.8,0,0.48,0,0.48,0,0,0,15.865357159986072,0,59.624250620697886,0,1,0,0,0,0,0,0,0,0,0,,,
,0.09791666666666667,0.8,0,0.48,0,0.48,0,0,0,15.849583717628116,0,59.61674909610463,0,1,0,0,0,0,0,0,0,0,0,,,
,0.09861111111111111,0.8,0,0.48,0,0.48,0,0,0,15.833920150434793,0,59.60924615346831,0,1,0,0,0,0,0,0,0,0,0,,,
,0.09930555555555555,0.8,0,0.591,0,0.591,0,0,0,15.821068008982143,0,59.6017418118678,0,1,0,0,0,0,0,0,0,0,0,,,
,0.1,0.8,0,0.591,0,0.591,0,0,0,15.808194689766873,0,59.59423655350158,0,1,0,0,0,0,0,0,0,0,0,,,
,0.10069444444444445,0.8,0,0.415,0,0.415,0,0,0,15.791355439816794,0,59.586730374896376,0,1,0,0,0,0,0,0,0,0,0,,,
,0.10138888888888889,0.8,0,0.415,0,0.415,0,0,0,15.774778587063665,0,59.57922259633608,0,1,0,0,0,0,0,0,0,0,0,,,
,0.10208333333333333,0.8,0,0.604,0,0.604,0,0,0,15.763241530665022,0,59.57171326307734,0,1,0,0,0,0,0,0,0,0,0,,,
,0.10277777777777777,0.8,0,0.604,0,0.604,0,0,0,15.751597117855084,0,59.564203239351784,0,1,0,0,0,0,0,0,0,0,0,,,
,0.10347222222222222,0.8,0,0.765,0,0.765,0,0,0,15.741816248536841,0,59.55669250687381,0,1,0,0,0,0,0,0,0,0,0,,,
,0.10416666666666667,0.8,0,0.765,0,0.765,0,0,0,15.731914171406618,0,59.54918138522953,0,1,0,0,0,0,0,0,0,0,0,,,
,0.10486111111111111,0.8,0,0.765,0,0.765,0,0,0,15.721930747057808,0,59.54166985370716,0,1,0,0,0,0,0,0,0,0,0,,,
,0.10555555555555556,0.8,0,0.765,0,0.765,0,0,0,15.711870954975684,0,59.53415789843173,0,1,0,0,0,0,0,0,0,0,0,,,
,0.10625,0.8,0,0.765,0,0.765,0,0,0,15.701740062604319,0,59.526645506384284,0,1,0,0,0,0,0,0,0,0,0,,,
,0.10694444444444444,0.8,0,0.765,0,0.765,0,0,0,15.691543796595255,0,59.51913266545106,0,1,0,0,0,0,0,0,0,0,0,,,
,0.1076388888888889,0.8,0,0.765,0,0.765,0,0,0,15.68128757172999,0,59.511619364502124,0,1,0,0,0,0,0,0,0,0,0,,,
,0.10833333333333334,0.8,0,0.765,0,0.765,0,0,0,15.67097502928473,0,59.504105593337634,0,1,0,0,0,0,0,0,0,0,0,,,
,0.10902777777777778,0.8,0,0.765,0,0.765,0,0,0,15.660611883359687,0,59.496591342383795,0,1,0,0,0,0,0,0,0,0,0,,,
,0.10972222222222222,0.8,0,0.765,0,0.765,0,0,0,15.65020201584781,0,59.48907660304796,0,1,0,0,0,0,0,0,0,0,0,,,
,0.11041666666666666,0.8,0,0.765,0,0.765,0,0,0,15.639750630058742,0,59.481561367404446,0.2,1,0,0,0,0,0,0,0,0,0,,,
,0.1111111111111111,0.8,0,0.765,0,0.765,0,0,0,15.629260393207318,0,59.4740456284209,0.2,1,0,0,0,0,0,0,0,0,0,,,
,0.11180555555555556,0.8,0,0.654,0,0.654,0,0,0,15.616030818993186,0,59.46652937952344,0.2,1,0,0,0,0,0,0,0,0,0,,,
,0.1125,0.8,0,0.654,0,0.654,0,0,0,15.602895466186979,0,59.45901215119877,0.2,1,0,0,0,0,0,0,0,0,0,,,
,0.11319444444444444,0.8,0,0.654,0,0.654,0,0,0,15.589819159606757,0,59.45149395976706,0.2,1,0,0,0,0,0,0,0,0,0,,,
,0.11388888888888889,0.8,0,0.654,0,0.654,0,0,0,15.576800509548528,0,59.443974815515595,0.2,1,0,0,0,0,0,0,0,0,0,,,
,0.11458333333333333,0.8,0,0.654,0,0.654,0,0,0,15.563838541417294,0,59.43645472849172,0.2,1,0,0,0,0,0,0,0,0,0,,,
,0.11527777777777778,0.8,0,0.654,0,0.654,0,0,0,15.550930804725358,0,59.428933708573936,0.2,1,0,0,0,0,0,0,0,0,0,,,
,0.11597222222222223,0.8,0,0.654,0,0.654,0,0,0,15.538077216517053,0,59.421411765219,0.2,1,0,0,0,0,0,0,0,0,0,,,
,0.11666666666666667,0.8,0,0.844,0,0.844,0,0,0,15.53085060392333,0,59.41388890786779,0.2,1,0,0,0,0,0,0,0,0,0,,,
,0.11736111111111111,0.8,0,0.701,0,0.701,0,0,0,15.518817614182018,0,59.4063661013014,0.2,1,0,0,0,0,0,0,0,0,0,,,
,0.11805555555555555,0.8,0,0.701,0,0.701,0,0,0,15.506754655479984,0,59.39884252156075,0.2,1,0,0,0,0,0,0,0,0,0,,,
,0.11875,0.8,0,0.701,0,0.701,0,0,0,15.494600442330967,0,59.39131816364083,0.2,1,0,0,0,0,0,0,0,0,0,,,
,0.11944444444444445,0.8,0,0.701,0,0.701,0,0,0,15.482370968577996,0,59.38379301203147,0.2,1,0,0,0,0,0,0,0,0,0,,,
,0.12013888888888889,0.8,0,0.701,0,0.701,0,0,0,15.470078698231722,0,59.376267053966885,0.2,1,0,0,0,0,0,0,0,0,0,,,
,0.12083333333333333,0.8,0,0.701,0,0.701,0,0,0,15.457735580471702,0,59.36874027882019,0.2,1,0,0,0,0,0,0,0,0,0,,,
,0.12152777777777778,0.8,0,0.701,0,0.701,0,0,0,15.445352334255398,0,59.36121267801476,0.2,1,0,0,0,0,0,0,0,0,0,,,
,0.12222222222222222,0.8,0,0.701,0,0.701,0,0,0,15.432939325657676,0,59.353684244812975,0.2,1,0,0,0,0,0,0,0,0,0,,,
,0.12291666666666666,0.8,0,0.701,0,0.701,0,0,0,15.420504379791652,0,59.3461549742554,0.2,1,0,0,0,0,0,0,0,0,0,,,
,0.12361111111111112,0.8,0,0.811,0,0.811,0,0,0,15.40934326964261,0,59.33862486272492,0.2,1,0,0,0,0,0,0,0,0,0,,,
,0.12430555555555556,0.8,0,0.811,0,0.811,0,0,0,15.398105380170893,0,59.33109412873754,0.2,1,0,0,0,0,0,0,0,0,0,,,
,0.125,0.8,0,0.811,0,0.811,0,0,0,15.386821838585353,0,59.32356275923778,0.2,1,0,0,0,0,0,0,0,0,0,,,
,0.12569444444444444,0.8,0,0.811,0,0.811,0,0,0,15.375499903400751,0,59.31603074650853,0.2,1,0,0,0,0,0,0,0,0,0,,,
,0.12638888888888888,0.8,0,0.621,0,0.621,0,0,0,15.358572777533109,0,59.30849808407828,0.2,1,0,0,0,0,0,0,0,0,0,,,
,0.12708333333333333,0.8,0,0.621,0,0.621,0,0,0,15.34216309027498,0,59.30096381116859,0.2,1,0,0,0,0,0,0,0,0,0,,,
,0.12777777777777777,0.8,0,0.621,0,0.621,0,0,0,15.32606930596548,0,59.293428016759286,0.2,1,0,0,0,0,0,0,0,0,0,,,
,0.1284722222222222,0.8,0,0.843,0,0.843,0,0,0,15.315683194031681,0,59.28589075526601,0.2,1,0,0,0,0,0,0,0,0,0,,,
,0.12916666666666668,0.8,0,0.843,0,0.843,0,0,0,15.305322942501883,0,59.278353005398365,0.2,1,0,0,0,0,0,0,0,0,0,,,
,0.12986111111111112,0.8,0,0.843,0,0.843,0,0,0,15.295046389137202,0,59.270814771673294,0.2,1,0,0,0,0,0,0,0,0,0,,,
,0.13055555555555556,0.8,0,0.843,0,0.843,0,0,0,15.284841898479232,0,59.26327606852201,0.2,1,0,0,0,0,0,0,0,0,0,,,
,0.13125,0.8,0,0.843,0,0.843,0,0,0,15.274699702681247,0,59.25573690837857,0.2,1,0,0,0,0,0,0,0,0,0,,,
,0.13194444444444445,0.8,0,0.843,0,0.843,0,0,0,15.2646124306243,0,59.24819730200045,0.2,1,0,0,0,0,0,0,0,0,0,,,
,0.1326388888888889,0.8,0,0.761,0,0.761,0,0,0,15.254972824849995,0,59.24065725887965,0.2,1,0,0,0,0,0,0,0,0,0,,,
,0.13333333333333333,0.8,0,0.761,0,0.761,0,0,0,15.245328508481844,0,59.233116855833806,0.2,1,0,0,0,0,0,0,0,0,0,,,
,0.13402777777777777,0.8,0,0.761,0,0.761,0,0,0,15.235683712651465,0,59.22557609211712,0.2,1,0,0,0,0,0,0,0,0,0,,,
,0.13472222222222222,0.8,0,0.761,0,0.761,0,0,0,15.226036225562172,0,59.218034967709215,0.2,1,0,0,0,0,0,0,0,0,0,,,
,0.13541666666666666,0.8,0,0.761,0,0.761,0,0,0,15.216384272556471,0,59.210493482210566,0.2,1,0,0,0,0,0,0,0,0,0,,,
,0.1361111111111111,0.8,0,0.651,0,0.651,0,0,0,15.20543984046057,0,59.20295163491748,0.2,1,0,0,0,0,0,0,0,0,0,,,
,0.13680555555555557,0.8,0,0.762,0,0.762,0,0,0,15.19726070658228,0,59.19540920432414,0.2,1,0,0,0,0,0,0,0,0,0,,,
,0.1375,0.8,0,0.762,0,0.762,0,0,0,15.188990590030272,0,59.187866664581676,0.2,1,0,0,0,0,0,0,0,0,0,,,
,0.13819444444444445,0.8,0,0.938,0,0.938,0,0,0,15.184645199972476,0,59.18032400011175,0.2,1,0,0,0,0,0,0,0,0,0,,,
,0.1388888888888889,0.8,0,0.938,0,0.938,0,0,0,15.179995600229265,0,59.17278188374602,0.2,1,0,0,0,0,0,0,0,0,0,,,
,0.13958333333333334,0.8,0,0.938,0,0.938,0,0,0,15.175122537044695,0,59.165240263240264,0.2,1,0,0,0,0,0,0,0,0,0,,,
,0.14027777777777778,0.8,0,0.938,0,0.938,0,0,0,15.170036462870303,0,59.15769910020149,0.2,1,0,0,0,0,0,0,0,0,0,,,
,0.14097222222222222,0.8,0,0.938,0,0.938,0,0,0,15.164746939997869,0,59.150158358035085,0.2,1,0,0,0,0,0,0,0,0,0,,,
,0.14166666666666666,0.8,0,0.938,0,0.938,0,0,0,15.159264600240661,0,59.142618001791995,0.2,1,0,0,0,0,0,0,0,0,0,,,
,0.1423611111111111,0.8,0,0.938,0,0.938,0,0,0,15.153600302772665,0,59.13507799835173,0.2,1,0,0,0,0,0,0,0,0,0,,,
,0.14305555555555555,0.8,0,0.938,0,0.938,0,0,0,15.147763648284904,0,59.12753831646106,0.2,1,0,0,0,0,0,0,0,0,0,,,
,0.14375,0.8,0,0.716,0,0.716,0,0,0,15.136353224033831,0,59.11999892651794,0.2,1,0,0,0,0,0,0,0,0,0,,,
,0.14444444444444443,0.8,0,0.716,0,0.716,0,0,0,15.12503885457411,0,59.11245887296894,0.2,1,0,0,0,0,0,0,0,0,0,,,
,0.1451388888888889,0.8,0,0.7,0,0.7,0,0,0,15.11372486975242,0,59.10491817239436,0.2,1,0,0,0,0,0,0,0,0,0,,,
,0.14583333333333334,0.8,0,0.7,0,0.7,0,0,0,15.102448715308233,0,59.09737682497106,0.2,1,0,0,0,0,0,0,0,0,0,,,
,0.14652777777777778,0.8,0,0.7,0,0.7,0,0,0,15.091207188251753,0,59.08983483729511,0.2,1,0,0,0,0,0,0,0,0,0,,,
,0.14722222222222223,0.8,0,0.7,0,0.7,0,0,0,15.07999337882147,0,59.082292215412416,0.2,1,0,0,0,0,0,0,0,0,0,,,
,0.14791666666666667,0.8,0,0.861,0,0.861,0,0,0,15.070691979545037,0,59.074748964183286,0.2,1,0,0,0,0,0,0,0,0,0,,,
,0.1486111111111111,0.8,0,0.861,0,0.861,0,0,0,15.061316219027978,0,59.067205411557346,0.2,1,0,0,0,0,0,0,0,0,0,,,
,0.14930555555555555,0.8,0,0.75,0,0.75,0,0,0,15.049198981987567,0,59.059661544838626,0.2,1,0,0,0,0,0,0,0,0,0,,,
,0.15,0.8,0,0.75,0,0.75,0,0,0,15.037174202928853,0,59.05211689411357,0.2,1,0,0,0,0,0,0,0,0,0,,,
,0.15069444444444444,0.8,0,0.75,0,0.75,0,0,0,15.025206112249824,0,59.0445714753665,0.2,1,0,0,0,0,0,0,0,0,0,,,
,0.15138888888888888,0.8,0,0.75,0,0.75,0,0,0,15.013292792230027,0,59.03702529844711,0.2,1,0,0,0,0,0,0,0,0,0,,,
,0.15208333333333332,0.8,0,0.75,0,0.75,0,0,0,15.001432777918529,0,59.02947837287462,0,1,0,0,0,0,0,0,0,0,0,,,
,0.1527777777777778,0.8,0,0.75,0,0.75,0,0,0,14.98962465849996,0,59.02193070791547,0,1,0,0,0,0,0,0,0,0,0,,,
,0.15347222222222223,0.8,0,0.574,0,0.574,0,0,0,14.973887017567057,0,59.01438231259273,0,1,0,0,0,0,0,0,0,0,0,,,
,0.15416666666666667,0.8,0,0.574,0,0.574,0,0,0,14.958446876061226,0,59.00683251339929,0,1,0,0,0,0,0,0,0,0,0,,,
,0.15486111111111112,0.8,0,0.574,0,0.574,0,0,0,14.943223728366476,0,58.999281361575754,0,1,0,0,0,0,0,0,0,0,0,,,
,0.15555555555555556,0.8,0,0.574,0,0.574,0,0,0,14.928208190213786,0,58.99172889455291,0,1,0,0,0,0,0,0,0,0,0,,,
,0.15625,0.8,0,0.574,0,0.574,0,0,0,14.913391076130505,0,58.98417514814646,0,1,0,0,0,0,0,0,0,0,0,,,
,0.15694444444444444,0.8,0,0.574,0,0.574,0,0,0,14.89876373251442,0,58.97662015659125,0,1,0,0,0,0,0,0,0,0,0,,,
,0.15763888888888888,0.8,0,0.465,0,0.465,0,0,0,14.881519661369191,0,58.96906395263284,0,1,0,0,0,0,0,0,0,0,0,,,
,0.15833333333333333,0.8,0,0.465,0,0.465,0,0,0,14.864614656493643,0,58.96150608789719,0,1,0,0,0,0,0,0,0,0,0,,,
,0.15902777777777777,0.8,0,0.465,0,0.465,0,0,0,14.847987971519988,0,58.95394662079466,0,1,0,0,0,0,0,0,0,0,0,,,
,0.1597222222222222,0.8,0,0.475,0,0.475,21.749999999999996,0,0,14.831626930486468,0,58.94638559931194,0.2,1,0.2,0,2.61,0,0,0,0.522,0,0,,,
,0.16041666666666668,0.8,0,0.475,0,0.475,21.749999999999996,0,0,14.824182208036856,0,58.93882306925442,0.2,1,0.2,0,2.61,0,0,0,0.522,0,0,,,
,0.16111111111111112,0.8,0,0.475,0,0.475,21.749999999999996,0,0,14.82488142957995,0,58.9312605593925,0.2,1,0.2,0,2.61,0,0,0,0.522,0,0,,,
,0.16180555555555556,0.8,0,0.314,0,0.314,21.749999999999996,0,0,14.831258487587641,0,58.92369946582738,0.2,1,0.2,0,2.61,0,0,0,0.522,0,0,,,
,0.1625,0.8,0,0.314,0,0.314,21.749999999999996,0,0,14.844753698252001,0,58.91614076165969,0.2,1,0.2,0,2.61,0,0,0,0.522,0,0,,,
,0.16319444444444445,0.8,0,0.314,0,0.314,21.749999999999996,0,0,14.864814984539501,0,58.90858566673453,0.2,1,0.2,0,2.61,0,0,0,0.522,0,0,,,
,0.1638888888888889,0.8,0,0.314,0,0.314,21.749999999999996,0,0,14.890957271956783,0,58.901035306046154,0.2,1,0.2,0,2.61,0,0,0,0.522,0,0,,,
,0.16458333333333333,0.8,0,0.314,0,0.314,21.749999999999996,0,0,14.922721730276802,0,58.8934907212403,0.2,1,0.2,0,2.61,0,0,0,0.522,0,0,,,
,0.16527777777777777,0.8,0,0.314,0,0.314,21.749999999999996,0,0,14.959678623763256,0,58.88595287512758,0.2,1,0.2,0,2.61,0,0,0,0.522,0,0,,,
,0.16597222222222222,0.8,0,0.314,0,0.314,21.749999999999996,0,0,15.001427824600924,0,58.878422656684485,0.2,1,0.2,0,2.61,0,0,0,0.522,0,0,,,
,0.16666666666666666,0.8,0,0.314,0,0.314,21.749999999999996,0,0,15.047586671577296,0,58.87090088614184,0.2,1,0.2,0,2.61,0,0,0,0.522,0,0,,,
,0.1673611111111111,0.8,0,0.314,0,0.314,21.749999999999996,0,0,15.097798818400182,0,58.86338831799077,0.2,1,0.2,0,2.61,0,0,0,0.522,0,0,,,
,0.16805555555555557,0.8,0,0.314,0,0.314,21.749999999999996,0,0,15.151729569153336,0,58.855885645505126,0.2,1,0.2,0,2.61,0,0,0,0.522,0,0,,,
,0.16875,0.8,0,0.314,0,0.314,21.749999999999996,0,0,15.209064709949283,0,58.84839350446346,0.2,1,0.2,0,2.61,0,0,0,0.522,0,0,,,
,0.16944444444444445,0.8,0,0.314,0,0.314,10.398985089732196,0,0,15.269508587892606,0,58.84091247667012,0.2,1,0.2,0,1.2478782107678636,0,0,0,0.24957564215357272,0,0,,,
,0.1701388888888889,0.8,0,0.314,0,0.314,0,0,0,15.328262166103292,0,58.83344309314633,0.2,1,0,0,0,0,0,0,0,0,0,,,
,0.17083333333333334,0.8,0,0.711,0,0.711,0,0,0,15.389319491423763,0,58.82598506213026,0.2,1,0,0,0,0,0,0,0,0,0,,,
,0.17152777777777778,0.8,0,0.711,0,0.711,0,0,0,15.444424005522048,0,58.81853877660386,0.2,1,0,0,0,0,0,0,0,0,0,,,
,0.17222222222222222,0.8,0,0.711,0,0.711,0,0,0,15.494150698361807,0,58.81110321407167,0.2,1,0,0,0,0,0,0,0,0,0,,,
,0.17291666666666666,0.8,0,0.711,0,0.711,0,0,0,15.538829685795076,0,58.80367745078327,0.2,1,0,0,0,0,0,0,0,0,0,,,
,0.1736111111111111,0.8,0,0.9,0,0.9,0,0,0,15.583633380794542,0,58.796260619737836,0.2,1,0,0,0,0,0,0,0,0,0,,,
,0.17430555555555555,0.8,0,0.9,0,0.9,0,0,0,15.62372049920376,0,58.78885274078259,0.2,1,0,0,0,0,0,0,0,0,0,,,
,0.175,0.8,0,0.9,0,0.9,0,0,0,15.659464083444723,0,58.78145300382689,0.2,1,0,0,0,0,0,0,0,0,0,,,
,0.17569444444444443,0.8,0,0.9,0,0.9,0,0,0,15.691137398349213,0,58.77406066286911,0.2,1,0,0,0,0,0,0,0,0,0,,,
,0.1763888888888889,0.8,0,0.9,0,0.9,21.749999999999996,0,0,15.718998059778153,0,58.7666750188809,0.2,1,0.2,0,2.61,0,0,0,0.522,0,0,,,
,0.17708333333333334,0.8,0,0.9,0,0.9,21.749999999999996,0,0,15.751951797975716,0,58.75929541711648,0.2,1,0.2,0,2.61,0,0,0,0.522,0,0,,,
,0.17777777777777778,0.8,0,0.9,0,0.9,21.749999999999996,0,0,15.78946549251871,0,58.751922729638935,0.2,1,0.2,0,2.61,0,0,0,0.522,0,0,,,
,0.17847222222222223,0.8,0,0.9,0,0.9,19.941225764991174,0,0,15.83118638768318,0,58.7445577369697,0.2,1,0.2,0,2.3929470917989413,0,0,0,0.47858941835978824,0,0,,,
,0.17916666666666667,0.8,0,0.9,0,0.9,0,0,0,15.876056159523893,0,58.73720115902411,0.2,1,0,0,0,0,0,0,0,0,0,,,
,0.1798611111111111,0.8,0,0.9,0,0.9,0,0,0,15.915882084598314,0,58.72985353416705,0.2,1,0,0,0,0,0,0,0,0,0,,,
,0.18055555555555555,0.8,0,0.71,0,0.71,0,0,0,15.945541117468943,0,58.72251399620427,0.2,1,0,0,0,0,0,0,0,0,0,,,
,0.18125,0.8,0,0.71,0,0.71,0,0,0,15.971437035591322,0,58.715180800853624,0.2,1,0,0,0,0,0,0,0,0,0,,,
,0.18194444444444444,0.8,0,0.71,0,0.71,0,0,0,15.993637077996746,0,58.70785330192244,0.2,1,0,0,0,0,0,0,0,0,0,,,
,0.18263888888888888,0.8,0,0.71,0,0.71,0,0,0,16.012379419414685,0,58.70053086485548,0.2,1,0,0,0,0,0,0,0,0,0,,,
,0.18333333333333332,0.8,0,0.71,0,0.71,0,0,0,16.02787952589042,0,58.693212896036265,0.2,1,0,0,0,0,0,0,0,0,0,,,
,0.1840277777777778,0.8,0,0.71,0,0.71,0,0,0,16.040341792773905,0,58.6858988388871,0.2,1,0,0,0,0,0,0,0,0,0,,,
,0.18472222222222223,0.8,0,0.71,0,0.71,0,0,0,16.04995987940572,0,58.678588171964904,0.2,1,0,0,0,0,0,0,0,0,0,,,
,0.18541666666666667,0.8,0,0.71,0,0.71,0,0,0,16.056917297598456,0,58.67128040711475,0.2,1,0,0,0,0,0,0,0,0,0,,,
,0.18611111111111112,0.8,0,0.503,0,0.503,21.749999999999996,0,0,16.058961866805607,0,58.66397508772455,0.2,1,0.2,0,2.61,0,0,0,0.522,0,0,,,
,0.18680555555555556,0.8,0,0.503,0,0.503,21.749999999999996,0,0,16.06747277214098,0,58.656671371172386,0.2,1,0.2,0,2.61,0,0,0,0.522,0,0,,,
,0.1875,0.8,0,0.503,0,0.503,21.749999999999996,0,0,16.08179470126682,0,58.64937036569827,0.2,1,0.2,0,2.61,0,0,0,0.522,0,0,,,
,0.18819444444444444,0.8,0,0.503,0,0.503,19.04650345993049,0,0,16.101501135252587,0,58.64207306701294,0.2,1,0.2,0,2.285580415191659,0,0,0,0.45711608303833184,0,0,,,
,0.18888888888888888,0.8,0,0.314,0,0.314,0,0,0,16.120255828206687,0,58.63478039753893,0.2,1,0,0,0,0,0,0,0,0,0,,,
,0.18958333333333333,0.8,0,0.536,0,0.536,0,0,0,16.14073721865353,0,58.62749219332704,0.2,1,0,0,0,0,0,0,0,0,0,,,
,0.19027777777777777,0.8,0,0.536,0,0.536,0,0,0,16.15757284384868,0,58.6202087496171,0.2,1,0,0,0,0,0,0,0,0,0,,,
,0.1909722222222222,0.8,0,0.697,0,0.697,0,0,0,16.172945329080157,0,58.61292944060468,0.2,1,0,0,0,0,0,0,0,0,0,,,
,0.19166666666666668,0.8,0,0.697,0,0.697,0,0,0,16.18508252718077,0,58.605654014756986,0.2,1,0,0,0,0,0,0,0,0,0,,,
,0.19236111111111112,0.8,0,0.697,0,0.697,0,0,0,16.194224258568255,0,58.59838191678769,0.2,1,0,0,0,0,0,0,0,0,0,,,
,0.19305555555555556,0.8,0,0.873,0,0.873,0,0,0,16.20454479679119,0,58.591112632617715,0.2,1,0,0,0,0,0,0,0,0,0,,,
,0.19375,0.8,0,0.873,0,0.873,0,0,0,16.212002408536012,0,58.58384636384585,0.2,1,0,0,0,0,0,0,0,0,0,,,
,0.19444444444444445,0.8,0,0.873,0,0.873,0,0,0,16.216849936265888,0,58.5765826191678,0.2,1,0,0,0,0,0,0,0,0,0,,,
,0.1951388888888889,0.8,0,0.873,0,0.873,0,0,0,16.219259951755532,0,58.569320950707876,0.2,1,0,0,0,0,0,0,0,0,0,,,
,0.19583333333333333,0.8,0,0.873,0,0.873,0,0,0,16.219395380341222,0,58.56206094025092,0.2,1,0,0,0,0,0,0,0,0,0,,,
,0.19652777777777777,0.8,0,0.873,0,0.873,21.749999999999996,0,0,16.217410456992624,0,58.5548021975835,0.2,1,0.2,0,2.61,0,0,0,0.522,0,0,,,
,0.19722222222222222,0.8,0,0.873,0,0.873,21.749999999999996,0,0,16.222109320671855,0,58.5475443589994,0.2,1,0.2,0,2.61,0,0,0,0.522,0,0,,,
,0.19791666666666666,0.8,0,0.873,0,0.873,21.749999999999996,0,0,16.23286642798559,0,58.54028857013568,0.2,1,0.2,0,2.61,0,0,0,0.522,0,0,,,
,0.1986111111111111,0.8,0,0.982,0,0.982,19.81212324354549,0,0,16.252040444285104,0,58.533035869197036,0.2,1,0.2,0,2.377454789225459,0,0,0,0.47549095784509177,0,0,,,
,0.19930555555555557,0.8,0,1.092,0,1.092,0,0,0,16.276768971978388,0,58.525787698552755,0.2,1,0,0,0,0,0,0,0,0,0,,,
,0.2,0.8,0,1.092,0,1.092,0,0,0,16.29753338600694,0,58.5185450096282,0.2,1,0,0,0,0,0,0,0,0,0,,,
,0.20069444444444445,0.8,0,1.092,0,1.092,0,0,0,16.314740204757612,0,58.5113071219213,0.2,1,0,0,0,0,0,0,0,0,0,,,
,0.2013888888888889,0.8,0,1.082,0,1.082,0,0,0,16.328616720630798,0,58.504073424735495,0,1,0,0,0,0,0,0,0,0,0,,,
,0.20208333333333334,0.8,0,1.082,0,1.082,0,0,0,16.339380428508804,0,58.49684334644337,0,1,0,0,0,0,0,0,0,0,0,,,
,0.20277777777777778,0.8,0,1.082,0,1.082,0,0,0,16.34723468469209,0,58.4896163528003,0,1,0,0,0,0,0,0,0,0,0,,,
,0.20347222222222222,0.8,0,1.082,0,1.082,0,0,0,16.3523710686329,0,58.48239194451433,0,1,0,0,0,0,0,0,0,0,0,,,
,0.20416666666666666,0.8,0,1.082,0,1.082,0,0,0,16.354970010618835,0,58.47516965522133,0,1,0,0,0,0,0,0,0,0,0,,,
,0.2048611111111111,0.8,0,0.699,0,0.699,0,0,0,16.347906356976644,0,58.46794904956796,0,1,0,0,0,0,0,0,0,0,0,,,
,0.20555555555555555,0.8,0,0.699,0,0.699,0,0,0,16.338985021896168,0,58.46072847082066,0,1,0,0,0,0,0,0,0,0,0,,,
,0.20625,0.8,0,0.699,0,0.699,0,0,0,16.32824482728734,0,58.45350760051514,0,1,0,0,0,0,0,0,0,0,0,,,
,0.20694444444444443,0.8,0,0.699,0,0.699,0,0,0,16.31581820605097,0,58.44628612689686,0,1,0,0,0,0,0,0,0,0,0,,,
,0.2076388888888889,0.8,0,0.699,0,0.699,0,0,0,16.30182765316908,0,58.43906376096758,0,1,0,0,0,0,0,0,0,0,0,,,
,0.20833333333333334,0.8,0.06666666666666667,0.731,0,0.731,0,0,0,16.28558304275488,0,58.43184023477767,0,1,0,0,0,0,0,0,0,0,0,,,
,0.20902777777777778,0.8,0.06666666666666667,0.731,0,0.731,0,0,0,16.268074198654894,0,58.424615162116176,0,1,0,0,0,0,0,0,0,0,0,,,
,0.20972222222222223,0.8,0.06666666666666667,0.731,0,0.731,0,0,0,16.249387439475488,0,58.41738832652244,0,1,0,0,0,0,0,0,0,0,0,,,
,0.21041666666666667,0.8,0.06666666666666667,0.731,0,0.731,0,0,0,16.229613660316556,0,58.41015952637038,0,1,0,0,0,0,0,0,0,0,0,,,
,0.2111111111111111,0.8,0.06666666666666667,0.672,0,0.672,0,0,0,16.206626743054752,0,58.40292857565048,0,1,0,0,0,0,0,0,0,0,0,,,
,0.21180555555555555,0.8,0.06666666666666667,0.562,0,0.562,0,0,0,16.1815657894823,0,58.395694923907755,0,1,0,0,0,0,0,0,0,0,0,,,
,0.2125,0.8,0.06666666666666667,0.562,0,0.562,0,0,0,16.15582345140454,0,58.38845821605613,0,1,0,0,0,0,0,0,0,0,0,,,
,0.21319444444444444,0.8,0.06666666666666667,0.622,0,0.622,0,0,0,16.13014407698716,0,58.381218335810765,0,1,0,0,0,0,0,0,0,0,0,,,
,0.21388888888888888,0.8,0.06666666666666667,0.622,0,0.622,0,0,0,16.1038490161233,0,58.37397529450925,0,1,0,0,0,0,0,0,0,0,0,,,
,0.21458333333333332,0.8,0.06666666666666667,0.922,0,0.922,0,0,0,16.08052081028694,0,58.36672898714725,0,1,0,0,0,0,0,0,0,0,0,,,
,0.2152777777777778,0.8,0.06666666666666667,0.922,0,0.922,0,0,0,16.05651221138294,0,58.359479922888355,0,1,0,0,0,0,0,0,0,0,0,,,
,0.21597222222222223,0.8,0.06666666666666667,0.922,0,0.922,0,0,0,16.0319460887524,0,58.35222798556638,0,1,0,0,0,0,0,0,0,0,0,,,
,0.21666666666666667,0.8,0.06666666666666667,0.872,0,0.872,0,0,0,16.00629386942957,0,58.34497308009835,0,1,0,0,0,0,0,0,0,0,0,,,
,0.21736111111111112,0.8,0.06666666666666667,0.872,0,0.872,0,0,0,15.980222518126855,0,58.337715020805106,0,1,0,0,0,0,0,0,0,0,0,,,
,0.21805555555555556,0.8,0.06666666666666667,0.872,0,0.872,0,0,0,15.953769029764043,0,58.33045373637607,0,1,0,0,0,0,0,0,0,0,0,,,
,0.21875,0.8,0.06666666666666667,0.885,0,0.885,0,0,0,15.927140561476753,0,58.32318916185494,0,1,0,0,0,0,0,0,0,0,0,,,
,0.21944444444444444,0.8,0.06666666666666667,0.885,0,0.885,0,0,0,15.900219000425889,0,58.31592126780915,0,1,0,0,0,0,0,0,0,0,0,,,
,0.22013888888888888,0.8,0.06666666666666667,0.885,0,0.885,0,0,0,15.873044916897147,0,58.30865000456332,0,1,0,0,0,0,0,0,0,0,0,,,
,0.22083333333333333,0.8,0.06666666666666667,0.885,0,0.885,0,0,0,15.845653760273455,0,58.30137532940544,0,1,0,0,0,0,0,0,0,0,0,,,
,0.22152777777777777,0.8,0.06666666666666667,0.885,0,0.885,0,0,0,15.818080218676707,0,58.294097205707864,0,1,0,0,0,0,0,0,0,0,0,,,
,0.2222222222222222,0.7333333333333333,0.06666666666666667,0.885,0,0.885,0,0,0,15.789370880732292,0,58.28681560279581,0,1,0,0,0,0,0,0,0,0,0,,,
,0.22291666666666668,0.7333333333333333,0.06666666666666667,1.074,0,1.074,0,0,0,15.765446875941347,0,58.27953032655773,0,1,0,0,0,0,0,0,0,0,0,,,
,0.22361111111111112,0.7333333333333333,0.06666666666666667,1.074,0,1.074,0,0,0,15.741176145256523,0,58.27224219796621,0,1,0,0,0,0,0,0,0,0,0,,,
,0.22430555555555556,0.7333333333333333,0.06666666666666667,1.074,0,1.074,0,0,0,15.71667228915823,0,58.26495115807145,0,1,0,0,0,0,0,0,0,0,0,,,
,0.225,0.7333333333333333,0.06666666666666667,1.074,0,1.074,0,0,0,15.691965475959085,0,58.257657167408205,0,1,0,0,0,0,0,0,0,0,0,,,
,0.22569444444444445,0.7333333333333333,0.06666666666666667,1.074,0,1.074,0,0,0,15.667085830875061,0,58.25036019168967,0,1,0,0,0,0,0,0,0,0,0,,,
,0.2263888888888889,0.7333333333333333,0.06666666666666667,1.264,0,1.264,0,0,0,15.647635177548542,0,58.24306020179925,0,1,0,0,0,0,0,0,0,0,0,,,
,0.22708333333333333,0.7333333333333333,0.06666666666666667,1.303,0,1.303,0,0,0,15.627978556418267,0,58.235758128937945,0,1,0,0,0,0,0,0,0,0,0,,,
,0.22777777777777777,0.7333333333333333,0.06666666666666667,1.303,0,1.303,0,0,0,15.607864197341177,0,58.22845393815409,0,1,0,0,0,0,0,0,0,0,0,,,
,0.22847222222222222,0.7333333333333333,0.06666666666666667,1.303,0,1.303,0,0,0,15.587347167429957,0,58.22114755134138,0,1,0,0,0,0,0,0,0,0,0,,,
,0.22916666666666666,0.7333333333333333,0.06666666666666667,1.428,0,1.428,0,0,0,15.569298144979834,0,58.213838899847,0,1,0,0,0,0,0,0,0,0,0,,,
,0.2298611111111111,0.7333333333333333,0.06666666666666667,1.428,0,1.428,0,0,0,15.550760755961642,0,58.206528407146166,0,1,0,0,0,0,0,0,0,0,0,,,
,0.23055555555555557,0.7333333333333333,0.06666666666666667,1.488,0,1.488,0,0,0,15.532533178672342,0,58.199215989834535,0,1,0,0,0,0,0,0,0,0,0,,,
,0.23125,0.7333333333333333,0.06666666666666667,1.488,0,1.488,0,0,0,15.513919205277784,0,58.19190170135262,0,1,0,0,0,0,0,0,0,0,0,,,
,0.23194444444444445,0.7333333333333333,0.06666666666666667,1.488,0,1.488,0,0,0,15.494972725702686,0,58.18458547578185,0,1,0,0,0,0,0,0,0,0,0,,,
,0.2326388888888889,0.7333333333333333,0.06666666666666667,1.488,0,1.488,0,0,0,15.475731288373893,0,58.17726725645328,0,1,0,0,0,0,0,0,0,0,0,,,
,0.23333333333333334,0.7333333333333333,0.06666666666666667,1.488,0,1.488,0,0,0,15.4562007386801,0,58.16994699314446,0,1,0,0,0,0,0,0,0,0,0,,,
,0.23402777777777778,0.7333333333333333,0.06666666666666667,1.488,0,1.488,0,0,0,15.43640935816688,0,58.16262463664369,0,1,0,0,0,0,0,0,0,0,0,,,
,0.23472222222222222,0.7333333333333333,0.06666666666666667,1.488,0,1.488,0,0,0,15.416382636378867,0,58.155300142595955,0,1,0,0,0,0,0,0,0,0,0,,,
,0.23541666666666666,0.7333333333333333,0.06666666666666667,1.428,0,1.428,0,0,0,15.395448890228238,0,58.14797347102346,0,1,0,0,0,0,0,0,0,0,0,,,
,0.2361111111111111,0.7333333333333333,0.06666666666666667,1.25,0,1.25,0,0,0,15.368943089168095,0,58.14064446680961,0,1,0,0,0,0,0,0,0,0,0,,,
,0.23680555555555555,0.7333333333333333,0.06666666666666667,1.25,0,1.25,0,0,0,15.342845562958747,0,58.13331217514487,0,1,0,0,0,0,0,0,0,0,0,,,
,0.2375,0.7333333333333333,0.06666666666666667,1.25,0,1.25,0,0,0,15.316976119060445,0,58.12597666658278,0,1,0,0,0,0,0,0,0,0,0,,,
,0.23819444444444443,0.7333333333333333,0.06666666666666667,1.061,0,1.061,0,0,0,15.286478502905965,0,58.11863798077464,0,1,0,0,0,0,0,0,0,0,0,,,
,0.2388888888888889,0.7333333333333333,0.06666666666666667,1.348,0,1.348,0,0,0,15.263164541767656,0,58.111295324864145,0,1,0,0,0,0,0,0,0,0,0,,,
,0.23958333333333334,0.7333333333333333,0.06666666666666667,1.458,0,1.458,0,0,0,15.241168041298934,0,58.103949931015606,0,1,0,0,0,0,0,0,0,0,0,,,
,0.24027777777777778,0.7333333333333333,0.06666666666666667,1.458,0,1.458,0,0,0,15.219236034417387,1,58.02064493660471,0,1,0,0,0,0,0,0.2,0,0,0,,,
,0.24097222222222223,0.7333333333333333,0.06666666666666667,1.419,0,1.419,0,0,0,15.19692934482644,0,58.01330755222148,0,1,0,0,0,0,0,0,0,0,0,,,
,0.24166666666666667,0.7333333333333333,0.06666666666666667,1.329,0,1.329,0,0,0,15.172321050064813,0,58.005967601671635,0,1,0,0,0,0,0,0,0,0,0,,,
,0.2423611111111111,0.7333333333333333,0.06666666666666667,1.329,0,1.329,0,0,0,15.147970762667438,0,57.99862469083422,0,1,0,0,0,0,0,0,0,0,0,,,
,0.24305555555555555,0.7333333333333333,0.06666666666666667,1.329,0,1.329,0,0,0,15.12387066044312,0,57.99127886444653,0,1,0,0,0,0,0,0,0,0,0,,,
,0.24375,0.7333333333333333,0.06666666666666667,3.331,0,3.331,0,0,0,15.123456187169106,0,57.98393016589728,0,1,0,0,0,0,0,0,0,0,0,,,
,0.24444444444444444,0.7333333333333333,0.06666666666666667,3.366,0,3.366,0,0,0,15.12242207342653,0,57.97658265607235,0,1,0,0,0,0,0,0,0,0,0,,,
,0.24513888888888888,0.7333333333333333,0.06666666666666667,3.354,0,3.354,0,0,0,15.120629855799326,0,57.96923622854389,0,1,0,0,0,0,0,0,0,0,0,,,
,0.24583333333333332,0.7333333333333333,0.06666666666666667,1.352,0,1.352,0,0,0,15.094809364278031,0,57.96189075316571,0,1,0,0,0,0,0,0,0,0,0,,,
,0.2465277777777778,0.7333333333333333,0.06666666666666667,1.352,0,1.352,0,0,0,15.06970851551615,0,57.95454211064191,0,1,0,0,0,0,0,0,0,0,0,,,
,0.24722222222222223,0.7333333333333333,0.06666666666666667,1.352,0,1.352,0,0,0,15.044903373300802,0,57.94719042488273,0,1,0,0,0,0,0,0,0,0,0,,,
,0.24791666666666667,0.7333333333333333,0.06666666666666667,1.352,0,1.352,0,0,0,15.02039894223868,0,57.939835747102464,0,1,0,0,0,0,0,0,0,0,0,,,
,0.24861111111111112,0.7333333333333333,0.06666666666666667,1.352,0,1.352,0,0,0,14.996209659974937,0,57.93247812936448,0,1,0,0,0,0,0,0,0,0,0,,,
,0.24930555555555556,0.7333333333333333,0.06666666666666667,1.513,0,1.513,0,0,0,14.974212760544813,0,57.925117626198315,0,1,0,0,0,0,0,0,0,0,0,,,
,0.25,0.7333333333333333,0.13333333333333333,1.525,0,1.525,0,0,0,14.95424018603435,0,57.91775461393562,0,1,0,0,0,0,0,0,0,0,0,,,
,0.25069444444444444,0.7333333333333333,0.13333333333333333,1.565,0,1.565,0,0,0,14.9353825369026,0,57.910389440033704,0,1,0,0,0,0,0,0,0,0,0,,,
,0.2513888888888889,0.7333333333333333,0.13333333333333333,1.454,0,1.454,0,0,0,14.913935218972934,0,57.90302229599316,0,1,0,0,0,0,0,0,0,0,0,,,
,0.2520833333333333,0.7333333333333333,0.13333333333333333,1.404,0,1.404,0,0,0,14.892154320787295,0,57.895652738208526,0,1,0,0,0,0,0,0,0,0,0,,,
,0.25277777777777777,0.7333333333333333,0.13333333333333333,1.429,0,1.429,0,0,0,14.870911227432634,0,57.88828070990839,0,1,0,0,0,0,0,0,0,0,0,,,
,0.2534722222222222,0.7333333333333333,0.13333333333333333,1.479,0,1.479,0,0,0,14.850468696235996,0,57.8809063037114,0,1,0,0,0,0,0,0,0,0,0,,,
,0.25416666666666665,0.7333333333333333,0.13333333333333333,1.293,0,1.293,0,0,0,14.826618246304813,0,57.873529657264406,0,1,0,0,0,0,0,0,0,0,0,,,
,0.2548611111111111,0.7333333333333333,0.13333333333333333,1.293,0,1.293,0,0,0,14.803194714808456,0,57.86615018673682,0,1,0,0,0,0,0,0,0,0,0,,,
,0.25555555555555554,0.7333333333333333,0.13333333333333333,1.353,0,1.353,0,0,0,14.780821286657106,0,57.85876796579877,0,1,0,0,0,0,0,0,0,0,0,,,
,0.25625,0.7333333333333333,0.13333333333333333,1.353,0,1.353,0,0,0,14.758743034785217,0,57.8513831749395,0,1,0,0,0,0,0,0,0,0,0,,,
,0.2569444444444444,0.7333333333333333,0.2,1.291,0,1.291,0,0,0,14.738049697007693,3.54,57.570651000442226,0,1,0,0,0,0,0,0.708,0,0,0,,,
,0.25763888888888886,0.7333333333333333,0.2,1.291,0,1.291,0,0,0,14.71745855891651,2.46,57.375883638921415,0,1,0,0,0,0,0,0.492,0,0,0,,,
,0.25833333333333336,0.7333333333333333,0.2,1.291,0,1.291,0,0,0,14.697025521679867,0,57.36857076605055,0,1,0,0,0,0,0,0,0,0,0,,,
,0.2590277777777778,0.7333333333333333,0.2,4.161,0,4.161,0,0,0,14.689289800527192,0,57.36125564400866,0,1,0,0,0,0,0,0,0,0,0,,,
,0.25972222222222224,0.7333333333333333,0.2,4.161,0,4.161,0,0,0,14.681057264610754,0,57.35394044986407,0,1,0,0,0,0,0,0,0,0,0,,,
,0.2604166666666667,0.7333333333333333,0.2,4.161,0,4.161,0,0,0,14.672568982811589,0,57.346625098460876,0,1,0,0,0,0,0,0,0,0,0,,,
,0.2611111111111111,0.7333333333333333,0.2,4.161,0,4.161,0,0,0,14.663842582853864,0,57.33930954598391,0,1,0,0,0,0,0,0,0,0,0,,,
,0.26180555555555557,0.7333333333333333,0.2,4.161,0,4.161,0,0,0,14.654898744188836,0,57.33199375164738,0,1,0,0,0,0,0,0,0,0,0,,,
,0.2625,0.7333333333333333,0.2,4.161,0,4.161,0,0,0,14.645756013955898,12.26,56.40927370944176,0,1,0,0,0,0,0,2.452,0,0,0,,,
,0.26319444444444445,0.7333333333333333,0.2,4.05,0,4.05,0,0,0,14.634968473037437,18.52,55.082876289076545,0,1,0,0,0,0,0,3.7039999999999997,0,0,0,,,
,0.2638888888888889,0.7333333333333333,0.2,4.05,0,4.05,0,0,0,14.623824827492331,17.740000000000002,53.90325901385287,0,1,0,0,0,0,0,3.5480000000000005,0,0,0,,,
,0.26458333333333334,0.7333333333333333,0.2,4.21,0,4.21,0,0,0,14.61579492055879,2.480000000000002,53.736833902359514,0,1,0,0,0,0,0,0.49600000000000044,0,0,0,,,
,0.2652777777777778,0.7333333333333333,0.2,4.188,0,4.188,0,0,0,14.607650395233449,0,53.73012743853407,0,1,0,0,0,0,0,0,0,0,0,,,
,0.2659722222222222,0.7333333333333333,0.2,4.148,0,4.148,0,0,0,14.59826556461472,0,53.72342072818378,0,1,0,0,0,0,0,0,0,0,0,,,
,0.26666666666666666,0.7333333333333333,0.2,4.218,0,4.218,21.749999999999996,0,0,14.589398790536801,0,53.71671355872718,0.2,1,0.2,0,2.61,0,0,0,0.522,0,0,,,
,0.2673611111111111,0.7333333333333333,0.2,4.218,0,4.218,21.749999999999996,0,0,14.60202104243152,0,53.71000601905263,0.2,1,0.2,0,2.61,0,0,0,0.522,0,0,,,
,0.26805555555555555,0.7333333333333333,0.2,4.253,0,4.253,21.749999999999996,0,0,14.633725892540577,0,53.70330179305664,0.2,1,0.2,0,2.61,0,0,0,0.522,0,0,,,
,0.26875,0.7333333333333333,0.2,4.035,0,4.035,43.49999999999999,0,0,14.679691161555757,0,53.696604151473686,0.4,1,0.4,0,5.22,0,0,0,1.044,0,0,,,
,0.26944444444444443,0.7333333333333333,0.2,4.01,0,4.01,43.49999999999999,0,0,14.75694646868144,0,53.68991553781827,0.4,1,0.4,0,5.22,0,0,0,1.044,0,0,,,
,0.2701388888888889,0.7333333333333333,0.2,1.511,0,1.511,43.49999999999999,0,0,14.859446451234088,0,53.68324131454928,0.4,1,0.4,0,5.22,0,0,0,1.044,0,0,,,
,0.2708333333333333,0.7333333333333333,0.3333333333333333,1.718,0,1.718,43.49999999999999,0,0,14.992273680353005,0,53.67658580685843,0.4,1,0.4,0,5.22,0,0,0,1.044,0,0,,,
,0.27152777777777776,0.7333333333333333,0.3333333333333333,1.609,0,1.609,43.49999999999999,0,0,15.145446995363102,0,53.669954210493884,0.4,1,0.4,0,5.22,0,0,0,1.044,0,0,,,
,0.2722222222222222,0.7333333333333333,0.3333333333333333,1.609,0,1.609,40.274407604365436,0,0,15.319730907835728,0,53.66335000925701,0.4,1,0.4,0,4.832928912523852,0,0,0,0.9665857825047703,0,0,,,
,0.27291666666666664,0.7333333333333333,0.3333333333333333,1.569,0,1.569,0,0,0,15.509181507730483,0,53.65677681741105,0.4,1,0,0,0,0,0,0,0,0,0,,,
,0.27361111111111114,0.7333333333333333,0.3333333333333333,1.669,0,1.669,0,0,0,15.678700992313997,0,53.65023722964368,0.4,1,0,0,0,0,0,0,0,0,0,,,
,0.2743055555555556,0.7333333333333333,0.3333333333333333,1.669,0,1.669,0,0,0,15.829603295551617,0,53.64372782343156,0.4,1,0,0,0,0,0,0,0,0,0,,,
,0.275,0.7333333333333333,0.3333333333333333,1.609,0,1.609,0,0,0,15.961645061104605,0,53.63724540208392,0.4,1,0,0,0,0,0,0,0,0,0,,,
,0.27569444444444446,0.7333333333333333,0.3333333333333333,1.609,0,1.609,0,0,0,16.078158206394413,0,53.630786727739746,0.4,1,0,0,0,0,0,0,0,0,0,,,
,0.2763888888888889,0.7333333333333333,0.3333333333333333,1.988,0,1.988,0,0,0,16.190796779589423,3,53.4504660188918,0.4,1,0,0,0,0,0,0.6,0,0,0,,,
,0.27708333333333335,0.7333333333333333,0.3333333333333333,2.048,0,2.048,0,0,0,16.29091942248572,0,53.44407864702221,0.4,1,0,0,0,0,0,0,0,0,0,,,
,0.2777777777777778,0.7333333333333333,0.3333333333333333,2.048,0,2.048,0,0,0,16.378416960082433,0,53.437709534012285,0.4,1,0,0,0,0,0,0,0,0,0,,,
,0.27847222222222223,0.7333333333333333,0.3333333333333333,2.036,0,2.036,0,0,0,16.45420279447959,0,53.431356512428195,0.4,1,0,0,0,0,0,0,0,0,0,,,
,0.2791666666666667,0.7333333333333333,0.3333333333333333,1.976,0,1.976,43.49999999999999,0,0,16.518679513927975,0,53.42501757179083,0.4,1,0.4,0,5.22,0,0,0,1.044,0,0,,,
,0.2798611111111111,0.7333333333333333,0.3333333333333333,1.976,0,1.976,35.959868776327404,0,0,16.611899575344683,0,53.4186907709809,0.4,1,0.4,0,4.315184253159289,0,0,0,0.8630368506318579,0,0,,,
,0.28055555555555556,0.7333333333333333,0.3333333333333333,1.976,0,1.976,9.50246124152779,0,0,16.724409095086443,0,53.41238103534738,0.4,1,0.2,0,1.140295348983335,0,0,0,0.22805906979666699,0,0,,,
,0.28125,0.7333333333333333,0.3333333333333333,2.087,0,2.087,0,0,0,16.83389743666542,0,53.40609166872904,0.4,1,0,0,0,0,0,0,0,0,0,,,
,0.28194444444444444,0.7333333333333333,0.3333333333333333,2.087,0,2.087,0,0,0,16.928877878658927,0,53.39982214971783,0.4,1,0,0,0,0,0,0,0,0,0,,,
,0.2826388888888889,0.7333333333333333,0.3333333333333333,2.087,0,2.087,0,0,0,17.010858848423815,0,53.393569987842795,0.4,1,0,0,0,0,0,0,0,0,0,,,
,0.2833333333333333,0.7333333333333333,0.3333333333333333,2.207,0,2.207,0,0,0,17.08232468839944,0,53.387332951647466,0.4,1,0,0,0,0,0,0,0,0,0,,,
,0.28402777777777777,0.7333333333333333,0.3333333333333333,2.207,0,2.207,0,0,0,17.142795211846895,0,53.38110923594519,0.4,1,0,0,0,0,0,0,0,0,0,,,
,0.2847222222222222,0.7333333333333333,0.3333333333333333,2.319,0,2.319,0,0,0,17.195801155259996,0,53.37489695354107,0.4,1,0,0,0,0,0,0,0,0,0,,,
,0.28541666666666665,0.7333333333333333,0.3333333333333333,2.097,0,2.097,0,0,0,17.234089519366414,0,53.368694822832786,0.4,1,0,0,0,0,0,0,0,0,0,,,
,0.2861111111111111,0.7333333333333333,0.3333333333333333,1.814,0,1.814,0,0,0,17.259177626368672,2,53.24957502367371,0.4,1,0,0,0,0,0,0.4,0,0,0,,,
,0.28680555555555554,0.7333333333333333,0.3333333333333333,1.814,0,1.814,0,0,0,17.277199335216018,0,53.24340524126275,0.4,1,0,0,0,0,0,0,0,0,0,,,
,0.2875,0.7333333333333333,0.3333333333333333,1.714,0,1.714,21.749999999999996,0,0,17.28619320537965,0,53.23723960596457,0.4,1,0.2,0,2.61,0,0,0,0.522,0,0,,,
,0.2881944444444444,0.7333333333333333,0.3333333333333333,1.651,0,1.651,36.26226728297972,0,0,17.30449153702388,0,53.231076569438756,0.4,1,0.4,0,4.3514720739575665,0,0,0,0.8702944147915133,0,0,,,
,0.28888888888888886,0.7333333333333333,0.3333333333333333,1.651,0,1.651,21.749999999999996,0,0,17.348732791646974,0,53.224917726290336,0.4,1,0.2,0,2.61,0,0,0,0.522,0,0,,,
,0.28958333333333336,0.7333333333333333,0.3333333333333333,1.821,0,1.821,8.404324383130078,0,0,17.407445798283668,1,53.15598053239211,0.4,1,0.2,0,1.0085189259756093,0,0,0.2,0.20170378519512186,0,0,,,
,0.2902777777777778,0.7333333333333333,0.3333333333333333,1.744,0,1.744,0,0,0,17.46234306429661,0,53.14985221215197,0.4,1,0,0,0,0,0,0,0,0,0,,,
,0.29097222222222224,0.7333333333333333,0.3333333333333333,1.905,0,1.905,0,0,0,17.5084288666068,0,53.14373435344091,0.4,1,0,0,0,0,0,0,0,0,0,,,
,0.2916666666666667,0.6666666666666666,0.4666666666666667,1.035,0,1.035,0,0,0,17.532100396120995,0,53.13762544392888,0.4,1,0,0,0,0,0,0,0,0,0,,,
,0.2923611111111111,0.6666666666666666,0.4666666666666667,1.035,0,1.035,0,0,0,17.5477115753316,0,53.13152163963498,0.4,1,0,0,0,0,0,0,0,0,0,,,
,0.29305555555555557,0.6666666666666666,0.4666666666666667,1.075,0,1.075,0,0,0,17.556752582841124,0,53.12542155790967,0.4,1,0,0,0,0,0,0,0,0,0,,,
,0.29375,0.6666666666666666,0.4666666666666667,0.924,0,0.924,0,0,0,17.555216570094615,0,53.11932407179965,0.4,1,0,0,0,0,0,0,0,0,0,,,
,0.29444444444444445,0.6666666666666666,0.4666666666666667,0.884,0,0.884,0,0,0,17.546627063147177,0,53.1132273676565,0.4,1,0,0,0,0,0,0,0,0,0,,,
,0.2951388888888889,0.6666666666666666,0.4666666666666667,0.864,0,0.864,0,0,0,17.532049304958722,0,53.10713023617573,0.4,1,0,0,0,0,0,0,0,0,0,,,
,0.29583333333333334,0.6666666666666666,0.4666666666666667,0.917,0,0.917,21.749999999999996,0,0,17.513803919609547,0,53.10103165087323,0.4,1,0.2,0,2.61,0,0,0,0.522,0,0,,,
,0.2965277777777778,0.6666666666666666,0.4666666666666667,0.93,0,0.93,13.157530564446265,0,0,17.508125825898656,0,53.09493098326217,0.4,1,0.2,0,1.5789036677335522,0,0,0,0.31578073354671043,0,0,,,
,0.2972222222222222,0.6666666666666666,0.4666666666666667,1.045,0,1.045,0,0,0,17.50964638189567,0,53.08883038809232,0.4,1,0,0,0,0,0,0,0,0,0,,,
,0.29791666666666666,0.6666666666666666,0.4666666666666667,1.045,0,1.045,21.749999999999996,0,0,17.50515222343185,0,53.08273109940556,0.4,1,0.2,0,2.61,0,0,0,0.522,0,0,,,
,0.2986111111111111,0.6666666666666666,0.4666666666666667,1.058,0,1.058,21.749999999999996,0,0,17.517459545173597,3.54,52.88042399333998,0.4,1,0.2,0,2.61,0,0,0.708,0.522,0,0,,,
,0.29930555555555555,0.6666666666666666,0.4666666666666667,1.098,0,1.098,9.609795155486244,0,0,17.54471419149211,0.4600000000000001,52.849591233782704,0.4,1,0.2,0,1.1531754186583496,0,0,0.09200000000000001,0.2306350837316699,0,0,,,
,0.3,0.6666666666666666,0.4666666666666667,1.274,0,1.274,0,0,0,17.576298202880302,0,52.84353896914689,0.4,1,0,0,0,0,0,0,0,0,0,,,
,0.30069444444444443,0.6666666666666666,0.4666666666666667,1.324,0,1.324,0,0,0,17.600079081103353,0,52.8374931564441,0.4,1,0,0,0,0,0,0,0,0,0,,,
,0.3013888888888889,0.6666666666666666,0.4666666666666667,1.324,0,1.324,0,0,0,17.615611633547672,3,52.6449859504315,0.4,1,0,0,0,0,0,0.6,0,0,0,,,
,0.3020833333333333,0.6666666666666666,0.4666666666666667,1.214,0,1.214,0,0,0,17.6223482057637,0,52.63898091483431,0.4,1,0,0,0,0,0,0,0,0,0,,,
,0.30277777777777776,0.6666666666666666,0.4666666666666667,1.314,0,1.314,0,0,0,17.62481229532626,0,52.632978063512766,0.4,1,0,0,0,0,0,0,0,0,0,,,
,0.3034722222222222,0.6666666666666666,0.4666666666666667,1.386,0,1.386,0,0,0,17.621480325106745,0,52.62697666366679,0.4,1,0,0,0,0,0,0,0,0,0,,,
,0.30416666666666664,0.6666666666666666,0.4666666666666667,1.386,0,1.386,0,0,0,17.612499998529238,0,52.62097572143732,0.4,1,0,0,0,0,0,0,0,0,0,,,
,0.30486111111111114,0.6666666666666666,0.4666666666666667,1.225,0,1.225,21.749999999999996,0,0,17.596533202064883,0,52.61497426845625,0.4,1,0.2,0,2.61,0,0,0,0.522,0,0,,,
,0.3055555555555556,0.6666666666666666,0.5333333333333333,1.323,0,1.323,36.252553916655366,0,0,17.596304177635798,0,52.608971107130586,0.6,1,0.4,0,4.350306469998644,0,0,0,0.8700612939997289,0,0,,,
,0.30625,0.6666666666666666,0.5333333333333333,1.295,0,1.295,21.749999999999996,0,0,17.60929097765002,0,52.60296893565696,0.6,1,0.2,0,2.61,0,0,0,0.522,0,0,,,
,0.30694444444444446,0.6666666666666666,0.5333333333333333,1.355,0,1.355,21.749999999999996,0,0,17.625453068566515,0,52.59697001943558,0.6,1,0.2,0,2.61,0,0,0,0.522,0,0,,,
,0.3076388888888889,0.6666666666666666,0.5333333333333333,1.355,0,1.355,43.49999999999999,0,0,17.64349082563225,0,52.590974902244014,0.6,1,0.4,0,5.22,0,0,0,1.044,0,0,,,
,0.30833333333333335,0.6666666666666666,0.5333333333333333,1.355,0,1.355,43.49999999999999,0,0,17.685080845683796,2,52.47786444468693,0.6,1,0.4,0,5.22,0,0,0.4,1.044,0,0,,,
,0.3090277777777778,0.6666666666666666,0.5333333333333333,3.338,0,3.338,30.611138343519816,0,0,17.758935200672134,0,52.47189996749853,0.6,1,0.4,0,3.673336601222378,0,0,0,0.7346673202444756,0,0,,,
,0.30972222222222223,0.6666666666666666,0.5333333333333333,3.278,0,3.278,21.749999999999996,0,0,17.835973256606486,2,52.36057110851571,0.6,1,0.2,0,2.61,0,0,0.4,0.522,0,0,,,
,0.3104166666666667,0.6666666666666666,0.5333333333333333,3.278,0,3.278,21.749999999999996,0,0,17.909120064941497,0,52.35465260602681,0.6,1,0.2,0,2.61,0,0,0,0.522,0,0,,,
,0.3111111111111111,0.6666666666666666,0.5333333333333333,3.338,0,3.338,21.749999999999996,0,0,17.980792507710916,2,52.245082487638285,0.6,1,0.2,0,2.61,0,0,0.4,0.522,0,0,,,
,0.31180555555555556,0.6666666666666666,0.5333333333333333,3.637,0,3.637,21.749999999999996,21.749999999999996,0,18.05602601357706,0,52.73635146649887,0.6,1,0.4,0.2,5.22,0,0,0,1.044,0,0,,,
,0.3125,0.6666666666666666,0.6,3.587,0,3.587,21.749999999999996,21.749999999999996,0,18.128240804141978,0,53.22754912499265,0.6,1,0.4,0.2,5.22,0,0,0,1.044,0,0,,,
,0.31319444444444444,0.6666666666666666,0.6,3.587,0,3.587,21.749999999999996,1.479632875328283,0,18.197942719680768,0,53.25535228071658,0.6,1,0.4,0.2,2.7875559450393936,0,0,0,0.5575111890078788,0,0,,,
,0.3138888888888889,0.6666666666666666,0.6,3.712,0,3.712,43.49999999999999,0.04306277086293183,0,18.268118127787552,0,53.25032673098299,0.6,1,0.6,0.2,5.225167532503551,0,0,0,1.0450335065007104,0,0,,,
,0.3145833333333333,0.6666666666666666,0.6,3.772,0,3.772,26.56705960509491,5.223033815071473,0,18.35408753128346,2,53.24531341099551,0.6,1,0.6,0.2,3.8148112104199656,0,0,0.4,0.7629622420839931,0,0,,,
,0.31527777777777777,0.6666666666666666,0.6,3.636,0,3.636,0,0.04300578745193083,0,18.440350759797578,3,53.012321574219605,0.6,1,0.2,0.2,0.0051606944942317,0,0,0.6,0.00103213889884634,0,0,,,
,0.3159722222222222,0.6666666666666666,0.6,3.814,0,3.814,0,0.04297134363700305,0,18.518338361228594,0,53.0073771527917,0.6,1,0.2,0.2,0.005156561236440367,0,0,0,0.0010313122472880734,0,0,,,
,0.31666666666666665,0.6666666666666666,0.6,3.705,0,3.705,0,0.042938101272109556,0,18.58240241082291,3,52.77998070536976,0.6,1,0.2,0.2,0.005152572152653147,0,0,0.6,0.0010305144305306295,0,0,,,
,0.3173611111111111,0.6666666666666666,0.6,3.759,0,3.759,21.749999999999996,0.04291323512314593,0,18.637553672845414,3.54,52.56092725996501,0.6,1,0.4,0.2,2.6151495882147775,0,0,0.708,0.5230299176429555,0,0,,,
,0.31805555555555554,0.6666666666666666,0.6,3.791,0,3.791,21.749999999999996,0.04288905602701897,0,18.70541133131269,1.4600000000000004,52.470273067708376,0.6,1,0.4,0.2,2.615146686723242,0,0,0.2920000000000001,0.5230293373446484,0,0,,,
,0.31875,0.6666666666666666,0.6,3.766,0,3.766,7.9029613855646845,0.04286197363732913,0,18.782703346868566,0,52.46546450795099,0.6,1,0.4,0.2,0.9534988031042417,0,0,0,0.19069976062084834,0,0,,,
,0.3194444444444444,0.6,0.6,3.881,0,3.881,0,0.042846750210674085,0,18.85496778143327,0,52.460669674613904,0.6,1,0.2,0.2,0.0051416100252808915,0,0,0,0.0010283220050561783,0,0,,,
,0.32013888888888886,0.6,0.6,3.825,0,3.825,0,0.042847183154104594,0,18.913491055925256,0,52.455888061332885,0.6,1,0.2,0.2,0.005141661978492551,0,0,0,0.0010283323956985103,0,0,,,
,0.32083333333333336,0.6,0.6,3.725,0,3.725,0,0.042847332200417275,0,18.958527949940184,0,52.451117303725106,0.6,1,0.2,0.2,0.005141679864050074,0,0,0,0.0010283359728100148,0,0,,,
,0.3215277777777778,0.6,0.6,3.745,0,3.745,21.749999999999996,0.04286567469269207,0,18.99399389828313,9.26,51.776730395296,0.6,1,0.4,0.2,2.615143880963123,0,0,1.8519999999999999,0.5230287761926247,0,0,,,
,0.32222222222222224,0.6,0.6,3.826,0,3.826,21.749999999999996,7.812879438557925,0,19.030777433406296,12.26,51.15215195974987,0.6,1,0.4,0.2,3.547545532626951,0,0,2.452,0.7095091065253902,0,0,,,
,0.3229166666666667,0.6,0.6,5.929,0,5.929,43.49999999999999,0.04289271511167824,0,19.11429714602828,9.26,50.57368433049915,0.6,1,0.6,0.2,5.225147125813401,0,0,1.8519999999999999,1.0450294251626802,0,0,,,
,0.3236111111111111,0.6,0.6,4.121,0,4.121,20.103056529351008,21.79290548375447,0,19.20397705310445,4.22,50.822942808691685,0.6,1,0.6,0.4,5.027515441572659,0,0,0.844,1.0055030883145317,0,0,,,
,0.32430555555555557,0.6,0.6,4.121,0,4.121,0,21.7928994968976,0,19.289833319672674,0,51.31564583163411,0.6,1,0.4,0.4,2.6151479396277124,0,0,0,0.5230295879255424,0,0,,,
,0.325,0.6,0.6,2.078,0,2.078,0,21.79289390527768,0,19.3182347628461,0,51.80827898160983,0.6,1,0.4,0.4,2.615147268633322,0,0,0,0.5230294537266644,0,0,,,
,0.32569444444444445,0.6,0.6,2.078,0,2.078,18.83585669859076,2.9570317768566086,0,19.33903895188129,0,51.870298557500476,0.6,1,0.4,0.4,2.6151466170536843,0,0,0,0.5230293234107368,0,0,,,
,0.3263888888888889,0.6,0.6,2.211,0,2.211,4.634885145992374,0.08590828195127252,0,19.37021488212411,0,51.866685388012684,0.4,1,0.4,0.4,0.5664952113532378,0,0,0,0.11329904227064755,0,0,,,
,0.32708333333333334,0.6,0.6,4.621,0,4.621,21.749999999999996,0.08576775573324542,0,19.454978025664502,0,51.86307497034272,0.4,1,0.6,0.4,2.6202921306879894,0,0,0,0.5240584261375979,0,0,,,
,0.3277777777777778,0.6,0.6,4.621,0,4.621,21.749999999999996,0.08518490939013702,0,19.55062073768739,0,51.85946638022399,0.4,1,0.6,0.4,2.6202221891268165,0,0,0,0.5240444378253633,0,0,,,
,0.3284722222222222,0.6,0.6,4.718,0,4.718,7.417764606074734,0.08464611342782877,0,19.658240609897724,0,51.8558624892779,0.4,1,0.6,0.4,0.9002892863403078,0,0,0,0.18005785726806156,0,0,,,
,0.32916666666666666,0.6,0.6,2.488,0,2.488,0,0.08412679742273402,0,19.706547554466812,0,51.85226579518252,0.2,1,0.4,0.4,0.010095215690728084,0,0,0,0.002019043138145617,0,0,,,
,0.3298611111111111,0.6,0.6,2.677,0,2.677,0,2.674082202465951,0,19.7490728498587,1,51.848676979540485,0.2,1,0.4,0.4,0.3208898642959141,0,0,0.2,0.06417797285918282,0,0,,,
,0.33055555555555555,0.6,0.6,2.577,0,2.577,0,9.11404913374575,0,19.778820695798053,3,51.84509531331814,0.2,1,0.4,0.4,1.09368589604949,0,0,0.6,0.218737179209898,0,0,,,
,0.33125,0.6,0.6,2.553,0,2.553,0,0.08405010655191257,0,19.798479919062807,0,51.84151938296204,0.2,1,0.4,0.4,0.01008601278622951,0,0,0,0.0020172025572459023,0,0,,,
,0.33194444444444443,0.6,0.6,2.523,0,2.523,0,7.854061048381663,0,19.809041601538897,3,51.83794768587411,0.2,1,0.4,0.4,0.9424873258057996,0,0,0.6,0.18849746516115992,0,0,,,
,0.3326388888888889,0.6,0.6,2.483,0,2.483,0,0.08408998285584783,0,19.81101436759372,0,51.83437907301063,0.2,1,0.4,0.4,0.010090797942701742,0,0,0,0.0020181595885403482,0,0,,,
,0.3333333333333333,0.6666666666666666,0.6666666666666666,2.483,0,2.483,0,0.08413719114859325,0,19.80945403989217,0,51.830812489144535,0.2,1,0.4,0.4,0.010096462937831192,0,0,0,0.0020192925875662385,0,0,,,
,0.33402777777777776,0.6666666666666666,0.6666666666666666,2.483,0,2.483,0,3.0941688308999806,0,19.801339648286678,1,51.82724697240237,0.2,1,0.4,0.4,0.3713002597079977,0,0,0.2,0.07426005194159954,0,0,,,
,0.3347222222222222,0.6666666666666666,0.6666666666666666,2.533,0,2.533,0,3.094211308373843,0,19.787230206939636,1,51.82368164676679,0.2,1,0.4,0.4,0.37130535700486117,0,0,0.2,0.07426107140097224,0,0,,,
,0.33541666666666664,0.6666666666666666,0.6666666666666666,2.58,0,2.58,21.70702974808036,0.08427352839604817,0,19.766549210672864,0,51.82011593574043,0.2,1,0.4,0.4,2.6149563931771693,0,0,0,0.5229912786354338,0,0,,,
,0.33611111111111114,0.6666666666666666,0.6666666666666666,2.58,0,2.58,13.535024358848567,0.08437099888567046,0,19.75776950590982,0,51.8165495185621,0.2,1,0.4,0.4,1.6343274429281087,0,0,0,0.32686548858562176,0,0,,,
,0.3368055555555556,0.6666666666666666,0.6666666666666666,5.42,0,5.42,0,0.08434913305051474,0,19.768718976824243,0,51.8129817078868,0.2,1,0.4,0.4,0.01012189596606177,0,0,0,0.002024379193212354,0,0,,,
,0.3375,0.6666666666666666,0.6666666666666666,6.76,0,6.76,0,0.0842601681442045,0,19.802932925317517,0,51.80941435240477,0.2,1,0.4,0.4,0.01011122017730454,0,0,0,0.002022244035460908,0,0,,,
,0.33819444444444446,0.6666666666666666,0.6666666666666666,6.88,0,6.88,0,0.0839659118565302,0,19.831905305548297,0,51.80584674785971,0.2,1,0.4,0.4,0.010075909422783625,0,0,0,0.002015181884556725,0,0,,,
,0.3388888888888889,0.6666666666666666,0.6666666666666666,6.619,0,6.619,0,0.08368456595602512,0,19.846550346392114,0,51.80227829083431,0.2,1,0.4,0.4,0.010042147914723016,0,0,0,0.002008429582944603,0,0,,,
,0.33958333333333335,0.6666666666666666,0.6666666666666666,6.628,0,6.628,0,0.0834448131021712,0,19.85541498638891,0,51.7987074760576,0.2,1,0.4,0.4,0.010013377572260545,0,0,0,0.002002675514452109,0,0,,,
,0.3402777777777778,0.6666666666666666,0.8666666666666667,6.715,0,6.715,0,0.08323062497527894,0,19.86422677478342,0,51.79513389734451,0.2,1,0.4,0.4,0.009987674997033475,0,0,0,0.001997534999406695,0,0,,,
,0.34097222222222223,0.6666666666666666,0.8666666666666667,6.835,0,6.835,0,2.673018673372923,0,19.870176706600134,1,51.791557597229165,0.2,1,0.4,0.4,0.3207622408047508,0,0,0.2,0.06415244816095016,0,0,,,
,0.3416666666666667,0.6666666666666666,0.8666666666666667,15.742,0,15.742,0,0.08281072939217365,0,19.885794570956904,0,51.78797817717689,0.2,1,0.4,0.4,0.009937287527060839,0,0,0,0.0019874575054121676,0,0,,,
,0.3423611111111111,0.6666666666666666,0.8666666666666667,15.866,0,15.866,0,0.08251506820034597,0,19.89988269105792,0,51.78439529011754,0.2,1,0.4,0.4,0.009901808184041518,0,0,0,0.0019803616368083035,0,0,,,
,0.34305555555555556,0.6666666666666666,0.8666666666666667,18.236,0,18.236,0,10.737693842699688,0,19.96649628583969,6.54,51.61000573803843,0.2,1,0.4,0.4,1.2885232611239625,0,0,1.308,0.2577046522247925,0,0,,,
,0.34375,0.6666666666666666,0.8666666666666667,9.156,0,9.156,0,1.4662615791161033,0,20.00679085378413,0.4600000000000001,51.60644768679786,0.2,1,0.4,0.4,0.17595138949393244,0,0,0.09200000000000001,0.03519027789878649,0,0,,,
,0.34444444444444444,0.6666666666666666,0.8666666666666667,9.279,0,9.279,0,0.08123322246064893,0,20.045637508160308,0,51.60288736213986,0.2,1,0.4,0.4,0.009747986695277872,0,0,0,0.0019495973390555744,0,0,,,
,0.3451388888888889,0.6666666666666666,0.8666666666666667,6.422,0,6.422,21.70940471820978,0.08082872979144823,0,20.00880082686831,0,51.599325061702984,0.2,1,0.4,0.4,2.614828013760148,0,0,0,0.5229656027520295,0,0,,,
,0.3458333333333333,0.6666666666666666,0.8666666666666667,6.482,0,6.482,12.589743728857574,0.08087145203836242,0,19.98872197091621,2,51.48467318441688,0.2,1,0.4,0.4,1.5204738217075124,0,0,0.4,0.3040947643415025,0,0,,,
,0.34652777777777777,0.6666666666666666,0.8666666666666667,6.407,0,6.407,0,0.08078186479963533,0,19.972515768958345,0,51.48112032111855,0.2,1,0.4,0.4,0.009693823775956241,0,0,0,0.0019387647551912482,0,0,,,
,0.3472222222222222,0.3333333333333333,0.8666666666666667,6.284,0,6.284,0,9.249247925072654,0,19.9350044094121,3.54,51.477562227196984,0.2,1,0.4,0.4,1.1099097510087186,0,0,0.708,0.22198195020174372,0,0,,,
,0.34791666666666665,0.3333333333333333,0.8666666666666667,6.324,0,6.324,0,1.272055567653284,0,19.895968878784384,0.4600000000000001,51.47399848740315,0.2,1,0.4,0.4,0.1526466681183941,0,0,0.09200000000000001,0.030529333623678823,0,0,,,
,0.3486111111111111,0.3333333333333333,0.8666666666666667,6.324,0,6.324,0,0.0806703290373255,0,19.8543886187952,0,51.47042900413396,0.2,1,0.4,0.4,0.009680439484479062,0,0,0,0.0019360878968958124,0,0,,,
,0.34930555555555554,0.3333333333333333,0.8666666666666667,6.324,0,6.324,0,0.08070033026284142,0,19.81053438438754,0,51.46685369047391,0.2,1,0.4,0.4,0.009684039631540972,0,0,0,0.0019368079263081945,0,0,,,
,0.35,0.3333333333333333,0.8666666666666667,6.324,0,6.324,0,0.08074420243908367,0,19.764643284796595,0,51.46327247464861,0.2,1,0.4,0.4,0.009689304292690042,0,0,0,0.0019378608585380083,0,0,,,
,0.3506944444444444,0.3333333333333333,0.8666666666666667,6.082,0,6.082,0,0.08080077853935677,0,19.713485378445363,0,51.45968529886839,0.2,1,0.4,0.4,0.009696093424722814,0,0,0,0.0019392186849445628,0,0,,,
,0.35138888888888886,0.3333333333333333,0.8666666666666667,6.11,0,6.11,0,0.08086896763510268,0,19.661564323121684,0,51.45609152671369,0.2,1,0.4,0.4,0.009704276116212322,0,0,0,0.0019408552232424645,0,0,,,
,0.35208333333333336,0.3333333333333333,0.8666666666666667,6.054,0,6.054,0,0.08094775146805948,0,19.606923316660282,0,51.45249127065521,0.2,1,0.4,0.4,0.009713730176167138,0,0,0,0.0019427460352334277,0,0,,,
,0.3527777777777778,0.3333333333333333,0.8666666666666667,5.974,0,5.974,0,0.08103618345987541,0,19.549300909525073,0,51.44888428605647,0.2,1,0.4,0.4,0.009724342015185052,0,0,0,0.0019448684030370102,0,0,,,
,0.35347222222222224,0.3333333333333333,0.8666666666666667,5.974,0,5.974,0,0.08114799972586313,0,19.490862578053143,1,51.39068907395574,0.2,1,0.4,0.4,0.009737759967103576,0,0,0.2,0.0019475519934207153,0,0,,,
,0.3541666666666667,0.26666666666666666,0.9333333333333333,4.246,0,4.246,0,0.0812670776843811,0,19.389418745745843,0,51.38707806547493,0.2,1,0.4,0.4,0.009752049322125735,0,0,0,0.0019504098644251469,0,0,,,
,0.3548611111111111,0.26666666666666666,0.9333333333333333,5.314,0,5.314,0,9.250310018154247,0,19.308713073736577,3.54,51.3834604100065,0.2,1,0.4,0.4,1.1100372021785099,0,0,0.708,0.22200744043570197,0,0,,,
,0.35555555555555557,0.26666666666666666,0.9333333333333333,5.439,4.473018908420742e-102,5.439,21.709466135076518,1.2735427288492456,2.201295165674911e-104,19.2303408999,0.4600000000000001,51.3798394299797,0.2,1,0.4,0.4,2.757961063671092,0,4.473018908420742e-102,0.09200000000000001,0.5515922127342183,0,0,,,
,0.35625,0.26666666666666666,0.9333333333333333,5.29,9.66697379283513e-25,5.29,13.230720690207123,0.08254585819503982,2.0130838463830348e-26,19.16482705347864,3.54,51.18463771713644,0.2,1,0.4,0.4,1.5975919858082597,0,9.66697379283513e-25,0.708,0.3195183971616519,0,0,,,
,0.35694444444444445,0.26666666666666666,0.9333333333333333,4.202,1.788851339099737e-14,4.201999999999982,0,0.08282426931211699,6.523030975086343e-16,19.089061653885487,2.46,51.051698789485094,0.2,1,0.4,0.4,0.009938912317454042,0,1.788851339099737e-14,0.492,0.0019877824634908082,0,0,,,
,0.3576388888888889,0.26666666666666666,0.9333333333333333,4.342,2.3159591767231342e-10,4.3419999997684045,0,0.08303089138595474,1.2007997838216496e-11,19.016741569071876,0,51.04811732920781,0.2,1,0.4,0.4,0.00996370696631457,0,2.3159591767231342e-10,0,0.0019927413932629137,0,0,,,
,0.35833333333333334,0.26666666666666666,0.9333333333333333,4.345,3.256580862724763e-08,4.344999967434191,0,5.263221132274246,2.1813266332359835e-09,18.944084021457805,2,51.04452843352949,0.2,1,0.4,0.4,0.6315865358729096,0,3.256580862724763e-08,0.4,0.12631730717458192,0,0,,,
,0.3590277777777778,0.26666666666666666,0.9333333333333333,4.345,6.926450921694091e-07,4.344999307354908,0,0.08341955826173492,5.670690523041374e-08,18.871169821639338,0,51.04093223296197,0.2,1,0.4,0.4,0.010010346991408191,0,6.926450921694091e-07,0,0.002002069398281638,0,0,,,
,0.3597222222222222,0.26666666666666666,0.9333333333333333,4.345,5.4595131142152e-06,4.344994540486886,0,0.08362500936931543,5.269424872971081e-07,18.798097282171938,0,51.03732884533419,0.2,1,0.4,0.4,0.010035001124317853,0,5.4595131142152e-06,0,0.0020070002248635706,0,0,,,
,0.36041666666666666,0.26666666666666666,0.9333333333333333,4.345,2.5751492253978154e-05,4.344974248507746,0,7.853836690388443,2.8566594143957707e-06,18.72495692504996,3,51.03371838713224,0.2,1,0.4,0.4,0.9424604028466133,0,2.5751492253978154e-05,0.6,0.18849208056932265,0,0,,,
,0.3611111111111111,0.2,1,4.345,8.372337823989632e-05,4.34491627662176,0,0.08405385884367349,1.0475127121736423e-05,18.648250661935784,0,51.03010097336946,0.2,1,0.4,0.4,0.010086463061240818,0,8.372337823989632e-05,0,0.0020172926122481636,0,0,,,
,0.36180555555555555,0.2,1,4.345,0.00021153129755172736,4.344788468702448,0,0.08430268758990295,2.941882352434193e-05,18.571804172946468,0,51.026476717603835,0.2,1,0.4,0.4,0.010116322510788357,0,0.00021153129755172736,0,0.0020232645021576712,0,0,,,
,0.3625,0.2,1,4.345,0.00041502373631375545,4.344584976263686,0,0.08455442211125325,6.342201626978923e-05,18.49563814664267,0,51.022845731958725,0.2,1,0.4,0.4,0.010146530653350389,0,0.00041502373631375545,0,0.002029306130670078,0,0,,,
,0.36319444444444443,0.2,1,4.305,0.0010647213152699185,4.3039352786847305,0,0.08480884594292751,0.00017710598929584643,18.418840318074494,0,51.01920812713708,0.2,1,0.4,0.4,0.010177061513151302,0,0.0010647213152699185,0,0.0020354123026302606,0,0,,,
,0.3638888888888889,0.2,1,4.305,0.0017861670024759701,4.303213832997524,0,0.0850727461237781,0.00032089303083764504,18.34248613758739,0,51.01556401256692,0.2,1,0.4,0.4,0.010208729534853375,0,0.0017861670024759701,0,0.002041745906970675,0,0,,,
,0.3645833333333333,0.2,1,4.34,0.002620350351447316,4.337379649648553,0,5.265337996942642,0.0005051059629987386,18.267511818019862,2,51.0119134962899,0.2,1,0.4,0.4,0.6318405596331172,0,0.002620350351447316,0.4,0.12636811192662345,0,0,,,
,0.36527777777777776,0.2,1,4.305,0.004055297970612263,4.300944702029388,21.70691096454106,0.08560426095352312,0.0008340496175913725,18.192114017775047,0,51.008256839109706,0.2,1,0.4,0.4,2.6151018270593505,0,0.004055297970612263,0,0.5230203654118701,0,0,,,
,0.3659722222222222,0.2,1,4.37,0.005957944418472358,4.364042055581527,13.06327499626885,0.08587113301455852,0.001301082983046072,18.135667826413954,0,51.00459398338067,0.2,1,0.4,0.4,1.5778975355140092,0,0.005957944418472358,0,0.31557950710280186,0,0,,,
,0.36666666666666664,0.2,1,7.112,0.007967948052555577,7.104032051947445,0,0.08601304003284306,0.0018397426102275919,18.108217218216392,0,51.0009253226688,0.2,1,0.4,0.4,0.010321564803941169,0,0.007967948052555577,0,0.0020643129607882337,0,0,,,
,0.36736111111111114,0.2,1,7.289,0.01085257173594783,7.278147428264052,0,0.08594122141093408,0.0026395436127418107,18.079265994531518,0,50.99725094348314,0.2,1,0.4,0.4,0.01031294656931209,0,0.01085257173594783,0,0.002062589313862418,0,0,,,
,0.3680555555555556,0.13333333333333333,1,3.739,0.01365993011604046,3.7253400698839596,43.45752696530371,0.08589239028255277,0.0034881689086001446,18.005238608638535,3.54,50.81148195173463,0.6,1,0.6,0.4,5.225210322670352,0,0.01365993011604046,0.708,1.0450420645340706,0,0,,,
,0.36875,0.13333333333333333,1,3.562,0.016796954871875134,3.5452030451281247,43.45733908569136,0.08615104664548073,0.004490079011692522,17.956922680105738,3.46,50.63491706854585,0.6,1,0.6,0.4,5.225218815880422,0,0.016796954871875134,0.692,1.0450437631760843,0,0,,,
,0.36944444444444446,0.13333333333333333,1,3.562,0.023284696356532974,3.538715303643467,43.45729559996278,0.0862778945877899,0.006498615156344987,17.93287980864988,0,50.63128719281271,0.6,1,0.6,0.4,5.225228819346069,0,0.023284696356532974,0,1.0450457638692137,0,0,,,
,0.3701388888888889,0.13333333333333333,1,3.562,0.026392537227541337,3.5356074627724587,34.90275292338979,0.08628661429584479,0.007672246638657595,17.931489260227067,0,50.62765401701646,0.6,1,0.6,0.4,4.198684744522277,0,0.026392537227541337,0,0.8397369489044554,0,0,,,
,0.37083333333333335,0.13333333333333333,1,3.562,0.03221598605007274,3.5297840139499272,21.749999999999996,0.08618503011267148,0.009733406814600703,17.944153117251567,0,50.624018903746446,0.6,1,0.6,0.4,2.6203422036135207,0,0.03221598605007274,0,0.5240684407227041,0,0,,,
,0.3715277777777778,0.13333333333333333,1,3.562,0.03713222412527577,3.5248677758747244,21.749999999999996,0.08603364712088432,0.011637001047815445,17.959094293876362,0,50.62038312440295,0.6,1,0.6,0.4,2.6203240376545063,0,0.03713222412527577,0,0.5240648075309012,0,0,,,
,0.37222222222222223,0.13333333333333333,1,3.562,0.042316930955839646,3.5196830690441603,21.749999999999996,0.08591694515806428,0.013731524068225863,17.976284406880694,0,50.61674786220705,0.6,1,0.6,0.4,2.6203100334189675,0,0.042316930955839646,0,0.5240620066837935,0,0,,,
,0.3729166666666667,0.13333333333333333,1,3.562,0.04774648160945036,3.5142535183905497,21.749999999999996,0.085831547712517,0.01601557457601168,17.99556345731043,0,50.613114218133845,0.6,1,0.6,0.4,2.6202997857255017,0,0.04774648160945036,0,0.5240599571451003,0,0,,,
,0.3736111111111111,0.13333333333333333,1,3.562,0.05804126950582732,3.5039587304941726,21.749999999999996,0.08577527411241179,0.02009432930560037,18.01681842732996,0,50.609483215697416,0.6,1,0.6,0.4,2.620293032893489,0,0.05804126950582732,0,0.5240586065786978,0,0,,,
,0.37430555555555556,0.13333333333333333,1,3.562,0.06440157285182867,3.4975984271481715,21.749999999999996,0.0857459403608805,0.022980414113714542,18.039875269440124,0,50.605855808941946,0.6,1,0.6,0.4,2.6202895128433057,0,0.06440157285182867,0,0.5240579025686611,0,0,,,
,0.375,0.13333333333333333,1,3.562,0.0681183673849542,3.4938816326150457,43.45541529355626,0.08574171530785245,0.025019845236866976,18.064578751651048,0,50.6022328800565,0.6,1,0.6,0.4,5.224938841063694,0,0.0681183673849542,0,1.0449877682127389,0,0,,,
,0.37569444444444444,0.13333333333333333,1,3.562,0.0683629305048966,3.4936370694951036,24.85805518975472,0.08576084939443045,0.02581514459468924,18.10746562277708,0,50.598615244477784,0.6,1,0.6,0.4,2.9932579246978985,0,0.0683629305048966,0,0.5986515849395797,0,0,,,
,0.3763888888888889,0.13333333333333333,1,3.739,0.0778018169503788,3.6611981830496214,0,0.08567653641235094,0.030170867205340506,18.15781781531049,3.54,50.423246974826206,0.6,1,0.4,0.4,0.010281184369482114,0,0.0778018169503788,0.708,0.0020562368738964226,0,0,,,
,0.3770833333333333,0.13333333333333333,1,3.739,0.24178233415675007,3.49721766584325,0,0.08554103193666725,0.0961856031726166,18.200199820836367,0.4600000000000001,50.39798743319377,0.6,1,0.4,0.4,0.010264923832400071,0,0.24178233415675007,0.09200000000000001,0.0020529847664800143,0,0,,,
,0.37777777777777777,0.13333333333333333,1,3.752,0.2369256811016008,3.515074318898399,21.70929755956447,0.08543644286002426,0.09659572795133224,18.238537862175924,0,50.39442064543988,0.6,1,0.4,0.4,2.6153680802909394,0,0.2369256811016008,0,0.5230736160581879,0,0,,,
,0.3784722222222222,0.13333333333333333,1,0.952,0.2881996821914389,0.6638003178085612,3.821218292655735,0.08536404724041884,0.12030929756644505,18.272608199635478,0,50.39085938661396,0.6,1,0.4,0.4,0.4687898807875386,0,0.2881996821914389,0,0.09375797615750772,0,0,,,
,0.37916666666666665,0.13333333333333333,1,0.952,0.24921554704819238,0.7027844529518076,0,0.08518479307506174,0.10643017888225341,18.301208574514675,0,50.38730048168077,0.6,1,0.4,0.4,0.010222175169007412,0,0.24921554704819238,0,0.0020444350338014823,0,0,,,
,0.3798611111111111,0.13333333333333333,1,0.952,0.37168729329937633,0.5803127067006236,0,0.08502147712207546,0.16225485272170356,18.323087472862632,0,50.38374335683089,0.6,1,0.4,0.4,0.010202577254649056,0,0.35233745865987526,0,0.0020405154509298114,0,0,,,
,0.38055555555555554,0.13333333333333333,1,0.952,0.2972781999162453,0.6547218000837547,0,0.08489014328923446,0.13255012189193816,18.336832048874925,0,50.38018759052597,0.6,1,0.4,0.4,0.010186817194708136,0,0.2972781999162453,0,0.0020373634389416273,0,0,,,
,0.38125,0.13333333333333333,1,0.952,0.32012674110473527,0.6318732588952647,0,0.08479466461624477,0.14568727400318823,18.344003733443074,0,50.376632607624344,0.6,1,0.4,0.4,0.010175359753949374,0,0.3201013928837882,0,0.0020350719507898746,0,0,,,
,0.3819444444444444,0.2,1,2.279,0.30357704288555404,1.975422957114446,0,0.08472929722313167,0.1409139303140622,18.377986682003893,0,50.373077969468156,0.6,1,0.4,0.4,0.010167515666775803,0,0.30357704288555404,0,0.0020335031333551606,0,0,,,
,0.38263888888888886,0.2,1,2.501,0.2653678034204791,2.235632196579521,0,0.0844433157457479,0.12555592325188203,18.409030839824375,0,50.36952322960735,0.6,1,0.4,0.4,0.01013319788948975,0,0.2653678034204791,0,0.0020266395778979498,0,0,,,
,0.38333333333333336,0.2,1,2.561,0.3421001781921891,2.218899821807811,21.749999999999996,0.0841603277631242,0.16488440055576753,18.435175701084496,0,50.3659679526894,0.6,1,0.6,0.4,2.6200992393315747,0,0.33726010691531344,0,0.524019847866315,0,0,,,
,0.3840277777777778,0.2,1,2.561,0.351912797250614,2.209087202749386,32.80006144254378,10.739301586270091,0.17268138890276247,18.463421630627572,3.54,50.36241185313244,0.6,1,0.6,0.4,5.224723563457665,0,0.3431476783503683,0.708,1.044944712691533,0,0,,,
,0.38472222222222224,0.2,1,2.77,0.31251738983406946,2.4574826101659304,39.060975380232485,4.478277523628687,0.1560372836681882,18.506180115128235,1.4600000000000004,50.3588560839201,0.6,1,0.6,0.4,5.224710348463342,0,0.31251738983406946,0.2920000000000001,1.0449420696926683,0,0,,,
,0.3854166666666667,0.2,1,2.893,0.35524179203985407,2.5377582079601457,30.634514451234526,0.08338825191494631,0.18038199831771734,18.562243014275783,0,50.35530164236921,0.6,1,0.6,0.4,3.686148324377937,0,0.3451450752239125,0,0.7372296648755874,0,0,,,
,0.3861111111111111,0.2,1,2.051,0.37017718555211226,1.6808228144478876,29.053354137908773,0.08302437231685712,0.19106268124900602,18.602334188137796,0,50.35174910368593,0.6,1,0.6,0.4,3.4963654212270754,0,0.36014174844168984,0,0.6992730842454151,0,0,,,
,0.38680555555555557,0.2,1,1.874,0.3850925738588869,1.488907426141113,3.0187184719845064,0.08284995255196284,0.20193924559453222,18.654278201413188,0,50.34820006004445,0.6,1,0.4,0.4,0.3721882109443764,0,0.3720740590871095,0,0.07443764218887527,0,0,,,
,0.3875,0.2,1,1.415,0.3999786166997205,1.0150213833002795,0,0.08257261264421045,0.21300191240825483,18.68789813605887,0,50.34465419030055,0.6,1,0.4,0.4,0.009908713517305255,0,0.3839828933597764,0,0.001981742703461051,0,0,,,
,0.38819444444444445,0.2,1,1.415,0.41482686916373346,1.0001731308362665,0,0.08236504995249254,0.2242411934350128,18.71393761292192,0,50.34110994754731,0.6,1,0.4,0.4,0.009883805994299106,0,0.3958614953309868,0,0.001976761198859821,0,0,,,
,0.3888888888888889,0.2,1,1.415,0.43839765705130185,0.9766023429486982,0,0.08219444996972759,0.2404570315321337,18.732795522660115,0,50.337566876860684,0.4,1,0.4,0.4,0.009863333996367312,0,0.41471812564104155,0,0.001972666799273462,0,0,,,
,0.38958333333333334,0.2,1,1.305,0.45344922415464917,0.8515507758453508,0,0.0820583917074502,0.25225826072446317,18.74272807486758,3.54,50.16818273435386,0.4,1,0.4,0.4,0.009847007004894024,0,0.4267593793237194,0.708,0.001969401400978805,0,0,,,
,0.3902777777777778,0.2,1,1.305,0.4684410975906716,0.8365589024093284,0,0.08198189368175744,0.2642124316140812,18.74641425778716,1.4600000000000004,50.09821805121643,0.4,1,0.4,0.4,0.009837827241810895,0,0.4387528780725372,0.2920000000000001,0.001967565448362179,0,0,,,
,0.3909722222222222,0.2,1,1.574,0.47370023133017275,1.1002997686698273,0,0.08193381507512032,0.2707848094429049,18.750607681827535,0,50.094716229196415,0.4,1,0.4,0.4,0.00983205780901444,0,0.47370023133017275,0,0.001966411561802888,0,0,,,
,0.39166666666666666,0.2,1,1.584,0.7274064016862873,0.8565935983137126,21.749999999999996,0.08188579647578868,0.4212769006227048,18.75218132434199,0,50.09121462879345,0.6,1,0.6,0.4,2.6198262955770946,0,0.7274064016862873,0,0.5239652591154189,0,0,,,
,0.3923611111111111,0.2,1,1.584,0.9952286231162225,0.5887713768837776,21.749999999999996,0.0818538825341584,0.5837631670121447,18.77342079161311,0,50.087713168970616,0.6,1,0.6,0.4,2.619822465904099,0,0.969182898492978,0,0.5239644931808198,0,0,,,
,0.39305555555555555,0.2,1,1.584,1.0448581090604958,0.5391418909395043,21.749999999999996,0.08183537522336667,0.6205169868929554,18.808883515030487,0,50.084215527425314,0.6,1,0.6,0.4,2.6198202450268036,0,1.0088864872483967,0,0.5239640490053608,0,0,,,
,0.39375,0.2,1,1.725,1.084649794253675,0.640350205746325,43.49999999999999,0.08183833883007116,0.6519781917991653,18.861048989734634,0,50.080724632539315,0.6,1,0.8,0.4,5.229820600659608,0,1.04071983540294,0,1.0459641201319216,0,0,,,
,0.39444444444444443,0.2,1,1.902,1.1137150153190063,0.7882849846809936,65.20586018947887,0.08186136571276527,0.6773834075471333,18.9334841635117,0,50.077243805073984,0.6,1,0.8,0.4,7.834526586622998,0,1.0639720122552052,0,1.5669053173245995,0,0,,,
,0.3951388888888889,0.2,1,2.063,1.1426020528843384,0.9203979471156617,57.86717218769265,0.08190333195102648,0.7029866116432065,19.04170845899187,0,50.07377695100859,0.6,1,0.8,0.4,6.953889062357242,0,1.0870816423074707,0,1.3907778124714485,0,0,,,
,0.3958333333333333,0.2,1,2.155,1.1713057215098215,0.9836942784901784,39.536254088823256,0.0818375261775671,0.7287744067927807,19.17202536887844,0,50.07032773986545,0.6,1,0.8,0.4,4.754170993800099,0,0.9587834329058931,0,0.9508341987600198,0,0,,,
,0.39652777777777776,0.2,1,2.155,1.1998214325307612,0.9551785674692387,13.301540871175824,0.08178202090812615,0.7547338535461613,19.31245216252966,0,50.06690019136546,0.6,1,0.6,0.4,1.6059987470500743,0,0.9758928595184567,0,0.32119974941001483,0,0,,,
,0.3972222222222222,0.2,1,2.155,1.2281451398189298,0.9268548601810701,0,0.08175428463404046,0.7808524546647967,19.446464160150974,0,50.06349666963787,0.6,1,0.4,0.4,0.009810514156084856,0,0.9928870838913578,0,0.0019621028312169714,0,0,,,
,0.39791666666666664,0.2,1,1.993,1.2562732903207612,0.7367267096792388,0,0.08175188241665766,0.8071181396511324,19.557543980172316,0,50.060116649948625,0.6,1,0.4,0.4,0.00981022588999892,0,0.8925093161283045,0,0.001962045177999784,0,0,,,
,0.39861111111111114,0.2,1,1.883,1.284202778954441,0.5987972210455589,0,0.08181340520916498,0.8335192495148719,19.650394036625823,0,50.05675765818144,0.6,1,0.4,0.4,0.0098176086250998,0,0.9036811115817764,0,0.00196352172501996,0,0,,,
,0.3993055555555556,0.2,1,1.316,1.3119309074828234,0.004069092517176614,0,0.0818945386306323,0.8600445218332181,19.724415472977544,0,50.05341701387216,0.6,1,0.4,0.4,0.009827344635675878,0,0.9147723629931294,0,0.0019654689271351757,0,0,,,
,0.4,0.2,1,1.316,1.3394553470116954,-0.023455347011695493,0,0.08199411510592522,0.8866830761499722,19.784549495704177,0,50.05009190766757,0.6,1,0.4,0.4,0.009839293812711028,0,0.9257821388046782,0,0.0019678587625422054,0,0,,,
,0.40069444444444446,0.2,1,1.216,1.366774103793045,-0.150774103793045,0,0.08211055756546298,0.913424399747636,19.828951162410515,0,50.04678034171273,0.6,1,0.4,0.4,0.009853266907855558,0,0.9367096415172179,0,0.0019706533815711117,0,0,,,
,0.4013888888888889,0.2,1,1.009,1.3938854880409077,-0.38488548804090783,0,0.08224239661448743,0.9402583338177823,19.859520701676217,0,50.04347996863318,0.6,1,0.4,0.4,0.009869087593738493,0,0.8977770976081815,0,0.0019738175187476985,0,0,,,
,0.40208333333333335,0.2,1,1.009,1.4207880854930122,-0.4117880854930122,0,0.08238825811741515,0.967175060047502,19.87972127360235,0,50.04018873580153,0.6,1,0.4,0.4,0.00988659097408982,0,0.9031576170986025,0,0.001977318194817964,0,0,,,
,0.4027777777777778,0.2,1,1.018,1.447480731475002,-0.4294807314750019,0,0.0825468575176695,0.9941650876335646,19.890664030837296,0,50.03690515526556,0.6,1,0.4,0.4,0.009905622902120343,0,0.9174961462950003,0,0.0019811245804240685,0,0,,,
,0.40347222222222223,0.2,1,0.909,1.2086492395414166,-0.2996492395414166,0,0.0827169944221329,0.8373997773992659,19.886022598545146,1,49.98875495791729,0.6,1,0.4,0.4,0.009926039330655948,0,0.7607298479082834,0.2,0.0019852078661311895,0,0,,,
,0.4041666666666667,0.2,1,0.949,1.2301907471052862,-0.2811907471052862,43.45534529461788,21.83291130512629,0.8596294899964531,19.874864078959103,0,50.48263246220142,0.6,1,0.8,0.6,7.834590791969301,0,0.8050381494210572,0,1.5669181583938603,0,0,,,
,0.4048611111111111,0.2,1,0.949,1.2210324602356724,-0.27203246023567224,36.43531918242275,21.833114580559915,0.8603877780911303,19.88167202467123,0,50.97642803517709,0.6,1,0.8,0.6,6.992212051557922,0,0.8032064920471345,0,1.3984424103115844,0,0,,,
,0.40555555555555556,0.2,1,0.989,1.2417087799072484,-0.2527087799072483,41.56850114841556,2.0147013354668784,0.8821433341103998,19.900876905485152,0,51.01714782181453,0.6,1,0.8,0.6,5.229984298065894,0,0.8473417559814497,0,1.0459968596131788,0,0,,,
,0.40625,0.2,1,0.989,1.293770239335352,-0.304770239335352,41.0374213222034,0.1171307584064749,0.9265212378349329,19.939600694346495,0,51.01449087842102,0.6,1,0.8,0.6,4.938546249673186,0,0.8577540478670704,0,0.9877092499346372,0,0,,,
,0.40694444444444444,0.2,1,0.989,1.1542955810992523,-0.16529558109925233,16.956085941221637,0.11696515354582934,0.8331489297324911,19.993414888080988,0,51.01183724361337,0.6,1,0.6,0.6,2.048766131372096,0,0.8298591162198504,0,0.4097532262744192,0,0,,,
,0.4076388888888889,0.2,1,0.948,1.1887284719232476,-0.24072847192324753,0,0.11671527855737196,0.8646219793441712,20.049827635521304,0,51.00918757757659,0.6,1,0.6,0.6,0.014005833426884638,0,0.8457456943846495,0,0.0028011666853769274,0,0,,,
,0.4083333333333333,0.2,1,0.948,1.4219147965053445,-0.4739147965053444,0,0.11642241200213342,1.0420480674305541,20.096166687797602,0,51.00654134243229,0.6,1,0.6,0.6,0.013970689440256014,0,0.8923829593010689,0,0.002794137888051203,0,0,,,
,0.40902777777777777,0.2,1,0.768,0.8558671756858217,-0.08786717568582174,0,0.11618895568435948,0.6318668571309249,20.11849519003312,0,51.003898168621426,0.6,1,0.6,0.6,0.01394267468212314,0,0.5463468702743287,0,0.002788534936424628,0,0,,,
,0.4097222222222222,0.2,1,0.957,0.8513701949728445,0.1056298050271555,0,0.11607813128046701,0.6331096511794715,20.13489956144836,0,51.00125674254008,0.6,1,0.6,0.6,0.013929375753656045,0,0.5445480779891378,0,0.002785875150731209,0,0,,,
,0.41041666666666665,0.2,1,1.052,0.8980909952200153,0.15390900477998468,0,0.1160287731836814,0.6726050333951792,20.14439532346235,0,50.998617453267514,0.6,1,0.6,0.6,0.013923452782041771,0,0.5632363980880061,0,0.002784690556408354,0,0,,,
,0.4111111111111111,0.2,1,1.052,0.7530351063928975,0.29896489360710243,0,0.11602377878895984,0.5679026987248553,20.14190704552505,0,50.99598013013187,0.6,1,0.6,0.6,0.01392285345467518,0,0.5052140425571591,0,0.002784570690935036,0,0,,,
,0.41180555555555554,0.2,1,1.052,0.532554004900741,0.519445995099259,0,0.11608434143337835,0.40437338338557843,20.1271841662879,0,50.99334421683584,0.6,1,0.6,0.6,0.013930120972005404,0,0.41702160196029636,0,0.002786024194401081,0,0,,,
,0.4125,0.2,1,1.065,0.5216825660296239,0.5433174339703761,0,8.293611472770612,0.398775278655131,20.10512022294287,3.54,50.99070913734765,0.6,1,0.6,0.6,0.9952333767324736,0,0.41267302641184955,0.708,0.19904667534649473,0,0,,,
,0.4131944444444444,0.2,1,1.065,0.5467263649922226,0.5182736350077775,21.705037432970258,5.79897718629841,0.42066773083916587,20.07654626515145,2.46,50.98807451493486,0.6,1,0.6,0.6,3.3004817543122407,0,0.422690545996889,0.492,0.6600963508624481,0,0,,,
,0.41388888888888886,0.2,1,1.065,0.5537184419903998,0.5112815580096002,12.955900431976728,0.11657753051574188,0.42879642230435494,20.058469219089595,0,50.98544002507525,0.6,1,0.6,0.6,1.5686973554990966,0,0.4254873767961599,0,0.3137394710998193,0,0,,,
,0.41458333333333336,0.2,1,1.065,0.5793363330578929,0.48566366694210705,0,0.11668535172189903,0.45147425847780615,20.043477195212475,0,50.98280535240501,0.6,1,0.6,0.6,0.014002242206627886,0,0.4357345332231572,0,0.0028004484413255773,0,0,,,
,0.4152777777777778,0.2,1,1.065,0.5675154545341333,0.4974845454658666,21.718270332467508,0.11675791201216082,0.4450085787870576,20.020898755369238,0,50.98017021985263,0.6,1,0.6,0.6,2.620203389337561,0,0.43100618181365336,0,0.5240406778675122,0,0,,,
,0.41597222222222224,0.2,1,1.15,0.5360327875481515,0.6139672124518485,21.718230380659275,0.11687483286620738,0.42288295849947866,20.014690717283163,0,50.97753434092424,0.6,1,0.6,0.6,2.6202126256230582,0,0.45361967252889085,0,0.5240425251246117,0,0,,,
,0.4166666666666667,0.26666666666666666,1,1.506,0.5616956543110959,0.9443043456889041,9.064097309994184,2.4268489580510177,0.44577831154074465,20.034203067445745,1,50.974897258201345,0.6,1,0.6,0.6,1.3789135521654243,0,0.46901739258665753,0.2,0.2757827104330849,0,0,,,
,0.4173611111111111,0.26666666666666666,1,1.566,0.5681550242770145,0.9978449757229855,0,0.11669022725318384,0.4535507114269152,20.053199544182995,0,50.97226034439158,0.6,1,0.6,0.6,0.014002827270382063,0,0.47289301456620864,0,0.0028005654540764124,0,0,,,
,0.41805555555555557,0.26666666666666666,1,1.566,0.5547429188029488,1.0112570811970512,0,0.11652227983117208,0.4453947860719835,20.061449788498628,0,50.96962330036482,0.6,1,0.6,0.6,0.013982673579740652,0,0.4648457512817693,0,0.0027965347159481305,0,0,,,
,0.41875,0.26666666666666666,1,1.578,0.5808963233084476,0.9971036766915523,0,0.11642317277351923,0.46903006623676274,20.061164603878613,0,50.96698585742618,0.6,1,0.6,0.6,0.013970780732822308,0,0.4805377939850687,0,0.002794156146564462,0,0,,,
,0.41944444444444445,0.26666666666666666,1,1.22,0.7289115437715715,0.4910884562284285,0,0.11637860575148451,0.5918081964486573,20.045881075581065,0,50.96434779905704,0.6,1,0.6,0.6,0.013965432690178144,0,0.5693469262629429,0,0.002793086538035629,0,0,,,
,0.4201388888888889,0.26666666666666666,1,1.16,0.7161756435793798,0.44382435642062024,0,0.11637329126480098,0.5846368864831999,20.02148314989233,0,50.961707451419066,0.6,1,0.6,0.6,0.013964794951776119,0,0.5617053861476279,0,0.002792958990355224,0,0,,,
,0.42083333333333334,0.26666666666666666,1,1.151,0.72361700043406,0.42738299956594006,0,0.11641912106486373,0.59387270471727,19.99035669162268,0,50.95906442144886,0.6,1,0.6,0.6,0.013970294527783648,0,0.5661702002604359,0,0.0027940589055567297,0,0,,,
,0.4215277777777778,0.26666666666666666,1,1.262,0.7101029933377463,0.5518970066622537,0,0.11650894760271416,0.5858443738025414,19.95566651247283,0,50.95641856178323,0.6,1,0.6,0.6,0.013981073712325702,0,0.626082394670197,0,0.0027962147424651406,0,0,,,
,0.4222222222222222,0.26666666666666666,1,1.421,0.8226660817181164,0.5983339182818836,21.705187811595742,0.11662037235546967,0.6822132272268229,19.921252869625956,0,50.95376975565719,0.6,1,0.6,0.6,2.618616982074146,0,0.7161328653744932,0,0.5237233964148291,0,0,,,
,0.42291666666666666,0.26666666666666666,1,1.471,0.7455223984777014,0.7254776015222987,13.019082650421424,0.1167374881295888,0.6213739855722193,19.898050484995476,0,50.95111818106255,0.6,1,0.6,0.6,1.5762984166261218,0,0.6544179187821612,0,0.31525968332522436,0,0,,,
,0.4236111111111111,0.26666666666666666,1,1.431,0.7311803504199442,0.6998196495800557,0,0.1167728164200525,0.6124544323889792,19.877275032999865,2,50.799992990067196,0.6,1,0.6,0.6,0.014012737970406301,0,0.6429442803359554,0.4,0.00280254759408126,0,0,,,
,0.42430555555555555,0.26666666666666666,1,1.431,0.7380721411403354,0.6929278588596647,0,0.11677747241251081,0.6212507032614136,19.850277197004363,0,50.79736115207256,0.6,1,0.6,0.6,0.014013296689501298,0,0.6484577129122683,0,0.0028026593379002597,0,0,,,
,0.425,0.26666666666666666,1,3.299,0.72298867567824,2.57601132432176,21.719270318435907,0.11682562338241916,0.611478383502194,19.865363618370687,0,50.79472623764329,0.6,1,0.6,0.6,2.620331513018199,0,0.636390940542592,0,0.5240663026036398,0,0,,,
,0.42569444444444443,0.26666666666666666,1,3.299,0.7295489444164035,2.5694510555835963,21.719182938502065,0.11691443564380756,0.6199391888921845,19.89436195247736,0,50.792096391151844,0.6,1,0.6,0.6,2.6203316848975047,0,0.6416391555331228,0,0.5240663369795009,0,0,,,
,0.4263888888888889,0.26666666666666666,1,3.299,0.7360452234509767,2.5629547765490233,7.7778488990461785,0.11687539611528691,0.6283599129616214,19.93581469304548,0,50.78947107430214,0.6,1,0.6,0.6,0.9473669154193759,0,0.6468361787607813,0,0.18947338308387518,0,0,,,
,0.4270833333333333,0.26666666666666666,1,1.393,0.7874764446106899,0.6055235553893101,0,0.11672660691515846,0.6753297280421622,19.925382128071227,0,50.79269953671602,0.6,1,0.6,0.6,0.014007192829819015,0.2559210465517397,0.6879811556885519,0,0.002801438565963803,0,0,,,
,0.42777777777777776,0.26666666666666666,1,1.551,0.7715392521029871,0.7794607478970129,0,0.07457397238668255,0.6646245343513382,19.91254369233407,0,50.78911254452909,0.6,1,0.6,0.6,0.008948876686401909,0,0.6752314016823897,0,0.0017897753372803818,0,0,,,
,0.4284722222222222,0.26666666666666666,1,1.426,0.7322694665133876,0.6937305334866123,0,0.07433645923569057,0.6335716447988377,19.88841917927339,0,50.785518537508395,0.6,1,0.6,0.6,0.00892037510828287,0,0.6438155732107101,0,0.001784075021656574,0,0,,,
,0.42916666666666664,0.26666666666666666,1,1.526,0.8998315872131347,0.6261684127868652,0,8.251583796119986,0.7819150844637422,19.863924187934217,3.54,50.78191752152972,0.6,1,0.6,0.6,0.9901900555343985,0,0.7778652697705077,0.708,0.1980380111068797,0,0,,,
,0.42986111111111114,0.26666666666666666,1,1.709,0.6512769457374589,1.057723054262541,0,1.1366474057320417,0.5683362410298203,19.83185265587396,0.4600000000000001,50.785321781813664,0.6,1,0.6,0.6,0.13639768868784502,0.3067739316921003,0.5790215565899671,0.09200000000000001,0.027279537737569005,0,0,,,
,0.4305555555555556,0.26666666666666666,1,4.118,0.679913327095125,3.438086672904875,0,0.07395454866751956,0.5958032345555196,19.8082184074298,0,50.78170586250447,0.6,1,0.6,0.6,0.008874545840102348,0,0.5379479962570749,0,0.0017749091680204696,0,0,,,
,0.43125,0.26666666666666666,1,4.354,0.7561216420770663,3.5978783579229336,0,2.3840095683116833,0.6653031958652263,19.785999471478075,1,50.77808776907358,0.6,1,0.6,0.6,0.286081148197402,0,0.662897313661653,0.2,0.0572162296394804,0,0,,,
,0.43194444444444446,0.26666666666666666,1,4.354,0.7857445588658664,3.568255441134134,21.70562273081115,0.07406338556095324,0.6941567257398881,19.75907932044045,0,50.774467717035385,0.6,1,0.6,0.6,2.613562333964653,0,0.686595647092693,0,0.5227124667929306,0,0,,,
,0.4326388888888889,0.26666666666666666,1,4.374,0.8156672880085702,3.55833271199143,14.67800801256618,0.074150176229191,0.7234484038979504,19.744747419770004,0,50.77727665657386,0.6,1,0.6,0.6,1.7702589826554447,0.2813563415536178,0.7105338304068561,0,0.3540517965310889,0,0,,,
,0.43333333333333335,0.26666666666666666,1,4.354,0.8458844921856649,3.508115507814335,0,0.07414074097610009,0.7531728462229071,19.736444471044575,0,50.77365143992701,0.6,1,0.6,0.6,0.008896888917132011,0,0.7347075937485319,0,0.0017793777834264023,0,0,,,
,0.4340277777777778,0.26666666666666666,1,4.293,0.9250792409388555,3.3679207590611444,0,0.074084580987053,0.8268426181103576,19.72061387445619,0,50.77002413772633,0.6,1,0.6,0.6,0.008890149718446361,0,0.8760475445633132,0,0.0017780299436892723,0,0,,,
,0.43472222222222223,0.26666666666666666,1,4.422,0.9316995127362522,3.490300487263748,0,0.07406461926191324,0.8358953195365102,19.70235017182137,0,50.773418322219996,0.6,1,0.6,0.6,0.008887754311429588,0.3073015293107339,0.9133596101890016,0,0.0017775508622859177,0,0,,,
,0.4354166666666667,0.26666666666666666,1,4.462,1.0863946953807155,3.375605304619284,0,2.3840823104081705,0.9782910054389583,19.683707585691263,1,50.769785163346405,0.4,1,0.6,0.6,0.28608987724898044,0,1.0371157563045725,0.2,0.05721797544979609,0,0,,,
,0.4361111111111111,0.26666666666666666,1,4.522,1.0690375546190396,3.4529624453809604,0,0.07412129735464339,0.9661633842459028,19.660862725311635,0,50.77331899590657,0.4,1,0.6,0.6,0.008894555682557207,0.31362945898514133,1.023230043695232,0,0.0017789111365114415,0,0,,,
,0.43680555555555556,0.26666666666666666,1,4.502,1.0512627289558842,3.4507372710441158,0,0.07419422945546415,0.953497021298087,19.63334131235074,0,50.769681300076314,0.4,1,0.6,0.6,0.0089033075346557,0,1.0090101831647076,0,0.00178066150693114,0,0,,,
,0.4375,0.26666666666666666,1,4.404,1.058272941409791,3.3457270585902092,0,0.0742977044341172,0.9632299275823448,19.59693091091215,0,50.77364902307306,0.4,1,0.6,0.6,0.008915724532094067,0.3328127265818501,1.0146183531278328,0,0.0017831449064188132,0,0,,,
,0.43819444444444444,0.26666666666666666,1,4.527,1.0905692075379934,3.436430792462007,0,0.07446536673278248,0.9960563469050137,19.561339665142714,0,50.78192296644872,0.4,1,0.6,0.6,0.008935844007933898,0.5213450417929327,1.0404553660303946,0,0.0017871688015867796,0,0,,,
,0.4388888888888889,0.26666666666666666,1,4.705,1.0210148360033786,3.6839851639966215,0,0.03039787026972206,0.9356981489386869,19.52638206328775,0,50.77726567491751,0.4,1,0.6,0.6,0.0036477444323666478,0,0.984811868802703,0,0.0007295488864733295,0,0,,,
,0.4395833333333333,0.26666666666666666,1,4.785,1.0274748048048425,3.7575251951951576,0,0.030543076507176487,0.9447632960338777,19.48958420857501,0,50.785887827727265,0.4,1,0.6,0.6,0.0036651691808611787,0.5810577360069397,0.989979843843874,0,0.0007330338361722357,0,0,,,
,0.44027777777777777,0.26666666666666666,1,2.003,1.0338631414813964,0.9691368585186038,0,0.030694927115874848,0.9537586488158902,19.430206641715642,0,50.78122434544092,0.4,1,0.6,0.6,0.003683391253904982,0,0.9950905131851171,0,0.0007366782507809964,0,0,,,
,0.4409722222222222,0.26666666666666666,1,2.103,1.066184594764472,1.036815405235528,0,0.03085260119876881,0.9867504749690466,19.371586717959445,0,50.79015190006853,0.4,1,0.6,0.6,0.0037023121438522575,0.5948605465371943,1.0209476758115774,0,0.0007404624287704515,0,0,,,
,0.44166666666666665,0.26666666666666666,1,1.983,0.9941046043052337,0.9888953956947663,0,0.03101406525225997,0.9229598855811139,19.306918979677597,0,50.79190264128847,0.4,1,0.6,0.6,0.003721687830271197,0.2812201019861649,0.9632836834441869,0,0.0007443375660542394,0,0,,,
,0.4423611111111111,0.26666666666666666,1,2.311,0.9999707587073562,1.3110292412926439,0,0.031205322936794348,0.931301969478775,19.24706388895607,0,50.80095291918103,0.4,1,0.6,0.6,0.003744638752415322,0.6008817123242718,0.9999707587073562,0,0.0007489277504830644,0,0,,,
,0.44305555555555554,0.26666666666666666,1,4.274,0.8204963924205679,3.453503607579432,0,0.03139148646069246,0.766495188757432,19.193816840122025,0,50.8021113687516,0.4,1,0.6,0.6,0.003766978375283096,0.25594484997898254,0.8204963924205679,0,0.0007533956750566192,0,0,,,
,0.44375,0.26666666666666666,1,4.284,0.8251725684057679,3.4588274315942322,21.749999999999996,0.03150069894162459,0.7731869168566382,19.13879828425136,0,50.80402569317796,0.4,1,0.8,0.6,2.613780083872995,0.289313203676195,0.8251725684057679,0,0.522756016774599,0,0,,,
,0.4444444444444444,0.26666666666666666,1,4.284,0.8565618779862648,3.427438122013735,21.749999999999996,0.03161890024825907,0.8049764774694111,19.091729397797472,0,50.805489749555775,0.4,1,0.8,0.6,2.6137942680297908,0.26992277184809654,0.8565618779862648,0,0.5227588536059582,0,0,,,
,0.44513888888888886,0.26666666666666666,1,4.229,1.4264895527771073,2.8025104472228928,21.749999999999996,0.03174150831732538,1.3444848056123424,19.06249602029734,0,50.80077862511416,0.4,1,0.8,0.6,2.613808980998079,0,1.389191642221686,0,0.5227617961996158,0,0,,,
,0.44583333333333336,0.26666666666666666,1,4.289,1.4342060168310322,2.854793983168968,21.749999999999996,0.03184337803114242,1.3556268329696757,19.038995580904235,0,50.82006584350386,0.4,1,0.8,0.6,2.613821205363737,1.0500095460545666,1.4153648134648258,0,0.5227642410727473,0,0,,,
,0.4465277777777778,0.26666666666666666,1,3.954,1.3602172443551206,2.5937827556448796,21.749999999999996,0.03195174575552741,1.289308933104409,19.012849590801338,0,50.83689148347703,0.4,1,0.8,0.6,2.6138342094906633,0.9425280300395614,1.1371303466130724,0,0.5227668418981326,0,0,,,
,0.44722222222222224,0.26666666666666666,1,3.805,1.367323216810861,2.437676783189139,21.749999999999996,0.03206876786355832,1.2996281415226911,18.988703712780744,0,50.851657789673006,0.4,1,0.8,0.6,2.613848252143627,0.8526374424057297,1.1413939300865168,0,0.5227696504287254,0,0,,,
,0.4479166666666667,0.26666666666666666,1,3.749,1.3743427111804338,2.374657288819566,21.749999999999996,0.0321896947771267,1.3098500482199107,18.968620203737068,0,50.865469846708486,0.4,1,0.8,0.6,2.613862763373255,0.8110599561019824,1.1037370844721737,0,0.522772552674651,0,0,,,
,0.4486111111111111,0.26666666666666666,1,3.654,1.2431483744670941,2.410851625532906,21.749999999999996,0.032314019550174,1.1879764697712003,18.948573361646194,0,50.87321172927105,0.4,1,0.8,0.6,2.6138776823460206,0.5456197148843409,1.0312593497868376,0,0.5227755364692042,0,0,,,
,0.44930555555555557,0.26666666666666666,1,3.626,1.1937859837658222,2.4322140162341777,21.749999999999996,0.03246405544659498,1.1437989527177332,18.931765120219353,0,50.88234556382661,0.4,1,0.8,0.6,2.613895686653591,0.606575994116228,1.0115143935063289,0,0.5227791373307182,0,0,,,
,0.45,0.26666666666666666,1,5.604,1.1717031820771704,4.43229681792283,21.749999999999996,0.032622971255898844,1.1255362149433497,18.953051428483548,0,50.89106886795381,0.4,1,0.8,0.6,2.6139147565507077,0.5886509376361546,1.0226812728308683,0,0.5227829513101415,0,0,,,
,0.45069444444444445,0.26666666666666666,1,5.57,1.2053422112536352,4.3646577887463645,7.631746997934751,0.03278287709485307,1.1607841036893887,18.97718599160606,0,50.9001301324363,0.4,1,0.8,0.6,0.9197435850035527,0.6031825748101289,1.016136884501454,0,0.18394871700071053,0,0,,,
,0.4513888888888889,0.26666666666666666,1,5.547,1.2110101787163507,4.33598982128365,0,0.0329410437106509,1.169146546448484,18.99776889887486,0,50.908998513420144,0.4,1,0.6,0.6,0.003952925245278109,0.5944727053888289,1.0184040714865403,0,0.0007905850490556218,0,0,,,
,0.45208333333333334,0.26666666666666666,1,5.547,1.2731912442979345,4.273808755702065,0,0.03312575470924884,1.2321851960011319,19.014662277366718,0,50.91754564083726,0.4,1,0.6,0.6,0.003975090565109861,0.580145291898509,1.0432764977191737,0,0.0007950181130219723,0,0,,,
,0.4527777777777778,0.26666666666666666,1,5.567,1.3358129687398843,4.231187031260116,0,0.033304408556790184,1.2958972158747466,19.028120020609396,0,50.93275429139541,0.4,1,0.6,0.6,0.0039965290268148225,0.8713456785882064,1.0883251874959536,0,0.0007993058053629645,0,0,,,
,0.4534722222222222,0.26666666666666666,1,5.567,1.5987032805643917,3.9682967194356085,0,0.03347802961695763,1.5545938636754,19.0428005705301,0,50.946428994796065,0.4,1,0.6,0.6,0.0040173635540349155,0.8040750011929028,1.1934813122257568,0,0.0008034727108069831,0,0,,,
,0.45416666666666666,0.26666666666666666,1,7.604,1.949784661859082,5.654215338140918,0,0.033637285959903146,1.900385827532756,19.067371410338122,0,50.962265041713486,0.4,1,0.6,0.6,0.004036474315188378,0.8984669798592474,1.2939138647436328,0,0.0008072948630376756,0,0,,,
,0.4548611111111111,0.26666666666666666,1,7.604,2.0157654614094453,5.588234538590554,0,0.033680099634452385,1.9691703617285639,19.08781239340643,0,50.98308690893495,0.4,1,0.6,0.6,0.004041611956134286,1.1164882935399085,1.320306184563778,0,0.0008083223912268572,0,0,,,
,0.45555555555555555,0.26666666666666666,1,7.604,2.0821185748057274,5.521881425194272,0,0.03372943126731737,2.038540044081433,19.104907945200697,0,51.00712722356376,0.4,1,0.6,0.6,0.004047531752078085,1.257248892609383,1.346847429922291,0,0.000809506350415617,0,0,,,
,0.45625,0.26666666666666666,1,7.443,2.0326809935861174,5.410319006413882,0,0.03378119698787584,1.9945093596923322,19.114503545791955,0,51.03350629800004,0.4,1,0.6,0.6,0.004053743638545102,1.3595699541874258,1.166072397434447,0,0.0008107487277090203,0,0,,,
,0.45694444444444443,0.26666666666666666,1,7.368,2.3033723680458342,5.064627631954166,0,0.03384051811674728,2.264992958217179,19.124265675572033,0,51.0604938455267,0.4,1,0.6,0.6,0.004060862174009674,1.3862572068161603,1.2743489472183338,0,0.0008121724348019348,0,0,,,
,0.4576388888888889,0.26666666666666666,1,5.574,2.3418603346900606,3.2321396653099397,0,0.03389124941592538,2.3077169927437526,19.124062041814398,0,51.090791612716785,0.4,1,0.6,0.6,0.004066949929911046,1.5311577764249165,1.478744133876024,0,0.0008133899859822092,0,0,,,
,0.4583333333333333,0.26666666666666666,1,5.574,2.3510583375900453,3.2229416624099545,21.749999999999996,0.03403242339487223,2.32159804020046,19.12122090707067,0,51.12316084478075,0.4,1,0.8,0.6,2.6140838908073847,1.621871951185512,1.4824233350360183,0,0.522816778161477,0,0,,,
,0.45902777777777776,0.26666666666666666,1,5.574,2.389624804739648,3.184375195260352,21.749999999999996,0.03416887714816265,2.3644973017488224,19.125008615929858,0,51.156655781202275,0.4,1,0.8,0.6,2.6141002652577794,1.6712491408259116,1.4978499218958592,0,0.5228200530515559,0,0,,,
,0.4597222222222222,0.26666666666666666,1,5.574,2.3986685742745197,3.17533142572548,21.749999999999996,0.03430189549092402,2.3782004014263447,19.134185548381026,0,51.19113260146286,0.4,1,0.8,0.6,2.614116227458911,1.7142963446496533,1.501467429709808,0,0.5228232454917822,0,0,,,
,0.46041666666666664,0.26666666666666666,1,5.781,2.407578140385854,3.373421859614146,18.847145019883385,2.344432910743235,2.3917264226074133,19.150818395360865,1,51.22619076983695,0.4,1,0.8,0.6,2.5429893516751947,1.7397890585207492,1.7120312561543414,0.2,0.5085978703350389,0,0,,,
,0.46111111111111114,0.26666666666666666,1,5.781,2.744500568649933,3.036499431350067,0,2.3445618536953283,2.73168954705638,19.17817916726707,1,51.261629588845324,0.4,1,0.6,0.6,0.28134742244343947,1.7564517707299792,1.846800227459973,0.2,0.05626948448868789,0,0,,,
,0.4618055555555556,0.26666666666666666,1,5.781,2.6046250001175437,3.1763749998824564,0,0.03467292322955704,2.597372924575464,19.197436386441122,0,51.301002379147654,0.4,1,0.6,0.6,0.004160750787546846,1.9285125306592013,1.7908500000470176,0,0.0008321501575093692,0,0,,,
,0.4625,0.26666666666666666,1,5.903,2.6438070004644425,3.2591929995355575,0,0.034790530418200474,2.6413399705466034,19.21655560154995,0,51.34076798250736,0.4,1,0.6,0.6,0.004174863650184058,1.9457313615138658,1.9285228001857768,0,0.0008349727300368115,0,0,,,
,0.46319444444444446,0.26666666666666666,1,5.903,2.6830527229866874,3.2199472770133126,0,0.03490477747140349,2.68542946795017,19.23239101063842,0,51.3811549594919,0.4,1,0.6,0.6,0.004188573296568419,1.9729570584596339,1.9442210891946752,0,0.0008377146593136839,0,0,,,
,0.4638888888888889,0.26666666666666666,1,3.925,2.3593764944774116,1.5656235055225884,0,0.035015991307438765,2.365682666082812,19.20333887978546,0,51.42227713594171,0.4,1,0.6,0.6,0.004201918956892653,2.005194957988447,1.6677505977909646,0,0.0008403837913785305,0,0,,,
,0.46458333333333335,0.26666666666666666,1,3.925,2.3368371596436246,1.5881628403563754,0,0.03514179195463796,2.347184664150431,19.17225552035714,3,51.23701513044406,0.6,1,0.6,0.6,0.004217015034556556,1.8631064252708092,1.65873486385745,0.6,0.0008434030069113111,0,0,,,
,0.4652777777777778,0.2,1,3.925,2.648890425309577,1.276109574690423,0,0.03526598158095295,2.66518528978725,19.14198685331123,0,51.27624248292445,0.6,1,0.6,0.6,0.004231917789714354,1.921416386512322,1.7577780850619154,0,0.0008463835579428708,0,0,,,
,0.46597222222222223,0.2,1,4.025,2.7794916959646576,1.2455083040353425,0,0.03540505215754827,2.8012933681599246,19.115357700433663,0,51.316442953554386,0.6,1,0.6,0.6,0.004248606258905793,1.9643724551243091,1.8838983391929314,0,0.0008497212517811585,0,0,,,
,0.4666666666666667,0.2,1,4.025,2.7881564951741344,1.2368435048258657,0,0.035533800817960925,2.8146571627672112,19.087029938321656,0,51.35856933445873,0.6,1,0.6,0.6,0.004264056098155312,2.0490035031455376,1.885631299034827,0,0.0008528112196310623,0,0,,,
,0.4673611111111111,0.2,1,3.925,2.673742432358169,1.251257567641831,0,0.03565942924631366,2.7035136482816613,19.052012686906664,0,51.40173701150748,0.6,1,0.6,0.6,0.00427913150955764,2.094962987107368,1.7627484864716338,0,0.0008558263019115281,0,0,,,
,0.46805555555555556,0.2,1,3.825,2.743392521406891,1.0816074785931091,0,8.213187853954986,2.7783261790099987,19.01492588140847,3.54,51.444132812279825,0.6,1,0.6,0.6,0.9855825424745985,2.061651362269909,1.676678504281378,0.708,0.1971165084949197,0,0,,,
,0.46875,0.2,1,3.825,2.9678376069587102,0.8571623930412897,21.749999999999996,1.0985096165704715,3.010284072021137,18.981788733118254,0.4600000000000001,51.48690278333218,0.6,1,0.8,0.6,2.7418211539884565,2.0784956689511302,1.721567521391742,0.09200000000000001,0.5483642307976913,0,0,,,
,0.46944444444444444,0.2,1,3.825,2.821336151714704,1.003663848285296,43.46398227426302,0.03601772573696883,2.866026282350061,18.952597936312326,0,51.532342450219645,0.6,1,0.8,0.6,5.22,2.195756055966251,1.692267230342941,0,1.044,0,0,,,
,0.4701388888888889,0.2,1,3.825,2.7981714648349523,1.026828535165048,43.46386862130408,0.036131378695918225,2.846713115670026,18.95152880765564,0,51.57746477817447,0.6,1,0.8,0.6,5.22,2.182318553182394,1.6876342929669905,0,1.044,0,0,,,
,0.4708333333333333,0.2,1,3.825,3.117627752217381,0.7073722477826191,41.40995145943241,0.03608099978076339,3.1763172158885578,18.98308224025574,0,51.62215510378451,0.6,1,0.8,0.6,4.973523895105582,2.163815265436618,1.7515255504434764,0,0.9947047790211163,0,0,,,
,0.47152777777777777,0.2,1,3.765,3.1260146533255333,0.6389853466744666,21.714128758966762,0.03587124103323547,3.18938659379934,19.034907248184695,0,51.67017324552597,0.6,1,0.6,0.6,2.61,2.309715506632313,1.6932029306651066,0,0.522,0,0,,,
,0.4722222222222222,0.26666666666666666,1,4.003,3.1342403180962317,0.8687596819037681,21.71446639774757,0.03553360225242468,3.202221958758154,19.107743787323315,0,51.71992731215205,0.4,1,0.6,0.6,2.61,2.3859713076183406,1.9328480636192464,0,0.522,0,0,,,
,0.47291666666666665,0.26666666666666666,1,3.752,3.1423049501403875,0.6096950498596125,21.714918912756186,0.035081087243808456,3.2148225807402486,19.184168295452118,0,51.77062209579448,0.4,1,0.6,0.6,2.61,2.4274070735489457,1.6834609900280775,0,0.522,0,0,,,
,0.4736111111111111,0.26666666666666666,1,3.752,3.150208747390601,0.6017912526093987,7.528514982545131,0.03452601884808472,3.2271877473828496,19.270085006842198,0,51.821856900846896,0.4,1,0.6,0.6,0.9075649201671859,2.451395105697901,1.6850417494781202,0,0.18151298403343719,0,0,,,
,0.47430555555555554,0.26666666666666666,1,3.692,3.15795190220902,0.5340480977909797,0,0.03387962913207753,3.239316763739657,19.348300223816427,0,51.87343046192041,0.4,1,0.6,0.6,0.0040655554958493045,2.46660195703923,1.6865903804418039,0,0.000813111099169861,0,0,,,
,0.475,0.26666666666666666,1,3.692,3.1655346014926797,0.5264653985073201,0,0.03327154936505769,3.2512089520437515,19.41403796672551,0,51.92524033777072,0.4,1,0.6,0.6,0.003992585923806923,2.4773489958713535,1.688106920298536,0,0.0007985171847613847,0,0,,,
,0.4756944444444444,0.26666666666666666,1,3.485,3.172957026776334,0.3120429732236662,0,0.03273905302630019,3.262863651478647,19.466112062419846,0,51.97723339575781,0.4,1,0.6,0.6,0.003928686363156023,2.4857912516920906,1.4825914053552667,0,0.0007857372726312046,0,0,,,
,0.47638888888888886,0.26666666666666666,1,3.485,3.180219354332794,0.30478064566720603,0,0.03227420874755559,3.2742802179572172,19.508053594955516,0,52.029380692200206,0.4,1,0.6,0.6,0.0038729050497066713,2.493003420607191,1.4840438708665589,0,0.0007745810099413343,0,0,,,
,0.47708333333333336,0.26666666666666666,1,3.485,3.187321755270785,0.2976782447292153,0,0.03187096089137486,3.2854580239082773,19.54071807112174,1,52.017792915367934,0.4,1,0.6,0.6,0.003824515306964983,2.499521489142288,1.4854643510541568,0.2,0.0007649030613929966,0,0,,,
,0.4777777777777778,0.26666666666666666,1,3.485,3.1942643956303374,0.2907356043696627,0,0.031523730244988106,3.296396458070593,19.564920111212594,0,52.071136882093285,0.4,1,0.6,0.6,0.0037828476293985734,2.545852875321475,1.4868528791260673,0,0.0007565695258797147,0,0,,,
,0.47847222222222224,0.26666666666666666,1,3.485,3.201047436475725,0.28395256352427534,0,0.03122741015176262,3.307094925294072,19.58143096756087,0,52.12415897719209,0.4,1,0.6,0.6,0.003747289218211515,2.5322858762018696,1.488209487295145,0,0.000749457843642303,0,0,,,
,0.4791666666666667,0.26666666666666666,1,3.485,3.207671033985971,0.277328966014029,0,0.030977326232246083,3.317552846347946,19.590947879828523,0,52.17707549260156,0.4,1,0.6,0.6,0.0037172791478695304,2.5281906830043175,1.4895342067971942,0,0.0007434558295739061,0,0,,,
,0.4798611111111111,0.26666666666666666,1,3.485,3.2141353395429424,0.27086466045705765,0,0.030769200490823757,3.3277696577357423,19.59411179121771,0,52.22999244579572,0.4,1,0.6,0.6,0.003692304058898851,2.5287434588498843,1.4908270679085887,0,0.0007384608117797702,0,0,,,
,0.48055555555555557,0.26666666666666666,1,3.606,3.2204404998170366,0.38555950018296337,0,0.030599118361077596,3.3377448115168207,19.59439521169561,0,52.28296082120947,0.4,1,0.6,0.6,0.003671894203329312,2.53153641089998,1.6260880999634073,0,0.0007343788406658624,0,0,,,
,0.48125,0.26666666666666666,1,3.606,3.2265866568505053,0.3794133431494947,0,0.030466359057998226,3.3474777751343376,19.589340780047497,0,52.33600470272199,0.4,1,0.6,0.6,0.0036559630869597874,2.5353676991860596,1.627317331370101,0,0.0007311926173919575,0,0,,,
,0.48194444444444445,0.26666666666666666,1,3.796,3.2325739481384015,0.5634260518615983,21.719635492000094,0.03036450799990179,3.3569680312493984,19.58505197618615,0,52.389133883522994,0.4,1,0.6,0.6,2.61,2.5396371314641373,1.6285147896276804,0,0.522,0,0,,,
,0.4826388888888889,0.26666666666666666,1,4.895,3.2384025067072075,1.6565974932927925,21.719751133597,0.030248866402995945,3.3662150775812925,19.62432379632807,0,52.44235134243716,0.4,1,0.6,0.6,2.61,2.5440455753971727,1.886361002682883,0,0.522,0,0,,,
,0.48333333333333334,0.26666666666666666,1,4.895,3.2440724611911245,1.6509275388088753,8.291650396071065,0.030000018647821088,3.375218426753581,19.6769150858811,0,52.49566125405013,0.4,1,0.6,0.6,0.9985980497662664,2.548443821014474,1.88862898447645,0,0.19971960995325327,0,0,,,
,0.4840277777777778,0.26666666666666666,1,5.006,3.2495839359060765,1.7564160640939235,0,0.029635264090013606,3.3839776061459284,19.730968424294517,0,52.54906123753748,0.4,1,0.6,0.6,0.0035562316908016333,2.5527546097429203,1.8908335743624307,0,0.0007112463381603267,0,0,,,
,0.4847222222222222,0.26666666666666666,1,5.167,3.254937050921433,1.9120629490785672,0,0.029267276604074723,3.392492157751507,19.777639738924886,0,52.60254864417796,0.4,1,0.6,0.6,0.003512073192488967,2.556942460016472,2.0539748203685733,0,0.0007024146384977934,0,0,,,
,0.48541666666666666,0.26666666666666666,1,5.167,3.2601319221294727,1.9068680778705276,0,0.02895613946184733,3.400761638039828,19.816016072791975,0,52.6561202730807,0.4,1,0.6,0.6,0.0034747367354216797,2.5609894418228123,2.056052768851789,0,0.0006949473470843359,0,0,,,
,0.4861111111111111,0.3333333333333333,1,5.167,3.1672136014732257,1.999786398526774,0,0.028694904706255266,3.306522049290114,19.847878453989825,0,52.709772413325126,0.4,1,0.6,0.6,0.003443388564750632,2.5648870124895695,2.0188854405892904,0,0.0006886777129501264,0,0,,,
,0.48680555555555555,0.3333333333333333,1,5.167,3.17194595492213,1.9950540450778704,0,0.02848393176372673,3.314066771674176,19.8728115300069,0,52.76241074545702,0.4,1,0.6,0.6,0.003418071811647208,2.520907303701327,2.0207783819688516,0,0.0006836143623294417,0,0,,,
,0.4875,0.3333333333333333,1,5.048,3.1765251254551385,1.8714748745448615,0,0.028313573145088554,3.321372567204771,19.888751069475205,0,52.81457785691615,0.4,1,0.6,0.6,0.003397628777410627,2.500669547308092,1.9036100501820554,0,0.0006795257554821254,0,0,,,
,0.48819444444444443,0.3333333333333333,1,5.081,3.11536458702655,1.96563541297345,0,0.028180129523678495,3.259811451098951,19.898548634816162,0,52.86654180504432,0.4,1,0.6,0.6,0.00338161554284142,2.4921863019897996,1.87914583481062,0,0.000676323108568284,0,0,,,
,0.4888888888888889,0.3333333333333333,1,5.081,3.1195495735191243,1.9614504264808756,0,0.028076124134222006,3.2664975211461207,19.903251314506736,0,52.91770401938027,0.4,1,0.6,0.6,0.0033691348961066413,2.4575307018397927,1.8808198294076497,0,0.0006738269792213282,0,0,,,
,0.4895833333333333,0.3333333333333333,1,5.081,3.02494528879106,2.05605471120894,0,0.02800267217619212,3.169592258154206,19.90101052453416,3,52.7420434191171,0.4,1,0.6,0.6,0.0033603206611430548,2.4416859406272486,1.8429781155164242,0.6,0.000672064132228611,0,0,,,
,0.49027777777777776,0.3333333333333333,1,5.081,2.370293338883789,2.710706661116211,0,0.027961672021276314,2.4852612442041986,19.879194159433183,0,52.794875442286354,0.4,1,0.6,0.6,0.003355400642553158,2.529747088342806,1.5811173355535157,0,0.0006710801285106316,0,0,,,
,0.4909722222222222,0.3333333333333333,1,6.01,2.2083244853635784,3.801675514636422,0,0.02797829811010858,2.3168910656776442,19.864750930413564,0,52.83820015579562,0.4,1,0.6,0.6,0.0033573957732130305,2.114345527541596,1.7859946912181468,0,0.0006714791546426061,0,0,,,
,0.49166666666666664,0.3333333333333333,1,5.893,2.2438517117101306,3.6491482882898696,0,6.9580221027347635,2.3555829500043033,19.844233902034244,3,52.87497098139606,0.4,1,0.6,0.6,0.8349626523281717,1.828002386474892,1.8473110270260786,0.6,0.16699253046563434,0,0,,,
,0.49236111111111114,0.3333333333333333,1,5.893,2.4775498968609617,3.415450103139038,0,0.028115788512125105,2.6024175325585275,19.82671085119899,0,52.90885845028951,0.4,1,0.6,0.6,0.0033738946214550134,1.7021915036712176,1.987529938116577,0,0.0006747789242910027,0,0,,,
,0.4930555555555556,0.26666666666666666,1,3.677,2.314802398273956,1.362197601726044,0,0.02820992803321279,2.432806939074586,19.753897731774433,0,52.94389915674257,0.4,1,0.6,0.6,0.0033851913639855354,1.7529370862816696,1.4499604796547911,0,0.0006770382727971071,0,0,,,
,0.49375,0.26666666666666666,1,3.677,2.9791477069383614,0.6978522930616387,0,0.02832527687268627,3.1326638559929534,19.697123465096958,0,52.97767985243477,0.4,1,0.6,0.6,0.003399033224722353,1.6985051703482117,1.5828295413876723,0,0.0006798066449444706,0,0,,,
,0.49444444444444446,0.26666666666666666,1,3.637,2.9488464152866976,0.6881535847133022,0,0.028417172595114122,3.102350588391502,19.6373074988774,0,53.0182158516979,0.4,1,0.6,0.6,0.003410060711413695,1.9946369680720686,1.5367692830573396,0,0.0006820121422827389,0,0,,,
,0.4951388888888889,0.26666666666666666,1,3.813,2.9846700116207505,0.8283299883792496,0,0.028523124975095227,3.141528221221913,19.5816426361766,0,53.061761061172305,0.4,1,0.6,0.6,0.003422774997011428,2.1269366021761615,1.71993400232415,0,0.0006845549994022855,0,0,,,
,0.49583333333333335,0.26666666666666666,1,1.501,2.9872192326576608,-1.4862192326576606,0,6.958637207007253,3.145622923569965,19.511613067369577,3,53.10718510926345,0.4,1,0.6,0.6,0.8350364648408705,2.2097657851678663,1.501,0.6,0.1670072929681741,0,0,,,
,0.4965277777777778,0.26666666666666666,1,1.44,2.9896272352521716,-1.5496272352521714,0,0.02886189755296404,3.149492363271892,19.441177259816516,0,53.15355320838788,0.4,1,0.4,0.4,0.0034634277063556856,2.2517092294549697,1.44,0,0.0006926855412711371,0,0,,,
,0.49722222222222223,0.26666666666666666,1,1.452,2.55973159106491,-1.10773159106491,0,8.206484399012542,2.697683319921757,19.36125059122798,3.54,53.20039767424451,0.4,1,0.4,0.4,0.984778127881505,2.273203801829688,1.452,0.708,0.196955625576301,0,0,,,
,0.4979166666666667,0.26666666666666666,1,1.617,1.0645403642484252,0.5524596357515748,0,1.0919294662261108,1.1223305588596229,19.251278048960234,0.4600000000000001,53.24267021239366,0.4,1,0.4,0.4,0.1310315359471333,2.0738876809217532,0.9356322913987402,0.09200000000000001,0.02620630718942666,0,0,,,
,0.4986111111111111,0.26666666666666666,1,1.456,1.0985349460580047,0.3574650539419952,0,0.029648726948808123,1.158573988146903,19.14329264033781,0,53.26599248190824,0.4,1,0.4,0.4,0.003557847233856975,1.245636005539688,0.801120967634803,0,0.000711569446771395,0,0,,,
,0.49930555555555556,0.26666666666666666,1,1.456,1.1658297693855115,0.29017023061448843,0,0.029957402077978153,1.229944263662415,19.039288855035313,0,53.28023776715869,0.4,1,0.4,0.4,0.0035948882493573786,0.8491940764405739,0.8414978616313069,0,0.0007189776498714757,0,0,,,
,0.5,0.26666666666666666,1,1.396,1.1664918809715434,0.22950811902845658,0,0.030256491264797725,1.2310100022805368,18.93750769345369,0,53.27505946714551,0.4,1,0.4,0.4,0.003630778951775727,0,0.821895128582926,0,0.0007261557903551454,0,0,,,
,0.5006944444444444,0.26666666666666666,1,1.456,1.0337164071555858,0.4222835928444142,0,0.030549727323451334,1.0911891559915483,18.834752830025828,0,53.29115441234886,0.4,1,0.4,0.4,0.00366596727881416,0.9311357636258376,0.7622298442933516,0,0.000733193455762832,0,0,,,
,0.5013888888888889,0.26666666666666666,1,1.573,1.0342057440489967,0.5387942559510034,0,0.030843923233668448,1.091977195628161,18.73537776461837,0,53.28595260460867,0.4,1,0.4,0.4,0.0037012707880402142,0,0.7425234464293978,0,0.0007402541576080428,0,0,,,
,0.5020833333333333,0.26666666666666666,1,1.693,1.0680222383673486,0.6249777616326514,0,0.03112395418713536,1.127935199998354,18.64025337221178,0,53.300017513770584,0.4,1,0.4,0.4,0.0037348745024562437,0.8433451329466313,0.7828133430204092,0,0.0007469749004912487,0,0,,,
,0.5027777777777778,0.26666666666666666,1,1.456,1.0016504650530391,0.45434953494696084,0,0.031397026313068566,1.0580508476017825,18.54444937257106,0,53.29479348623347,0.4,1,0.4,0.4,0.0037676431575682286,0,0.7229902790318234,0,0.0007535286315136457,0,0,,,
,0.5034722222222222,0.26666666666666666,1,1.387,1.001983125600455,0.3850168743995449,0,0.03167605138839327,1.0585868875646627,18.447978195105502,0,53.30240836484664,0.4,1,0.4,0.4,0.0038011261666071935,0.5621024687902022,0.743189875360273,0,0.0007602252333214387,0,0,,,
,0.5041666666666667,0.26666666666666666,1,1.561,1.0690867590398607,0.49191324096013933,0,0.03194879419276183,1.1296504998113617,18.359650963277062,0,53.30370469617983,0.4,1,0.4,0.4,0.0038338553031314203,0.2861739279074542,0.7634520554239165,0,0.000766771060626284,0,0,,,
,0.5048611111111111,0.26666666666666666,1,1.581,1.1361752840988935,0.4448247159011066,0,0.03221235019748338,1.2006898187777284,18.274590911692417,0,53.311015685524254,0.4,1,0.4,0.4,0.0038654820236980053,0.5497238366175111,0.8237051704593361,0,0.000773096404739601,0,0,,,
,0.5055555555555555,0.26666666666666666,1,1.561,1.1363926888029994,0.4246073111970006,0,0.032467180819205944,1.2010402727071672,18.19116852942271,0,53.31206014873673,0.4,1,0.4,0.4,0.0038960616983047137,0.2760012705304014,0.8038356132817996,0,0.0007792123396609428,0,0,,,
,0.50625,0.26666666666666666,1,1.581,1.103128755706317,0.47787124429368305,0,0.03271704120983006,1.1659725006446995,18.108579647924934,0,53.32068549221094,0.4,1,0.4,0.4,0.003926044945179607,0.6080484229320708,0.8038772534237903,0,0.0007852089890359214,0,0,,,
,0.5069444444444444,0.26666666666666666,1,1.561,1.1032365109142563,0.4577634890857437,0,0.03296363568741498,1.1661462252786527,18.0276323601993,0,53.32171779864782,0.4,1,0.4,0.4,0.003955636282489798,0.27629056475793917,0.7839419065485538,0,0.0007911272564979597,0,0,,,
,0.5076388888888889,0.26666666666666666,1,1.581,1.7050886287657676,-0.12408862876576768,0,0.03320519698659736,1.8023658464880175,17.962550780352295,0,53.3304846500061,0.4,1,0.4,0.4,0.003984623638391684,0.6150501907265212,1.1650531772594603,0,0.0007969247276783367,0,0,,,
,0.5083333333333333,0.26666666666666666,1,1.751,2.54092677080423,-0.7899267708042298,0,0.033411159610067465,2.685895256541327,17.920076105995452,0,53.34876499139585,0.4,1,0.4,0.4,0.004009339153208096,1.0316132802138271,1.5081853541608459,0,0.0008018678306416192,0,0,,,
,0.5090277777777777,0.26666666666666666,1,1.62,2.507386445491917,-0.8873864454919171,0,0.03357264177078403,2.650381889191026,17.87325163855071,0,53.37646339081234,0.4,1,0.4,0.4,0.004028717012494083,1.4439474993414427,1.5014772890983834,0,0.0008057434024988167,0,0,,,
,0.5097222222222222,0.26666666666666666,1,2.776,2.239731422877165,0.5362685771228348,0,0.033737121072549316,2.3673512867629087,17.839574158408844,0,53.40846935616737,0.4,1,0.4,0.4,0.004048454528705918,1.6327979513517958,1.714892569150866,0,0.0008096909057411837,0,0,,,
,0.5104166666666666,0.26666666666666666,1,2.777,1.6043649949373615,1.1726350050626386,0,0.03392205681439923,1.6956602694359817,17.787405652587687,0,53.43962961720017,0.4,1,0.4,0.4,0.004070646817727908,1.5961060773537896,1.436618996962417,0,0.0008141293635455816,0,0,,,
,0.5111111111111111,0.26666666666666666,1,2.966,1.6374893375998498,1.3285106624001501,0,0.03412900517054766,1.73050303668965,17.741796412874397,0,53.46327807766702,0.4,1,0.4,0.4,0.00409548062046572,1.2678828199885828,1.45649360255991,0,0.000819096124093144,0,0,,,
,0.5118055555555555,0.26666666666666666,1,1.822,1.637112743122887,0.18488725687711302,0,0.03432981538757632,1.7298960220658777,17.680476028496997,0,53.48354263749693,0.4,1,0.4,0.4,0.004119577846509159,1.120155789657244,1.4562676458737323,0,0.0008239155693018317,0,0,,,
,0.5125,0.26666666666666666,1,1.822,2.705498315663988,-0.8834983156639878,0,0.03453495423666346,2.8584164568526553,17.6458399232459,0,53.502104702894236,0.4,1,0.4,0.4,0.004144194508399615,1.0460784064626618,1.8040996631327975,0,0.000828838901679923,0,0,,,
,0.5131944444444444,0.26666666666666666,1,1.713,2.738012673029314,-1.025012673029314,0,0.03468129252537845,2.892276453239051,17.608822615243145,0,53.53170901867584,0.4,1,0.4,0.4,0.004161755103045415,1.5294295087671135,1.7016025346058627,0,0.000832351020609083,0,0,,,
,0.5138888888888888,0.26666666666666666,1,1.713,2.736997473401834,-1.0239974734018338,0,0.03482729273666089,2.890640820050726,17.571778199755858,0,53.56716486934467,0.4,1,0.4,0.4,0.004179275128399307,1.78578782205043,1.7013994946803668,0,0.0008358550256798615,0,0,,,
,0.5145833333333333,0.26666666666666666,1,1.713,2.7692179828128998,-1.0562179828128997,0,0.03497289043264517,2.924027982492919,17.535505635611855,0,53.60550937953421,0.4,1,0.4,0.4,0.0041967468519174215,1.9125648303817981,1.70784359656258,0,0.0008393493703834843,0,0,,,
,0.5152777777777777,0.26666666666666666,1,1.713,2.6011877205683476,-0.8881877205683477,0,0.03511619250205109,2.745933186252745,17.495249090738366,0,53.64563552395124,0.4,1,0.4,0.4,0.004213943100246131,1.99092765382247,1.6742375441136697,0,0.0008427886200492263,0,0,,,
,0.5159722222222223,0.26666666666666666,1,1.713,2.5998556723178643,-0.8868556723178644,0,0.03526740142596846,2.7437884499683958,17.45528669074172,0,53.68476066582841,0.4,1,0.4,0.4,0.004232088171116215,1.9475854539493354,1.673971134463573,0,0.0008464176342232431,0,0,,,
,0.5166666666666667,0.26666666666666666,1,1.66,2.5984014514965406,-0.9384014514965406,0,0.03541697718078871,2.7414476152969014,17.413059091069055,0,53.72335614138162,0.4,1,0.4,0.4,0.004250037261694646,1.9248561330853564,1.620680290299308,0,0.0008500074523389292,0,0,,,
,0.5173611111111112,0.26666666666666666,1,1.66,2.5302397723215693,-0.8702397723215695,0,0.03556509523973344,2.668682315707147,17.36966806019592,0,53.76165504157255,0.4,1,0.4,0.4,0.004267811428768013,1.912339015990873,1.607047954464314,0,0.0008535622857536026,0,0,,,
,0.5180555555555556,0.26666666666666666,1,1.66,2.5618555242323544,-0.9018555242323546,0,0.03571505733613611,2.7010989157682705,17.32755528846527,0,53.79903073541094,0.4,1,0.4,0.4,0.004285806880336334,1.8724114504537672,1.613371104846471,0,0.0008571613760672668,0,0,,,
,0.51875,0.26666666666666666,1,1.66,2.4935629375274075,-0.8335629375274075,0,0.035861375276463534,2.628124735338126,17.284279152704915,0,53.83628285824078,0.4,1,0.4,0.4,0.0043033650331756245,1.8674550643806547,1.5997125875054814,0,0.0008606730066351249,0,0,,,
,0.5194444444444445,0.26666666666666666,1,1.827,2.4916944546852577,-0.6646944546852578,21.713990641917658,0.03600935808233655,2.6251209130838573,17.242583704790427,0,53.872696810714686,0.4,1,0.2,0.2,2.61,1.831241090442267,1.7426777818741033,0,0.522,0,0,,,
,0.5201388888888889,0.26666666666666666,1,1.827,2.921257781626062,-1.094257781626062,21.71385260018902,0.03614739981097769,3.076396909975649,17.23316945077516,0,53.9086568826668,0.4,1,0.2,0.2,2.61,1.8118315963889549,1.827,0,0.522,0,0,,,
,0.5208333333333334,0.26666666666666666,1,1.54,3.0182935130008235,-1.4782935130008237,21.71390033190185,0.0360996680981436,3.1771736464675753,17.242347686040343,0,53.94916027510787,0.4,1,0.2,0.2,2.61,2.010989906937952,1.54,0,0.522,0,0,,,
,0.5215277777777778,0.26666666666666666,1,1.54,2.9824596405298056,-1.4424596405298058,21.71408598227009,0.03591401772991034,3.1379791839778286,17.267615249101603,0,53.99298976181816,0.4,1,0.2,0.2,2.61,2.156927120263165,1.54,0,0.522,0,0,,,
,0.5222222222222223,0.26666666666666666,1,3.642,2.9134380143866503,0.7285619856133498,21.714397100659355,0.03560289934064366,3.0638410840705363,17.318125807153145,0,54.03805796372554,0.4,1,0.2,0.2,2.61,2.21157124295271,1.85068760287733,0,0.522,0,0,,,
,0.5229166666666667,0.26666666666666666,1,3.642,2.050618323762968,1.591381676237032,17.583988033184013,0.035181280125065675,2.1553568617566454,17.361246048233006,0,54.08295748782971,0.4,1,0.2,0.2,2.11430031759709,2.204572390606577,1.5292473295051874,0,0.422860063519418,0,0,,,
,0.5236111111111111,0.26666666666666666,1,3.642,1.9493692379576804,1.6926307620423198,0,0.03470136254205534,2.0478175006309467,17.410936734086533,0,54.11814459343454,0.4,1,0.2,0.2,0.004164163505046641,1.7801473434659156,1.4887476951830723,0,0.0008328327010093282,0,0,,,
,0.5243055555555556,0.26666666666666666,1,3.642,1.7822296033279714,1.8597703966720285,0,0.03416239872669359,1.8711664879375853,17.446996959899415,0,54.14735382916052,0.4,1,0.2,0.2,0.004099487847203231,1.519045723230277,1.4218918413311885,0,0.0008198975694406462,0,0,,,
,0.525,0.26666666666666666,1,3.42,1.6483387186934717,1.7716612813065282,0,0.033706558398717265,1.729560171493371,17.466437367579207,0,54.17171156174793,0.4,1,0.2,0.2,0.004044787007846072,1.3071969188199086,1.1310032312160831,0,0.0008089574015692144,0,0,,,
,0.5256944444444445,0.26666666666666666,1,3.42,1.6463861594185332,1.7736138405814668,0,0.03332090960640874,1.7264345370616716,17.47891318982382,1,54.114351774973294,0.4,1,0.2,0.2,0.003998509152769049,1.1361157771954227,1.1298316956511198,0.2,0.0007997018305538099,0,0,,,
,0.5263888888888889,0.26666666666666666,1,3.231,1.677241975187427,1.553758024812573,0,0.032992691947448013,1.7576485140852955,17.480884535021396,0,54.13393799748322,0.4,1,0.2,0.2,0.003959123033693762,1.098670332250672,1.1483451851124562,0,0.0007918246067387524,0,0,,,
,0.5270833333333333,0.26666666666666666,1,3.231,1.6750897279328338,1.5559102720671663,0,0.03271516586432945,1.7542074019125875,17.477305897631318,0,54.15232903731123,0.2,1,0.2,0.2,0.003925819903719535,1.0467907275796522,1.1470538367597,0,0.000785163980743907,0,0,,,
,0.5277777777777778,0.26666666666666666,1,3.231,1.6400559765533682,1.5909440234466317,0,0.032485325167016015,1.716313790523127,17.467903919748807,0,54.17009066362495,0.2,1,0.2,0.2,0.003898239020041922,1.0196484996055286,1.126033585932021,0,0.0007796478040083845,0,0,,,
,0.5284722222222222,0.26666666666666666,1,3.517,1.6377882676221003,1.8792117323778998,0,0.032300347189858664,1.7126928326994495,17.457857277106125,0,54.187138718338886,0.2,1,0.2,0.2,0.00387604166278304,0.9888184471235977,1.1246729605732604,0,0.000775208332556608,0,0,,,
,0.5291666666666667,0.26666666666666666,1,3.517,1.6354416568617614,1.8815583431382386,0,0.0321465707045358,1.708948490181935,17.443513614708813,0,54.20379697764073,0.2,1,0.2,0.2,0.003857588484544296,0.9721218845607121,1.123264994117057,0,0.0007715176969088592,0,0,,,
,0.5298611111111111,0.26666666666666666,1,3.877,1.6003557728008517,2.276644227199148,0,0.032028897234367255,1.6709793360979663,17.42568667201784,0,54.22022578822255,0.2,1,0.2,0.2,0.0038434676681240714,0.9624336909418244,1.2632134636805112,0,0.0007686935336248142,0,0,,,
,0.5305555555555556,0.26666666666666666,1,4.274,1.7609524519549586,2.513047548045041,0,0.03193130784457387,1.8371776611284458,17.416234891467177,0,54.236140349881964,0.2,1,0.2,0.2,0.0038317569413488643,0.940289808126845,1.492761961563967,0,0.0007663513882697729,0,0,,,
,0.53125,0.26666666666666666,1,4.214,1.7256035825038645,2.4883964174961353,21.718185799787936,0.031814200212060974,1.798795738441267,17.400680394238044,0,54.25357913050057,0.2,1,0.2,0.2,2.61,1.0072817427901324,1.4644828660030917,0,0.522,0,0,,,
,0.5319444444444444,0.26666666666666666,1,4.214,0.8776431942099482,3.336356805790052,21.718269201726194,0.03173079827380268,0.9140802603377228,17.383869977113402,0,54.271374374705964,0.2,1,0.2,0.2,2.61,1.0232078762338135,0.7861145553679586,0,0.522,0,0,,,
,0.5326388888888889,0.26666666666666666,1,4.219,0.8437121010885652,3.3752878989114348,9.57325436845772,0.03155475322296472,0.8779591500214009,17.38500506467826,0,54.26577205402575,0.2,1,0.2,0.2,1.1525770946016822,0,0.8437121010885652,0,0.23051541892033645,0,0,,,
,0.5333333333333333,0.26666666666666666,1,3.732,0.8746391550270528,2.857360844972947,0,0.031269840933797775,0.9093074112141781,17.388106419804668,0,54.26610150478685,0.2,1,0.2,0.2,0.0037523809120557335,0.25974938228420474,0.8746391550270528,0,0.0007504761824111467,0,0,,,
,0.5340277777777778,0.26666666666666666,1,3.864,0.8730729263823059,2.9909270736176943,0,8.20839112107421,0.9068221919830223,17.38800813828206,3.54,54.26636377736331,0.2,1,0.2,0.2,0.9850069345289055,0.25706826728381216,0.8730729263823059,0.708,0.19700138690578112,0,0,,,
,0.5347222222222222,0.26666666666666666,1,3.852,0.8391874073118789,3.012812592688121,0,1.0933645681153747,0.8707797538430815,17.381346110085197,0.4600000000000001,54.26656274920354,0.2,1,0.2,0.2,0.131203748173845,0.2545281171870798,0.8391874073118789,0.09200000000000001,0.026240749634769002,0,0,,,
,0.5354166666666667,0.26666666666666666,1,3.772,0.773166114076019,2.998833885923981,0,0.03058557781049011,0.8014709499433011,17.366959726598118,0,54.26093866812964,0.2,1,0.2,0.2,0.0036702693372588136,0,0.773166114076019,0,0.0007340538674517627,0,0,,,
,0.5361111111111111,0.26666666666666666,1,3.792,1.4790141248304471,2.3129858751695527,0,0.030451291006010215,1.5315835248498482,17.364823724149385,0,54.261542778251865,0.2,1,0.2,0.2,0.0036541549207212264,0.27268336890288253,1.3782112998643576,0,0.0007308309841442453,0,0,,,
,0.5368055555555555,0.26666666666666666,1,1.849,1.4118771037608397,0.43712289623916034,0,0.030318863870847593,1.4605160946352744,17.347270594722414,0,54.276168793153545,0.2,1,0.2,0.2,0.0036382636645017116,0.8862946809831098,1.3245016830086718,0,0.0007276527329003423,0,0,,,
,0.5375,0.26666666666666666,1,1.849,3.1061493603938146,-1.2571493603938146,0,0.03022689386662131,3.2096707453514717,17.365599768414867,0,54.28903349451595,0.2,1,0.2,0.2,0.0036272272639945578,0.8095705272269774,1.849,0,0.0007254454527989116,0,0,,,
,0.5381944444444444,0.26666666666666666,1,1.849,3.099596835260691,-1.250596835260691,0,0.03008253701516005,3.1993339466342055,17.37784511725996,1,54.24212161138937,0.2,1,0.2,0.2,0.0036099044418192064,1.596618102121608,1.849,0.2,0.0007219808883638413,0,0,,,
,0.5388888888888889,0.26666666666666666,1,1.906,3.1885459024727725,-1.2825459024727726,0,0.029975907102108273,3.2873858564352365,17.388761206713284,3.54,53.99356233586455,0.2,1,0.2,0.2,0.0035971088522529933,2.034116719599784,1.906,0.708,0.0007194217704505986,0,0,,,
,0.5395833333333333,0.26666666666666666,1,2.025,3.1814714179475323,-1.1564714179475322,0,0.029896194987442715,3.276249816763532,17.3977199190073,0.4600000000000001,54.00690234889204,0.2,1,0.2,0.2,0.0035875433984931264,2.4291394441082748,2.025,0.09200000000000001,0.0007175086796986252,0,0,,,
,0.5402777777777777,0.26666666666666666,1,3.892,3.1742370361679013,0.7177629638320987,0,0.029845650033320018,3.264874908628459,17.449661561354013,0,54.05768074580176,0.2,1,0.2,0.2,0.0035814780039984027,2.4662780829908826,2.0028474072335802,0,0.0007162956007996806,0,0,,,
,0.5409722222222222,0.26666666666666666,1,3.813,3.1668425869172814,0.6461574130827185,0,0.02986309769551955,3.253261756737781,17.493169539117297,3.54,53.83352992272175,0.2,1,0.2,0.2,0.0035835717234623463,2.458061587774593,2.0013685173834563,0.708,0.0007167143446924693,0,0,,,
,0.5416666666666666,0.3333333333333333,1,3.813,3.159287894831833,0.653712105168167,0,0.029900082816719534,3.2414110022786966,17.53581532309558,0.4600000000000001,53.85318150715515,0.2,1,0.2,0.2,0.003588009938006344,2.6228183758953145,1.9998575789663666,0.09200000000000001,0.0007176019876012688,0,0,,,
,0.5423611111111111,0.3333333333333333,1,1.723,3.1515727793030393,-1.4285727793030392,0,0.029923437778192032,3.229323303129944,17.519464940124983,0,53.90599255233466,0.2,1,0.2,0.2,0.0035908125333830444,2.5529400352057303,1.723,0,0.0007181625066766089,0,0,,,
,0.5430555555555555,0.3333333333333333,1,1.723,3.143697054377812,-1.4206970543778121,0,0.02997391947730501,3.2169993340815193,17.501658872393005,0,53.9574068725983,0.2,1,0.2,0.2,0.0035968703372766015,2.4923015491487477,1.723,0,0.0007193740674553202,0,0,,,
,0.54375,0.3333333333333333,1,1.562,3.1356605286560875,-1.5736605286560876,0,0.030040581092171302,3.2044397870622263,17.479826487176943,0,54.00801819599619,0.2,1,0.2,0.2,0.0036048697310605564,2.457622927567093,1.562,0,0.0007209739462121112,0,0,,,
,0.5444444444444444,0.3333333333333333,1,1.562,3.127463005185932,-1.5654630051859317,0,0.03012193378248687,3.1916453713753357,17.456191158745515,0,54.05811997510983,0.2,1,0.2,0.2,0.003614632053898425,2.4357923402558668,1.562,0,0.0007229264107796849,0,0,,,
,0.5451388888888888,0.3333333333333333,1,1.451,3.1191042813561216,-1.6681042813561215,0,0.03021637506918605,3.1786168139425994,17.42821356082633,0,54.10785676783344,0.2,1,0.2,0.2,0.0036259650083023264,2.420282772711006,1.451,0,0.0007251930016604652,0,0,,,
,0.5458333333333333,0.3333333333333333,1,1.244,3.110584148786201,-1.8665841487862007,0,0.03032245033439392,3.1653548595568717,17.396482104856304,0,54.1572983567351,0.2,1,0.2,0.2,0.003638694040127271,2.4078443881660534,1.244,0,0.0007277388080254542,0,0,,,
,0.5465277777777777,0.3333333333333333,1,1.065,3.1019023932140115,-2.0369023932140116,0,0.03043883318757137,3.151860271143662,17.359631314422778,0,54.206477600416164,0.2,1,0.2,0.2,0.003652659982508565,2.3968591997479263,1.065,0,0.0007305319965017129,0,0,,,
,0.5472222222222223,0.3333333333333333,1,1.065,3.093058794380683,-2.028058794380683,0,0.030564314906277694,3.138133830031872,17.32206010026162,0,54.25540866634013,0.2,1,0.2,0.2,0.0036677177887533235,2.3865211664124937,1.065,0,0.0007335435577506647,0,0,,,
,0.5479166666666667,0.3333333333333333,1,1.03,3.084053125913083,-2.054053125913083,0,0.03069779453887189,3.124176336234043,17.282791842220224,0,54.304097282991314,0.4,1,0.2,0.2,0.003683735344664627,2.376429298195546,1.03,0,0.0007367470689329254,0,0,,,
,0.5486111111111112,0.26666666666666666,1,0.97,3.0748851552037384,-2.1048851552037386,0,0.030845971395388798,3.109988608736436,17.237978277739835,0,54.35254458787507,0.4,1,0.2,0.2,0.0037015165674466563,2.36638340807495,0.97,0,0.0007403033134893313,0,0,,,
,0.5493055555555556,0.26666666666666666,1,1.146,3.065554643288219,-1.919554643288219,0,0.03101268596002166,3.0955714857992604,17.19712016897666,3,54.157282419068984,0.4,1,0.2,0.2,0.0037215223152026,2.3562837624103072,1.146,0.6,0.00074430446304052,0,0,,,
,0.55,0.26666666666666666,1,1.146,3.0560613447199905,-1.9100613447199903,0,0.031182906991938472,3.0809258252674216,17.15589741293537,0,54.20878976878297,0.4,1,0.2,0.2,0.0037419488390326174,2.4994648598704474,1.146,0,0.0007483897678065235,0,0,,,
,0.5506944444444445,0.26666666666666666,1,1.146,3.0464050074427726,-1.9004050074427727,0,0.031356398289795244,3.0660525048921325,17.114499903636137,0,54.258361861983346,0.4,1,0.2,0.2,0.0037627677947754297,2.415319371895242,1.146,0,0.000752553558955086,0,0,,,
,0.5513888888888889,0.26666666666666666,1,1.146,3.036585372660375,-1.890585372660375,0,0.03153256159575513,3.0509524226637623,17.07298674731002,0,54.306843530323476,0.4,1,0.2,0.2,0.0037839073914906164,2.3681193929726416,1.146,0,0.0007567814782981233,0,0,,,
,0.5520833333333334,0.26666666666666666,1,1.271,3.0266021747040868,-1.7556021747040869,0,0.03171086630510926,3.0356264971563443,17.034239106591873,3.54,54.07227149291558,0.4,1,0.2,0.2,0.0038053039566131115,2.3392224062129037,1.2343204349408174,0.708,0.0007610607913226223,0,0,,,
,0.5527777777777778,0.26666666666666666,1,1.301,3.0164551408975866,-1.7154551408975867,0,0.03189083224726873,3.020075667884111,16.995928104378645,0.4600000000000001,54.08801660114641,0.4,1,0.2,0.2,0.003826899869672248,2.4972563128737653,1.2322910281795172,0.09200000000000001,0.0007653799739344496,0,0,,,
,0.5534722222222223,0.26666666666666666,1,1.301,3.006143991419456,-1.7051439914194562,0,0.03207202570122108,3.0043008956705255,16.957484452865756,0,54.13767545970427,0.4,1,0.2,0.2,0.00384864308414653,2.4186936999308544,1.230228798283891,0,0.0007697286168293061,0,0,,,
,0.5541666666666667,0.26666666666666666,1,1.301,2.9956684391633135,-1.6946684391633136,0,0.03225405540420272,2.9883031630302326,16.918972440787325,0,54.18579720553398,0.4,1,0.2,0.2,0.0038704866485043264,2.3519237571971434,1.2281336878326627,0,0.0007740973297008653,0,0,,,
,0.5548611111111111,0.26666666666666666,1,1.241,2.865627062011773,-1.6246270620117729,0,0.03243656890275831,2.8532001355818193,16.876223951449365,0,54.23301783965993,0.4,1,0.2,0.2,0.0038923882683309977,2.312967359843197,1.1421254124023545,0,0.0007784776536661996,0,0,,,
,0.5555555555555556,0.26666666666666666,1,1.181,2.676800646549976,-1.4958006465499756,0,0.03262499065631412,2.660078571632911,16.82843568259473,0,54.27832194716668,0.4,1,0.2,0.2,0.0039149988787576945,2.2296056669255457,1.104360129309995,0,0.0007829997757515389,0,0,,,
,0.55625,0.26666666666666666,1,1.146,2.5187645250282578,-1.3727645250282576,0,0.03282127252200364,2.4981350072435373,16.776937110957594,0,54.32054985333866,0.4,1,0.2,0.2,0.003938552702640437,2.0955237694862556,1.0377529050056515,0,0.0007877105405280874,0,0,,,
,0.5569444444444445,0.26666666666666666,1,1.159,2.6273834155347795,-1.4683834155347795,0,0.03303073156373985,2.6006717235937686,16.72930058382702,0,54.359468378407016,0.4,1,0.2,0.2,0.003963687787648783,1.9512318357446286,1.072476683106956,0,0.0007927375575297565,0,0,,,
,0.5576388888888889,0.26666666666666666,1,1.169,1.7938965762546397,-0.6248965762546398,0,0.03322870379270361,1.7720536910001956,16.664142388706026,0,54.39793258575693,0.4,1,0.2,0.2,0.003987444455124434,1.9318066262254538,0.905779315250928,0,0.0007974888910248869,0,0,,,
,0.5583333333333333,0.26666666666666666,1,1.169,1.5525531866122302,-0.3835531866122301,0,0.033464241967658126,1.5304770010108937,16.595709557761488,0,54.42687003330501,0.4,1,0.2,0.2,0.004015709036118975,1.5155525147386544,0.840021274644892,0,0.000803141807223795,0,0,,,
,0.5590277777777778,0.26666666666666666,1,1.169,2.5092311005845014,-1.3402311005845013,0,0.03370481604632419,2.4683405396576528,16.550394325024723,0,54.4483623770001,0.4,1,0.2,0.2,0.0040445779255589035,1.190318924180796,1.0488462201169002,0,0.0008089155851117808,0,0,,,
,0.5597222222222222,0.26666666666666666,1,1.169,2.2666086687023537,-1.0976086687023534,0,0.03389377942419869,2.2248876879338773,16.500059330701337,0,54.47679172695482,0.4,1,0.2,0.2,0.004067253530903843,1.4941250414844653,1.0003217337404708,0,0.0008134507061807687,0,0,,,
,0.5604166666666667,0.26666666666666666,1,2.136,2.662424044145395,-0.5264240441453949,0,0.034093113451650565,2.6077066367777193,16.474459248529445,0,54.50596034197967,0.4,1,0.2,0.2,0.004091173614198068,1.5268592868578974,1.2839696176581579,0,0.0008182347228396136,0,0,,,
,0.5611111111111111,0.26666666666666666,1,2.358,2.8529840793441688,-0.49498407934416855,0,0.034269966291690844,2.7881325554156624,16.457942945980715,0,54.53989508162871,0.4,1,0.2,0.2,0.004112395955002902,1.7356111515539834,1.5821936317376675,0,0.0008224791910005804,0,0,,,
,0.5618055555555556,0.26666666666666666,1,2.308,2.6112422138662916,-0.3032422138662914,0,0.03443635394127223,2.5461041860314566,16.434265760537357,0,54.57831255930664,0.4,1,0.2,0.2,0.004132362472952668,1.9319429354855506,1.4854968855465165,0,0.0008264724945905336,0,0,,,
,0.5625,0.3333333333333333,1,4.814,2.1999079457020385,2.6140920542979615,0,0.03461287087276688,2.1400829803521395,16.477575509696784,0,54.61625373203145,0.4,1,0.2,0.2,0.004153544504732026,1.9113937868287223,1.4549447674212228,0,0.0008307089009464051,0,0,,,
,0.5631944444444444,0.3333333333333333,1,4.847,2.2186170304146575,2.6283829695853425,0,0.03480595983398611,2.1532152645885625,16.518824883761408,0,54.6493742136369,0.4,1,0.2,0.2,0.0041767151800783334,1.7002551970715882,1.4991702182487943,0,0.0008353430360156667,0,0,,,
,0.5638888888888889,0.3333333333333333,1,5.036,2.236939541376541,2.799060458623459,0,0.03498658314305089,2.1658083496228646,16.562848602390964,3,54.44307581083457,0.4,1,0.2,0.2,0.004198389977166108,1.603806643367505,1.5101637248259243,0.6,0.0008396779954332216,0,0,,,
,0.5645833333333333,0.3333333333333333,1,2.738,1.1556209102691464,1.5823790897308536,0,0.035163497847066044,1.1161517772770488,16.522568681251663,0,54.47655691550441,0.4,1,0.2,0.2,0.004219619741647926,1.7137365355217296,0.8613725461614877,0,0.0008439239483295852,0,0,,,
,0.5652777777777778,0.3333333333333333,1,2.798,1.12217440911871,1.67582559088129,0,0.0353878524359706,1.0811637356619244,16.48563266642562,0,54.495885831354414,0.4,1,0.2,0.2,0.004246542292316473,1.0949071277583269,0.841304645471226,0,0.0008493084584632946,0,0,,,
,0.5659722222222222,0.3333333333333333,1,2.664,1.088924427144364,1.575075572855636,0,0.03560577932830147,1.0464849621743988,16.44674466203477,0,54.49660335067375,0.4,1,0.2,0.2,0.004272693519396177,0.2808625896301363,0.8213546562866185,0,0.0008545387038792355,0,0,,,
,0.5666666666666667,0.3333333333333333,1,2.684,1.0558759117913334,1.6281240882086665,0,0.03581901536619658,1.012122085057364,16.408384480456995,0,54.50501891746516,0.4,1,0.2,0.2,0.0042982818439435905,0.6177359719227653,0.8015255470748002,0,0.0008596563687887181,0,0,,,
,0.5673611111111111,0.3333333333333333,1,2.664,1.0230338244805786,1.6409661755194216,21.713972310254587,0.03602768974540813,0.9780816862047016,16.370503994226947,0,54.505470208170664,0.4,1,0.2,0.2,2.61,0.2694410368979187,0.7818202946883471,0,0.522,0,0,,,
,0.5680555555555555,0.3333333333333333,1,2.684,1.0454255377897665,1.6385744622102334,21.71376803301665,0.03623196698334793,0.9968353164880834,16.35592825114294,0,54.51218771008676,0.4,1,0.2,0.2,2.61,0.5436709884499711,0.79525532267386,0,0.522,0,0,,,
,0.56875,0.3333333333333333,1,2.684,1.0401021824861343,1.6438978175138657,21.71373305254958,0.036266947450418294,0.9890796463413001,16.362087189559414,0,54.50647559583551,0.4,1,0.2,0.2,2.61,0,0.7920613094916805,0,0.522,0,0,,,
,0.5694444444444444,0.3333333333333333,1,2.764,1.0074838434797653,1.7565161565202347,21.713844353579177,0.03615564642081902,0.955427553688597,16.38636769433504,0,54.51386816306408,0.4,1,0.2,0.2,2.61,0.5733520828759514,0.7724903060878592,0,0.522,0,0,,,
,0.5701388888888889,0.3333333333333333,1,2.804,1.0292582109805277,1.774741789019472,21.714085899525106,0.035914100474890076,0.9733467550128199,16.42866195569137,0,54.514830926043246,0.4,1,0.2,0.2,2.61,0.29216303337904637,0.7855549265883167,0,0.522,0,0,,,
,0.5708333333333333,0.3333333333333333,1,2.804,1.0506776655567018,1.7533223344432982,16.738062903624993,0.0355533800849854,0.9907752769850036,16.485606220621772,0,54.51517622062549,0.4,1,0.2,0.2,2.0128339540451976,0.2651995251661353,0.798406599334021,0,0.4025667908090395,0,0,,,
,0.5715277777777777,0.3333333333333333,1,2.764,0.9109762656248955,1.8530237343751046,0,0.0350861613327083,0.8565518434548275,16.545758698990475,0,54.52244270294379,0.4,1,0.2,0.2,0.0042103393599249965,0.5680442150929405,0.7145857593749373,0,0.0008420678719849993,0,0,,,
,0.5722222222222222,0.3333333333333333,1,2.724,0.9592069293796779,1.764793070620322,0,0.03456848950128486,0.8992449593191875,16.59748222844808,0,54.516722551160285,0.4,1,0.2,0.2,0.004148218740154183,0,0.7435241576278067,0,0.0008296437480308366,0,0,,,
,0.5729166666666666,0.3333333333333333,1,1.679,0.9537875851849236,0.7252124148150764,0,0.034121974652263104,0.8914855734518928,16.61488644446563,0,54.51729802792771,0.4,1,0.2,0.2,0.004094636958271573,0.2754494363427145,0.7402725511109541,0,0.0008189273916543146,0,0,,,
,0.5736111111111111,0.3333333333333333,1,1.819,1.448799111109809,0.370200888890191,0,0.03373920680430058,1.3500357173775765,16.6399680216875,0,54.51818447738343,0.4,1,0.2,0.2,0.00404870481651607,0.28931104375943895,1.0372794666658856,0,0.0008097409633032141,0,0,,,
,0.5743055555555555,0.3333333333333333,1,1.859,1.2831991896380055,0.5758008103619945,0,0.03339188686488404,1.1920177387100865,16.654697872235623,0,54.53417564242217,0.4,1,0.2,0.2,0.0040070264237860856,0.9503082069976029,0.9379195137828032,0,0.0008014052847572171,0,0,,,
,0.575,0.3333333333333333,1,1.799,1.3015951721538284,0.4974048278461717,0,0.033106658617739766,1.2052936587685221,16.663099211211573,0,54.540674542015076,0.4,1,0.2,0.2,0.003972799034128773,0.5353162818483193,0.948957103292297,0,0.0007945598068257546,0,0,,,
,0.5756944444444444,0.3333333333333333,1,1.739,1.1902173749842413,0.5487826250157586,0,0.032868856481825026,1.0986209916018266,16.662990309648393,0,54.542740507863606,0.4,1,0.2,0.2,0.003944262777819004,0.3415989643725991,0.882130424990545,0,0.0007888525555638008,0,0,,,
,0.5763888888888888,0.4,1,1.567,1.2086000414466644,0.3583999585533356,21.749999999999996,0.03268010396202749,1.111948940213745,16.65693217152316,0,54.55729378432308,0.6,1,0.4,0.2,2.613921612475443,0.888123867626332,0.9031600248679987,0,0.5227843224950887,0,0,,,
,0.5770833333333333,0.4,1,1.507,1.2265780089080178,0.2804219910919821,21.749999999999996,0.0325299636017791,1.124743808874969,16.65587177444865,0,54.55154012150035,0.6,1,0.4,0.2,2.6139035956322134,0,0.9139468053448109,0,0.5227807191264426,0,0,,,
,0.5777777777777777,0.4,1,1.687,1.244145601396377,0.44285439860362297,21.749999999999996,0.032414947979013134,1.13700137231269,16.662341014266207,0,54.5678896045432,0.6,1,0.4,0.2,2.6138897937574814,0.9670924477485842,0.9244873608378263,0,0.5227779587514962,0,0,,,
,0.5784722222222223,0.4,1,1.667,1.2360711695082651,0.43092883049173497,43.46766830577751,0.03233169422247925,1.1257431626185932,16.672560021575126,0,54.57386131623808,0.6,1,0.4,0.2,5.22,0.5132223068559296,0.9196427017049589,0,1.044,0,0,,,
,0.5791666666666667,0.4,1,1.618,1.2279081028686387,0.3900918971313613,43.46772175720129,0.03227824279870639,1.114402410993285,16.70683893645417,1,54.49626220952973,0.6,1,0.4,0.2,5.22,0.3413827398284951,0.9147448617211832,0.2,1.044,0,0,,,
,0.5798611111111112,0.4,1,2.218,1.1449832555090753,1.0730167444909249,28.923478952292395,0.03208911274883747,1.035450810529133,16.77462497028732,0,54.51163701433982,0.6,1,0.4,0.2,3.474668167804948,0.9239792722399681,1.1449832555090753,0,0.6949336335609896,0,0,,,
,0.5805555555555556,0.4,1,2.295,1.8540532032245676,0.4409467967754324,21.749999999999996,0.0317444392629492,1.6706291067422345,16.861628563114596,0,54.50589339945827,0.6,1,0.4,0.2,2.6138093327115537,0,1.6414319219347406,0,0.5227618665423107,0,0,,,
,0.58125,0.4,1,2.465,2.332121681256786,0.1328783187432141,21.749999999999996,0.03137632141761816,2.093675866262741,16.956632465608465,0,54.528976236501286,0.6,1,0.4,0.2,2.6137651585701143,1.2608297854872006,2.0382730087540715,0,0.5227530317140229,0,0,,,
,0.5819444444444445,0.4,1,2.288,2.3399762913367486,-0.05197629133674855,21.749999999999996,0.031047259400836167,2.0928710312284466,17.048117761524658,0,54.55618313445071,0.6,1,0.4,0.2,2.6137256711281003,1.4410471041683777,2.0429857748020495,0,0.5227451342256201,0,0,,,
,0.5826388888888889,0.4,1,2.228,1.9601200956219564,0.26787990437804365,21.749999999999996,0.030771893128301236,1.746458742025532,17.12820586595605,0,54.58552549018905,0.6,1,0.4,0.2,2.613692627175396,1.5342666607203177,1.815072057373174,0,0.5227385254350791,0,0,,,
,0.5833333333333334,0.4,1,2.228,1.873671033290438,0.3543289667095619,21.749999999999996,0.0305614218816319,1.6629721566980313,17.2050890347768,0,54.611693739553616,0.6,1,0.4,0.2,2.613667370625796,1.3952293850000506,1.7632026199742628,0,0.5227334741251591,0,0,,,
,0.5840277777777778,0.4,1,2.362,1.8358321211896829,0.5261678788103172,21.749999999999996,0.030397047622313593,1.6229733610789565,17.283151812410345,0,54.635313557172125,0.6,1,0.4,0.2,2.6136476457146776,1.2835195084732678,1.7404992727138096,0,0.5227295291429355,0,0,,,
,0.5847222222222223,0.4,1,2.362,2.1057989472154395,0.2562010527845605,21.749999999999996,0.030272777566343848,1.854182053329395,17.365256684194055,0,54.6572394518333,0.6,1,0.4,0.2,2.613632733307961,1.2091263269457766,1.9024793683292638,0,0.5227265466615922,0,0,,,
,0.5854166666666667,0.4,1,2.262,2.347747608565297,-0.08574760856529702,18.667302111067514,0.030171769013683885,2.0587973199734955,17.448186394515368,0,54.68132585806969,0.6,1,0.4,0.2,2.243696865609744,1.3032983745858795,2.0330990434261187,0,0.4487393731219488,0,0,,,
,0.5861111111111111,0.4,1,2.262,2.3292409154283225,-0.06724091542832229,0,0.030093097109768572,2.034100478857742,17.528050970216068,0,54.70917940271205,0.6,1,0.2,0.2,0.003611171653172229,1.4677480269700194,2.0256963661713288,0,0.0007222343306344458,0,0,,,
,0.5868055555555556,0.4,1,2.262,2.3105453704792973,-0.04854537047929716,0,0.03004532207269407,2.0092629404621043,17.597752132221423,0,54.73869791588201,0.6,1,0.2,0.2,0.003605438648723289,1.5402480923565651,2.0182181481917185,0,0.0007210877297446577,0,0,,,
,0.5875,0.4,1,2.262,1.6270787277717544,0.6349212722282455,0,0.03002513450208376,1.4088442094365055,17.645238445410932,0,54.76883069408924,0.6,1,0.2,0.2,0.0036030161402500517,1.5668410054419892,1.6016629822174036,0,0.0007206032280500103,0,0,,,
,0.5881944444444445,0.4,1,2.102,1.9316968587333871,0.17030314126661278,21.719942373027216,0.030057626972777456,1.6653008773650235,17.687692947267394,0,54.7916494600389,0.6,1,0.2,0.2,2.61,1.2466903251900152,1.7980181152400323,0,0.522,0,0,,,
,0.5888888888888889,0.4,1,2.102,1.9378531665323449,0.16414683346765513,21.719903761863478,0.03009623813651629,1.663184665382191,17.74473304102376,0,54.81421363504474,0.6,1,0.2,0.2,2.61,1.2353660922143668,1.8017118999194073,0,0.522,0,0,,,
,0.5895833333333333,0.4,1,2.089,1.9211184336749234,0.16788156632507661,0,0.02999095604876813,1.6413660957604599,17.80890430178378,0,54.83671383283854,0.4,1,0.2,0.2,0.003598914725852176,1.2324138018851813,1.6016710602049538,0,0.0007197829451704352,0,0,,,
,0.5902777777777778,0.4,1,2.029,1.9263598569722231,0.10264014302777696,0,0.029803511718013376,1.6382704130205834,17.861446469921635,0,54.85898980698196,0.4,1,0.2,0.2,0.0035764214061616054,1.222478928539906,1.6048159141833336,0,0.0007152842812323211,0,0,,,
,0.5909722222222222,0.4,1,1.792,1.909094122124391,-0.11709412212439088,0,0.02966244880144117,1.6159828980727935,17.902424163605875,0,54.8812059618572,0.4,1,0.2,0.2,0.003559493856172941,1.2197759020178136,1.5944564732746345,0,0.0007118987712345882,0,0,,,
,0.5916666666666667,0.4,1,1.914,1.8699158699957634,0.04408413000423661,0,0.02956079517589344,1.5752750094066488,17.937462356068956,0,54.90319292164986,0.4,1,0.2,0.2,0.003547295421107213,1.209709559239977,1.5709495219974579,0,0.0007094590842214426,0,0,,,
,0.5923611111111111,0.4,1,2.012,1.852513130132532,0.15948686986746816,21.749999999999996,0.029495728086590508,1.5530426023552841,17.96422937232458,0,54.92462277472735,0.4,1,0.4,0.2,2.6135394873703905,1.1853033232952734,1.5920105041060255,0,0.5227078974740781,0,0,,,
,0.5930555555555556,0.4,1,2.012,1.8349415522111094,0.1770584477888906,21.749999999999996,0.029462797924682455,1.5307142431124485,17.992463644424,0,54.9455743401366,0.4,1,0.4,0.2,2.613535535750962,1.164371139248251,1.5779532417688875,0,0.5227071071501924,0,0,,,
,0.59375,0.4,1,1.741,1.627028258529466,0.11397174147053397,21.749999999999996,0.0294588709737846,1.3504484710150693,18.01527114272181,1,54.887115390707095,0.4,1,0.4,0.2,2.6135350645168542,1.1450926916503756,1.3612169551176796,0.2,0.5227070129033708,0,0,,,
,0.5944444444444444,0.4,1,1.627,1.610991228909964,0.016008771090036133,20.56036498164766,0.029488681144812658,1.3302935601452586,18.037017503361557,0,54.906237906812564,0.4,1,0.4,0.2,2.470782439535097,1.083660230329253,1.3515947373459785,0,0.4941564879070194,0,0,,,
,0.5951388888888889,0.4,1,1.607,1.8847648494623572,-0.27776484946235724,0,0.029541113720515533,1.548254473062177,18.064831099438873,0,54.923364685840724,0.4,1,0.2,0.2,0.003544933646461864,0.9962746217871594,1.5158589096774142,0,0.0007089867292923728,0,0,,,
,0.5958333333333333,0.4,1,1.547,1.9474469246972759,-0.4004469246972758,0,0.029602541117283457,1.5912565357511366,18.085230126734917,3.54,54.65786945056728,0.4,1,0.2,0.2,0.0035523049340740152,1.0858869524245607,1.5154893849394553,0.708,0.000710460986814803,0,0,,,
,0.5965277777777778,0.4,1,1.547,1.9473767358174687,-0.4003767358174687,0,0.029680353140363377,1.5826013697213,18.099248250955064,0.4600000000000001,54.64694174232087,0.4,1,0.2,0.2,0.0035616423768436056,1.3401309283754388,1.5154753471634939,0.09200000000000001,0.0007123284753687211,0,0,,,
,0.5972222222222222,0.4,1,1.537,1.9266136357081118,-0.3896136357081118,0,0.02977494106640642,1.557111748126722,18.107060602516576,1,54.59366670554191,0.2,1,0.2,0.2,0.003572992927968771,1.3134577722654255,1.4986454542832448,0.2,0.0007145985855937541,0,0,,,
,0.5979166666666667,0.4,1,1.702,1.9056562391796223,-0.2036562391796224,0,0.029885212990455264,1.5315419074438699,18.112882042229565,0,54.61818656053138,0.2,1,0.2,0.2,0.0035862255588546325,1.3165079885715576,1.490262495671849,0,0.0007172451117709265,0,0,,,
,0.5986111111111111,0.4,1,1.879,1.963024715391102,-0.08402471539110207,0,0.030009421550479785,1.5686418070974113,18.11542444602822,0,54.641404219982135,0.2,1,0.2,0.2,0.0036011305860575746,1.2595529633070641,1.5086049430782205,0,0.0007202261172115149,0,0,,,
,0.5993055555555555,0.4,1,1.879,1.940786758820429,-0.061786758820428986,0,0.03014296350278121,1.5418529596475987,18.11280076373612,0,54.66460450431989,0.2,1,0.2,0.2,0.0036171556203337457,1.2588143245788794,1.5041573517640858,0,0.0007234311240667491,0,0,,,
,0.6,0.4,1,1.642,1.9183438815463782,-0.2763438815463783,0,0.030287779701925685,1.514994339914494,18.10330052075046,0,54.68754024461113,0.2,1,0.2,0.2,0.0036345335642310826,1.2472893860937784,1.4953375526185515,0,0.0007269067128462166,0,0,,,
,0.6006944444444444,0.4,1,1.502,1.8956952679237007,-0.39369526792370063,0,0.030442446763008973,1.4880708154550957,18.085993224695024,0,54.71008553617632,0.2,1,0.2,0.2,0.0036530936115610774,1.230295857143653,1.35513905358474,0,0.0007306187223122155,0,0,,,
,0.6013888888888889,0.4,1,1.462,1.872840121203374,-0.4108401212033741,0,0.030605759546776676,1.4610873979511099,18.064087940328022,0,54.73217487469499,0.2,1,0.2,0.2,0.0036726911456132012,1.2104834929804453,1.3505680242406748,0,0.0007345382291226402,0,0,,,
,0.6020833333333333,0.4,1,1.462,1.8497776671868118,-0.3877776671868119,0,0.0307766180854239,1.4340492486848628,18.038795856114078,0,54.753773466882095,0.2,1,0.2,0.2,0.0036931941702508684,1.189172442108355,1.3459555334373625,0,0.0007386388340501737,0,0,,,
,0.6027777777777777,0.4,1,1.58,1.8265071582441532,-0.24650715824415328,0,0.030954021428432812,1.4069616842571664,18.01326360818131,0,54.774861731294926,0.2,1,0.2,0.2,0.0037144825714119376,1.1670198787135395,1.3536028632976613,0,0.0007428965142823876,0,0,,,
,0.6034722222222222,0.4,1,1.59,1.8030278777305888,-0.2130278777305889,0,0.031137059199479202,1.3798301825578732,17.985044329975178,0,54.79542808383818,0.2,1,0.2,0.2,0.003736447103937505,1.144352850491516,1.3442111510922354,0,0.0007472894207875009,0,0,,,
,0.6041666666666666,0.4,0.9333333333333333,1.65,1.7793391448378721,-0.12933914483787226,0,0.03132490393441476,1.3526603890001498,17.955587372021903,0,54.81546421503417,0.2,1,0.2,0.2,0.003758988472129772,1.1213337140444084,1.334735657935149,0,0.0007517976944259544,0,0,,,
,0.6048611111111111,0.4,0.9333333333333333,1.68,1.7554403199217448,-0.07544031992174473,0,0.031516804053032026,1.3254581230298437,17.924366043338562,0,54.834963897458486,0.2,1,0.2,0.2,0.0037820164863638433,1.0980433783327745,1.355176127968698,0,0.0007564032972727687,0,0,,,
,0.6055555555555555,0.4,0.9333333333333333,1.68,1.7313308103498901,-0.051330810349890045,0,0.03171207741455022,1.2982293849216329,17.89080102842934,0,54.85392171153893,0.2,1,0.2,0.2,0.003805449289746027,1.0745217725109169,1.345532324139956,0,0.0007610898579492053,0,0,,,
,0.60625,0.4,0.9333333333333333,1.856,1.7070100769193224,0.14898992308067774,0,0.031910105408453855,1.2709803628738656,17.85908868355836,0,54.872332576419396,0.2,1,0.2,0.2,0.0038292126490144626,1.0507886382355531,1.3358040307677288,0,0.0007658425298028925,0,0,,,
,0.6069444444444444,0.4,0.9333333333333333,1.896,1.6824776408968503,0.2135223591031497,0,0.03211032753638143,1.2437174404143083,17.82616634665366,0,54.89019234071716,0.2,1,0.2,0.2,0.0038532393043657727,1.0268536896872689,1.32599105635874,0,0.0007706478608731545,0,0,,,
,0.6076388888888888,0.4,0.9333333333333333,1.964,1.6577330917414284,0.30626690825857167,0,0.03231223644441925,1.2164472041291017,17.79196834461478,0,54.90749641385205,0.2,1,0.2,0.2,0.0038774683733303113,1.0027211581624988,1.0960932366965712,0,0.0007754936746660623,0,0,,,
,0.6083333333333333,0.4,0.9333333333333333,1.954,1.6327760955729391,0.3212239044270609,0,0.03251823394832545,1.189176451727423,17.755746612013354,0,54.924240302376916,0.2,1,0.2,0.2,0.0039021880737990546,0.9783933495336488,1.0861104382291755,0,0.0007804376147598109,0,0,,,
,0.6090277777777777,0.4,0.9333333333333333,2.272,1.6076064044581886,0.6643935955418114,0,0.032724767006532776,1.161912200454271,17.719334113980217,0,54.94041932159581,0.2,1,0.2,0.2,0.003926972040783934,0.9538710264976111,1.0760425617832754,0,0.0007853944081567868,0,0,,,
,0.6097222222222223,0.4,0.9333333333333333,2.272,1.5822238665918915,0.6897761334081085,0,0.03293156739327905,1.1346616958638482,17.681349951709727,0,54.956029112304535,0.2,1,0.2,0.2,0.003951788087193487,0.929154915170424,1.0658895466367566,0,0.0007903576174386974,0,0,,,
,0.6104166666666667,0.4,0.9333333333333333,2.147,1.5566284374579253,0.5903715625420746,0,0.03313830958302331,1.1074324209656656,17.639135765003108,0,54.971065075431184,0.2,1,0.2,0.2,0.0039765971499627975,0.9042451709127974,1.0556513749831702,0,0.0007953194299925595,0,0,,,
,0.6111111111111112,0.4,0.9333333333333333,2.147,1.5308201920645763,0.6161798079354237,0,0.0333447034617237,1.0802321057552515,17.595826177590137,0,54.98552215653783,0.2,1,0.2,0.2,0.004001364415406844,0.8791420647821283,1.0453280768258306,0,0.0008002728830813688,0,0,,,
,0.6118055555555556,0.4,0.9333333333333333,2.147,1.4295593714388417,0.7174406285611583,0,0.033550488719738036,1.0004153002837222,17.5503070645859,0,54.999395845507365,0.2,1,0.2,0.2,0.0040260586463685645,0.8538461235394004,1.0048237485755367,0,0.0008052117292737129,0,0,,,
,0.6125,0.4,0.9333333333333333,1.874,1.4046379203217745,0.4693620796782254,0,0.033757975677614994,0.9746530408122251,17.50855383889071,0,55.01184362478123,0.2,1,0.2,0.2,0.0040509570813137994,0.7917005334107703,0.9977827521930647,0,0.0008101914162627599,0,0,,,
,0.6131944444444445,0.4,0.9333333333333333,1.874,1.4085577503231101,0.4654422496768898,0,0.03396410197941312,0.9689195502802977,17.467656056985735,0,55.006190811720316,0.2,1,0.2,0.2,0.004075692237529575,0,1.000134650193866,0,0.0008151384475059149,0,0,,,
,0.6138888888888889,0.4,0.9333333333333333,1.936,0.8980432773607531,1.037956722639247,0,0.03416781720445792,0.6122870797414555,17.418345265389775,0,55.02541903884213,0.2,1,0.2,0.2,0.004100138064534951,1.0886061300351937,0.660825966416452,0,0.0008200276129069902,0,0,,,
,0.6145833333333334,0.4,0.9333333333333333,1.876,0.9370616757663028,0.9389383242336972,0,0.034393277436979154,0.6331192129030424,17.369839315636504,3,54.784531135879206,0.2,1,0.2,0.2,0.004127193292437499,0,0.6842370054597818,0.6,0.0008254386584874998,0,0,,,
,0.6152777777777778,0.4,0.9333333333333333,1.796,0.8914909282501232,0.9045090717498767,0,0.034612576894613514,0.5967682213101219,17.317729789764538,1,54.717466653597114,0.2,1,0.2,0.2,0.004153509227353622,0.6594985689575269,0.656894556950074,0.2,0.0008307018454707243,0,0,,,
,0.6159722222222223,0.4,0.9333333333333333,1.796,0.887199624484257,0.908800375515743,0,0.03482943536056916,0.5882888444403984,17.26585016605003,0,54.724834385095946,0.2,1,0.2,0.2,0.004179532243268299,0.5680068441923775,0.6543197746905541,0,0.0008359064486536599,0,0,,,
,0.6166666666666667,0.4,0.9333333333333333,1.831,0.6715441353616746,1.1594558646383255,0,0.03504236264178276,0.4409916357723356,17.21326458489822,0,54.71921381323307,0.2,1,0.2,0.2,0.004205083517013932,0,0.5952353082893397,0,0.0008410167034027863,0,0,,,
,0.6173611111111111,0.4,0.9333333333333333,1.831,0.6960926686104562,1.134907331389544,0,0.03524166613247651,0.4525975707279638,17.161362921097638,0,54.7135897457341,0.2,1,0.2,0.2,0.004228999935897182,0,0.6146556011662737,0,0.0008457999871794363,0,0,,,
,0.6180555555555556,0.3333333333333333,0.9333333333333333,1.614,0.6558063177975992,0.9581936822024008,21.749999999999996,0.03543719140887248,0.4220944270297097,17.10074560681145,0,54.70796221408208,0.4,1,0.4,0.2,2.6142524629690644,0,0.5826450542380794,0,0.5228504925938129,0,0,,,
,0.61875,0.3333333333333333,0.9333333333333333,2.713,0.5672132730535303,2.14578672694647,21.749999999999996,0.03563076584334944,0.36129774665048947,17.08458526828899,0,54.70232968016868,0.4,1,0.4,0.2,2.614275691901202,0,0.5117706184428242,0,0.5228551383802403,0,0,,,
,0.6194444444444445,0.3333333333333333,0.9333333333333333,2.773,0.5662477935512183,2.2067522064487815,21.749999999999996,0.0358237377267128,0.3568638251116193,17.086057058394683,0,54.69669975227468,0.4,1,0.4,0.2,2.6142988485272056,0,0.5109982348409746,0,0.5228597697054411,0,0,,,
,0.6201388888888889,0.3333333333333333,0.9333333333333333,2.662,0.48228303594716576,2.179716964052834,37.30410027099451,0.036013194355415286,0.30065160611609437,17.0990402164555,0,54.6910753722553,0.4,1,0.4,0.2,4.480813615841992,0,0.44382642875773265,0,0.8961627231683984,0,0,,,
,0.6208333333333333,0.3333333333333333,0.9333333333333333,2.674,0.49348044158107135,2.1805195584189287,21.71379822959761,0.036201770402384016,0.30421549855863594,17.143560207013337,0,54.685458492409204,0.4,1,0.2,0.2,2.61,0,0.45278435326485716,0,0.522,0,0,,,
,0.6215277777777778,0.3333333333333333,0.9333333333333333,2.498,0.5034481057370704,1.9945518942629294,21.71377877467569,0.03622122532430895,0.3068286774265536,17.198812007376052,0,54.67985065213912,0.4,1,0.2,0.2,2.61,0,0.4220688634422423,0,0.522,0,0,,,
,0.6222222222222222,0.3333333333333333,0.9333333333333333,2.704,0.49038258056973666,2.213617419430263,21.71390398820965,0.036096011790344995,0.2953803248008733,17.273230705010878,0,54.67425038292665,0.4,1,0.2,0.2,2.61,0,0.41422954834184195,0,0.522,0,0,,,
,0.6229166666666667,0.3333333333333333,0.9333333333333333,2.764,0.5090549545562392,2.254945045443761,21.714203931534747,0.035796068465251414,0.30296128309828124,17.36045389949642,0,54.66865697540393,0.4,1,0.2,0.2,2.61,0,0.4254329727337434,0,0.522,0,0,,,
,0.6236111111111111,0.3333333333333333,0.9333333333333333,2.803,0.6083821949545468,2.194617805045453,13.445062309340244,0.035383692620578916,0.3576353634165225,17.460041373051492,0,54.66307005356511,0.4,1,0.2,0.2,1.617653520235299,0,0.4850293169727281,0,0.3235307040470598,0,0,,,
,0.6243055555555556,0.3333333333333333,0.9333333333333333,2.743,0.6009729611759068,2.1420270388240934,0,0.03485414300263256,0.3488354259950694,17.558131165065298,0,54.657489057631366,0.4,1,0.2,0.2,0.0041824971603159075,0,0.48058377670554403,0,0.0008364994320631816,0,0,,,
,0.625,0.2,0.9333333333333333,2.683,0.6123192027195532,2.070680797280447,0,0.03429820606567469,0.3508324241893503,17.6334640903427,0,54.65191312670271,0.4,1,0.2,0.2,0.004115784727880964,0,0.4873915216317319,0,0.0008231569455761928,0,0,,,
,0.6256944444444444,0.2,0.9333333333333333,2.743,0.5746847786659395,2.1683152213340606,0,0.03386288033499561,0.3249048606031186,17.698736027578782,0,54.64634111556128,0.4,1,0.2,0.2,0.004063545640199474,0,0.46481086719956377,0,0.0008127091280398949,0,0,,,
,0.6263888888888889,0.2,0.9333333333333333,2.648,0.5928939267776422,2.055106073222358,0,0.03348993208415757,0.3306360934308619,17.75129332029076,0,54.64077272456526,0.4,1,0.2,0.2,0.0040187918500989095,0,0.4757363560665854,0,0.0008037583700197819,0,0,,,
,0.6270833333333333,0.2,0.9333333333333333,2.613,0.4939543540044475,2.1190456459955525,0,0.03319553402238635,0.27160771406313,17.792421483555636,0,54.63520756887361,0.4,1,0.2,0.2,0.003983464082686362,0,0.41637261240266854,0,0.0007966928165372724,0,0,,,
,0.6277777777777778,0.2,0.9333333333333333,2.653,0.4685280328781875,2.1844719671218127,0,0.032953472227383256,0.2539223529296478,17.82463602825236,2,54.47795860924432,0.4,1,0.2,0.2,0.003954416667285992,0,0.43682242630255,0.4,0.0007908833334571983,0,0,,,
,0.6284722222222222,0.2,0.9333333333333333,2.835,0.4354383047155068,2.3995616952844934,0,0.032757498100701214,0.23249970234645304,17.853135435387692,0,54.47242392532987,0.4,1,0.2,0.2,0.003930899772084146,0,0.4103506437724055,0,0.0007861799544168291,0,0,,,
,0.6291666666666667,0.2,0.9333333333333333,2.835,0.44308001096456073,2.3919199890354395,0,0.03260352677225205,0.23298098762375002,17.874488204979883,0,54.466891556486395,0.4,1,0.2,0.2,0.003912423212670246,0,0.4164640087716486,0,0.0007824846425340491,0,0,,,
,0.6298611111111111,0.2,0.9333333333333333,2.835,0.5021173591832624,2.3328826408167376,0,0.03248653852613626,0.2598899477489429,17.88994499438066,0,54.46136112250673,0.4,1,0.2,0.2,0.0038983846231363524,0,0.46369388734660993,0,0.0007796769246272705,0,0,,,
,0.6305555555555555,0.2,0.9333333333333333,2.729,0.4600947672419866,2.2689052327580135,0,0.032401741233237046,0.23429955014901202,17.89574035581993,0,54.45583234811296,0.4,1,0.2,0.2,0.003888208947988446,0,0.4300758137935893,0,0.0007776417895976892,0,0,,,
,0.63125,0.2,0.9333333333333333,2.807,0.4268846091886202,2.3801153908113797,0,0.03237187272899178,0.2137757937899589,17.89601063470383,0,54.45030483229094,0.4,1,0.2,0.2,0.0038846247274790142,0,0.40350768735089615,0,0.0007769249454958029,0,0,,,
,0.6319444444444444,0.26666666666666666,0.9333333333333333,2.986,0.29449717892794564,2.691502821072054,21.717639740967737,0.03236025903226066,0.14495267290340624,17.89376773122818,0,54.44477804492067,0.4,1,0.2,0.2,2.61,0,0.29449717892794564,0,0.522,0,0,,,
,0.6326388888888889,0.26666666666666666,0.9333333333333333,3.144,0.2746999805435407,2.869300019456459,21.717624224349844,0.032375775650151435,0.1328196711182615,17.91110102975599,0,54.43925217516746,0.4,1,0.2,0.2,2.61,0,0.2746999805435407,0,0.522,0,0,,,
,0.6333333333333333,0.26666666666666666,0.9333333333333333,3.032,0.2737866530823319,2.758213346917668,9.933926585018316,0.032250180789755944,0.12996425094839845,17.940357299368547,0,54.43372735338916,0.4,1,0.2,0.2,1.1959412118969688,0,0.2737866530823319,0,0.23918824237939376,0,0,,,
,0.6340277777777777,0.26666666666666666,0.9333333333333333,3.032,0.26591459001575035,2.7660854099842496,0,0.03200223679771463,0.12385040569905727,17.971019357746304,0,54.42820282679243,0.4,1,0.2,0.2,0.003840268415725756,0,0.26591459001575035,0,0.0007680536831451512,0,0,,,
,0.6347222222222222,0.26666666666666666,0.9333333333333333,3.066,0.38897492048575405,2.677025079514246,0,0.031732922988521386,0.17764041680649284,17.99540356164524,0,54.42267834786603,0.4,1,0.2,0.2,0.0038079507586225667,0,0.37317993638860325,0,0.0007615901517245133,0,0,,,
,0.6354166666666666,0.26666666666666666,0.9333333333333333,3.066,0.434936965669145,2.6310630343308548,0,0.03151376499118035,0.19463324850437405,18.01276100010394,0,54.417153986816764,0.4,1,0.2,0.2,0.003781651798941643,0,0.409949572535316,0,0.0007563303597883286,0,0,,,
,0.6361111111111111,0.26666666666666666,0.9333333333333333,3.291,0.40984101731224704,2.881158982687753,0,0.03133976251143888,0.17958302399280576,18.0296438891964,0,54.411629571162166,0.4,1,0.2,0.2,0.003760771501372666,0,0.38987281384979766,0,0.0007521543002745332,0,0,,,
,0.6368055555555555,0.26666666666666666,0.9333333333333333,3.291,0.38952774964968545,2.9014722503503148,0,0.031158654917606627,0.16700042137197568,18.039510962155994,0,54.40610485715765,0.4,1,0.2,0.2,0.0037390385901127955,0,0.37362219971974836,0,0.0007478077180225591,0,0,,,
,0.6375,0.26666666666666666,0.9333333333333333,3.251,0.3645790041474835,2.8864209958525167,0,0.031020558035338312,0.1528094362908969,18.042171940189732,0,54.40057962524503,0.4,1,0.2,0.2,0.0037224669642405978,0,0.35366320331798684,0,0.0007444933928481195,0,0,,,
,0.6381944444444444,0.26666666666666666,0.9333333333333333,3.36,0.33991880889439974,3.0200811911056005,0,0.030920040364293994,0.1391685701628492,18.04062087891242,0,54.39505349913592,0.4,1,0.2,0.2,0.0037104048437152795,0,0.33393504711551975,0,0.0007420809687430559,0,0,,,
,0.6388888888888888,0.26666666666666666,0.9333333333333333,3.272,0.3118832467658549,2.960116753234145,21.749999999999996,0.030853502749611423,0.12461477317317653,18.03271541375779,2,54.240561982983124,0.6,1,0.4,0.2,2.613702420329953,0,0.3115065974126839,0.4,0.5227404840659906,0,0,,,
,0.6395833333333333,0.26666666666666666,0.9333333333333333,2.38,0.27793884598425345,2.102061154015747,21.749999999999996,0.03081768493781351,0.10827194590043002,18.00441002348129,0,54.23505932779841,0.6,1,0.4,0.2,2.6136981221925373,0,0.27793884598425345,0,0.5227396244385074,0,0,,,
,0.6402777777777777,0.26666666666666666,0.9333333333333333,2.33,0.16090841862164168,2.1690915813783582,21.749999999999996,0.030809648574168017,0.061049670745843214,17.980420481634603,0,54.22955257988508,0.6,1,0.4,0.2,2.6136971578289,0,0.16090841862164168,0,0.52273943156578,0,0,,,
,0.6409722222222223,0.26666666666666666,0.9333333333333333,2.38,0.16443347883526446,2.2155665211647357,21.749999999999996,0.030828113442644942,0.06069449097073236,17.962543981731635,0,54.22404308554693,0.6,1,0.4,0.2,2.6136993736131173,0,0.16443347883526446,0,0.5227398747226235,0,0,,,
,0.6416666666666667,0.26666666666666666,0.9333333333333333,2.191,0.16514339548765591,2.0258566045123443,43.46914286057021,0.03085713942978303,0.05923191756144159,17.944058515840858,0,54.21853213460181,0.6,1,0.4,0.2,5.22,0,0.16514339548765591,0,1.044,0,0,,,
,0.6423611111111112,0.26666666666666666,0.9333333333333333,2.231,0.14666020268027008,2.0843397973197297,43.469093330071,0.030906669928996783,0.05104862096283429,17.952444772306663,0,54.21302009157982,0.6,1,0.4,0.2,5.22,0,0.14666020268027008,0,1.044,0,0,,,
,0.6430555555555556,0.26666666666666666,0.9333333333333333,2.222,0.1165001263719593,2.1054998736280406,29.82024276198135,0.030812002298326667,0.039298213121194664,17.983242689993226,0,54.207508267291914,0.6,1,0.4,0.2,3.5821265717135615,0,0.1165001263719593,0,0.7164253143427123,0,0,,,
,0.64375,0.26666666666666666,0.9333333333333333,2.025,0.10341983111741629,1.9215801688825838,21.749999999999996,0.03059268765961673,0.033757714336048704,18.016114950195018,0,54.20199765462517,0.6,1,0.4,0.2,2.613671122519154,0,0.10341983111741629,0,0.5227342245038308,0,0,,,
,0.6444444444444445,0.26666666666666666,0.9333333333333333,2.053,0.13058746013354924,1.9224125398664507,21.749999999999996,0.030371092012734035,0.041179968838394795,18.049165305073625,0,54.19648855683613,0.6,1,0.4,0.2,2.613644531041528,0,0.13058746013354924,0,0.5227289062083056,0,0,,,
,0.6451388888888889,0.26666666666666666,0.9333333333333333,1.892,0.11497140771933069,1.7770285922806692,21.749999999999996,0.030190843073335798,0.03496385816771107,18.079638495395685,0,54.19098194926322,0.6,1,0.4,0.2,2.6136229011688004,0,0.11497140771933069,0,0.5227245802337601,0,0,,,
,0.6458333333333334,0.26666666666666666,0.9333333333333333,1.702,0.09747116544096728,1.6045288345590327,21.749999999999996,4.650053418020326,0.028530457978431508,18.10414350467746,2,54.185478368511596,0.6,1,0.4,0.2,3.1680064101624392,0,0.09747116544096728,0.4,0.6336012820324879,0,0,,,
,0.6465277777777778,0.26666666666666666,0.9333333333333333,1.762,0.08143621536348769,1.6805637846365122,9.49718764605441,0.029996387937110538,0.02289441724991478,18.13046908988645,0,54.17997862854493,0.6,1,0.4,0.2,1.1432620840789827,0,0.08143621536348769,0,0.22865241681579654,0,0,,,
,0.6472222222222223,0.26666666666666666,0.9333333333333333,1.762,0.06864132366324498,1.693358676336755,0,0.029970115954532632,0.01849095458851533,18.15205025572743,0,54.17448374384584,0.6,1,0.2,0.2,0.003596413914543916,0,0.06864132366324498,0,0.0007192827829087832,0,0,,,
,0.6479166666666667,0.26666666666666666,0.9333333333333333,1.642,0.0560288184493682,1.5859711815506319,0,0.029972678390644426,0.014425140044848806,18.16340864084068,0,54.16899355932537,0.6,1,0.2,0.2,0.0035967214068773315,0,0.0560288184493682,0,0.0007193442813754663,0,0,,,
,0.6486111111111111,0.26666666666666666,0.9333333333333333,1.642,0.04470829265204859,1.5972917073479513,0,0.030001112794752493,0.010969264308604282,18.16764730758928,0,54.16350691306036,0.6,1,0.2,0.2,0.0036001335353703,0,0.04470829265204859,0,0.00072002670707406,0,0,,,
,0.6493055555555556,0.26666666666666666,0.9333333333333333,1.642,0.034292116790943905,1.607707883209056,0,0.03005273393961674,0.00799209575012996,18.165335341730746,0,54.158023113903766,0.6,1,0.2,0.2,0.003606328072754009,0,0.034292116790943905,0,0.0007212656145508019,0,0,,,
,0.65,0.26666666666666666,0.9333333333333333,1.642,0.025801456382062292,1.6161985436179378,0,0.030125094672079248,0.005691223851405632,18.157041740742613,0,54.1525415124496,0.6,1,0.2,0.2,0.00361501136064951,0,0.025801456382062292,0,0.000723002272129902,0,0,,,
,0.6506944444444445,0.26666666666666666,0.9333333333333333,1.642,0.019157032421600006,1.6228429675784,0,0.030215950696724312,0.003982805102253272,18.143291214617545,0,54.14706150564753,0.6,1,0.2,0.2,0.003625914083606918,0,0.019157032421600006,0,0.0007251828167213836,0,0,,,
,0.6513888888888889,0.26666666666666666,0.9333333333333333,1.677,0.013063750818733108,1.6639362491812668,0,0.030323257491882083,0.0025478426582577467,18.124972677466285,0,54.14158253376888,0.6,1,0.2,0.2,0.00363879089902585,0,0.013063750818733108,0,0.00072775817980517,0,0,,,
,0.6520833333333333,0.26666666666666666,0.9333333333333333,4.459,0.008616458268170606,4.45038354173183,0,0.030445164613739664,0.0015678406694664905,18.123119647231263,0,54.136104147270395,0.6,1,0.2,0.2,0.00365341975364876,0,0.008616458268170606,0,0.000730683950729752,0,0,,,
,0.6527777777777778,0.4,0.9333333333333333,4.457,0.004170424196134724,4.452829575803865,0,0.03057997519282673,0.0007034705926829425,18.12275322132762,0,54.13062946364623,0.6,1,0.2,0.2,0.003669597023139208,0,0.004170424196134724,0,0.0007339194046278416,0,0,,,
,0.6534722222222222,0.4,0.9333333333333333,4.457,0.0023306416699793555,4.454669358330021,0,0.030726158762024853,0.0003616994631457805,18.11754385998365,0,54.1251589970621,0.6,1,0.2,0.2,0.0036871390514429826,0,0.0023306416699793555,0,0.0007374278102885966,0,0,,,
,0.6541666666666667,0.4,0.9333333333333333,4.517,0.0013931107278388785,4.515606889272161,21.749999999999996,0.030882300767007993,0.00019711275866432103,18.108701503924305,0,54.11969214419899,0.6,1,0.4,0.2,2.6137058760920406,0,0.0013931107278388785,0,0.5227411752184081,0,0,,,
,0.6548611111111111,0.4,0.9333333333333333,4.34,0.0005713693367043005,4.339428630663296,21.749999999999996,0.031047129887065004,7.288970880349086e-05,18.10263451305511,0,54.11422848020093,0.6,1,0.4,0.2,2.613725655586448,0,0.0005713693367043005,0,0.5227451311172896,0,0,,,
,0.6555555555555556,0.4,0.9333333333333333,4.275,0.00018493539369821894,4.274815064606302,21.749999999999996,0.03121949511659917,2.097642054687844e-05,18.099734702532306,0,54.10876865255209,0.6,1,0.4,0.2,2.613746339413992,0,0.00018493539369821894,0,0.5227492678827984,0,0,,,
,0.65625,0.4,0.9333333333333333,4.515,4.2335736434164735e-05,4.514957664263566,20.61564962787038,0.031398347891938835,4.193461791555216e-06,18.105725359832842,0,54.10331335182676,0.6,1,0.4,0.2,2.4776457570914783,0,4.2335736434164735e-05,0,0.4955291514182957,0,0,,,
,0.6569444444444444,0.4,0.9333333333333333,4.555,5.671001389901828e-06,4.55499432899861,0,0.03158273697619346,4.788918441946073e-07,18.115818894396938,0,54.0978642278733,0.6,1,0.2,0.2,0.003789928437143216,0,5.671001389901828e-06,0,0.0007579856874286432,0,0,,,
,0.6576388888888889,0.4,0.9333333333333333,4.515,3.105086533880395e-07,4.514999689491346,0,0.03177179942766138,2.1611414449901127e-08,18.119703111720376,3,53.88479503361579,0.6,1,0.2,0.2,0.0038126159313193663,0,3.105086533880395e-07,0.6,0.0007625231862638732,0,0,,,
,0.6583333333333333,0.4,0.9333333333333333,4.535,3.2947528303673398e-09,4.534999996705247,0,0.03196475257002209,1.795972289095804e-10,18.119492589414044,0,53.879394497916486,0.6,1,0.2,0.2,0.003835770308402651,0,3.2947528303673398e-09,0,0.0007671540616805302,0,0,,,
,0.6590277777777778,0.4,0.9333333333333333,4.595,8.708818761145543e-13,4.594999999999129,0,0.03216088686749584,3.411269527331654e-14,18.116402690978692,0,53.87399933500343,0.6,1,0.2,0.2,0.0038593064240995015,0,8.708818761145543e-13,0,0.0007718612848199003,0,0,,,
,0.6597222222222222,0.4,1,4.644,3.877890290572317e-21,4.644,0,0.03235955960168123,9.142108943424093e-23,18.110178968721257,0,53.868609108369625,0.6,1,0.2,0.2,0.0038831471522017477,0,3.877890290572317e-21,0,0.0007766294304403495,0,0,,,
,0.6604166666666667,0.4,1,4.644,1.420938364729799e-64,4.644,0,0.03256018916384148,1.096704494805878e-66,18.10098707487779,0,53.86322332466945,0.6,1,0.2,0.2,0.003907222699660978,0,1.420938364729799e-64,0,0.0007814445399321956,0,0,,,
,0.6611111111111111,0.4,1,4.584,0,4.584,0,0.03276233004539707,0,18.086711837076837,0,53.85784150885623,0.6,1,0.2,0.2,0.0039314796054476485,0,0,0,0.0007862959210895297,0,0,,,
,0.6618055555555555,0.4,1,4.584,0,4.584,0,0.032965500622041975,0,18.06928028498221,0,53.852462812355284,0.6,1,0.2,0.2,0.003955860074645037,0,0,0,0.0007911720149290074,0,0,,,
,0.6625,0.4,1,4.618,0,4.618,0,0.033169271445224066,0,18.049269572073847,0,53.84708670726934,0.6,1,0.2,0.2,0.003980312573426889,0,0,0,0.0007960625146853778,0,0,,,
,0.6631944444444444,0.4,1,1.876,0,1.876,0,0.033384260605725205,0,18.00654673363161,0,53.84171300743144,0.6,1,0.2,0.2,0.004006111272687025,0,0,0,0.0008012222545374049,0,0,,,
,0.6638888888888889,0.4,1,1.767,0,1.767,21.749999999999996,0.033598045903592194,0,17.959843117177794,0,53.83633779140515,0.6,1,0.4,0.2,2.614031765508431,0,0,0,0.5228063531016862,0,0,,,
,0.6645833333333333,0.4,1,2.487,0,2.487,21.749999999999996,0.033810703663491704,0,17.930319897741857,0,53.83096035125902,0.6,1,0.4,0.2,2.614057284439619,0,0,0,0.5228114568879237,0,0,,,
,0.6652777777777777,0.4,1,2.53,0,2.53,21.749999999999996,0.03402199686019029,0,17.90787695822761,0,53.82558360139522,0.6,1,0.4,0.2,2.6140826396232226,0,0,0,0.5228165279246445,0,0,,,
,0.6659722222222222,0.4,1,2.988,0,2.988,17.05926248909983,0.03423172386922893,0,17.9032308591322,0,53.820208719659114,0.6,1,0.4,0.2,2.0512193055562875,0,0,0,0.4102438611112575,0,0,,,
,0.6666666666666666,0.3333333333333333,1,3.195,0,3.195,0,8.21181770423563,0,17.902363309836115,3.54,53.81483821383699,0.6,1,0.2,0.2,0.9854181245082756,0,0,0.708,0.19708362490165512,0,0,,,
,0.6673611111111111,0.3333333333333333,1,5.322,0,5.322,0,1.0972039242295542,0,17.922347397782982,0.4600000000000001,53.80947273640726,0.6,1,0.2,0.2,0.13166447090754652,0,0,0.09200000000000001,0.026332894181509303,0,0,,,
,0.6680555555555555,0.3333333333333333,1,5.322,0,5.322,0,0.03479713553947577,0,17.937358338086323,0,53.804116020875824,0.6,1,0.2,0.2,0.004175656264737092,0,0,0,0.0008351312529474185,0,0,,,
,0.66875,0.3333333333333333,1,4.057,0,4.057,0,0.03498868416081624,0,17.925397221229936,3,53.58007511148689,0.6,1,0.2,0.2,0.004198642099297949,0,0,0.6,0.0008397284198595898,0,0,,,
,0.6694444444444444,0.3333333333333333,1,2.225,0,2.225,0,0.03517865444811713,0,17.889995698100204,0,53.57476696452166,0.6,1,0.2,0.2,0.004221438533774056,0,0,0,0.0008442877067548112,0,0,,,
,0.6701388888888888,0.3333333333333333,1,2.341,0,2.341,0,0.035366897075322666,0,17.856230114644355,0,53.569457961380564,0.6,1,0.2,0.2,0.00424402764903872,0,0,0,0.0008488055298077441,0,0,,,
,0.6708333333333333,0.3333333333333333,1,4.771,0,4.771,0,0.035553287519941294,0,17.87828613573832,0,53.56414834032158,0.6,1,0.2,0.2,0.004266394502392956,0,0,0,0.0008532789004785912,0,0,,,
,0.6715277777777777,0.3333333333333333,1,4.929,0,4.929,0,0.03575970350621964,0,17.89867580025785,0,53.558848128595216,0.6,1,0.2,0.2,0.004291164420746357,0,0,0,0.0008582328841492714,0,0,,,
,0.6722222222222223,0.3333333333333333,1,4.871,0,4.871,0,0.03596191121480129,0,17.91409462191253,0,53.55355694273813,0.6,1,0.2,0.2,0.004315429345776155,0,0,0,0.0008630858691552311,0,0,,,
,0.6729166666666667,0.3333333333333333,1,2.496,0,2.496,21.713833193977244,0.03616680602275429,0,17.86801938309663,0,53.54827399047794,0.8,1,0.2,0.2,2.61,0,0,0,0.522,0,0,,,
,0.6736111111111112,0.3333333333333333,1,2.556,0,2.556,21.71363235493255,0.03636764506744829,0,17.844020882162702,0,53.54298863586107,0.8,1,0.2,0.2,2.61,0,0,0,0.522,0,0,,,
,0.6743055555555556,0.3333333333333333,1,3.572,0,3.572,21.71359782918162,0.03640217081837426,0,17.862944744202608,0,53.53770086243628,0.8,1,0.2,0.2,2.61,0,0,0,0.522,0,0,,,
,0.675,0.3333333333333333,1,3.447,0,3.447,21.71370822077942,0.03629177922057678,0,17.89393706576006,0,53.53241471634105,0.8,1,0.2,0.2,2.61,0,0,0,0.522,0,0,,,
,0.6756944444444445,0.3333333333333333,1,3.387,0,3.387,21.71394885183596,0.03605114816403717,0,17.937944776869514,0,53.52712928927328,0.8,1,0.2,0.2,2.61,0,0,0,0.522,0,0,,,
,0.6763888888888889,0.3333333333333333,1,3.496,0,3.496,11.809152521899822,0.03569385335156279,0,17.996940695281502,0,53.52184414571919,0.8,1,0.2,0.2,1.4213815650301662,0,0,0,0.28427631300603323,0,0,,,
,0.6770833333333334,0.3333333333333333,1,3.982,0,3.982,0,0.03523225452876645,0,18.068779554720834,0,53.516559470945495,0.8,1,0.2,0.2,0.004227870543451975,0,0,0,0.000845574108690395,0,0,,,
,0.6777777777777778,0.3333333333333333,1,3.982,0,3.982,0,0.03475175315174094,0,18.129054417036695,0,53.51127703446046,0.8,1,0.2,0.2,0.0041702103782089136,0,0,0,0.0008340420756417827,0,0,,,
,0.6784722222222223,0.3333333333333333,1,3.908,0,3.908,0,0.034341313721585075,0,18.175399086090227,3.54,53.25458713212133,0.8,1,0.2,0.2,0.004120957646590209,0,0,0.708,0.0008241915293180418,0,0,,,
,0.6791666666666667,0.3333333333333333,1,3.943,0,3.943,0,0.03399203358273354,0,18.213131224993198,0.4600000000000001,53.21761086926101,0.8,1,0.2,0.2,0.004079044029928026,0,0,0.09200000000000001,0.0008158088059856052,0,0,,,
,0.6798611111111111,0.3333333333333333,1,4.038,0,4.038,0,0.0336983703923256,0,18.244368898808737,0,53.2123803497881,0.8,1,0.2,0.2,0.004043804447079072,0,0,0,0.0008087608894158145,0,0,,,
,0.6805555555555556,0.4,1,4.158,0,4.158,0,0.033455188668786245,0,18.27372730621702,0,53.20715052356608,0.8,1,0.2,0.2,0.004014622640254349,0,0,0,0.0008029245280508698,0,0,,,
,0.68125,0.4,1,3.965,0,3.965,0,0.033257808156329983,0,18.293635794078078,0,53.201922115200965,0.8,1,0.2,0.2,0.003990936978759599,0,0,0,0.0007981873957519198,0,0,,,
,0.6819444444444445,0.4,1,3.992,0,3.992,0,0.03310193062918857,0,18.30929853964443,0,53.19669445310315,0.8,1,0.2,0.2,0.003972231675502629,0,0,0,0.0007944463351005259,0,0,,,
,0.6826388888888889,0.4,1,4.085,0,4.085,0,0.032980761047754124,0,18.321067730160628,0,53.19146760262764,0.8,1,0.2,0.2,0.003957691325730495,0,0,0,0.0007915382651460989,0,0,,,
,0.6833333333333333,0.4,1,4.532,0,4.532,0,0.03289381358041645,0,18.338426918229533,0,53.18624167838849,0.8,1,0.2,0.2,0.0039472576296499745,0,0,0,0.0007894515259299949,0,0,,,
,0.6840277777777778,0.4,1,4.532,0,4.532,21.717162306231902,0.03283769376809599,0,18.350257839416777,3.54,52.9378739269677,0.8,1,0.2,0.2,2.61,0,0,0.708,0.522,0,0,,,
,0.6847222222222222,0.4,1,4.512,0,4.512,21.717190609706016,0.03280939029398021,0,18.37843824750899,1.4600000000000004,52.83526705763453,0.8,1,0.2,0.2,2.61,0,0,0.2920000000000001,0.522,0,0,,,
,0.6854166666666667,0.4,1,4.642,0,4.642,7.539725237964428,0.03264360053419171,0,18.420640748616233,0,52.830106312136444,0.8,1,0.2,0.2,0.9086842606198346,0,0,0,0.18173685212396692,0,0,,,
,0.6861111111111111,0.4,1,4.566,0,4.566,0,0.03235905628345887,0,18.459551341209597,0,52.82494718218345,0.8,1,0.2,0.2,0.003883086754015065,0,0,0,0.000776617350803013,0,0,,,
,0.6868055555555556,0.4,1,4.526,0,4.526,0,0.03207418556709681,0,18.489169727253298,0,52.819789095709396,0.8,1,0.2,0.2,0.0038489022680516178,0,0,0,0.0007697804536103235,0,0,,,
,0.6875,0.3333333333333333,1,4.496,0,4.496,0,0.031842865605111674,0,18.507143686484618,0,52.81463168360292,0.8,1,0.2,0.2,0.0038211438726134016,0,0,0,0.0007642287745226803,0,0,,,
,0.6881944444444444,0.3333333333333333,1,4.508,0,4.508,0,0.03165852005196252,0,18.518791595378215,3.54,52.53137094403853,0.8,1,0.2,0.2,0.0037990224062355027,0,0,0.708,0.0007598044812471005,0,0,,,
,0.6888888888888889,0.3333333333333333,1,4.339,0,4.339,0,0.03151674824748779,0,18.520124312893152,0.4600000000000001,52.4911521615055,0.8,1,0.2,0.2,0.003782009789698535,0,0,0.09200000000000001,0.000756401957939707,0,0,,,
,0.6895833333333333,0.3333333333333333,1,4.339,0,4.339,0,0.031413480989579134,0,18.51640504679262,0,52.48604657915407,0.8,1,0.2,0.2,0.003769617718749497,0,0,0,0.0007539235437498994,0,0,,,
,0.6902777777777778,0.3333333333333333,1,4.204,0,4.204,0,0.031344982753540196,0,18.504444595822783,0,52.48093966878289,0.8,1,0.2,0.2,0.0037613979304248236,0,0,0,0.0007522795860849648,0,0,,,
,0.6909722222222222,0.3333333333333333,1,4.407,0,4.407,0,0.03132434915771507,0,18.494455106498155,0,52.47583111189398,0.8,1,0.2,0.2,0.003758921898925809,0,0,0,0.0007517843797851618,0,0,,,
,0.6916666666666667,0.3333333333333333,1,4.338,0,4.338,0,0.031288556186419236,0,18.478743001847413,0,52.47072090014874,0.8,1,0.2,0.2,0.0037546267423703085,0,0,0,0.0007509253484740617,0,0,,,
,0.6923611111111111,0.3333333333333333,1,5.024,0,5.024,0,0.03128124054009036,0,18.453831440426477,0,52.46560870372139,0.8,1,0.2,0.2,0.003753748864810844,0,0,0,0.0007507497729621688,0,0,,,
,0.6930555555555555,0.3333333333333333,1,5.07,0,5.07,0,0.031298324609793295,0,18.428045807345175,0,52.46049350361018,0.8,1,0.2,0.2,0.0037557989531751958,0,0,0,0.0007511597906350392,0,0,,,
,0.69375,0.3333333333333333,1,5.083,0,5.083,21.718662650624875,0.031337349375120796,0,18.39967203003112,0,52.455375651990835,0.8,1,0.2,0.2,2.61,0,0,0,0.522,0,0,,,
,0.6944444444444444,0.3333333333333333,1,5.083,0,5.083,21.718603967371028,0.03139603262896646,0,18.390541762037792,3.54,52.17427571828466,0.8,1,0.2,0.2,2.61,0,0,0.708,0.522,0,0,,,
,0.6951388888888889,0.3333333333333333,1,4.231,0,4.231,8.50105437760789,0.031309756122220346,0,18.374666963882383,0.4600000000000001,52.13435926590972,0.8,1,0.2,0.2,1.0238836960476134,0,0,0.09200000000000001,0.2047767392095227,0,0,,,
,0.6958333333333333,0.3333333333333333,1,4.301,0,4.301,0,6.96109793777935,0,18.363092225581934,3,52.129282700092915,0.8,1,0.2,0.2,0.8353317525335221,0,0,0.6,0.16706635050670443,0,0,,,
,0.6965277777777777,0.3333333333333333,1,4.426,0,4.426,0,0.030864676158308447,0,18.34792900133929,0,52.124199688609465,0.8,1,0.2,0.2,0.0037037611389970143,0,0,0,0.0007407522277994028,0,0,,,
,0.6972222222222222,0.3333333333333333,1,4.366,0,4.366,0,0.030680967259268704,0,18.326087919484102,0,52.11911075002901,0.8,1,0.2,0.2,0.0036817160711122452,0,0,0,0.000736343214222449,0,0,,,
,0.6979166666666666,0.3333333333333333,1,4.206,0,4.206,0,0.03054014097992413,0,18.295898800858247,0,52.11401572076617,0.8,1,0.2,0.2,0.003664816917590896,0,0,0,0.0007329633835181792,0,0,,,
,0.6986111111111111,0.3333333333333333,1,4.146,0,4.146,0,0.030438148982472005,0,18.260454392226944,0,52.10891405841378,0.8,1,0.2,0.2,0.003652577877896641,0,0,0,0.0007305155755793282,0,0,,,
,0.6993055555555555,0.3333333333333333,1,4.317,0,4.317,0,0.03037123266603711,0,18.22572348611331,0,52.10380566493194,0.8,1,0.2,0.2,0.0036445479199244536,0,0,0,0.0007289095839848907,0,0,,,
,0.7,0.3333333333333333,1,4.157,0,4.157,0,0.030335952048506087,0,18.185938609609526,0,52.09869138689097,0.8,1,0.2,0.2,0.003640314245820731,0,0,0,0.0007280628491641461,0,0,,,
,0.7006944444444444,0.3333333333333333,1,4.007,0,4.007,0,0.030329172981176857,0,18.138895519396716,0,52.09357101036873,0.8,1,0.2,0.2,0.0036395007577412234,0,0,0,0.0007279001515482447,0,0,,,
,0.7013888888888888,0.3333333333333333,1,4.067,0,4.067,0,0.030389852517088235,0,18.09134625724757,0,52.088444834056375,0.6,1,0.2,0.2,0.003646782302050589,0,0,0,0.0007293564604101178,0,0,,,
,0.7020833333333333,0.3333333333333333,1,4.076,0,4.076,0,0.030469494578019177,0,18.042190296549663,0,52.08331320560499,0.6,1,0.2,0.2,0.0036563393493623014,0,0,0,0.0007312678698724603,0,0,,,
,0.7027777777777777,0.3333333333333333,1,4.125,0,4.125,0,0.030567254346647327,0,17.992769153453903,0,52.07817626463422,0.6,1,0.2,0.2,0.00366807052159768,0,0,0,0.0007336141043195359,0,0,,,
,0.7034722222222223,0.3333333333333333,1,4.065,0,4.065,21.719318869312282,0.030681130687713526,0,17.940616920213007,0,52.07303433497374,0.6,1,0.2,0.2,2.61,0,0,0,0.522,0,0,,,
,0.7041666666666667,0.3333333333333333,1,4.065,0,4.065,21.719190722246598,0.030809277753399675,0,17.90906810703101,0,52.06788727547986,0.6,1,0.2,0.2,2.61,0,0,0,0.522,0,0,,,
,0.7048611111111112,0.3333333333333333,1,4.065,0,4.065,7.592503044061263,0.03078749493404468,0,17.895438725335264,0,52.06273519207804,0.6,1,0.2,0.2,0.914794864679437,0,0,0,0.18295897293588742,0,0,,,
,0.7055555555555556,0.3333333333333333,1,4.025,0,4.025,0,0.030635624366923544,0,17.88282951756811,0,52.057578184097835,0.6,1,0.2,0.2,0.0036762749240308256,0,0,0,0.0007352549848061651,0,0,,,
,0.70625,0.3333333333333333,1,4.042,0,4.042,21.749999999999996,0.030472625551326446,0,17.864834753931504,0,52.05241617291047,0.8,1,0.4,0.2,2.613656715066159,0,0,0,0.5227313430132318,0,0,,,
,0.7069444444444445,0.3333333333333333,1,4.033,0,4.033,21.749999999999996,0.03034861680242689,0,17.85879820055299,0,52.047249127336976,0.8,1,0.4,0.2,2.613641834016291,0,0,0,0.5227283668032582,0,0,,,
,0.7076388888888889,0.3333333333333333,1,3.993,0,3.993,21.749999999999996,0.030263361290520194,0,17.86286087879119,0,52.0420799840076,0.8,1,0.4,0.2,2.6136316033548623,0,0,0,0.5227263206709725,0,0,,,
,0.7083333333333334,0.3333333333333333,0.9333333333333333,3.993,0,3.993,21.749999999999996,0.03021300041839416,0,17.877258357822253,0,52.03691127217056,0.8,1,0.4,0.2,2.613625560050207,0,0,0,0.5227251120100413,0,0,,,
,0.7090277777777778,0.3333333333333333,0.9333333333333333,3.987,0,3.987,21.749999999999996,0.03019409366968423,0,17.899961174121366,0,52.03174548238341,0.8,1,0.4,0.2,2.613623291240362,0,0,0,0.5227246582480725,0,0,,,
,0.7097222222222223,0.3333333333333333,0.9333333333333333,3.987,0,3.987,19.536090403019074,0.030197332789430164,0,17.9315503928658,0,52.02658454410861,0.8,1,0.4,0.2,2.347954528297021,0,0,0,0.4695909056594042,0,0,,,
,0.7104166666666667,0.3333333333333333,0.9333333333333333,4.136,0,4.136,0,0.0302265897857259,0,17.975794368551092,0,52.02143057459207,0.8,1,0.2,0.2,0.003627190774287108,0,0,0,0.0007254381548574216,0,0,,,
,0.7111111111111111,0.3333333333333333,0.9333333333333333,4.096,0,4.096,0,0.03027906329754086,0,18.009864542216032,0,52.01628627268925,0.8,1,0.2,0.2,0.0036334875957049033,0,0,0,0.0007266975191409806,0,0,,,
,0.7118055555555556,0.3333333333333333,0.9333333333333333,4.118,0,4.118,0,0.03035233455488141,0,18.0352161751102,0,52.01115036803958,0.8,1,0.2,0.2,0.0036422801465857695,0,0,0,0.0007284560293171539,0,0,,,
,0.7125,0.3333333333333333,0.9333333333333333,4.118,0,4.118,0,0.030436919806928336,0,18.053033616972822,0,52.00602162320208,0.8,1,0.2,0.2,0.003652430376831401,0,0,0,0.0007304860753662802,0,0,,,
,0.7131944444444445,0.3333333333333333,0.9333333333333333,3.872,0,3.872,21.71946124383319,0.030538756166808376,0,18.058211922070363,0,52.00089913968484,0.8,1,0.2,0.2,2.61,0,0,0,0.522,0,0,,,
,0.7138888888888889,0.3333333333333333,0.9333333333333333,3.885,0,3.885,21.719355271092024,0.03064472890797331,0,18.0793224087358,0,51.995780844251136,0.8,1,0.2,0.2,2.61,0,0,0,0.522,0,0,,,
,0.7145833333333333,0.3333333333333333,0.9333333333333333,3.925,0,3.925,7.390991518539277,0.030599776678839397,0,18.11380431389807,0,51.990666017700576,0.8,1,0.2,0.2,0.8905909554261741,0,0,0,0.1781181910852348,0,0,,,
,0.7152777777777778,0.3333333333333333,0.9333333333333333,3.875,0,3.875,0,0.030426401367200255,0,18.144220740474843,0,51.98555401629689,0.8,1,0.2,0.2,0.0036511681640640312,0,0,0,0.0007302336328128062,0,0,,,
,0.7159722222222222,0.3333333333333333,0.9333333333333333,3.815,0,3.815,0,0.030255876657749432,0,18.163997075238342,0,51.9804442077732,0.8,1,0.2,0.2,0.003630705198929932,0,0,0,0.0007261410397859864,0,0,,,
,0.7166666666666667,0.3333333333333333,0.9333333333333333,3.78,0,3.78,0,0.030129477611463115,0,18.174658334051607,0,51.97533577632446,0.8,1,0.2,0.2,0.0036155373133755745,0,0,0,0.0007231074626751149,0,0,,,
,0.7173611111111111,0.3333333333333333,0.9333333333333333,3.84,0,3.84,21.749999999999996,0.030041769901068386,0,18.17857143085876,0,51.97022804350352,0.8,1,0.4,0.2,2.613605012388128,0,0,0,0.5227210024776257,0,0,,,
,0.7180555555555556,0.3333333333333333,0.9333333333333333,3.815,0,3.815,15.760259612366637,0.02998902349270965,0,18.192711684793455,0,51.96512065147833,0.8,1,0.4,0.2,1.894829836303122,0,0,0,0.37896596726062437,0,0,,,
,0.71875,0.3333333333333333,0.9333333333333333,3.855,0,3.855,0,0.029960093784678052,0,18.21209300883601,0,51.960015897799124,0.8,1,0.2,0.2,0.0035952112541613665,0,0,0,0.0007190422508322733,0,0,,,
,0.7194444444444444,0.3333333333333333,0.9333333333333333,4.049,0,4.049,0,0.029960280078955768,0,18.22765391204397,4,51.679540171457155,0.8,1,0.2,0.2,0.0035952336094746927,0,0,0.8,0.0007190467218949386,0,0,,,
,0.7201388888888889,0.3333333333333333,0.9333333333333333,4.049,0,4.049,0,0.029994123187927914,0,18.23579069889059,0,51.674491142342696,0.8,1,0.2,0.2,0.0035992947825513504,0,0,0,0.0007198589565102701,0,0,,,
,0.7208333333333333,0.3333333333333333,0.9333333333333333,4.159,0,4.159,0,0.030050489248078398,0,18.238523030642547,0,51.66944566202092,0.8,1,0.2,0.2,0.0036060587097694083,0,0,0,0.0007212117419538816,0,0,,,
,0.7215277777777778,0.3333333333333333,0.9333333333333333,4.231,0,4.231,0,0.03012719994388987,0,18.236709785555362,0,51.66440326842568,0.8,1,0.2,0.2,0.003615263993266785,0,0,0,0.000723052798653357,0,0,,,
,0.7222222222222222,0.3333333333333333,0.9333333333333333,4.093,0,4.093,0,0.030222059817816706,0,18.22613888418508,0,51.65936359662445,0.8,1,0.2,0.2,0.0036266471781380054,0,0,0,0.0007253294356276011,0,0,,,
,0.7229166666666667,0.3333333333333333,0.9333333333333333,4.13,0,4.13,0,0.03033308141591161,0,18.21117916028131,0,51.65432551424897,0.8,1,0.2,0.2,0.0036399697699093935,0,0,0,0.0007279939539818786,0,0,,,
,0.7236111111111111,0.3333333333333333,0.9333333333333333,4.118,0,4.118,0,0.030466140126172964,0,18.19154099894987,2,51.51907019283069,0.8,1,0.2,0.2,0.003655936815140756,0,0,0.4,0.0007311873630281512,0,0,,,
,0.7243055555555555,0.3333333333333333,0.9333333333333333,4.118,0,4.118,0,0.030611133440007144,0,18.167769222217935,0,51.5140565851618,0.8,1,0.2,0.2,0.0036733360128008577,0,0,0,0.0007346672025601716,0,0,,,
,0.725,0.3333333333333333,0.9333333333333333,4.068,0,4.068,0,0.03076684967312166,0,18.139286208557174,1,51.434652133361205,0.8,1,0.2,0.2,0.0036920219607746,0,0,0.2,0.00073840439215492,0,0,,,
,0.7256944444444444,0.3333333333333333,0.9333333333333333,4.168,0,4.168,21.749999999999996,0.030931948616720335,0,18.10992923616722,0,51.4296513723139,0.8,1,0.4,0.2,2.613711833834006,0,0,0,0.5227423667668012,0,0,,,
,0.7263888888888889,0.3333333333333333,0.9333333333333333,4.168,0,4.168,13.266432478883058,0.0311052044330883,0,18.09415859093199,0,51.42465039604904,0.8,1,0.4,0.2,1.5957045219979378,0,0,0,0.31914090439958753,0,0,,,
,0.7270833333333333,0.3333333333333333,0.9333333333333333,4.128,0,4.128,0,0.03128550960310577,0,18.08328622733838,0,51.41965169481623,0.8,1,0.2,0.2,0.003754261152372693,0,0,0,0.0007508522304745386,0,0,,,
,0.7277777777777777,0.3333333333333333,0.9333333333333333,4.128,0,4.128,0,0.03147186473256922,0,18.067742776205858,0,51.41465624621569,0.8,1,0.2,0.2,0.003776623767908307,0,0,0,0.0007553247535816614,0,0,,,
,0.7284722222222222,0.3333333333333333,0.9333333333333333,4.128,0,4.128,0,0.03166341069008935,0,18.04808652732732,0,51.40966336757947,0.8,1,0.2,0.2,0.003799609282810722,0,0,0,0.0007599218565621444,0,0,,,
,0.7291666666666666,0.3333333333333333,0.9333333333333333,4.294,0,4.294,0,0.03185931140050728,0,18.028435851534645,0,51.40467245295315,0.8,1,0.2,0.2,0.0038231173680608743,0,0,0,0.0007646234736121748,0,0,,,
,0.7298611111111111,0.3333333333333333,0.9333333333333333,4.294,0,4.294,0,0.03205881005789259,0,18.005145251881014,0,51.399683585194225,0.8,1,0.2,0.2,0.003847057206947111,0,0,0,0.0007694114413894222,0,0,,,
,0.7305555555555555,0.3333333333333333,0.9333333333333333,4.379,0,4.379,0,0.03226122072346749,0,17.97934420857525,0,51.394696206525055,0.8,1,0.2,0.2,0.003871346486816099,0,0,0,0.0007742692973632198,0,0,,,
,0.73125,0.3333333333333333,0.9333333333333333,4.079,0,4.079,0,0.032462753700474,0,17.94702649400176,0,51.389709866267125,0.8,1,0.2,0.2,0.003895530444056881,0,0,0,0.0007791060888113762,0,0,,,
,0.7319444444444444,0.3333333333333333,0.9333333333333333,3.954,0,3.954,0,6.962666321420778,0,17.90937416368369,3,51.384723493607225,0.8,1,0.2,0.2,0.8355199585704934,0,0,0.6,0.16710399171409868,0,0,,,
,0.7326388888888888,0.3333333333333333,0.9333333333333333,3.958,0,3.958,0,0.03287127923924179,0,17.869294067609154,0,51.379736205818986,0.8,1,0.2,0.2,0.003944553508709015,0,0,0,0.000788910701741803,0,0,,,
,0.7333333333333333,0.3333333333333333,0.9333333333333333,3.873,0,3.873,0,0.033072315427178894,0,17.82628599816571,0,51.37474749723363,0.8,1,0.2,0.2,0.003968677851261468,0,0,0,0.0007937355702522936,0,0,,,
,0.7340277777777777,0.3333333333333333,0.9333333333333333,2.808,0,2.808,0,0.03328202839653473,0,17.777094696060704,2,51.23904088246445,0.8,1,0.2,0.2,0.003993843407584167,0,0,0.4,0.0007987686815168335,0,0,,,
,0.7347222222222223,0.3333333333333333,0.9333333333333333,2.708,0,2.708,21.749999999999996,0.03349140832254584,0,17.72549939869007,0,51.23407006673701,0.8,1,0.4,0.2,2.6140189689987054,0,0,0,0.5228037937997411,0,0,,,
,0.7354166666666667,0.3333333333333333,0.9333333333333333,2.72,0,2.72,13.95939189821153,0.03370038622580865,0,17.68992909106506,0,51.22909603487908,0.6,1,0.4,0.2,1.6791710741324808,0,0,0,0.33583421482649617,0,0,,,
,0.7361111111111112,0.26666666666666666,0.9333333333333333,4.21,0,4.21,0,0.03390602027063556,0,17.65962810321255,0,51.224121458152034,0.6,1,0.2,0.2,0.004068722432476268,0,0,0,0.0008137444864952535,0,0,,,
,0.7368055555555556,0.26666666666666666,0.9333333333333333,4.182,0,4.182,0,0.034026267318139757,0,17.625237829232983,0,51.21914528825846,0.6,1,0.2,0.2,0.004083152078176772,0,0,0,0.0008166304156353544,0,0,,,
,0.7375,0.26666666666666666,0.9333333333333333,4.142,0,4.142,0,0.03415984149903975,0,17.587274468078142,0,51.21416712907118,0.6,1,0.2,0.2,0.0040991809798847706,0,0,0,0.0008198361959769541,0,0,,,
,0.7381944444444445,0.26666666666666666,0.9333333333333333,4.25,0,4.25,0,0.034296642301521234,0,17.54846350666876,0,51.20918644215334,0.6,1,0.2,0.2,0.0041155970761825485,0,0,0,0.0008231194152365097,0,0,,,
,0.7388888888888889,0.26666666666666666,0.9333333333333333,4.358,0,4.358,0,0.03443373127432581,0,17.508534909677977,0,51.2042030892221,0.6,1,0.2,0.2,0.0041320477529190975,0,0,0,0.0008264095505838195,0,0,,,
,0.7395833333333334,0.26666666666666666,0.9333333333333333,4.358,0,4.358,0,0.034576067682200944,0,17.466651752438896,0,51.1992169990812,0.6,1,0.2,0.2,0.004149128121864114,0,0,0,0.0008298256243728227,0,0,,,
,0.7402777777777778,0.26666666666666666,0.9333333333333333,6.295,0,6.295,0,0.03472019877637276,0,17.47446453710394,2,51.06654479816971,0.6,1,0.2,0.2,0.004166423853164732,0,0,0.4,0.0008332847706329465,0,0,,,
,0.7409722222222223,0.26666666666666666,0.9333333333333333,6.447,0,6.447,0,0.034865813313242164,0,17.481649933889706,0,51.06158308871497,0.6,1,0.2,0.2,0.0041838975975890605,0,0,0,0.0008367795195178121,0,0,,,
,0.7416666666666667,0.26666666666666666,0.9333333333333333,6.447,0,6.447,0,0.03500966633098085,0,17.485187960197038,0,51.05662674969027,0.6,1,0.2,0.2,0.004201159959717702,0,0,0,0.0008402319919435404,0,0,,,
,0.7423611111111111,0.26666666666666666,0.9333333333333333,4.355,0,4.355,0,0.03515454207997195,0,17.43155728346347,0,51.05167517828819,0.6,1,0.2,0.2,0.004218545049596634,0,0,0,0.0008437090099193267,0,0,,,
,0.7430555555555556,0.26666666666666666,0.9333333333333333,4.675,0,4.675,21.749999999999996,0.035307729598208326,0,17.38710213796267,0,51.046718763325615,0.8,1,0.4,0.2,2.6142369275517847,0,0,0,0.5228473855103569,0,0,,,
,0.74375,0.26666666666666666,0.9333333333333333,4.715,0,4.715,43.49999999999999,0.03539662126506881,0,17.350814887385518,0,51.04175760896161,0.8,1,0.6,0.2,5.224247594551808,0,0,0,1.0448495189103615,0,0,,,
,0.7444444444444445,0.26666666666666666,0.9333333333333333,4.461,0,4.461,35.41262366090156,0.035491254193597485,0,17.333197087134458,0,51.036793247448045,0.8,1,0.6,0.2,4.253773789811419,0,0,0,0.8507547579622837,0,0,,,
,0.7451388888888889,0.26666666666666666,0.9333333333333333,4.568,0,4.568,21.749999999999996,0.03558907576639545,0,17.33068472185932,0,51.03182895269523,0.8,1,0.4,0.2,2.6142706890919674,0,0,0,0.5228541378183935,0,0,,,
,0.7458333333333333,0.26666666666666666,0.9333333333333333,4.528,0,4.528,21.749999999999996,0.035711665816557436,0,17.331310993917846,0,51.026867880331466,0.8,1,0.4,0.2,2.614285399897987,0,0,0,0.5228570799795974,0,0,,,
,0.7465277777777778,0.26666666666666666,0.9333333333333333,4.431,0,4.431,21.749999999999996,0.035834535648102316,0,17.334573275165774,0,51.02191057425146,0.8,1,0.4,0.2,2.614300144277772,0,0,0,0.5228600288555544,0,0,,,
,0.7472222222222222,0.26666666666666666,0.9333333333333333,4.756,0,4.756,21.749999999999996,0.03595810379259979,0,17.346310319756384,0,51.016957501658304,0.8,1,0.4,0.2,2.614314972455112,0,0,0,0.5228629944910224,0,0,,,
,0.7479166666666667,0.26666666666666666,0.9333333333333333,4.63,0,4.63,43.46391791062907,0.03608208937092506,0,17.36035699979796,0,51.012010124184165,0.8,1,0.4,0.2,5.22,0,0,0,1.044,0,0,,,
,0.7486111111111111,0.26666666666666666,0.9333333333333333,4.63,0,4.63,43.463793698099046,0.03620630190094536,0,17.39927810319683,0,51.00706884197773,0.8,1,0.4,0.2,5.22,0,0,0,1.044,0,0,,,
,0.7493055555555556,0.26666666666666666,0.9333333333333333,4.753,0,4.753,43.46383199169469,0.03616800830529723,0,17.46315886945143,0,51.0021342037552,0.8,1,0.4,0.2,5.22,0,0,0,1.044,0,0,,,
,0.75,0.4,1,4.753,0,4.753,43.464011654155506,0.03598834584449463,0,17.553670141528915,0,50.997207255888625,0.8,1,0.4,0.2,5.22,0,0,0,1.044,0,0,,,
,0.7506944444444444,0.4,1,2.77,0,2.77,43.464318251076136,0.035681748923851925,0,17.64975264156074,0,50.992289660930126,0.8,1,0.4,0.2,5.22,0,0,0,1.044,0,0,,,
,0.7513888888888889,0.4,1,2.784,0,2.784,33.63806477853462,0.03534880787193179,0,17.764412540346857,1,50.924711722416404,0.8,1,0.4,0.2,4.040809630368787,0,0,0.2,0.8081619260737574,0,0,,,
,0.7520833333333333,0.4,1,2.749,0,2.749,0,0.03490592423595109,0,17.885584493572747,0,50.9198249493963,0.8,1,0.2,0.2,0.004188710908314131,0,0,0,0.0008377421816628263,0,0,,,
,0.7527777777777778,0.4,1,5.53,0,5.53,21.749999999999996,0.03440640605378993,0,18.009854736325348,0,50.914948368885106,0.8,1,0.4,0.2,2.6141287687264545,0,0,0,0.5228257537452909,0,0,,,
,0.7534722222222222,0.4,1,5.58,0,5.58,14.016671844851672,4.654020895470335,0,18.136896134101214,5,50.72365849981011,0.8,1,0.4,0.2,2.240483128838641,0,0,1,0.4480966257677282,0,0,,,
,0.7541666666666667,0.4,1,5.64,0,5.64,0,0.033693424910450805,0,18.260560446314965,0,50.7188423331168,0.8,1,0.2,0.2,0.004043210989254096,0,0,0,0.0008086421978508193,0,0,,,
,0.7548611111111111,0.4,1,5.665,0,5.665,0,0.03341993945938132,0,18.36931912546348,0,50.714041940552406,0.8,1,0.2,0.2,0.004010392735125759,0,0,0,0.0008020785470251518,0,0,,,
,0.7555555555555555,0.4,1,5.672,0,5.672,0,0.03319540647893838,0,18.46431945960695,0,50.709255883075066,0.8,1,0.2,0.2,0.003983448777472606,0,0,0,0.0007966897554945212,0,0,,,
,0.75625,0.4,1,5.483,0,5.483,0,0.033018160110939,0,18.541685508052964,0,50.704482880490716,0.8,1,0.2,0.2,0.003962179213312681,0,0,0,0.0007924358426625361,0,0,,,
,0.7569444444444444,0.4666666666666667,1,5.621,0,5.621,0,0.03288089577562353,0,18.61388376776639,0,50.69972082141602,0.8,1,0.2,0.2,0.003945707493074824,0,0,0,0.0007891414986149648,0,0,,,
,0.7576388888888889,0.4666666666666667,1,5.753,0,5.753,0,0.032779891266438266,0,18.67813863397143,0,50.69496964686435,0.8,1,0.2,0.2,0.003933586951972592,0,0,0,0.0007867173903945184,0,0,,,
,0.7583333333333333,0.4666666666666667,1,5.753,0,5.753,0,0.03271165478774255,0,18.732148214104964,0,50.69022874222872,0.8,1,0.2,0.2,0.003925398574529107,0,0,0,0.0007850797149058213,0,0,,,
,0.7590277777777777,0.4666666666666667,1,5.678,0,5.678,43.4673270040785,0.032672995921489506,0,18.774920368446708,0,50.68549702547353,0.8,1,0.4,0.2,5.22,0,0,0,1.044,0,0,,,
,0.7597222222222222,0.4666666666666667,1,5.738,0,5.738,43.46733900207399,0.03266099792600585,0,18.840149635372775,0,50.68077317799921,0.8,1,0.4,0.2,5.22,0,0,0,1.044,0,0,,,
,0.7604166666666666,0.4666666666666667,1,5.45,0,5.45,29.070260601120065,0.0325104514347923,0,18.91926333608036,0,50.67605788142468,0.8,1,0.4,0.2,3.4923325263065834,0,0,0,0.6984665052613167,0,0,,,
,0.7611111111111111,0.4666666666666667,1,5.463,0,5.463,21.749999999999996,0.03224025207649082,0,19.0014724351408,0,50.671350779550096,0.8,1,0.4,0.2,2.613868830249179,0,0,0,0.5227737660498357,0,0,,,
,0.7618055555555555,0.4666666666666667,1,5.354,0,5.354,29.493262821954144,0.031970518471711354,0,19.076414686606956,0,50.66665241225612,0.8,1,0.6,0.2,3.5430280008511033,0,0,0,0.7086056001702207,0,0,,,
,0.7625,0.4666666666666667,1,5.261,0,5.261,14.165336021535477,0.03175334582975557,0,19.156242306477782,0,50.66196273369354,0.8,1,0.4,0.2,1.703650724083828,0,0,0,0.34073014481676556,0,0,,,
,0.7631944444444444,0.4666666666666667,1,5.296,0,5.296,0,0.031589563986384656,0,19.235057665727005,0,50.657283800225706,0.8,1,0.2,0.2,0.003790747678366159,0,0,0,0.0007581495356732317,0,0,,,
,0.7638888888888888,0.5333333333333333,1,2.654,0,2.654,0,0.03145916983450391,0,19.287073107597795,0,50.652616199627445,0.6,1,0.2,0.2,0.00377510038014047,0,0,0,0.000755020076028094,0,0,,,
,0.7645833333333333,0.5333333333333333,1,2.634,0,2.634,0,0.03136687788948606,0,19.328447448439853,0,50.647956206592,0.6,1,0.2,0.2,0.003764025346738328,0,0,0,0.0007528050693476656,0,0,,,
,0.7652777777777777,0.5333333333333333,1,2.5,0,2.5,0,0.03130879017014498,0,19.356355487969484,0,50.64330277743735,0.6,1,0.2,0.2,0.003757054820417398,0,0,0,0.0007514109640834796,0,0,,,
,0.7659722222222223,0.5333333333333333,1,2.535,0,2.535,0,0.03128155833650706,0,19.376077126310612,0,50.638654307806846,0.6,1,0.2,0.2,0.003753787000380848,0,0,0,0.0007507574000761696,0,0,,,
,0.7666666666666667,0.5333333333333333,1,2.608,0,2.608,0,0.031274414030366376,0,19.388885630931565,0,50.63400985261071,0.6,1,0.2,0.2,0.003752929683643966,0,0,0,0.0007505859367287932,0,0,,,
,0.7673611111111112,0.5333333333333333,1,2.768,0,2.768,0,0.0312930052170505,0,19.397656534966856,0,50.62936881429196,0.6,1,0.2,0.2,0.0037551606260460605,0,0,0,0.0007510321252092121,0,0,,,
,0.7680555555555556,0.5333333333333333,1,3.308,0,3.308,0,0.03133448758091843,0,19.411440091370878,0,50.62473102333164,0.6,1,0.2,0.2,0.0037601385097102125,0,0,0,0.0007520277019420425,0,0,,,
,0.76875,0.5333333333333333,1,3.308,0,3.308,21.718603507143072,0.031396492856927014,0,19.41773078172246,0,50.62009780758003,0.6,1,0.2,0.2,2.61,0,0,0,0.522,0,0,,,
,0.7694444444444445,0.5333333333333333,1,3.333,0,3.333,38.84852314799196,4.651476852008035,0,19.439988056513556,2,50.615468301278646,0.6,1,0.4,0.2,5.22,0,0,0.4,1.044,0,0,,,
,0.7701388888888889,0.5333333333333333,1,3.373,0,3.373,34.70252199059746,0.031410965483004205,0,19.47981036299356,0,50.61084189816201,0.6,1,0.4,0.2,4.168071954729656,0,0,0,0.8336143909459311,0,0,,,
,0.7708333333333334,0.4666666666666667,1,2.918,0,2.918,43.49999999999999,0.03125291650980697,0,19.51488944817217,0,50.606219502276204,0.6,1,0.6,0.2,5.223750349981176,0,0,0,1.0447500699962353,0,0,,,
,0.7715277777777778,0.4666666666666667,1,2.93,0,2.93,31.182141484706,0.0310421561308749,0,19.565015645035793,0,50.601599094978496,0.6,1,0.6,0.2,3.7455820369004256,0,0,0,0.7491164073800851,0,0,,,
,0.7722222222222223,0.4666666666666667,1,3.159,0,3.159,0,0.030880440143676857,0,19.625885828503506,0,50.5969843764475,0.6,1,0.2,0.2,0.0037056528172412233,0,0,0,0.0007411305634482447,0,0,,,
,0.7729166666666667,0.4666666666666667,1,2.803,0,2.803,0,0.030752613785998292,0,19.665746504340305,0,50.592377962154394,0.6,1,0.2,0.2,0.0036903136543197956,0,0,0,0.0007380627308639591,0,0,,,
,0.7736111111111111,0.4666666666666667,1,2.863,0,2.863,0,0.030663198104246628,0,19.696504132728315,0,50.587777127004,0.6,1,0.2,0.2,0.003679583772509596,0,0,0,0.0007359167545019191,0,0,,,
,0.7743055555555556,0.4666666666666667,1,4.689,0,4.689,0,0.03060822787045171,0,19.744283926384714,0,50.583181096842026,0.6,1,0.2,0.2,0.0036729873444542056,0,0,0,0.0007345974688908411,0,0,,,
,0.775,0.4666666666666667,1,4.769,0,4.769,0,0.03058433061656058,0,19.78288265824218,0,50.57859349916975,0.6,1,0.2,0.2,0.0036701196739872704,0,0,0,0.0007340239347974541,0,0,,,
,0.7756944444444445,0.4666666666666667,1,4.99,0,4.99,0,0.030588406578771755,0,19.815632235698946,2,50.45320372654673,0.6,1,0.2,0.2,0.0036706087894526106,0,0,0.4,0.0007341217578905222,0,0,,,
,0.7763888888888889,0.4666666666666667,1,4.858,0,4.858,0,0.0306175723937831,0,19.83831236436068,0,50.448651401660165,0.6,1,0.2,0.2,0.003674108687253972,0,0,0,0.0007348217374507944,0,0,,,
,0.7770833333333333,0.4666666666666667,1,4.858,0,4.858,0,0.03066924557477463,0,19.85322400296259,0,50.44410492629548,0.6,1,0.2,0.2,0.0036803094689729556,0,0,0,0.0007360618937945912,0,0,,,
,0.7777777777777778,0.4,1,4.145,0,4.145,0,0.030741058528716458,0,19.85014892692667,0,50.43956342804643,0.6,1,0.2,0.2,0.0036889270234459755,0,0,0,0.000737785404689195,0,0,,,
,0.7784722222222222,0.4,1,4.085,0,4.085,21.719169137291885,0.0308308627081092,0,19.839730454690493,0,50.43502423385098,0.6,1,0.2,0.2,2.61,0,0,0,0.522,0,0,,,
,0.7791666666666667,0.4,1,4.085,0,4.085,21.719063313174672,0.030936686825322114,0,19.845432496242136,0,50.43048645061628,0.6,1,0.2,0.2,2.61,0,0,0,0.522,0,0,,,
,0.7798611111111111,0.4,1,4.085,0,4.085,51.28367550232289,0.030894183079757855,0,19.86488123533615,0,50.425949451265915,0.6,1,0.6,0.2,6.157748362248318,0,0,0,1.2315496724496637,0,0,,,
,0.7805555555555556,0.4,1,4.071,0,4.071,35.02510360976229,0.03072304763015302,0,19.907944050697303,0,50.42141265208902,0.6,1,0.6,0.2,4.206699198887094,0,0,0,0.8413398397774188,0,0,,,
,0.78125,0.4,1,4.293,0,4.293,21.749999999999996,0.030540699934570058,0,19.964086077718108,0,50.416879844898716,0.6,1,0.4,0.2,2.6136648839921484,0,0,0,0.5227329767984297,0,0,,,
,0.7819444444444444,0.4,1,4.293,0,4.293,18.894507555519347,0.030387327024414847,0,20.01700869325728,0,50.41235393344205,0.6,1,0.4,0.2,2.2709873859052516,0,0,0,0.4541974771810503,0,0,,,
,0.7826388888888889,0.4,1,4.218,0,4.218,0,0.03027507880413078,0,20.064012088713646,0,50.40783530463068,0.6,1,0.2,0.2,0.0036330094564956937,0,0,0,0.0007266018912991388,0,0,,,
,0.7833333333333333,0.4,1,4.218,0,4.218,0,0.030216052603606994,0,20.100386351364374,0,50.40332415899603,0.6,1,0.2,0.2,0.00362592631243284,0,0,0,0.000725185262486568,0,0,,,
,0.7840277777777778,0.4,1,4.218,0,4.218,0,0.030188549306979333,0,20.12705655560587,0,50.398819393641745,0.6,1,0.2,0.2,0.0036226259168375204,0,0,0,0.0007245251833675041,0,0,,,
,0.7847222222222222,0.4,1,4.208,0,4.208,0,0.03018989988670467,0,20.144820131352294,0,50.39432000343835,0.4,1,0.2,0.2,0.0036227879864045606,0,0,0,0.0007245575972809121,0,0,,,
,0.7854166666666667,0.4,1,4.139,0,4.139,0,0.03021717037953333,0,20.152856772713072,0,50.38982505306895,0.4,1,0.2,0.2,0.0036260604455439997,0,0,0,0.0007252120891087999,0,0,,,
,0.7861111111111111,0.4,1,4.088,0,4.088,0,0.030267692155231785,0,20.15231328450666,0,50.38533340575586,0.4,1,0.2,0.2,0.0036321230586278145,0,0,0,0.0007264246117255629,0,0,,,
,0.7868055555555555,0.4,1,4.038,0,4.038,0,0.030339174061947298,0,20.143809917616323,0,50.3808440691422,0.4,1,0.2,0.2,0.003640700887433676,0,0,0,0.0007281401774867352,0,0,,,
,0.7875,0.4,1,3.978,0,3.978,0,0.03042935442193754,0,20.127724765547782,0,50.376356105674446,0.4,1,0.2,0.2,0.0036515225306325053,0,0,0,0.000730304506126501,0,0,,,
,0.7881944444444444,0.4,1,3.978,0,3.978,21.71946380873251,0.030536191267486162,0,20.106110232005157,0,50.37186859610225,0.4,1,0.2,0.2,2.61,0,0,0,0.522,0,0,,,
,0.7888888888888889,0.4,1,3.978,0,3.978,43.46934217144779,0.030657828552196596,0,20.10111673906337,0,50.367380930749604,0.4,1,0.4,0.2,5.22,0,0,0,1.044,0,0,,,
,0.7895833333333333,0.4,1,3.917,0,3.917,20.276676622550646,0.03063001906830464,0,20.12763670828414,0,50.3628925430383,0.4,1,0.4,0.2,2.4368767969942744,0,0,0,0.4873753593988549,0,0,,,
,0.7902777777777777,0.4,1,3.917,0,3.917,0,0.030472553861941944,0,20.160881796634122,0,50.35840587184062,0.4,1,0.2,0.2,0.0036567064634330337,0,0,0,0.0007313412926866068,0,0,,,
,0.7909722222222222,0.4,1,4.134,0,4.134,0,0.03030572009722772,0,20.186117095853092,0,50.35392185560137,0.4,1,0.2,0.2,0.003636686411667327,0,0,0,0.0007273372823334654,0,0,,,
,0.7916666666666666,0.4,1,3.957,0,3.957,0,0.03018305409001783,0,20.19781933111287,0,50.34944013030748,0.4,1,0.2,0.2,0.00362196649080214,0,0,0,0.000724393298160428,0,0,,,
,0.7923611111111111,0.4,1,3.957,0,3.957,0,0.030099014236577584,0,20.201107975027348,0,50.34495925849588,0.4,1,0.2,0.2,0.0036118817083893107,0,0,0,0.0007223763416778622,0,0,,,
,0.7930555555555555,0.4,1,1.908,0,1.908,0,0.030049661122251967,0,20.16562554218477,0,50.34047859053008,0.4,1,0.2,0.2,0.0036059593346702366,0,0,0,0.0007211918669340473,0,0,,,
,0.79375,0.4,1,2.008,0,2.008,0,0.030031579786904624,0,20.12681092434216,0,50.33599219468835,0.4,1,0.2,0.2,0.0036037895744285555,0,0,0,0.0007207579148857111,0,0,,,
,0.7944444444444444,0.4,1,2.142,0,2.142,0,0.03004163103815614,0,20.082453831834556,0,50.331500143751455,0.4,1,0.2,0.2,0.0036049957245787374,0,0,0,0.0007209991449157475,0,0,,,
,0.7951388888888888,0.4,1,2.142,0,2.142,0,0.03007179269782936,0,20.03313974373446,0,50.32700194821679,0.4,1,0.2,0.2,0.0036086151237395233,0,0,0,0.0007217230247479046,0,0,,,
,0.7958333333333333,0.4,1,2.025,0,2.025,0,0.030125105170364975,0,19.97970287291723,0,50.32249728852848,0.4,1,0.2,0.2,0.0036150126204437974,0,0,0,0.0007230025240887595,0,0,,,
,0.7965277777777777,0.4,1,1.965,0,1.965,0,0.030206790169862045,0,19.92095381355011,0,50.31798610754683,0.4,1,0.2,0.2,0.003624814820383446,0,0,0,0.0007249629640766893,0,0,,,
,0.7972222222222223,0.4,1,1.965,0,1.965,0,0.030306102384396384,0,19.858753305800676,0,50.313467898636645,0.4,1,0.2,0.2,0.0036367322861275667,0,0,0,0.0007273464572255133,0,0,,,
,0.7979166666666667,0.4,1,2.094,0,2.094,43.46957868124769,0.030421318752304576,0,19.796967477137994,0,50.30894243484936,0.4,1,0.4,0.2,5.22,0,0,0,1.044,0,0,,,
,0.7986111111111112,0.4666666666666667,1,4.197,0,4.197,34.49908830870874,0.030550638327787153,0,19.82252021565056,0,50.30441011087553,0.4,1,0.4,0.2,4.143556673644384,0,0,0,0.8287113347288768,0,0,,,
,0.7993055555555556,0.4666666666666667,1,4.147,0,4.147,7.247337814065146,0.030497516244823775,0,19.867984136103164,0,50.299881730121946,0.4,1,0.2,0.2,0.8733402396371964,0,0,0,0.17466804792743928,0,0,,,
,0.8,0.4666666666666667,1,4.119,0,4.119,0,0.030317342316243952,0,19.908545036028322,2,50.1497385682798,0.4,1,0.2,0.2,0.0036380810779492747,0,0,0.4,0.0007276162155898549,0,0,,,
,0.8006944444444445,0.4666666666666667,1,2.016,0,2.016,0,0.03013053432468743,0,19.89091233642967,0,50.14524306160169,0.4,1,0.2,0.2,0.0036156641189624924,0,0,0,0.0007231328237924984,0,0,,,
,0.8013888888888889,0.4666666666666667,1,2.031,0,2.031,0,0.029989235532144227,0,19.86746209354939,0,50.14074207314668,0.4,1,0.2,0.2,0.003598708263857308,0,0,0,0.0007197416527714615,0,0,,,
,0.8020833333333334,0.4666666666666667,1,2.031,0,2.031,0,0.02987111086664843,0,19.83719530738285,0,50.136235136255706,0.4,1,0.2,0.2,0.003584533303997812,0,0,0,0.0007169066607995624,0,0,,,
,0.8027777777777778,0.4666666666666667,1,2.236,0,2.236,0,0.029790470998909982,0,19.806405082377186,0,50.131721940193586,0.4,1,0.2,0.2,0.003574856519869198,0,0,0,0.0007149713039738396,0,0,,,
,0.8034722222222223,0.4666666666666667,1,2.413,0,2.413,0,0.029717891195997357,0,19.770740500689868,0,50.12720258053101,0.4,1,0.2,0.2,0.0035661469435196835,0,0,0,0.0007132293887039367,0,0,,,
,0.8041666666666667,0.4666666666666667,1,2.513,0,2.513,0,0.029670069813710856,0,19.732709889099905,0,50.12267678862735,0.4,1,0.2,0.2,0.003560408377645303,0,0,0,0.0007120816755290607,0,0,,,
,0.8048611111111111,0.4666666666666667,1,2.406,0,2.406,0,0.02962961134364013,0,19.6900490069174,0,50.118144328275285,0.4,1,0.2,0.2,0.0035555533612368164,0,0,0,0.0007111106722473633,0,0,,,
,0.8055555555555556,0.3333333333333333,1,2.406,0,2.406,0,0.02962531312998352,0,19.635789365608694,0,50.113605233377456,0.4,1,0.2,0.2,0.003555037575598023,0,0,0,0.0007110075151196046,0,0,,,
,0.80625,0.3333333333333333,1,2.271,0,2.271,0,0.029645161797593113,0,19.577285924746338,0,50.10905806864121,0.4,1,0.2,0.2,0.003557419415711174,0,0,0,0.0007114838831422347,0,0,,,
,0.8069444444444445,0.3333333333333333,1,2.405,0,2.405,0,6.9596842898944,0,19.5187717704827,3,50.10450254861412,0.4,1,0.2,0.2,0.8351621147873282,0,0,0.6,0.16703242295746562,0,0,,,
,0.8076388888888889,0.3333333333333333,1,2.138,0,2.138,21.749999999999996,0.029743309784593195,0,19.450741893278646,0,50.09993912756153,0.4,1,0.4,0.2,2.6135691971741513,0,0,0,0.5227138394348303,0,0,,,
,0.8083333333333333,0.3333333333333333,1,2.113,0,2.113,14.28114493853163,0.02983039490892465,0,19.396623791025128,0,50.09536681706214,0.4,1,0.4,0.2,1.7173170400128668,0,0,0,0.34346340800257336,0,0,,,
,0.8090277777777778,0.3333333333333333,1,1.995,0,1.995,0,0.029932273631239813,0,19.34699262892925,0,50.090788341654964,0.4,1,0.2,0.2,0.0035918728357487778,0,0,0,0.0007183745671497556,0,0,,,
,0.8097222222222222,0.3333333333333333,1,2.057,0,2.057,0,0.03004758798174675,0,19.294496855747738,0,50.08620477868665,0.4,1,0.2,0.2,0.003605710557809611,0,0,0,0.0007211421115619222,0,0,,,
,0.8104166666666667,0.3333333333333333,1,2.057,0,2.057,0,0.030196775334636078,0,19.23877266038178,0,50.08161641219323,0.4,1,0.2,0.2,0.00362361304015633,0,0,0,0.000724722608031266,0,0,,,
,0.8111111111111111,0.3333333333333333,1,2.217,0,2.217,0,0.030354282854958888,0,19.18381450012059,0,50.0770228797296,0.4,1,0.2,0.2,0.003642513942595067,0,0,0,0.0007285027885190134,0,0,,,
,0.8118055555555556,0.3333333333333333,1,2.211,0,2.211,0,0.030519640579438265,0,19.126742800294004,0,50.07242449293491,0.4,1,0.2,0.2,0.0036623568695325925,0,0,0,0.0007324713739065185,0,0,,,
,0.8125,0.4,1,2.21,0,2.21,0,0.03066469136279985,0,19.06612189540066,3,49.8533461424094,0.4,1,0.2,0.2,0.0036797629635359824,0,0,0.6,0.0007359525927071965,0,0,,,
,0.8131944444444444,0.4,1,1.881,0,1.881,0,0.030852187387021054,0,18.99516583608581,0,49.84877352539305,0.4,1,0.2,0.2,0.003702262486442527,0,0,0,0.0007404524972885054,0,0,,,
,0.8138888888888889,0.4,1,1.804,0,1.804,0,0.03104293004272868,0,18.924693530442813,0,49.84419388819014,0.4,1,0.2,0.2,0.003725151605127442,0,0,0,0.0007450303210254884,0,0,,,
,0.8145833333333333,0.4,1,1.822,0,1.822,0,0.03122305293637573,0,18.853163026077784,0,49.83960707219593,0.4,1,0.2,0.2,0.003746766352365088,0,0,0,0.0007493532704730176,0,0,,,
,0.8152777777777778,0.4,1,1.822,0,1.822,0,0.03140744393304495,0,18.78038700535438,0,49.835012994792216,0.4,1,0.2,0.2,0.003768893271965394,0,0,0,0.0007537786543930788,0,0,,,
,0.8159722222222222,0.4,1,1.762,0,1.762,0,0.031594978727633866,0,18.705209208892327,0,49.83041151556494,0.4,1,0.2,0.2,0.0037913974473160646,0,0,0,0.000758279489463213,0,0,,,
,0.8166666666666667,0.4,1,1.762,0,1.762,0,0.031785048142795994,0,18.629250282315176,0,49.8258022819842,0.4,1,0.2,0.2,0.0038142057771355198,0,0,0,0.0007628411554271039,0,0,,,
,0.8173611111111111,0.4,1,1.775,0,1.775,21.749999999999996,0.03197709162374284,0,18.553019377829422,0,49.8211852065928,0.4,1,0.4,0.2,2.613837250994849,0,0,0,0.5227674501989699,0,0,,,
,0.8180555555555555,0.4,1,1.803,0,1.803,14.521182820382082,0.03216777808568728,0,18.493820664271844,0,49.816560213092686,0.4,1,0.4,0.2,1.7464020718161326,0,0,0,0.34928041436322654,0,0,,,
,0.81875,0.4,1,1.703,0,1.703,0,0.03235353715830008,0,18.440793758211434,0,49.81193011001936,0.4,1,0.2,0.2,0.0038824244589960107,0,0,0,0.0007764848917992021,0,0,,,
,0.8194444444444444,0.4,1,1.675,0,1.675,0,0.03256263962937102,0,18.38463107921168,0,49.807296489836304,0.4,1,0.2,0.2,0.003907516755524523,0,0,0,0.0007815033511049046,0,0,,,
,0.8201388888888889,0.4,1,1.675,0,1.675,0,0.032776507427822725,0,18.3265775835782,3,49.593605118257436,0.4,1,0.2,0.2,0.003933180891338727,0,0,0.6,0.0007866361782677455,0,0,,,
,0.8208333333333333,0.4,1,1.785,0,1.785,0,0.03298881981042481,0,18.26808173814312,0,49.58899908656145,0.4,1,0.2,0.2,0.003958658377250978,0,0,0,0.0007917316754501956,0,0,,,
,0.8215277777777777,0.4,1,2.123,0,2.123,0,0.033199545120298865,0,18.2109550424566,0,49.58438863319019,0.4,1,0.2,0.2,0.003983945414435864,0,0,0,0.0007967890828871728,0,0,,,
,0.8222222222222222,0.4,1,2.257,0,2.257,0,0.033400703405626175,0,18.155543591767987,0,49.57977377493819,0.4,1,0.2,0.2,0.004008084408675142,0,0,0,0.0008016168817350283,0,0,,,
,0.8229166666666666,0.4,1,2.871,0,2.871,0,0.033600706358914066,0,18.10801946457369,0,49.57515478019499,0.4,1,0.2,0.2,0.004032084763069688,0,0,0,0.0008064169526139376,0,0,,,
,0.8236111111111111,0.4,1,2.753,0,2.753,0,0.03376312860673229,0,18.05565746431021,0,49.570532142794754,0.4,1,0.2,0.2,0.0040515754328078754,0,0,0,0.0008103150865615751,0,0,,,
,0.8243055555555555,0.4,1,2.813,0,2.813,0,6.963927334022501,0,18.00323736698471,4,49.49794086691905,0.4,1,0.2,0.2,0.8356712800827002,0,0,0.8,0.16713425601654003,0,0,,,
,0.825,0.4,1,2.422,0,2.422,0,0.034091882378370235,0,17.939557706042002,0,49.49332101791627,0.4,1,0.2,0.2,0.0040910258854044285,0,0,0,0.0008182051770808857,0,0,,,
,0.8256944444444444,0.4,1,2.37,0,2.37,0,0.03427846163101478,0,17.87412433879576,0,49.48869530904295,0.4,1,0.2,0.2,0.0041134153957217735,0,0,0,0.0008226830791443547,0,0,,,
,0.8263888888888888,0.4,1,1.853,0,1.853,0,0.03446263404407789,0,17.806072659856277,0,49.48406338565478,0.6,1,0.2,0.2,0.004135516085289348,0,0,0,0.0008271032170578697,0,0,,,
,0.8270833333333333,0.4,1,1.853,0,1.853,21.749999999999996,0.03466994618982156,0,17.737881752861007,0,49.479425328871834,0.6,1,0.4,0.2,2.6141603935427784,0,0,0,0.5228320787085556,0,0,,,
,0.8277777777777777,0.4,1,1.913,0,1.913,14.59269206475464,0.03487289618401464,0,17.6877621066102,0,49.474781016171576,0.6,1,0.4,0.2,1.7553077953126388,0,0,0,0.3510615590625278,0,0,,,
,0.8284722222222223,0.4,1,1.913,0,1.913,0,0.035072247394496096,0,17.647155570544044,0,49.47013346429897,0.6,1,0.2,0.2,0.004208669687339532,0,0,0,0.0008417339374679064,0,0,,,
,0.8291666666666667,0.4,1,1.881,0,1.881,0,0.035268030131478036,0,17.603598694876837,0,49.46548422306304,0.6,1,0.2,0.2,0.004232163615777365,0,0,0,0.0008464327231554729,0,0,,,
,0.8298611111111112,0.4,1,1.981,0,1.981,0,0.035454143480471725,0,17.560872310283223,0,49.46083256596633,0.6,1,0.2,0.2,0.004254497217656608,0,0,0,0.0008508994435313217,0,0,,,
,0.8305555555555556,0.4,1,1.981,0,1.981,0,0.03562415885633342,0,17.516229415965764,0,49.45617826783921,0.6,1,0.2,0.2,0.00427489906276001,0,0,0,0.0008549798125520021,0,0,,,
,0.83125,0.4,1,2.011,0,2.011,0,0.03579238444737744,0,17.470613561404598,0,49.45152095968055,0.6,1,0.2,0.2,0.004295086133685293,0,0,0,0.0008590172267370586,0,0,,,
,0.8319444444444445,0.4,1,1.951,0,1.951,0,0.03595835575162079,0,17.422127484693878,0,49.446860423686594,0.6,1,0.2,0.2,0.004315002690194495,0,0,0,0.0008630005380388991,0,0,,,
,0.8326388888888889,0.4,1,1.941,0,1.941,21.713877950756796,0.036122049243198784,0,17.372168848470118,2,49.30754363449055,0.6,1,0.2,0.2,2.61,0,0,0.4,0.522,0,0,,,
,0.8333333333333334,0.4,1,1.931,0,1.931,21.713716565902264,0.036283434097731646,0,17.343904415979438,0,49.302898334449466,0.6,1,0.2,0.2,2.61,0,0,0,0.522,0,0,,,
,0.8340277777777778,0.4,1,1.891,0,1.891,21.71372003071532,0.036279969284679976,0,17.3320845994975,0,49.29824890621851,0.6,1,0.2,0.2,2.61,0,0,0,0.522,0,0,,,
,0.8347222222222223,0.4,1,1.891,0,1.891,21.71385383261635,0.036146167383644755,0,17.336385419199186,0,49.29359519044899,0.6,1,0.2,0.2,2.61,0,0,0,0.522,0,0,,,
,0.8354166666666667,0.4,1,1.909,0,1.909,21.714117761983008,0.035882238016986846,0,17.357245320157183,0,49.28893697707145,0.6,1,0.2,0.2,2.61,0,0,0,0.522,0,0,,,
,0.8361111111111111,0.4,1,2.109,0,2.109,15.633550954393076,0.03550213340567878,0,17.395410912954002,0,49.284274450122396,0.6,1,0.2,0.2,1.8802863705358508,0,0,0,0.37605727410717016,0,0,,,
,0.8368055555555556,0.4,1,2.049,0,2.049,21.749999999999996,0.035018211950573044,0,17.437244929984637,0,49.2796082040749,0.6,1,0.4,0.2,2.6142021854340687,0,0,0,0.5228404370868137,0,0,,,
,0.8375,0.4,1,1.949,0,1.949,14.499182851908621,0.0344872561744639,0,17.482494898548957,1,49.21183903874865,0.6,1,0.4,0.2,1.7440404129699705,0,0,0.2,0.3488080825939941,0,0,,,
,0.8381944444444445,0.4,1,1.793,0,1.793,0,0.034030587753292554,0,17.524446917510208,0,49.20717756461612,0.6,1,0.2,0.2,0.004083670530395107,0,0,0,0.0008167341060790215,0,0,,,
,0.8388888888888889,0.4,1,1.806,0,1.806,0,0.03363814011430418,0,17.5561391345703,0,49.20251511113637,0.6,1,0.2,0.2,0.004036576813716502,0,0,0,0.0008073153627433004,0,0,,,
,0.8395833333333333,0.4,1,2.113,0,2.113,0,0.03330417343785642,0,17.582989318062264,0,49.19785125636182,0.6,1,0.2,0.2,0.003996500812542771,0,0,0,0.0007993001625085542,0,0,,,
,0.8402777777777778,0.26666666666666666,0.9333333333333333,1.583,0,1.583,0,0.03302333322901837,0,17.583089320967314,0,49.19318638478906,0.6,1,0.2,0.2,0.003962799987482205,0,0,0,0.000792559997496441,0,0,,,
,0.8409722222222222,0.26666666666666666,0.9333333333333333,1.543,0,1.543,0,0.032767396392198646,0,17.575178336812108,0,49.188516480067086,0.6,1,0.2,0.2,0.0039320875670638385,0,0,0,0.0007864175134127677,0,0,,,
,0.8416666666666667,0.26666666666666666,0.9333333333333333,1.503,0,1.503,0,0.03255747223973122,0,17.559729272177737,0,49.18384122146516,0.6,1,0.2,0.2,0.003906896668767747,0,0,0,0.0007813793337535493,0,0,,,
,0.8423611111111111,0.26666666666666666,0.9333333333333333,1.523,0,1.523,0,0.03238859796469655,0,17.538879303878993,0,49.17916025594161,0.6,1,0.2,0.2,0.0038866317557635865,0,0,0,0.0007773263511527173,0,0,,,
,0.8430555555555556,0.26666666666666666,0.9333333333333333,1.523,0,1.523,0,0.03225692944411425,0,17.51269125546895,0,49.17447350902283,0.6,1,0.2,0.2,0.0038708315332937103,0,0,0,0.0007741663066587421,0,0,,,
,0.84375,0.26666666666666666,0.9333333333333333,3.414,0,3.414,0,0.03215892999932329,0,17.50896105664817,0,49.169780836179356,0.6,1,0.2,0.2,0.0038590715999187947,0,0,0,0.0007718143199837589,0,0,,,
,0.8444444444444444,0.26666666666666666,0.9333333333333333,3.489,0,3.489,21.71791149772857,0.03208850227142878,0,17.501855724136274,0,49.16508671855478,0.6,1,0.2,0.2,2.61,0,0,0,0.522,0,0,,,
,0.8451388888888889,0.26666666666666666,0.9333333333333333,3.489,0,3.489,21.71797072191135,0.032029278088647216,0,17.51147926954605,0,49.16039083388348,0.6,1,0.2,0.2,2.61,0,0,0,0.522,0,0,,,
,0.8458333333333333,0.26666666666666666,0.9333333333333333,3.414,0,3.414,9.85738644527952,0.03183400710173255,0,17.533316716819893,0,49.15569294063478,0.6,1,0.2,0.2,1.1867064542857504,0,0,0,0.23734129085715008,0,0,,,
,0.8465277777777778,0.26666666666666666,0.9333333333333333,3.414,0,3.414,21.749999999999996,0.031537438559342726,0,17.55642353406038,0,49.150992817592055,0.6,1,0.4,0.2,2.613784492627121,0,0,0,0.5227568985254243,0,0,,,
,0.8472222222222222,0.26666666666666666,0.8666666666666667,3.414,0,3.414,14.683772924855745,0.031222514526368535,0,17.585910076295022,0,49.14629026318976,0.6,1,0.4,0.2,1.7657994527258538,0,0,0,0.3531598905451708,0,0,,,
,0.8479166666666667,0.26666666666666666,0.8666666666666667,3.583,0,3.583,0,0.0309771645409052,0,17.622194337246206,0,49.1415879617758,0.6,1,0.2,0.2,0.0037172597449086245,0,0,0,0.0007434519489817249,0,0,,,
,0.8486111111111111,0.26666666666666666,0.8666666666666667,3.6,0,3.6,0,0.030778927484993012,0,17.64968955122228,0,49.13688815549696,0.6,1,0.2,0.2,0.003693471298199162,0,0,0,0.0007386942596398323,0,0,,,
,0.8493055555555555,0.26666666666666666,0.8666666666666667,3.532,0,3.532,0,0.0306238286571772,0,17.667229766706072,0,49.132190323248395,0.6,1,0.2,0.2,0.0036748594388612645,0,0,0,0.0007349718877722529,0,0,,,
,0.85,0.26666666666666666,0.8666666666666667,3.532,0,3.532,0,0.03051389442117501,0,17.677463457986455,0,49.12749379045405,0.4,1,0.2,0.2,0.0036616673305410016,0,0,0,0.0007323334661082004,0,0,,,
,0.8506944444444444,0.26666666666666666,0.8666666666666667,3.65,0,3.65,0,0.030438601552153628,0,17.683887957998003,0,49.122798096146816,0.4,1,0.2,0.2,0.0036526321862584356,0,0,0,0.0007305264372516871,0,0,,,
,0.8513888888888889,0.26666666666666666,0.8666666666666667,3.65,0,3.65,0,0.03039474571019958,0,17.684100600368318,0,49.11810330573936,0.4,1,0.2,0.2,0.00364736948522395,0,0,0,0.00072947389704479,0,0,,,
,0.8520833333333333,0.26666666666666666,0.8666666666666667,3.65,0,3.65,0,0.030379223498339315,0,17.67870236610565,0,49.11340900181269,0.4,1,0.2,0.2,0.003645506819800718,0,0,0,0.0007291013639601436,0,0,,,
,0.8527777777777777,0.26666666666666666,0.8666666666666667,3.65,0,3.65,0,0.03038919338419923,0,17.66821293918782,0,49.108714805095346,0.4,1,0.2,0.2,0.003646703206103908,0,0,0,0.0007293406412207816,0,0,,,
,0.8534722222222222,0.26666666666666666,0.8666666666666667,3.65,0,3.65,0,0.03042205903329437,0,17.65309040065307,0,49.104020366124814,0.4,1,0.2,0.2,0.0036506470839953245,0,0,0,0.0007301294167990649,0,0,,,
,0.8541666666666666,0.26666666666666666,0.8666666666666667,3.65,0,3.65,0,0.03047552059687979,0,17.633758473438565,3,48.91213239457217,0.4,1,0.2,0.2,0.0036570624716255754,0,0,0.6,0.0007314124943251151,0,0,,,
,0.8548611111111111,0.26666666666666666,0.8666666666666667,3.443,0,3.443,0,0.03054746988047583,0,17.608166402974167,0,48.90746861549725,0.4,1,0.2,0.2,0.0036656963856570995,0,0,0,0.0007331392771314199,0,0,,,
,0.8555555555555555,0.26666666666666666,0.8666666666666667,3.443,0,3.443,21.749999999999996,0.030635922495160707,0,17.57927537972954,0,48.902803270489265,0.4,1,0.4,0.2,2.613676310699419,0,0,0,0.5227352621398837,0,0,,,
,0.85625,0.26666666666666666,0.8666666666666667,3.443,0,3.443,13.419254668120429,0.030739082055375642,0,17.56410871649799,0,48.89813613044069,0.4,1,0.4,0.2,1.6139992500210967,0,0,0,0.32279985000421935,0,0,,,
,0.8569444444444444,0.26666666666666666,0.8666666666666667,3.36,0,3.36,0,0.030855299469515724,0,17.552329744827972,0,48.89346984687189,0.4,1,0.2,0.2,0.0037026359363418874,0,0,0,0.0007405271872683775,0,0,,,
,0.8576388888888888,0.26666666666666666,0.8666666666666667,3.476,0,3.476,0,0.03101013682950722,0,17.540008568059037,0,48.88880588312478,0.4,1,0.2,0.2,0.003721216419540867,0,0,0,0.0007442432839081735,0,0,,,
,0.8583333333333333,0.26666666666666666,0.8666666666666667,3.576,0,3.576,0,0.031130718575937442,0,17.525810355102237,0,48.884143362866794,0.4,1,0.2,0.2,0.0037356862291124935,0,0,0,0.0007471372458224987,0,0,,,
,0.8590277777777777,0.26666666666666666,0.8666666666666667,3.576,0,3.576,0,0.03126266819631892,0,17.507718204503284,0,48.87948222390995,0.4,1,0.2,0.2,0.003751520183558271,0,0,0,0.0007503040367116541,0,0,,,
,0.8597222222222223,0.26666666666666666,0.8666666666666667,3.61,0,3.61,0,0.031403412286858674,0,17.486940591615536,0,48.874821999501755,0.4,1,0.2,0.2,0.0037684094744230416,0,0,0,0.0007536818948846083,0,0,,,
,0.8604166666666667,0.26666666666666666,0.8666666666666667,3.51,0,3.51,0,0.03155187378615876,0,17.460515520312516,0,48.87016240551837,0.4,1,0.2,0.2,0.0037862248543390513,0,0,0,0.0007572449708678102,0,0,,,
,0.8611111111111112,0.26666666666666666,0.8666666666666667,3.399,0,3.399,0,0.031706987372310626,0,17.428602813986675,0,48.86550262576371,0.4,1,0.2,0.2,0.003804838484677276,0,0,0,0.0007609676969354552,0,0,,,
,0.8618055555555556,0.26666666666666666,0.8666666666666667,3.439,0,3.439,0,0.03186783135317598,0,17.395252205853602,0,48.860841850512614,0.4,1,0.2,0.2,0.003824139762381118,0,0,0,0.0007648279524762236,0,0,,,
,0.8625,0.26666666666666666,0.8666666666666667,1.501,0,1.501,0,0.03203357429435802,0,17.33133226619963,0,48.856179945414546,0.4,1,0.2,0.2,0.0038440289153229626,0,0,0,0.0007688057830645926,0,0,,,
,0.8631944444444445,0.26666666666666666,0.8666666666666667,1.312,0,1.312,0,0.0322034482058562,0,17.261870434559363,0,48.851511764628526,0.4,1,0.2,0.2,0.003864413784702745,0,0,0,0.000772882756940549,0,0,,,
,0.8638888888888889,0.26666666666666666,0.8666666666666667,1.422,0,1.422,0,0.03237681789003375,0,17.193112473305405,0,48.84683643909514,0.4,1,0.2,0.2,0.0038852181468040504,0,0,0,0.00077704362936081,0,0,,,
,0.8645833333333334,0.26666666666666666,0.8666666666666667,1.531,0,1.531,21.749999999999996,0.0325530534271819,0,17.12657218413866,0,48.84215415620792,0.4,1,0.4,0.2,2.613906366411262,0,0,0,0.5227812732822523,0,0,,,
,0.8652777777777778,0.26666666666666666,0.8666666666666667,1.531,0,1.531,13.794954440176664,0.03273158568871284,0,17.07617436827146,0,48.83746534982845,0.4,1,0.4,0.2,1.6593223231038454,0,0,0,0.3318644646207691,0,0,,,
,0.8659722222222223,0.26666666666666666,0.8666666666666667,1.665,0,1.665,0,0.03291189955367464,0,17.03764571180404,0,48.83277282907855,0.4,1,0.2,0.2,0.003949427946440958,0,0,0,0.0007898855892881915,0,0,,,
,0.8666666666666667,0.26666666666666666,0.8666666666666667,1.665,0,1.665,0,0.03309349852759662,0,16.996451634197786,0,48.82807865868193,0.4,1,0.2,0.2,0.003971219823311594,0,0,0,0.0007942439646623188,0,0,,,
,0.8673611111111111,0.26666666666666666,0.8666666666666667,1.475,0,1.475,0,0.0332759392339503,0,16.947490488966444,0,48.823382401231655,0.4,1,0.2,0.2,0.003993112708074037,0,0,0,0.0007986225416148074,0,0,,,
,0.8680555555555556,0.3333333333333333,0.8666666666666667,1.5,0,1.5,0,0.033500665253207385,0,16.901525612801358,0,48.81868369210962,0.4,1,0.2,0.2,0.004020079830384887,0,0,0,0.0008040159660769774,0,0,,,
,0.86875,0.3333333333333333,0.8666666666666667,1.46,0,1.46,0,0.03372146405756067,0,16.852908191971352,0,48.81398295561734,0.4,1,0.2,0.2,0.004046575686907281,0,0,0,0.0008093151373814563,0,0,,,
,0.8694444444444445,0.3333333333333333,0.8666666666666667,1.46,0,1.46,0,2.343939594014398,0,16.802919555608607,6,48.48148339156597,0.4,1,0.2,0.2,0.28127275128172774,0,0,1.2,0.05625455025634555,0,0,,,
,0.8701388888888889,0.3333333333333333,0.8666666666666667,1.582,0,1.582,0,0.034154945679794636,0,16.754786800478985,0,48.476833465095346,0.4,1,0.2,0.2,0.004098593481575357,0,0,0,0.0008197186963150715,0,0,,,
,0.8708333333333333,0.3333333333333333,0.8666666666666667,1.582,0,1.582,21.715632543685075,0.03436745631492062,0,16.7054119586514,9.26,47.92342548052126,0.6,1,0.2,0.2,2.61,0,0,1.8519999999999999,0.522,0,0,,,
,0.8715277777777778,0.3333333333333333,0.8666666666666667,1.602,0,1.602,21.715422923871717,0.03457707612828049,0,16.677056159310617,9.26,47.410829370733474,0.6,1,0.2,0.2,2.61,0,0,1.8519999999999999,0.522,0,0,,,
,0.8722222222222222,0.3333333333333333,0.8666666666666667,1.612,0,1.612,21.71537876802443,21.784621231975564,0,16.66651661916506,1.4799999999999984,47.828322186638616,0.6,1,0.4,0.4,5.22,0,0,0.2959999999999997,1.044,0,0,,,
,0.8729166666666667,0.3333333333333333,0.8666666666666667,1.612,0,1.612,21.715478777566545,21.784521222433447,0,16.672153575568288,0,48.32091207648267,0.6,1,0.4,0.4,5.22,0,0,0,1.044,0,0,,,
,0.8736111111111111,0.3333333333333333,0.8666666666666667,1.49,0,1.49,41.157001556119404,5.911193087009611,0,16.689198787435668,0,48.4505995598713,0.6,1,0.6,0.4,5.648183357175482,0,0,0,1.1296366714350963,0,0,,,
,0.8743055555555556,0.3333333333333333,0.8666666666666667,1.59,0,1.59,14.00045914594409,0.07495411099846574,0,16.736229969392603,0,48.44686798513313,0.6,1,0.6,0.4,1.689049590833107,0,0,0,0.33780991816662137,0,0,,,
,0.875,0.4,0.8666666666666667,1.421,0,1.421,0,0.07457273759235684,0,16.78372547395316,0,48.443136395475406,0.6,1,0.4,0.4,0.008948728511082821,0,0,0,0.0017897457022165643,0,0,,,
,0.8756944444444444,0.4,0.8666666666666667,1.421,0,1.421,0,0.0742490351137752,0,16.8205433960861,0,48.439406188691464,0.6,1,0.4,0.4,0.008909884213653026,0,0,0,0.0017819768427306051,0,0,,,
,0.8763888888888889,0.4,0.8666666666666667,1.391,0,1.391,0,0.07398169880588049,0,16.848659492365755,0,48.435676822471144,0.6,1,0.4,0.4,0.00887780385670566,0,0,0,0.0017755607713411318,0,0,,,
,0.8770833333333333,0.4,0.8666666666666667,1.503,0,1.503,0,0.07377635013774614,0,16.868554591104722,0,48.431948221789135,0.6,1,0.4,0.4,0.008853162016529536,0,0,0,0.0017706324033059072,0,0,,,
,0.8777777777777778,0.4,0.8666666666666667,1.516,0,1.516,0,0.07360574310014396,0,16.880800276832353,0,48.428219771294735,0.6,1,0.4,0.4,0.008832689172017277,0,0,0,0.0017665378344034553,0,0,,,
,0.8784722222222222,0.4,0.8666666666666667,1.638,0,1.638,0,0.07347474823969789,0,16.888890632010913,0,48.42449106505545,0.6,1,0.4,0.4,0.008816969788763748,0,0,0,0.0017633939577527495,0,0,,,
,0.8791666666666667,0.4,0.8666666666666667,1.61,0,1.61,0,0.07338184890260663,0,16.889575341035457,0,48.42076226152756,0.6,1,0.4,0.4,0.008805821868312797,0,0,0,0.0017611643736625594,0,0,,,
,0.8798611111111111,0.4,0.8666666666666667,1.67,0,1.67,0,0.07332793243011534,0,16.885700729447567,0,48.41703298222531,0.6,1,0.4,0.4,0.00879935189161384,0,0,0,0.001759870378322768,0,0,,,
,0.8805555555555555,0.4,0.8666666666666667,1.67,0,1.67,0,0.0733048952232393,0,16.87620704378694,0,48.413303151444225,0.6,1,0.4,0.4,0.008796587426788717,0,0,0,0.0017593174853577434,0,0,,,
,0.88125,0.4,0.8666666666666667,1.705,0,1.705,0,0.0733096602852944,0,16.862550966264152,0,48.40957244148942,0.6,1,0.4,0.4,0.00879715923423533,0,0,0,0.0017594318468470659,0,0,,,
,0.8819444444444444,0.4,0.8,1.705,0,1.705,21.718160005177182,0.07333940752983707,0,16.842420053645263,0,48.40584070998007,0.6,1,0.4,0.4,2.6149799295248424,0,0,0,0.5229959859049684,0,0,,,
,0.8826388888888889,0.4,0.8,1.905,0,1.905,43.46813371609093,0.07340542592334547,0,16.845116729588874,0,48.402107676174374,0.6,1,0.6,0.4,5.224984697041713,0,0,0,1.0449969394083427,0,0,,,
,0.8833333333333333,0.4,0.8,1.905,0,1.905,23.44718335270266,0.07332761419292015,0,16.879430192297804,0,48.398373966050805,0.6,1,0.6,0.4,2.8224613160274696,0,0,0,0.564492263205494,0,0,,,
,0.8840277777777777,0.4,0.8,1.905,0,1.905,0,0.07312567065988242,0,16.92404550164182,0,48.39464216244752,0.6,1,0.4,0.4,0.008775080479185892,0,0,0,0.0017550160958371783,0,0,,,
,0.8847222222222222,0.4,0.8,1.905,0,1.905,0,0.07290497323024346,0,16.958307748331965,0,48.39091360240808,0.6,1,0.4,0.4,0.008748596787629214,0,0,0,0.001749719357525843,0,0,,,
,0.8854166666666666,0.4,0.8,1.952,0,1.952,0,0.07273499540853996,0,16.98464751184722,0,48.387187669871004,0.6,1,0.4,0.4,0.008728199449024795,0,0,0,0.001745639889804959,0,0,,,
,0.8861111111111111,0.4,0.8,1.927,0,1.927,0,0.07260083230092997,0,17.002505297430908,0,48.38346382486793,0.6,1,0.4,0.4,0.008712099876111597,0,0,0,0.0017424199752223194,0,0,,,
,0.8868055555555555,0.4,0.8,1.907,0,1.907,0,0.0725084192744082,0,17.01227071754711,0,48.37974156727522,0.6,1,0.4,0.4,0.008701010312928987,0,0,0,0.0017402020625857974,0,0,,,
,0.8875,0.4,0.8,1.907,0,1.907,0,0.07245647847576886,0,17.015180022847424,0,48.37602043463757,0.6,1,0.4,0.4,0.008694777417092264,0,0,0,0.0017389554834184528,0,0,,,
,0.8881944444444444,0.4,0.8,2.008,0,2.008,0,5.252437285879824,0,17.01395754000592,2,48.372299999958514,0.6,1,0.4,0.4,0.630292474305579,0,0,0.4,0.1260584948611158,0,0,,,
,0.8888888888888888,0.4,0.8,2.018,0,2.018,21.749999999999996,21.780565869054467,0,17.00692780500715,9.26,48.316573789686615,0.8,1,0.6,0.4,5.223667904286536,0,0,1.8519999999999999,1.0447335808573073,0,0,,,
,0.8895833333333333,0.4,0.8,2.005,0,2.005,21.749999999999996,21.780562218418428,0,17.00300832928902,9.26,48.26470849341185,0.8,1,0.6,0.4,5.223667466210212,0,0,1.8519999999999999,1.0447334932420422,0,0,,,
,0.8902777777777777,0.4,0.8,1.841,0,1.841,21.749999999999996,21.78058342694608,0,16.998270151067864,9.26,48.21641856636992,0.8,1,0.6,0.4,5.22367001123353,0,0,1.8519999999999999,1.044734002246706,0,0,,,
,0.8909722222222223,0.4,0.8,1.68,0,1.68,21.749999999999996,6.961981491674188,0,16.994893351008155,0.22000000000000025,48.357428605409055,0.8,1,0.6,0.4,3.4454377790009025,0,0,0.04400000000000005,0.6890875558001806,0,0,,,
,0.8916666666666667,0.4,0.8,1.83,0,1.83,43.49999999999999,0.07282774483066592,0,16.998635506823923,0,48.35371680496157,0.6,1,0.8,0.4,5.22873932937968,0,0,0,1.045747865875936,0,0,,,
,0.8923611111111112,0.4,0.8,1.79,0,1.79,35.884373338742805,0.0729521604802114,0,17.020891865257106,0,48.350009126121435,0.6,1,0.8,0.4,4.3148790599067635,0,0,0,0.8629758119813526,0,0,,,
,0.8930555555555556,0.4,0.8,1.79,0,1.79,21.749999999999996,0.0730996569327882,0,17.05518133287644,0,48.34630926960661,0.6,1,0.6,0.4,2.6187719588319345,0,0,0,0.5237543917663869,0,0,,,
,0.89375,0.4,0.8,1.78,0,1.78,21.749999999999996,0.07326022364539465,0,17.08984001177964,0,48.34261959564363,0.4,1,0.6,0.4,2.6187912268374474,0,0,0,0.5237582453674895,0,0,,,
,0.8944444444444445,0.4,0.8,1.905,0,1.905,21.749999999999996,0.07343236854654495,0,17.127904661890273,0,48.338940430424614,0.4,1,0.6,0.4,2.618811884225585,0,0,0,0.5237623768451171,0,0,,,
,0.8951388888888889,0.4,0.8,1.905,0,1.905,21.749999999999996,0.07361462426772042,0,17.166380599737153,0,48.33527258713327,0.4,1,0.6,0.4,2.618833754912126,0,0,0,0.5237667509824252,0,0,,,
,0.8958333333333334,0.4,0.8,4.328,0,4.328,21.749999999999996,0.07380566950171709,0,17.26436346419505,0,48.33161633523832,0.4,1,0.6,0.4,2.618856680340206,0,0,0,0.5237713360680412,0,0,,,
,0.8965277777777778,0.4,0.8,4.328,0,4.328,21.749999999999996,0.07356152759583943,0,17.360067453079424,0,48.32797192680548,0.4,1,0.6,0.4,2.618827383311501,0,0,0,0.5237654766623001,0,0,,,
,0.8972222222222223,0.4,0.8,4.314,0,4.314,21.749999999999996,7.843344515767477,0,17.453974653930054,3,48.3243395892561,0.4,1,0.6,0.4,3.5512013418920976,0,0,0.6,0.7102402683784195,0,0,,,
,0.8979166666666667,0.4,0.8,1.904,0,1.904,21.749999999999996,0.07314735906290494,0,17.487812349338206,0,48.320719466331475,0.4,1,0.6,0.4,2.6187776830875484,0,0,0,0.5237555366175097,0,0,,,
,0.8986111111111111,0.4,0.8,1.934,0,1.934,15.327776717289886,0.07340900935923257,0,17.523870144544624,0,48.31711174532535,0.4,1,0.6,0.4,1.8481422871978943,0,0,0,0.36962845743957884,0,0,,,
,0.8993055555555556,0.4,0.8,2.148,0,2.148,0,0.07366713795558237,0,17.563101653617615,0,48.3135167242042,0.4,1,0.4,0.4,0.008840056554669887,0,0,0,0.0017680113109339775,0,0,,,
,0.9,0.4,0.8,2.171,0,2.171,0,0.07392486406443817,0,17.594907052232912,0,48.30993493565643,0.4,1,0.4,0.4,0.008870983687732582,0,0,0,0.0017741967375465163,0,0,,,
,0.9006944444444445,0.4,0.8,2.171,0,2.171,0,0.0741826777734356,0,17.61938455610681,0,48.306365106368375,0.4,1,0.4,0.4,0.008901921332812274,0,0,0,0.001780384266562455,0,0,,,
,0.9013888888888889,0.4,0.8,2.136,0,2.136,0,0.07444039619536051,0,17.636172872483083,0,48.302805975901364,0.4,1,0.4,0.4,0.008932847543443263,0,0,0,0.0017865695086886526,0,0,,,
,0.9020833333333333,0.4,0.8,2.136,0,2.136,0,0.07469761190074661,0,17.646727746236557,0,48.29925621278423,0.4,1,0.4,0.4,0.008963713428089593,0,0,0,0.0017927426856179187,0,0,,,
,0.9027777777777778,0.4666666666666667,0.8,2.136,0,2.136,0,0.07495393652358565,0,17.653550027702128,0,48.29571472645336,0.4,1,0.4,0.4,0.008994472382830278,0,0,0,0.0017988944765660556,0,0,,,
,0.9034722222222222,0.4666666666666667,0.8,1.96,0,1.96,0,5.255193674021612,0,17.650962154297435,2,48.292180496482636,0.4,1,0.4,0.4,0.6306232408825936,0,0,0.4,0.12612464817651872,0,0,,,
,0.9041666666666667,0.4666666666666667,0.8,1.948,0,1.948,0,0.0754325632375607,0,17.643281709425676,0,48.28865188906941,0.4,1,0.4,0.4,0.009051907588507286,0,0,0,0.0018103815177014572,0,0,,,
,0.9048611111111111,0.4666666666666667,0.8,1.948,0,1.948,0,0.07567274158367018,0,17.631195979027165,0,48.28512805970338,0.4,1,0.4,0.4,0.009080728990040423,0,0,0,0.0018161457980080844,0,0,,,
,0.9055555555555556,0.4666666666666667,0.8,2.024,0,2.024,21.749999999999996,0.07591108036137215,0,17.61696921850234,0,48.28160821032638,0.4,1,0.6,0.4,2.6191093296433645,0,0,0,0.5238218659286729,0,0,,,
,0.90625,0.4666666666666667,0.8,2.073,0,2.073,21.749999999999996,0.0761437971055125,0,17.608815752971786,0,48.278091844718766,0.4,1,0.6,0.4,2.6191372556526615,0,0,0,0.5238274511305323,0,0,,,
,0.9069444444444444,0.4666666666666667,0.8,2.079,0,2.079,21.749999999999996,0.0763745291509186,0,17.60522159859096,0,48.27457995805506,0.4,1,0.6,0.4,2.61916494349811,0,0,0,0.523832988699622,0,0,,,
,0.9076388888888889,0.4666666666666667,0.8,2.23,0,2.23,21.749999999999996,0.07656250995643898,0,17.609425038728737,0,48.27107235399244,0.4,1,0.6,0.4,2.6191875011947725,0,0,0,0.5238375002389545,0,0,,,
,0.9083333333333333,0.4666666666666667,0.8,2.26,0,2.26,9.754261132237222,5.256722459237011,0,17.61810926704824,2,48.267569727806666,0.4,1,0.6,0.4,1.8013180309769081,0,0,0.4,0.3602636061953816,0,0,,,
,0.9090277777777778,0.4666666666666667,0.8,2.138,0,2.138,0,0.07688986884206252,0,17.622265504934358,0,48.264073017301214,0.4,1,0.4,0.4,0.009226784261047501,0,0,0,0.0018453568522095003,0,0,,,
,0.9097222222222222,0.4666666666666667,0.7333333333333333,1.625,0,1.625,0,0.07705658718984157,0,17.6067355427365,0,48.260581429434865,0.4,1,0.4,0.4,0.00924679046278099,0,0,0,0.0018493580925561981,0,0,,,
,0.9104166666666667,0.4666666666666667,0.7333333333333333,1.591,0,1.591,0,0.07722253565006516,0,17.586730168655567,0,48.257091570954856,0.4,1,0.4,0.4,0.009266704278007822,0,0,0,0.0018533408556015644,0,0,,,
,0.9111111111111111,0.4666666666666667,0.7333333333333333,1.631,0,1.631,0,5.257393767885447,0,17.564142180909684,2,48.25360279512328,0.4,1,0.4,0.4,0.6308872521462537,0,0,0.4,0.12617745042925074,0,0,,,
,0.9118055555555555,0.4666666666666667,0.7333333333333333,1.631,0,1.631,0,0.07755634271451003,0,17.538229363242962,0,48.25011446113717,0.4,1,0.4,0.4,0.009306761125741206,0,0,0,0.0018613522251482411,0,0,,,
,0.9125,0.4666666666666667,0.7333333333333333,1.631,0,1.631,0,0.07771787086218086,0,17.509271649119334,0,48.246625975025815,0.4,1,0.4,0.4,0.009326144503461704,0,0,0,0.0018652289006923408,0,0,,,
,0.9131944444444444,0.4666666666666667,0.7333333333333333,1.631,0,1.631,0,0.07787814502760068,0,17.477519480038133,0,48.243136786170574,0.4,1,0.4,0.4,0.009345377403312082,0,0,0,0.0018690754806624163,0,0,,,
,0.9138888888888889,0.4666666666666667,0.7333333333333333,1.671,0,1.671,0,21.78621286634231,0,17.444182087323718,9.26,48.18764126014877,0.4,1,0.4,0.4,2.614345543961077,0,0,1.8519999999999999,0.5228691087922155,0,0,,,
,0.9145833333333333,0.4666666666666667,0.7333333333333333,1.689,0,1.689,0,21.78639090348453,0,17.40601867400405,9.26,48.13600614171087,0.4,1,0.4,0.4,2.6143669084181442,0,0,1.8519999999999999,0.5228733816836288,0,0,,,
,0.9152777777777777,0.4666666666666667,0.7333333333333333,1.689,0,1.689,0,21.7865665610679,0,17.36583501465526,7.48,48.19189367384398,0.4,1,0.4,0.4,2.6143879873281484,0,0,1.496,0.5228775974656297,0,0,,,
,0.9159722222222222,0.4666666666666667,0.7333333333333333,1.689,0,1.689,21.749999999999996,1.8616909384466493,0,17.323798773363656,0,48.229162142381185,0.4,1,0.6,0.4,2.8334029126135976,0,0,0,0.5666805825227195,0,0,,,
,0.9166666666666666,0.5333333333333333,0.8,2.227,0,2.227,21.749999999999996,0.07863032169686653,0,17.306922524869833,0,48.22566134458528,0.4,1,0.6,0.4,2.619435638603624,0,0,0,0.5238871277207248,0,0,,,
,0.9173611111111111,0.5333333333333333,0.8,2.267,0,2.267,21.749999999999996,0.07871788834676496,0,17.29613921149501,0,48.2221602553784,0.4,1,0.6,0.4,2.6194461466016117,0,0,0,0.5238892293203223,0,0,,,
,0.9180555555555555,0.5333333333333333,0.8,2.232,0,2.232,21.749999999999996,0.07880139331417849,0,17.28942325909442,0,48.21865982647521,0.4,1,0.6,0.4,2.619456167197701,0,0,0,0.5238912334395402,0,0,,,
,0.91875,0.5333333333333333,0.8,2.341,0,2.341,8.676015207154553,0.07889438381125163,0,17.29031716678219,0,48.21516097183648,0.4,1,0.6,0.4,1.0505891509158967,0,0,0,0.21011783018317934,0,0,,,
,0.9194444444444444,0.5333333333333333,0.8,2.356,0,2.356,0,0.07899094650153692,0,17.29086194043011,0,48.21166507738994,0.4,1,0.4,0.4,0.00947891358018443,0,0,0,0.001895782716036886,0,0,,,
,0.9201388888888888,0.5333333333333333,0.8,2.245,0,2.245,0,0.07908418440045072,0,17.2845265515604,0,48.208172006781325,0.4,1,0.4,0.4,0.009490102128054087,0,0,0,0.0018980204256108173,0,0,,,
,0.9208333333333333,0.5333333333333333,0.8,2.123,0,2.123,0,0.07919855430267261,0,17.271390779834622,0,48.20468106308735,0.4,1,0.4,0.4,0.009503826516320715,0,0,0,0.001900765303264143,0,0,,,
,0.9215277777777777,0.5333333333333333,0.8,2.123,0,2.123,0,0.07931247840514499,0,17.255016673299565,0,48.201191069973774,0.4,1,0.4,0.4,0.0095174974086174,0,0,0,0.00190349948172348,0,0,,,
,0.9222222222222223,0.5333333333333333,0.8,2.065,0,2.065,0,0.0794260766033934,0,17.23419255873471,0,48.197701464685274,0.4,1,0.4,0.4,0.00953112919240721,0,0,0,0.001906225838481442,0,0,,,
,0.9229166666666667,0.5333333333333333,0.8,2.174,0,2.174,0,0.07954982424968057,0,17.213433930698237,0,48.194211716284244,0.4,1,0.4,0.4,0.00954597890996167,0,0,0,0.001909195781992334,0,0,,,
,0.9236111111111112,0.5333333333333333,0.8,2.174,0,2.174,0,0.07967253048915784,0,17.189980476403115,0,48.190721812217895,0.4,1,0.4,0.4,0.009560703658698943,0,0,0,0.0019121407317397887,0,0,,,
,0.9243055555555556,0.5333333333333333,0.8,2.174,0,2.174,0,5.259794245082414,0,17.164092864974826,2,48.1872312678765,0.4,1,0.4,0.4,0.6311753094098898,0,0,0.4,0.12623506188197794,0,0,,,
,0.925,0.5333333333333333,0.8,2.174,0,2.174,0,0.07991489621731757,0,17.135971467353702,0,48.18373964177811,0.4,1,0.4,0.4,0.009589787546078109,0,0,0,0.0019179575092156218,0,0,,,
,0.9256944444444445,0.5333333333333333,0.8,2.114,0,2.114,0,0.08003441668256454,0,17.10434120565768,0,48.18024652532952,0.4,1,0.4,0.4,0.009604130001907747,0,0,0,0.0019208260003815494,0,0,,,
,0.9263888888888889,0.5333333333333333,0.8,1.924,0,1.924,21.749999999999996,2.6701637185414433,0,17.065333281868504,1,48.17675154084138,0.4,1,0.6,0.4,2.930419646224973,0,0,0.2,0.5860839292449946,0,0,,,
,0.9270833333333334,0.5333333333333333,0.8,2.085,0,2.085,21.749999999999996,0.08033308733774969,0,17.035755752301633,0,48.17325433970757,0.4,1,0.6,0.4,2.61963997048053,0,0,0,0.523927994096106,0,0,,,
,0.9277777777777778,0.5333333333333333,0.8,2.094,0,2.094,21.749999999999996,0.0804967634751171,0,17.01303660893476,0,48.16975640882915,0.4,1,0.6,0.4,2.619659611617014,0,0,0,0.5239319223234028,0,0,,,
,0.9284722222222223,0.5333333333333333,0.8,2.213,0,2.213,19.550820864692177,0.08065627181203247,0,16.998039117278747,0,48.16625882879059,0.4,1,0.6,0.4,2.3557772563805055,0,0,0,0.4711554512761011,0,0,,,
,0.9291666666666667,0.5333333333333333,0.8,2.213,0,2.213,0,5.260811761302442,0,16.98786341125799,2,48.16276283138411,0.4,1,0.4,0.4,0.631297411356293,0,0,0.4,0.1262594822712586,0,0,,,
,0.9298611111111111,0.5333333333333333,0.8,1.918,0,1.918,0,0.08096340821072147,0,16.969722154765083,0,48.15926915509976,0.4,1,0.4,0.4,0.009715608985286577,0,0,0,0.0019431217970573155,0,0,,,
,0.9305555555555556,0.5333333333333333,0.8,1.918,0,1.918,0,0.0811285023651227,0,16.948969717773835,0,48.15577674138233,0.2,1,0.4,0.4,0.009735420283814723,0,0,0,0.0019470840567629446,0,0,,,
,0.93125,0.5333333333333333,0.8,1.818,0,1.818,0,0.08128896266516321,0,16.923285275235397,0,48.152285036467774,0.2,1,0.4,0.4,0.009754675519819586,0,0,0,0.0019509351039639171,0,0,,,
,0.9319444444444445,0.5333333333333333,0.8,1.813,0,1.813,0,0.08146358958625365,0,16.895337968702396,0,48.148793518556396,0.2,1,0.4,0.4,0.00977563075035044,0,0,0,0.001955126150070088,0,0,,,
,0.9326388888888889,0.5333333333333333,0.8,1.813,0,1.813,0,0.0816407417261838,0,16.865343121377556,0,48.14530185741587,0.2,1,0.4,0.4,0.009796889007142057,0,0,0,0.0019593778014284115,0,0,,,
,0.9333333333333333,0.5333333333333333,0.8,1.813,0,1.813,0,0.08181319671547388,0,16.833471795213548,0,48.141809594700334,0.2,1,0.4,0.4,0.009817583605856866,0,0,0,0.0019635167211713733,0,0,,,
,0.9340277777777778,0.5333333333333333,0.8,1.987,0,1.987,0,0.08198124017291682,0,16.80412110547044,0,48.1383163079958,0.2,1,0.4,0.4,0.009837748820750017,0,0,0,0.0019675497641500036,0,0,,,
,0.9347222222222222,0.5333333333333333,0.8,1.978,0,1.978,0,0.08211325921011217,0,16.772770979876462,0,48.1348216061716,0.2,1,0.4,0.4,0.009853591105213463,0,0,0,0.0019707182210426926,0,0,,,
,0.9354166666666667,0.5333333333333333,0.8,1.804,0,1.804,0,0.08224270549607725,0,16.735076947798596,0,48.131325087904145,0.2,1,0.4,0.4,0.009869124659529271,0,0,0,0.0019738249319058545,0,0,,,
,0.9361111111111111,0.5333333333333333,0.8,2.297,0,2.297,21.749999999999996,0.0823784325381672,0,16.709052064803068,0,48.127825809538145,0.2,1,0.6,0.4,2.6198854119045802,0,0,0,0.523977082380916,0,0,,,
,0.9368055555555556,0.5333333333333333,0.8,2.357,0,2.357,21.749999999999996,0.08251104117429814,0,16.691224811767945,0,48.124325700694456,0.2,1,0.6,0.4,2.619901324940916,0,0,0,0.5239802649881832,0,0,,,
,0.9375,0.5333333333333333,0.7333333333333333,2.17,0,2.17,21.749999999999996,0.08263011711912344,0,16.672348412339726,0,48.1208258575048,0.2,1,0.6,0.4,2.6199156140542947,0,0,0,0.5239831228108589,0,0,,,
,0.9381944444444444,0.5333333333333333,0.7333333333333333,2.21,0,2.21,17.49235718008024,0.08280209108131228,0,16.66108112866915,0,48.117327309167486,0.2,1,0.6,0.4,2.1090191125393867,0,0,0,0.42180382250787735,0,0,,,
,0.9388888888888889,0.5333333333333333,0.7333333333333333,2.23,0,2.23,0,0.08296653485164794,0,16.654479529824464,0,48.11383118776172,0.2,1,0.4,0.4,0.009955984182197754,0,0,0,0.001991196836439551,0,0,,,
,0.9395833333333333,0.5333333333333333,0.7333333333333333,2.21,0,2.21,0,0.08312175522927058,0,16.6443322769564,0,48.110338081882745,0.2,1,0.4,0.4,0.009974610627512471,0,0,0,0.0019949221255024943,0,0,,,
,0.9402777777777778,0.5333333333333333,0.7333333333333333,4.267,0,4.267,0,0.08327551922727451,0,16.684319938897488,0,48.10684734989853,0.2,1,0.4,0.4,0.009993062307272944,0,0,0,0.001998612461454589,0,0,,,
,0.9409722222222222,0.5333333333333333,0.7333333333333333,3.496,0,3.496,0,0.08342427285524093,0,16.702671060977337,0,48.10336747143619,0.2,1,0.4,0.4,0.010010912742628914,0,0,0,0.002002182548525783,0,0,,,
,0.9416666666666667,0.5333333333333333,0.7333333333333333,3.496,0,3.496,0,0.08356834530354308,0,16.717533102333483,0,48.099894628515614,0.2,1,0.4,0.4,0.01002820143642517,0,0,0,0.0020056402872850342,0,0,,,
,0.9423611111111111,0.5333333333333333,0.7333333333333333,1.439,0,1.439,0,0.08370794977361415,0,16.67600989250884,0,48.096428119677384,0.2,1,0.4,0.4,0.010044953972833698,0,0,0,0.0020089907945667397,0,0,,,
,0.9430555555555555,0.5333333333333333,0.7333333333333333,1.379,0,1.379,0,0.08384341584753568,0,16.63282362927644,0,48.092958183200665,0.2,1,0.4,0.4,0.010061209901704282,0,0,0,0.0020122419803408564,0,0,,,
,0.94375,0.5333333333333333,0.7333333333333333,1.379,0,1.379,0,0.08398592049457844,0,16.58871424197677,0,48.089484695459866,0.2,1,0.4,0.4,0.010078310459349413,0,0,0,0.0020156620918698825,0,0,,,
,0.9444444444444444,0.6,0.4666666666666667,1.498,0,1.498,0,0.08412420680506598,0,16.546887042382007,0,48.08600740239482,0.2,1,0.4,0.4,0.010094904816607918,0,0,0,0.0020189809633215836,0,0,,,
,0.9451388888888889,0.6,0.4666666666666667,1.462,0,1.462,0,0.08425863150414568,0,16.504498216610404,0,48.08252660762462,0.2,1,0.4,0.4,0.010111035780497482,0,0,0,0.0020222071560994964,0,0,,,
,0.9458333333333333,0.6,0.4666666666666667,1.573,0,1.573,0,0.08437838363362507,0,16.464052673620465,0,48.07904188009779,0.2,1,0.4,0.4,0.01012540603603501,0,0,0,0.002025081207207002,0,0,,,
,0.9465277777777777,0.6,0.4666666666666667,1.56,0,1.56,21.749999999999996,0.084474838997548,0,16.422487307682523,0,48.0755530211252,0.2,1,0.6,0.4,2.620136980679706,0,0,0,0.5240273961359412,0,0,,,
,0.9472222222222222,0.6,0.4666666666666667,1.72,0,1.72,21.749999999999996,0.08457161585985874,0,16.391626276978418,0,48.07205984679398,0.2,1,0.6,0.4,2.620148593903183,0,0,0,0.5240297187806366,0,0,,,
,0.9479166666666666,0.6,0.4666666666666667,1.655,0,1.655,21.749999999999996,0.08466609185293666,0,16.366561825988356,0,48.0685641402815,0.2,1,0.6,0.4,2.6201599310223522,0,0,0,0.5240319862044704,0,0,,,
,0.9486111111111111,0.6,0.4666666666666667,1.595,0,1.595,20.63328611153379,0.08474740571156102,0,16.346782439116218,0,48.065066594872455,0.2,1,0.6,0.4,2.486164022069442,0,0,0,0.4972328044138884,0,0,,,
,0.9493055555555555,0.6,0.4666666666666667,1.635,0,1.635,0,0.08482713715905431,0,16.333923073234715,0,48.06156808072368,0.2,1,0.4,0.4,0.010179256459086518,0,0,0,0.002035851291817304,0,0,,,
,0.95,0.6,0.4666666666666667,1.755,0,1.755,0,7.854898034498239,0,16.321403896964213,3,48.05806958236807,0.2,1,0.4,0.4,0.9425877641397888,0,0,0.6,0.18851755282795776,0,0,,,
,0.9506944444444444,0.6,0.4666666666666667,1.944,0,1.944,0,0.08496780234581265,0,16.311245882449008,0,48.05457113230419,0.2,1,0.4,0.4,0.01019613628149752,0,0,0,0.002039227256299504,0,0,,,
,0.9513888888888888,0.6,0.3333333333333333,1.944,0,1.944,0,0.08504736656739678,0,16.295373707820623,0,48.05107335921148,0.2,1,0.4,0.4,0.010205683988087614,0,0,0,0.0020411367976175226,0,0,,,
,0.9520833333333333,0.6,0.3333333333333333,1.944,0,1.944,0,0.08514832460790228,0,16.277276358807104,0,48.047575772405125,0.2,1,0.4,0.4,0.010217798952948276,0,0,0,0.0020435597905896553,0,0,,,
,0.9527777777777777,0.6,0.3333333333333333,2,0,2,0,21.793496422436515,0,16.258523641108106,9.26,47.99207449644706,0.2,1,0.4,0.4,2.615219570692382,0,0,1.8519999999999999,0.5230439141384764,0,0,,,
,0.9534722222222223,0.6,0.3333333333333333,1.96,0,1.96,0,21.793582955577413,0,16.236770296006583,9.26,47.94043391273487,0.2,1,0.4,0.4,2.61522995466929,0,0,1.8519999999999999,0.5230459909338581,0,0,,,
,0.9541666666666667,0.6,0.3333333333333333,2.162,0,2.162,0,21.793667675290163,0,16.218643893751455,9.26,47.89236677289682,0.2,1,0.4,0.4,2.61524012103482,0,0,1.8519999999999999,0.523048024206964,0,0,,,
,0.9548611111111112,0.6,0.3333333333333333,2.122,0,2.122,0,21.79375065496471,0,16.197625658453813,9.26,47.84760826593776,0.2,1,0.4,0.4,2.615250078595766,0,0,1.8519999999999999,0.5230500157191532,0,0,,,
,0.9555555555555556,0.6,0.3333333333333333,2.122,0,2.122,0,10.644358450543743,0,16.17494596582315,0.9599999999999974,48.03007844172957,0.2,1,0.4,0.4,1.2773230140652492,0,0,0.19199999999999948,0.25546460281304983,0,0,,,
,0.95625,0.6,0.3333333333333333,2.2,0,2.2,0,0.08562414735444196,0,16.151266064572006,0,48.026574685244654,0.2,1,0.4,0.4,0.010274897682533037,0,0,0,0.0020549795365066076,0,0,,,
,0.9569444444444445,0.6,0.3333333333333333,2.26,0,2.26,21.749999999999996,0.08568467312741475,0,16.12686019087331,0,48.02306885343831,0.2,1,0.6,0.4,2.6202821607752895,0,0,0,0.5240564321550579,0,0,,,
,0.9576388888888889,0.6,0.3333333333333333,2.218,0,2.218,21.749999999999996,0.08574439298194929,0,16.10894566135516,0,48.019560803792885,0.2,1,0.6,0.4,2.620289327157834,0,0,0,0.5240578654315667,0,0,,,
,0.9583333333333334,0.6666666666666666,0.26666666666666666,2.363,0,2.363,21.749999999999996,0.08581429494694531,0,16.10415439749225,0,48.0160518822244,0.2,1,0.6,0.4,2.6202977153936335,0,0,0,0.5240595430787267,0,0,,,
,0.9590277777777778,0.6666666666666666,0.26666666666666666,2.423,0,2.423,19.988958439213917,0.08590321036792634,0,16.10652591223291,0,48.012544773178284,0.2,1,0.6,0.4,2.4089833979498216,0,0,0,0.4817966795899643,0,0,,,
,0.9597222222222223,0.6666666666666666,0.26666666666666666,2.484,0,2.484,0,0.08599007678586544,0,16.114337339270868,0,48.00904065741437,0.2,1,0.4,0.4,0.010318809214303854,0,0,0,0.0020637618428607707,0,0,,,
,0.9604166666666667,0.6666666666666666,0.26666666666666666,2.484,0,2.484,0,0.0860752050047895,0,16.118565004249376,0,48.005540427245656,0.2,1,0.4,0.4,0.010329024600574742,0,0,0,0.0020658049201149483,0,0,,,
,0.9611111111111111,0.6666666666666666,0.26666666666666666,2.644,0,2.644,0,0.08615865807984631,0,16.123198189656307,0,48.002043429357826,0.2,1,0.4,0.4,0.01033903896958156,0,0,0,0.0020678077939163117,0,0,,,
,0.9618055555555556,0.6666666666666666,0.26666666666666666,2.644,0,2.644,0,0.08624057454990926,0,16.12461540696712,0,47.99854969759216,0.2,1,0.4,0.4,0.010348868945989112,0,0,0,0.0020697737891978226,0,0,,,
,0.9625,0.6666666666666666,0.26666666666666666,2.573,0,2.573,0,0.08632100452362249,0,16.12111474211811,0,47.995058646102876,0.2,1,0.4,0.4,0.0103585205428347,0,0,0,0.00207170410856694,0,0,,,
,0.9631944444444445,0.6666666666666666,0.26666666666666666,2.624,0,2.624,0,0.08640730750069696,0,16.116347333633378,0,47.99156956560507,0.2,1,0.4,0.4,0.010368876900083637,0,0,0,0.002073775380016727,0,0,,,
,0.9638888888888889,0.6666666666666666,0.26666666666666666,2.652,0,2.652,0,0.08646995230421842,0,16.10939975143677,0,47.98808169784654,0.2,1,0.4,0.4,0.010376394276506211,0,0,0,0.002075278855301242,0,0,,,
,0.9645833333333333,0.6666666666666666,0.26666666666666666,2.617,0,2.617,0,0.08653203719467195,0,16.099217247105443,0,47.98459465607732,0.2,1,0.4,0.4,0.010383844463360636,0,0,0,0.0020767688926721273,0,0,,,
,0.9652777777777778,0.7333333333333333,0.26666666666666666,2.733,0,2.733,0,0.08659330583263122,0,16.09037982151213,0,47.981107866940526,0.2,1,0.4,0.4,0.010391196699915749,0,0,0,0.0020782393399831497,0,0,,,
,0.9659722222222222,0.7333333333333333,0.26666666666666666,2.484,0,2.484,0,0.08665365406011388,0,16.073078213825042,0,47.977621539939825,0.2,1,0.4,0.4,0.010398438487213666,0,0,0,0.002079687697442733,0,0,,,
,0.9666666666666667,0.7333333333333333,0.26666666666666666,2.564,0,2.564,0,0.08672407913477119,0,16.056129109969152,0,47.97413445432129,0.2,1,0.4,0.4,0.010406889496172545,0,0,0,0.002081377899234509,0,0,,,
,0.9673611111111111,0.7333333333333333,0.26666666666666666,2.624,0,2.624,21.749999999999996,0.08679313083367474,0,16.038219960528725,0,47.97064663925274,0.2,1,0.6,0.4,2.6204151757000407,0,0,0,0.5240830351400081,0,0,,,
,0.9680555555555556,0.7333333333333333,0.26666666666666666,2.624,0,2.624,21.749999999999996,0.08686097823655033,0,16.027434742943807,0,47.967157902753215,0.2,1,0.6,0.4,2.6204233173883855,0,0,0,0.5240846634776771,0,0,,,
,0.96875,0.7333333333333333,0.26666666666666666,2.814,0,2.814,21.749999999999996,0.08692766465903622,0,16.02871725508178,0,47.96366943968946,0.2,1,0.6,0.4,2.6204313197590845,0,0,0,0.5240862639518169,0,0,,,
,0.9694444444444444,0.7333333333333333,0.26666666666666666,2.532,0,2.532,19.32254182756135,0.08695143017260085,0,16.029401205753427,0,47.960182337718905,0.2,1,0.6,0.4,2.3291391909280743,0,0,0,0.46582783818561485,0,0,,,
,0.9701388888888889,0.7333333333333333,0.26666666666666666,2.476,0,2.476,0,0.08701868921665704,0,16.033263171526627,0,47.956697488135525,0.2,1,0.4,0.4,0.010442242705998847,0,0,0,0.0020884485411997696,0,0,,,
,0.9708333333333333,0.7333333333333333,0.26666666666666666,2.685,0,2.685,0,0.08708546141712555,0,16.03771305458725,0,47.95321542422792,0.2,1,0.4,0.4,0.010450255370055067,0,0,0,0.0020900510740110134,0,0,,,
,0.9715277777777778,0.7333333333333333,0.26666666666666666,2.785,0,2.785,0,0.08715219392085746,0,16.04116299305913,0,47.949736245397034,0.2,1,0.4,0.4,0.010458263270502895,0,0,0,0.002091652654100579,0,0,,,
,0.9722222222222222,0.8,0.2,2.096,0,2.096,0,0.08721878544729128,0,16.02720003540302,0,47.94625977650685,0.2,1,0.4,0.4,0.010466254253674954,0,0,0,0.0020932508507349908,0,0,,,
,0.9729166666666667,0.8,0.2,2.096,0,2.096,0,0.0872851468443757,0,16.011272445508574,3,47.771271326775164,0.2,1,0.4,0.4,0.010474217621325086,0,0,0.6,0.002094843524265017,0,0,,,
,0.9736111111111111,0.8,0.2,2.056,0,2.056,0,0.08735120519299172,0,15.992316938741329,0,47.76782335451422,0.2,1,0.4,0.4,0.010482144623159008,0,0,0,0.0020964289246318017,0,0,,,
,0.9743055555555555,0.8,0.2,1.9,0,1.9,0,0.08742419668204039,0,15.968868029282437,0,47.76437439219568,0.2,1,0.4,0.4,0.010490903601844848,0,0,0,0.0020981807203689696,0,0,,,
,0.975,0.8,0.2,1.9,0,1.9,0,0.0874964188476341,0,15.943878063959897,0,47.760923652107124,0.2,1,0.4,0.4,0.010499570261716093,0,0,0,0.0020999140523432188,0,0,,,
,0.9756944444444444,0.8,0.2,1.9,0,1.9,0,0.08756792884134858,0,15.91743581956814,0,47.7574708540941,0.2,1,0.4,0.4,0.01050815146096183,0,0,0,0.002101630292192366,0,0,,,
,0.9763888888888889,0.8,0.2,1.996,0,1.996,0,0.08763869336944012,0,15.890795806017925,0,47.75401573250805,0.2,1,0.4,0.4,0.010516643204332815,0,0,0,0.002103328640866563,0,0,,,
,0.9770833333333333,0.8,0.2,1.987,0,1.987,0,0.0877086705216779,0,15.86265976141313,0,47.75055823584687,0.2,1,0.4,0.4,0.010525040462601349,0,0,0,0.00210500809252027,0,0,,,
,0.9777777777777777,0.8,0.2,1.987,0,1.987,21.749999999999996,0.08777783966078773,0,15.83340073631631,0,47.747098089586345,0.2,1,0.6,0.4,2.6205333407592946,0,0,0,0.5241066681518589,0,0,,,
,0.9784722222222222,0.8,0.2,1.857,0,1.857,21.749999999999996,0.08784619920894447,0,15.807670065082794,0,47.74363508316485,0.2,1,0.6,0.4,2.620541543905073,0,0,0,0.5241083087810147,0,0,,,
,0.9791666666666666,0.8,0.13333333333333333,1.282,0,1.282,21.749999999999996,0.08794457603184887,0,15.773086628402671,0,47.74017050804248,0.2,1,0.6,0.4,2.6205533491238215,0,0,0,0.5241106698247643,0,0,,,
,0.9798611111111111,0.8,0.13333333333333333,1.359,0,1.359,18.67786703072954,0.0881661111307028,0,15.74694902397311,0,47.736705661917526,0.2,1,0.6,0.4,2.251923977023229,0,0,0,0.4503847954046458,0,0,,,
,0.9805555555555555,0.8,0.13333333333333333,1.243,0,1.243,0,0.08837869384856335,0,15.72394689908817,0,47.73324178806756,0.2,1,0.4,0.4,0.010605443261827604,0,0,0,0.0021210886523655207,0,0,,,
,0.98125,0.8,0.13333333333333333,1.256,0,1.256,0,0.08858427230796943,0,15.699045825908616,0,47.729779263739346,0.2,1,0.4,0.4,0.010630112676956332,0,0,0,0.0021260225353912665,0,0,,,
,0.9819444444444444,0.8,0.13333333333333333,1.256,0,1.256,0,0.08878317618786444,0,15.672330001157281,0,47.72631761060573,0.2,1,0.4,0.4,0.010653981142543734,0,0,0,0.0021307962285087466,0,0,,,
,0.9826388888888888,0.8,0.13333333333333333,1.169,0,1.169,0,0.08897573299301914,0,15.643043092400001,0,47.72285637234109,0.2,1,0.4,0.4,0.010677087959162298,0,0,0,0.0021354175918324595,0,0,,,
,0.9833333333333333,0.8,0.13333333333333333,1.11,0,1.11,0,0.0891622566792003,0,15.610756231976339,0,47.719394970217195,0.2,1,0.4,0.4,0.010699470801504036,0,0,0,0.002139894160300807,0,0,,,
,0.9840277777777777,0.8,0.13333333333333333,1.11,0,1.11,0,0.08934303952631154,0,15.577181040252649,0,47.71593275876553,0.2,1,0.4,0.4,0.010721164743157385,0,0,0,0.002144232948631477,0,0,,,
,0.9847222222222223,0.8,0.13333333333333333,1.11,0,1.11,0,0.08951837203199116,0,15.542408948214847,0,47.7124693926888,0.2,1,0.4,0.4,0.010742204643838942,0,0,0,0.0021484409287677885,0,0,,,
,0.9854166666666667,0.8,0.13333333333333333,1.25,0,1.25,0,0.0896885092362755,0,15.510143901698708,0,47.709004548252295,0.2,1,0.4,0.4,0.01076262110835306,0,0,0,0.002152524221670612,0,0,,,
,0.9861111111111112,0.8,0.13333333333333333,1.285,0,1.285,0,0.08985370112628982,0,15.477581463457827,0,47.70553854245291,0.2,1,0.4,0.4,0.01078244413515478,0,0,0,0.002156488827030956,0,0,,,
,0.9868055555555556,0.8,0.13333333333333333,1.31,0,1.31,0,0.09001417101544178,0,15.443739579488073,0,47.70207121657687,0.2,1,0.4,0.4,0.010801700521853013,0,0,0,0.0021603401043706026,0,0,,,
,0.9875,0.8,0.13333333333333333,1.543,0,1.543,0,0.09017012989757725,0,15.414783231338879,0,47.698602248408164,0.2,1,0.4,0.4,0.010820415587709274,0,0,0,0.0021640831175418545,0,0,,,
,0.9881944444444445,0.8,0.13333333333333333,1.583,0,1.583,0,0.09030149279459715,0,15.385683386737847,3,47.48633955682234,0.2,1,0.4,0.4,0.010836179135351658,0,0,0.6,0.0021672358270703315,0,0,,,
,0.9888888888888889,0.8,0.13333333333333333,1.583,0,1.583,0,0.09042967334093388,0,15.355497582896342,0,47.48290355115525,0.2,1,0.4,0.4,0.010851560800912066,0,0,0,0.002170312160182413,0,0,,,
,0.9895833333333334,0.8,0.13333333333333333,1.583,0,1.583,0,0.09055456669833506,0,15.324374830109141,0,47.4794658145138,0.2,1,0.4,0.4,0.010866548003800209,0,0,0,0.0021733096007600415,0,0,,,
,0.9902777777777778,0.8,0.13333333333333333,1.583,0,1.583,0,0.0906763363606179,0,15.292401129385814,0,47.47602611517615,0.2,1,0.4,0.4,0.010881160363274151,0,0,0,0.0021762320726548302,0,0,,,
,0.9909722222222223,0.8,0.13333333333333333,1.744,0,1.744,0,0.09079512417734929,0,15.261545444165625,0,47.472584239445496,0.2,1,0.4,0.4,0.010895414901281916,0,0,0,0.002179082980256383,0,0,,,
,0.9916666666666667,0.8,0.13333333333333333,1.744,0,1.744,0,0.09091105534296515,0,15.229897117688264,0,47.46914031405986,0.2,1,0.4,0.4,0.010909326641155816,0,0,0,0.0021818653282311634,0,0,,,
,0.9923611111111111,0.8,0.13333333333333333,1.804,0,1.804,0,0.09102425758790396,0,15.198269002203165,0,47.465694141113914,0.2,1,0.4,0.4,0.010922910910548478,0,0,0,0.0021845821821096954,0,0,,,
,0.9930555555555556,0.8,0.13333333333333333,1.744,0,1.744,0,0.09113484236299897,0,15.164451094454648,0,47.46224566462983,0,1,0.4,0.4,0.010936181083559877,0,0,0,0.0021872362167119756,0,0,,,
,0.99375,0.8,0.13333333333333333,1.744,0,1.744,0,0.09124291541529019,0,15.13015120093776,0,47.45879445219872,0,1,0.4,0.4,0.010949149849834822,0,0,0,0.0021898299699669643,0,0,,,
,0.9944444444444445,0.8,0.13333333333333333,1.744,0,1.744,0,0.09134859819281062,0,15.09541353280093,0,47.455340367028626,0,1,0.4,0.4,0.010961831783137276,0,0,0,0.0021923663566274553,0,0,,,
,0.9951388888888889,0.8,0.13333333333333333,1.719,0,1.719,0,0.09145194735919315,0,15.060491844819973,0,47.45188328122525,0,1,0.4,0.4,0.010974233683103182,0,0,0,0.0021948467366206363,0,0,,,
,0.9958333333333333,0.8,0.13333333333333333,1.719,0,1.719,0,0.09155305482365977,0,15.025226655842118,0,47.44842311251784,0,1,0.4,0.4,0.010986366578839174,0,0,0,0.0021972733157678346,0,0,,,
,0.9965277777777778,0.8,0.13333333333333333,1.769,0,1.769,0,0.09165201283416244,0,14.990569781598145,0,47.444959753418615,0,1,0.4,0.4,0.010998241540099495,0,0,0,0.002199648308019899,0,0,,,
,0.9972222222222222,0.8,0.13333333333333333,1.804,0,1.804,0,0.0917489087704276,0,14.956509912222938,0,47.44149326162392,0,1,0.4,0.4,0.011009869052451314,0,0,0,0.002201973810490263,0,0,,,
,0.9979166666666667,0.8,0.13333333333333333,1.86,0,1.86,0,0.09184380123712274,0,14.923595118660637,0,47.43802369422086,0,1,0.4,0.4,0.011021256148454731,0,0,0,0.0022042512296909463,0,0,,,
,0.9986111111111111,0.8,0.13333333333333333,1.86,0,1.86,0,0.09193677099022975,0,14.8903632754207,0,47.43455120408769,0,1,0.4,0.4,0.01103241251882757,0,0,0,0.0022064825037655137,0,0,,,
,0.9993055555555556,0.8,0.13333333333333333,1.8,0,1.8,0,0.09202788799645663,0,14.856183370436266,0,47.43107569502555,0,1,0.4,0.4,0.011043346559574795,0,0,0,0.002208669311914959,0,0,,,
